PMID,Title,Authors,Citation,First Author,Journal/Book,Publication Year,Create Date,PMCID,NIHMS ID,DOI,Abstract,Keywords
35920152,Monkeypox.,David Isaacs,Journal of paediatrics and child health. 2022. doi: 10.1111/jpc.16121..,Isaacs,Journal of paediatrics and child health,2022,2022/08/01,,,10.1111/jpc.16121,,"[MeSH] Disease Outbreaks; [MeSH] Humans; [MeSH] Mpox, Monkeypox"
38724757,Understanding the biology of monkeypox virus to prevent future outbreaks.,Bernard Moss,Nature microbiology. 2024. doi: 10.1038/s41564-024-01690-1..,Moss,Nature microbiology,2024,2024/05/09,,,10.1038/s41564-024-01690-1,"Historically, monkeypox (mpox) was a zoonotic disease endemic in Africa. However, in 2022, a global outbreak occurred following a substantial increase in cases in Africa, coupled with spread by international travellers to other continents. Between January 2022 and October 2023, about 91,000 confirmed cases from 115 countries were reported, leading the World Health Organization to declare a public health emergency. The basic biology of monkeypox virus (MPXV) can be inferred from other poxviruses, such as vaccinia virus, and confirmed by genome sequencing. Here the biology of MPXV is reviewed, together with a discussion of adaptive changes during MPXV evolution and implications for transmission. Studying MPXV biology is important to inform specific host interactions, to aid in ongoing outbreaks and to predict those in the future.","[MeSH] Monkeypox virus; [MeSH] Mpox, Monkeypox; [MeSH] Disease Outbreaks; [MeSH] Humans; [MeSH] Animals; [MeSH] Zoonoses; [MeSH] Genome, Viral; [MeSH] Africa; [MeSH] Phylogeny"
39703603,Monkeypox (Mpox): Diagnosis and Emerging Challenges.,"Smriti Krishna, Dimpi Teotia, Manisha Yadav, Shakuntala Mahilkar, Anuupama Suchiita, Abhishweta Saxena, Subash Chandra Sonkar, Lal Chandra, Bidhan Chandra Koner",The Yale journal of biology and medicine. 2024. doi: 10.59249/PWON3661..,Krishna,The Yale journal of biology and medicine,2024,2024/12/19,,,10.59249/PWON3661,"Monkeypox (Mpox) has once again been designated a Public Health Emergency of International Concern (PHEIC) as of August, 2024. The severity of the disease is underscored by its significant mortality rate, and unfortunately, there are no targeted therapeutics currently available for this viral infection. Management relies on preventive measures and the use of existing smallpox vaccines due to their genetic similarity to the Mpox virus. Diagnosing a disease is a critical aspect of managing any health condition, and for a highly contagious viral infection like Mpox, it is essential to employ a specific and sensitive diagnostic approach. The lack of adequate diagnostic facilities in laboratories poses a significant challenge, hindering accurate diagnoses and the identification of underlying etiologies, particularly in low-resource settings. Current serology-based diagnostic tests lack specificity for the Mpox virus, leading to cross-reactivity with other orthopoxviruses. With the emergence of new viral variants, molecular and genomic diagnostic methods are far more reliable for accurately confirming Mpox infections. This review focuses on current diagnostic methods approved worldwide and the future challenges that need to be addressed to effectively control and mitigate the spread of Mpox.",Clade I; Clade II; Diagnosis; Mpox; PCR; PHEIC; Vaccines; Zoonosis
38411483,Oral manifestations of mpox (monkeypox).,"Shravan V Thiagarajan, John K Brooks, Ahmed S Sultan",General dentistry. 2024.,Thiagarajan,General dentistry,2024,2024/01/01,,,,"The zoonotic infectious disease mpox (previously known as monkeypox) is caused by the monkeypox virus (MPXV) from the Poxviridae family. Presently, mpox is receiving worldwide attention because of its emergence in countries that have never previously documented the illness, resulting in a public health emergency. MPXV is transmitted via human-to-human contact, and sexual contact is especially implicated in spread of the disease. Affected individuals experience fever, headache, malaise, and early lymphadenopathy, followed by a secondary mucotaneous rash. Oral ulcers and perioral papules may be the first evidence of the disease. Although there are numerous articles in medical publications documenting the cutaneous presentations of mpox, there is limited information in the dental literature regarding oral lesions. The objective of this article is to review the oral manifestations of mpox and strategies for management of the disease.",epidemiology; exanthema; monkeypox virus; mpox; oral ulcer; public health; review
36951352,Monkeypox (Mpox) outbreak during COVID-19 pandemic-Past and the future.,"Durre Aden, Sufian Zaheer, Rohit Kumar, Sunil Ranga",Journal of medical virology. 2023. doi: 10.1002/jmv.28701..,Aden,Journal of medical virology,2023,2023/04/01,,,10.1002/jmv.28701,"Monkeypox infection (Mpox) is caused by the Orthopoxvirus (OPXV) genus of the Poxviridae family, closely resembling its more famous sibling smallpox. Recently World Health Organization (WHO), have renamed monkeypox as Mpox citing racial concerns, so we will be referring to monkeypox as Mpox. There has been a recent outbreak in May 2022 when Mpox cases were identified in all six WHO regions. On July 23, 2022, WHO declared it a public health emergency. Before the current outbreak, Mpox had been reported in people from several parts of central and west African countries; and almost all Mpox cases in people outside of Africa were linked to international travel to countries where the disease commonly occurs or through imported animals. With the waning of smallpox vaccine-induced immunity, Mpox can spread in the global population. Though the virus generally does not cause high mortality in immunocompetent individuals, however, severe disease and mortality may result if the virus spreads to immunocompromised individuals, children, elderly individuals, pregnant women, and individuals living with comorbidities such as diabetes. The current transmission was suspected to have occurred through sexual activity in 95% of the persons with infection. It was found that 98% of the persons with infection were either gay or bisexual men, with 41% suffering from HIV infection. The reasons behind this current epidemiological behavior have to be studied further to formulate a hypothesis that, is it the homosexuals who need to be more concerned or is it a global concern, and is monkeypox changing its behaviour to a sexually transmitted infection? The rash, along with associated lymphadenopathy, is a clue toward Mpox infection, but polymerase chain reaction is needed for the confirmative diagnosis. With the discovery of a vaccine, repurposed antivirals, and precautionary steps to prevent the spread of infection, it might help in the containment of the virus. In addition, what we already know about Mpox has to be re-evaluated, because most of the information gathered is from low-resource settings in Africa. The world at large and health care agencies specifically needs to galvanize a well-funded global plan and research initiatives to contain the spread of Mpox. In this article, we have attempted to make the readers aware of the biology, etiopathogenesis including the changes at the cellular level the virus is causing, the changing trends of the virus transmission, and the clinical manifestations. We have also attempted to elaborate on the potential challenges and the need for early diagnosis and containment of this Mpox outbreak. This could be achieved by effectieve use of vaccination and taking social safety measures, especially by the communities at risk.",2022 outbreak; COVID-19; Monkeypox; Monkeypox Virus; orthopox
36899480,Microblading-transmitted Monkeypox (mpox) infection: fomites matter.,"Juan Luis Castaño-Fernández, Mercè Grau-Pérez",The British journal of dermatology. 2023. doi: 10.1093/bjd/ljad063..,Castaño-Fernández,The British journal of dermatology,2023,2023/05/24,,,10.1093/bjd/ljad063,,"[MeSH] Humans; [MeSH] Fomites; [MeSH] Mpox, Monkeypox"
37106278,"Differential Diagnosis, Prevention, and Treatment of mpox (Monkeypox): A Review for Dermatologists.","Aditya K Gupta, Mesbah Talukder, Ted Rosen, Vincent Piguet",American journal of clinical dermatology. 2023. doi: 10.1007/s40257-023-00778-4..,Gupta,American journal of clinical dermatology,2023,2023/04/27,,,10.1007/s40257-023-00778-4,"The current 2022 mpox (monkeypox) outbreak has been officially recognized as a public health emergency. The mpox clinical symptoms include high fever, fatigue, chills, headache, swollen lymph nodes, muscle aches, and a disseminated painful rash. However, recent cases of mpox have shown a shift in clinical symptoms, with anogenital skin lesions emerging as the predominant feature. Due to the predominant skin manifestations of mpox, dermatologists could be crucial in detecting new mpox cases and educating frontline healthcare professionals about mpox. The mpox virus is continuously evolving and has several variants. Genome sequencing has revealed that the Clade IIb variant is responsible for the 2022 mpox outbreak. Mpox spread may occur through animal-to-human and human-to-human transmission; however, unlike coronavirus disease 2019 (COVID-19), long-range airborne transmission has not been reported. Healthcare professionals are at higher risk of becoming infected since they are usually in close contact with both the patients and potentially contaminated fomites (e.g., examination table, gowns, gloves). Both public and healthcare professionals should take preventive and avoidance measures to limit the spread. Mpox is usually self-limiting and may require only symptomatic treatment; however, it may cause severe complications in special populations such as immunocompromised individuals. For severe infection, clinicians may consider antiviral drugs (off-label), tecovirimat and brincidofovir, originally approved for smallpox treatment. Two smallpox vaccines, ACAM2000® and JYNNEOSTM, can be used as pre-exposure prophylaxis against mpox. JYNNEOSTM, which carries approval for mpox use, has less adverse effect potential than ACAM2000®, and may also be used as post-exposure prophylaxis, preferably within 4 days of exposure.","[MeSH] Animals; [MeSH] Humans; [MeSH] Diagnosis, Differential; [MeSH] Mpox, Monkeypox; [MeSH] COVID-19; [MeSH] Dermatologists; [MeSH] Smallpox; [MeSH] COVID-19 Testing"
37313942,Monkeypox infection: Correspondence.,"Pathum Sookaromdee, VirojA Wiwanitkit",Indian journal of pharmacology. 2023. doi: 10.4103/ijp.ijp_513_22..,Sookaromdee,Indian journal of pharmacology,2023,2023/01/01,,,10.4103/ijp.ijp_513_22,,"[MeSH] Humans; [MeSH] Mpox, Monkeypox"
35679066,What Is Monkeypox?,"Kristin Walter, Preeti N Malani",JAMA. 2022. doi: 10.1001/jama.2022.10259..,Walter,JAMA,2022,2022/07/12,,,10.1001/jama.2022.10259,,"[MeSH] Humans; [MeSH] Mpox, Monkeypox"
37249855,[Monkeypox (Mpox): a review of the current situation].,Christian Hoffmann,MMW Fortschritte der Medizin. 2023. doi: 10.1007/s15006-023-2520-0..,Hoffmann,MMW Fortschritte der Medizin,2023,2023/06/01,,,10.1007/s15006-023-2520-0,,"[MeSH] Humans; [MeSH] Mpox, Monkeypox"
35881138,Expanding Monkeypox Testing.,Melissa Suran,JAMA. 2022. doi: 10.1001/jama.2022.11839..,Suran,JAMA,2022,2022/07/26,,,10.1001/jama.2022.11839,,"[MeSH] Diagnostic Techniques and Procedures; [MeSH] Health Services Accessibility; [MeSH] Humans; [MeSH] Mpox, Monkeypox"
35953443,Therapeutic strategies to address monkeypox.,Matthew W McCarthy,Expert review of anti-infective therapy. 2022. doi: 10.1080/14787210.2022.2113058..,McCarthy,Expert review of anti-infective therapy,2022,2022/08/17,,,10.1080/14787210.2022.2113058,"INTRODUCTION: Monkeypox is a viral zoonosis, with symptoms similar to those seen in smallpox patients, although the clinical presentation may be less severe. Until recently, human monkeypox infection was rare, and primarily occurred in Central and West Africa. AREAS COVERED: An international outbreak began in May 2022, and monkeypox has now been detected on every continent except Antarctica. The first recognized case from the current outbreak was confirmed in the United Kingdom on 6 May 2022, in an adult with travel links to Nigeria, but it has been suggested that cases had been spreading in Europe for months. On 23 July 2022 the Director-General of the World Health Organization declared the monkeypox outbreak a public health emergency of international concern. EXPERT OPINION: There are no treatments specifically for monkeypox virus infections. However, monkeypox and smallpox viruses are genetically similar, and therapeutics developed to combat smallpox may be used to treat monkeypox. This manuscripts reviews what is known about these potential treatments, including tecovirimat and brincidofovir, based on a literature search of PubMed through 9 August 2022, and explores how these therapeutics may be used in the future to address the expanding monkeypox pandemic.",Monkeypox; brincidofovir; sars-cov-2; smallpox; tecovirimat
37717593,What happened to the mpox pandemic?,Tony Kirby,"Lancet (London, England). 2023. doi: 10.1016/S0140-6736(23)01956-6..",Kirby,"Lancet (London, England)",2023,2023/09/16,,,10.1016/S0140-6736(23)01956-6,,"[MeSH] Humans; [MeSH] Pandemics; [MeSH] Mpox, Monkeypox"
37800433,Monkeypox Virus: A comprehensive narrative review.,"S Hassan, N Paudyal, A Emaan, S Ibrahim",Kathmandu University medical journal (KUMJ). 2023.,Hassan,Kathmandu University medical journal (KUMJ),2023,2023/01/01,,,,"Monkeypox virus, now known as Mpox virus is a large, enveloped, double stranded deoxyribonucleic acid (DNA) virus belonging to the Orthopox viridae genus of the Poxviridae family. Though, Mpox, have earlier been endemic to only African countries, the 2022 outbreak has shown its rapid spread throughout the world. The May 2022 outbreak have shown primarily human to human transmission in contrast to animal to human transmission that had been seen previously. Recent data also suggest a possibility of a pre symptomatic spread. After an incubation period of 9 days, patients with Mpox can present with a prodrome of symptoms followed by a rash. If untreated, severe complications develop in the high-risk groups especially children and pregnant woman. Such groups of people will benefit from antiviral treatments. The current approach to prevent against it is pre-exposure and post exposure prophylaxis with vaccines. The vaccines that have been approved by Food and Drug Administration to date is ACAM2000 and JYNNEOS. Several diagnostic methods exist, among which polymerase chain reaction has proven to be the most specific and sensitive. In this review, we will discuss its epidemiology, the clinical manifestations, diagnostic modalities, complications, treatment approaches and preventive measures.","[MeSH] United States; [MeSH] Animals; [MeSH] Child; [MeSH] Female; [MeSH] Pregnancy; [MeSH] Humans; [MeSH] Monkeypox virus; [MeSH] Mpox, Monkeypox; [MeSH] Disease Outbreaks"
39460309,The Peculiar Emergence of Mpox (Monkeypox): Directions for the Search for the Natural Reservoir and Vaccination Strategies.,Romulus Breban,Vaccines. 2024. doi: 10.3390/vaccines12101142..,Breban,Vaccines,2024,2024/10/04,,,10.3390/vaccines12101142,"Background/Objectives: Mpox (monkeypox) is a zoonosis with origins in a currently unknown African reservoir. The first epidemiological accounts of mpox date back to the early 1980s, yet mpox only emerged as a pandemic threat in 2022-2023, more than 40 years later. This scenario is very different from those of other emerging diseases such as HIV and SARS, which immediately spread globally, in fully susceptible populations, starting from patients zero. Methods: We use mathematical modeling to illustrate the dynamics of mpox herd immunity in small communities in touch with the mpox natural reservoir. In particular, we employ an SEIR stochastic model. Results: The peculiar emergence of mpox can be explained by its relationship with smallpox, which was eradicated through universal mass vaccination in 1980. Mpox first emerged in small rural communities in touch with mpox's animal reservoir and then spread globally. The relative isolation of these communities and their herd-immunity dynamics against mpox worked to delay the introduction of mpox in large urban centers. Conclusions: Mathematical modeling suggests that the search for the mpox animal reservoir would be most fruitful in communities with high mpox seroprevalence and small outbreaks. These are communities is tight contact with the mpox natural reservoir. We propose vaccinating individuals in communities in these communities to severely reduce the importation of cases elsewhere.",animal reservoir; disease invasion; epidemic emergence; monkeypox; mpox; patient zero; vaccination strategy
36045234,Don't lose sight of monkeypox containment.,Caitlin Rivers,Nature. 2022. doi: 10.1038/d41586-022-02763-z..,Rivers,Nature,2022,2022/09/01,,,10.1038/d41586-022-02763-z,,Epidemiology; Health care; Vaccines
40073815,"Emergence and evolution of monkeypox virus: Epidemiology, pathology, clinical symptoms, preventative and treatment measures.","Purnima Tripathi, Sonia Pandey, Deepika Yadav, Shrikant Joshi",International immunopharmacology. 2025. doi: 10.1016/j.intimp.2025.114448..,Tripathi,International immunopharmacology,2025,2025/03/11,,,10.1016/j.intimp.2025.114448,"As the COVID-19 pandemic situation was on an end, a new monkeypox menace has been discovered in several places of the world. The most comforting thing is that the fatality rate of monkeypox is unlike Covid-19. But the recent global outbreaks and the rise in the number of cases has drawn attention of world towards it. The number of cases in multiple countries have already surpassed 25,000, according to the WHO report released on July 25, 2022. The zoonotic disease monkey-pox virus causes a feverish sickness in humans, with characteristic skin rashes and is similar to smallpox in structure, clinical presentation, and response to antiviral medicine. This review offers important insights on the evolution of the monkeypox virus and its different modes of transmission. It also discusses epidemiology, clinical findings, management, challenges, and current strategies for the disease, as well as the implications of the current epidemic on public health. Comprehensive research on the pathophysiology and management of monkeypox is still lacking. In order to solve this problem, we reviewed the pathology and virology of monkeypox infection and provided an overview of the most recent developments in anti-monkeypox medications.",Epidemiology; Monkey pox; Treatment; Vaccine
41651084,Monkeypox virus: Pandemic and antiviral drugs.,"Wenying Zhang, Yangyang Liu, Dongna Zhang, Tingting Bao, Jingjing Li, Yunyun Liu, Pan Liu, Ying Sun, Hongan Wang, Jicheng Han",Microbial pathogenesis. 2026. doi: 10.1016/j.micpath.2026.108361..,Zhang,Microbial pathogenesis,2026,2026/02/04,,,10.1016/j.micpath.2026.108361,"Monkeypox is a zoonotic disease caused by the monkeypox virus (MPXV), which has garnered significant attention due to its global spread since its identification in 1970. In recent years, there has been a notable increase in cases outside Africa, particularly in 2022, when the World Health Organization (WHO) declared it a public health emergency. The clinical presentation of monkeypox resembles that of smallpox, although it is atypical, especially concerning the sexually transmitted patterns that have prompted extensive academic investigation. MPXV primarily spreads through direct contact with the skin lesions, bodily fluids, or respiratory secretions of infected individuals, with a significant increase in transmission observed within the men who have sex with men (MSM) community. The transmission capability of MPXV is closely linked to its genetic variability, particularly in the context of globalization and ecological changes. Additionally, the host's immune response plays a crucial role in controlling the infection, as MPXV employs various mechanisms to evade immune surveillance, MPXV infection can also be prevented through research into vaccines, thereby enhancing its survival capacity. Although progress has been made in developing antiviral drugs for MPXV, there remains a lack of specific effective treatments. Therefore, rapid drug development for mutations in MPXV is essential.",Antiviral drugs; Immune escape; MPOX; MPXV; Transmission mechanism; Vaccine
37705112,"Congenital Mpox Syndrome (Clade I) in Stillborn Fetus after Placental Infection and Intrauterine Transmission, Democratic Republic of the Congo, 2008.","David A Schwartz, Placide Mbala-Kingebeni, Kerry Patterson, John W Huggins, Phillip R Pittman",Emerging infectious diseases. 2023. doi: 10.3201/eid2911.230606..,Schwartz,Emerging infectious diseases,2023,2023/09/13,,,10.3201/eid2911.230606,"We report the autopsy pathology findings of a 21-week stillborn fetus with congenital mpox syndrome that occurred in the Democratic Republic of the Congo in 2008. The fetus acquired mpox from the mother after intrauterine transplacental monkeypox virus transmission. We confirmed monkeypox virus infection in the mother, fetus, and placenta by using a monkeypox virus-specific quantitative PCR. Subtyping of the virus was not performed, but the mother and fetus were almost certainly infected with the clade I variant that was endemic in the Democratic Republic of the Congo at the time. Risk for intrauterine infection appears to differ between virus clades, but clinicians should be aware of potential for intrauterine monkeypox virus transmission among pregnant persons during ongoing and future mpox outbreaks.",Africa; Democratic Republic of the Congo; autopsy; clade I; congenital infection; congenital mpox; monkeypox virus; mpox; pathology; placenta; poxvirus; pregnancy; stillbirth; viruses
40681794,Coinfections with monkeypox virus and varicella-zoster virus: a systematic review of case reports and case series.,"Reem Sayad, Ahmed Saad Elsaeidy, Eslam A Hawash, Ahmed M Ali, Alzahraa Mohamed, Ibrahim Khalil",Archives of virology. 2025. doi: 10.1007/s00705-025-06359-6..,Sayad,Archives of virology,2025,2025/07/18,,,10.1007/s00705-025-06359-6,"BACKGROUND: Many studies have shown that, during mpox outbreaks, concomitant infections with monkeypox virus and varicella-zoster virus (VZV) are not uncommon. Infection with either monkeypox virus or VZV may increase the host's susceptibility to contracting a subsequent infection. Here, we summarize the clinical presentation, diagnosis, and management of cases of reported monkeypox virus and VZV coinfection. METHODS: We conducted a thorough search of four databases: PubMed, Scopus, Medline, and Web of Science, covering the period up to 10 March 2025, and identified studies reporting coinfections with monkeypox virus and VZV. Data were extracted using a standardized sheet, and case reports and the quality of case series were assessed using the JBI critical appraisal tool. Cross-sectional and cohort quality was assessed using the NIH tool. RESULTS: Our systematic review included 18 studies with 448 cases of coinfection with monkeypox virus and VZV. The majority of cases were reported in African countries, particularly Nigeria and the DRC. Most of the patients were children or young adults, and 41.51% were male. Common predisposing factors included contact with animals, confirmed exposure to infected individuals, and immunocompromised status. Treatment approaches included antivirals (primarily acyclovir or tecovirimat) and supportive care. While most cases were managed successfully, four deaths (0.89%) were reported. CONCLUSION: This review highlights the complex interplay between monkeypox virus and VZV in coinfections, emphasizing the need for heightened awareness, standardized diagnostic protocols, and tailored management strategies. It is important to consider coinfections when making diagnoses, especially in places where mpox is common or in cases in which the patient is at high risk.",Chickenpox; Coinfection; Monkeypox virus; Varicella-zoster virus; mpox
37001797,Prior viral infection determines the mode and severity of monkeypox virus.,"Hussain Hussain, Michael J Paidas, Aya Fadel, Rajalakshmi Ramamoorthy, Efrain Garcia, Zahraa F Saadoon, Ekaterina Casmartino, Luis Mendez, Erik A Williams, Roberto Ruiz-Cordero, Arumugam R Jayakumar",International journal of infectious diseases : IJID : official publication of the International Society for Infectious Diseases. 2023. doi: 10.1016/j.ijid.2023.03.047..,Hussain,International journal of infectious diseases : IJID : official publication of the International Society for Infectious Diseases,2023,2023/03/30,,,10.1016/j.ijid.2023.03.047,"OBJECTIVES: Monkeypox (MPox) is a zoonotic virus in the genus Orthopoxvirus. It is transmitted from animal to human, and between humans. The clinical presentations vary, starting with a prodrome phase to different skin findings and systemic complications. METHODS: We present two distinctive cases of MPox co-infected with other viruses (hepatitis C virus [HCV] and HIV) by clinical and histopathological analysis. RESULTS: Surprisingly, the MPox patient with a history of HCV developed different skin pathological characteristics (less severe inflammatory changes than the classic patient with HCV or MPox alone). In contrast, patients living with HIV presenting with MPox had severe inflammatory cutaneous changes and distortion of the skin architecture. CONCLUSION: Our findings strongly suggest that MPox infections likely occur in the presence of one or more previous other viral infections, and the prior infection with specific microbes determines the severity of MPox infection.",Co-infection; HCV; HIV; Homosexual; Monkeypox; Skin rash
35709274,Monkeypox could establish new reservoirs in animals.,Jon Cohen,"Science (New York, N.Y.). 2022. doi: 10.1126/science.add4868..",Cohen,"Science (New York, N.Y.)",2022,2022/06/16,,,10.1126/science.add4868,Concern grows that virus will get footholds in species outside Africa.,"[MeSH] Africa; [MeSH] Animals; [MeSH] Disease Reservoirs; [MeSH] Humans; [MeSH] Mpox, Monkeypox; [MeSH] Monkeypox virus; [MeSH] Viral Zoonoses; [MeSH] World Health Organization"
36155671,Monkeypox transmission-what we know so far.,Priya Venkatesan,The Lancet. Respiratory medicine. 2022. doi: 10.1016/S2213-2600(22)00386-1..,Venkatesan,The Lancet. Respiratory medicine,2022,2022/09/22,,,10.1016/S2213-2600(22)00386-1,,"[MeSH] Humans; [MeSH] Mpox, Monkeypox; [MeSH] Disease Outbreaks"
38520832,Validation of a new extraction-free real-time PCR test to detect MPOX virus.,"Amorce Lima, Laura Rowe, Suzane Silbert",Diagnostic microbiology and infectious disease. 2024. doi: 10.1016/j.diagmicrobio.2024.116265..,Lima,Diagnostic microbiology and infectious disease,2024,2024/03/14,,,10.1016/j.diagmicrobio.2024.116265,"The monkeypox (Mpox) virus has raised significant concerns given its recent spread with an increasing number of confirmed cases worldwide. In this study, we evaluated the performance of a laboratory developed test (LDT) using BioGX Xfree hMPXV/OPXV reagents for the qualitative detection of non-variola Orthopoxviruses and Mpox virus DNA, in swabs from human pustular or vesicular rash specimens. Analytical and clinical testing analysis were carried out on two different platforms: the BD MAX™ System (BD Diagnostics) and the new pixl.16 Real-Time PCR Platform (BioGX), using a synthetic Mpox virus DNA (ATCC VR-3270SD) and residual clinical samples previously identified with an EUA approved Mpox real-time PCR assay. In the end, the Xfree hMPXV/OPXV LDT proved to be a sensitive, specific, and reproducible test for the detection of Mpox on both platforms evaluated with the pixl.16 having an advantage of a small footprint and providing faster TAT facilitated by an extraction-free workflow.",BD Max; BioGx Pixl; Monkeypox; Orthopoxvirus
39127126,"Role of Direct Sexual Contact in Human Transmission of Monkeypox Virus, Italy.","Giuseppe Sberna, Gabriella Rozera, Claudia Minosse, Licia Bordi, Valentina Mazzotta, Alessandra D'Abramo, Enrico Girardi, Andrea Antinori, Fabrizio Maggi, Eleonora Lalle",Emerging infectious diseases. 2024. doi: 10.3201/eid3009.240075..,Sberna,Emerging infectious diseases,2024,2024/08/10,,,10.3201/eid3009.240075,"The 2022 global mpox outbreak was driven by human-to-human transmission, but modes of transmission by sexual relationship versus sexual contact remain unclear. We evaluated sexual transmission of mpox by using monkeypox virus (MPXV) G2R-mRNA as a marker of ongoing viral replication through in vitro experiments. We analyzed clinical samples of 15 MPXV-positive patients in Italy from different biological regions by using the setup method. The presence of MPXV DNA, MPXV G2R-mRNA, or both in all analyzed lesion swab samples, independent of viral load, confirmed a higher infectivity risk from skin lesions. Positivity for MPXV G2R-mRNA in nasopharyngeal swabs was associated with high MPXV load, whereas positive results for MPXV G2R-mRNA were obtained only in the 2 semen samples with the lowest MPXV loads. Our results suggest that close or skin-to-skin contact during sexual intercourse is the main route of sexual transmission and that semen is a minor driver of infection, regardless of MPXV load.",G2R-mRNA; Italy; MPXV; monkeypox virus; mpox; semen; sexual contact; viral load; viruses; zoonoses
41585781,Encephalitis: a rare neurological manifestation of mpox-a narrative review.,"Karpal Singh Sohal, Alvin Acas Miranda, Ashu Michael Agbor",The Pan African medical journal. 2025. doi: 10.11604/pamj.supp.2025.50.1.46671..,Sohal,The Pan African medical journal,2025,2025/06/30,,,10.11604/pamj.supp.2025.50.1.46671,"The Monkeypox virus (MPXV) is a re-emerging global health threat, and since January 2022, it has been reported in 127 Member States across all 6 WHO regions. The recent epidemics have seen a difference in the usual presentation of the disease, ranging from asymptomatic and undetected cases to affecting numerous organ systems. Moreover, MPXV has been shown to cause severe neurological symptoms such as seizures and encephalitis. Therefore, this review article focuses on the evidence-based available literature on mpox infections, highlighting and summarizing encephalitis as a rare neurological manifestation of the disease that may otherwise be overlooked in general practice.",Mpox encephalitis; mpox virus; neurological manifestations
23469435,New threat from poxviruses.,Sonia Shah,Scientific American. 2013. doi: 10.1038/scientificamerican0313-66..,Shah,Scientific American,2013,2013/03/01,,,10.1038/scientificamerican0313-66,,"[MeSH] Animals; [MeSH] Cowpox; [MeSH] Humans; [MeSH] Mpox, Monkeypox; [MeSH] Smallpox; [MeSH] Smallpox Vaccine; [MeSH] Viral Vaccines"
36342088,Monkeypox: A Localized Rash Followed by General Symptoms.,"Ricardo Niklas Werner, Gabor Dobos, Alexander Nast",Deutsches Arzteblatt international. 2022. doi: 10.3238/arztebl.m2022.0250..,Werner,Deutsches Arzteblatt international,2022,2022/07/11,,,10.3238/arztebl.m2022.0250,,"[MeSH] Humans; [MeSH] Mpox, Monkeypox; [MeSH] Exanthema; [MeSH] Disease Outbreaks"
40873169,"A Mini Review on Monkey-Pox: Outbreak, Challenges, and Management Strategies.","Dipak S Thorat, Yogesh V Ushir, Sudarshan Singh, Pooja V Nagime",Infectious disorders drug targets. 2026. doi: 10.2174/0118715265378067250717103733..,Thorat,Infectious disorders drug targets,2026,2026/01/01,,,10.2174/0118715265378067250717103733,"Monkeypox (Mpox) has become a significant global health concern, particularly since 2022. It has spread rapidly to numerous locations, and we urgently need to learn more about it. This overview discusses what Mpox is, how it spreads, its effects on people, and the medications that can be used to assist. Between January 2022 and March 2025, approximately 129,523 people were infected with Mpox in 120 countries. This demonstrates that HPV has progressed from being passed down from animals to being transmitted between people, including through intimate touch, as in some sexual interactions. Scientists discovered significant alterations in the virus that could help it adapt to people. Currently, we do not have many therapy alternatives. However, certain medications, such as tecovirimat and cidofovir, as well as specific vaccines (such as MVA-BN), can aid in recovery. When administered promptly after exposure, the vaccine is extremely effective in protecting people. This review emphasizes the importance of detecting Mpox early, monitoring the virus's evolution, and ensuring that people, particularly those who are more susceptible to illness, are immunized. A One Health strategy, which encompasses the care of humans, animals, and the environment in a unified approach, is crucial to preventing future outbreaks. To keep everyone safe, we must prepare for and strengthen our response to Mpox.",Monkeypox; antivirals; bioactive compounds; double-stranded DNA virus; infectious diseases; vaccines
37903060,Characteristics of possible mpox reinfection cases: literature review.,"Stefano Musumeci, Jérôme Laflamme, Laurent Kaiser, Olivier Segeral, Alexandra Calmy",Journal of travel medicine. 2023. doi: 10.1093/jtm/taad136..,Musumeci,Journal of travel medicine,2023,2023/11/18,,,10.1093/jtm/taad136,,monkeypox virus; mpox; reinfection
40583348,Molecular epidemiological surveillance of monkeypox virus in Indonesia from 2023 to 2024.,"Dhihram Tenrisau, Tri Bayu Purnama, Mulyanti Ayu Wulandari Maulana, Rizqy Fauzia Ahsani, Happy Kusuma Mulya, Yustinus Maladan, Listiana Azizah, Gerald Bagus A Caloh, Firdaus Kasim",Epidemiology and infection. 2025. doi: 10.1017/S0950268825100253..,Tenrisau,Epidemiology and infection,2025,2025/06/30,,,10.1017/S0950268825100253,"Monkeypox (mpox) has re-emerged as global public health concern including in several non-endemic countries. This study aims to characterize monkeypox virus (MPXV) genomes in Indonesia, to explore viral evolution and transmission. Genomic analysis was conducted on 53 isolates from Indonesian mpox patients between 2023 and 2024. All sequences belonged to Clade IIb, with identified sub-clades including A.1.1, B.1, B.1.3, and C.1 - of which C.1 became dominant during this period. Out of 87 mpox-confirmed cases, 60.9% (53/87) were successfully sequenced and submitted to the Global Initiative on Sharing All Influenza Data (GISAID). The majority of cases in Indonesia occurred among males (95.4%), men who have sex with men (59.8%), and people living with HIV/AIDS (71.3%). Notably, a large portion of cases had no travel history, suggesting local transmission. Initially, only clade IIb (B.1) was detected in October 2022. By August 2023, lineage diversity had increased, with B.1.3 and C.1 emerging as the predominant sub-clades. A time-calibrated phylogenetic tree revealed genetic relatedness and shared ancestry within clade IIb. Integrating genomic and epidemiological data offers valuable insights to improve mpox surveillance and public health response in Indonesia and the broader region.",molecular epidemiology; monkeypox; surveillance; transmission
37069700,"Results of PCR Analysis of Mpox Clinical Samples, Sweden, 2022.","Jon Edman-Wallér, Ola Jonsson, Gustav Backlund, Shaman Muradrasoli, Klara Sondén",Emerging infectious diseases. 2023. doi: 10.3201/eid2906.230253..,Edman-Wallér,Emerging infectious diseases,2023,2023/04/17,,,10.3201/eid2906.230253,"We compared cycle thresholds from mpox skin lesions with other specimen sites and over time from onset of clinical signs among 104 patients in Sweden. Cycle thresholds differed by anatomic site. We identified 2 early mpox cases from anorectal swab specimens after skin samples were negative, indicating necessity of sampling multiple sites.",Ct; MPXV; PCR; Sweden; cycle threshold; monkeypox virus; mpox; rectal samples; skin lesion samples; viruses
39365696,Analysis of Monkeypox Virus Exposures and Lesions by Anatomic Site.,"Sarah Anne J Guagliardo, Teresa Smith, Davidson H Hamer, Ralph Huits, Phyllis Kozarsky, Michael Libman, Andrea M McCollum, Kristina M Angelo",Emerging infectious diseases. 2024. doi: 10.3201/eid3011.241120..,Guagliardo,Emerging infectious diseases,2024,2024/10/04,,,10.3201/eid3011.241120,"We used cross-sectional data from 226 patients with monkeypox virus to investigate the association between anatomic exposure site and lesion development. Penile, anorectal, and oral exposures predicted lesion presence at correlating anatomic sites. Exposure site also predicted the first lesion site of the penis and anus.",Canada; GeoSentinel Network; Italy; Mpox; United States; exposure site; lesions; monkeypox virus; viruses
36179413,"Myocarditis Attributable to Monkeypox Virus Infection in 2 Patients, United States, 2022.","Guillermo Rodriguez-Nava, Peter Kadlecik, Thomas D Filardo, David L Ain, Joseph D Cooper, David W McCormick, Bryant J Webber, Kevin O'Laughlin, Brett W Petersen, Supriya Narasimhan, Harleen K Sahni",Emerging infectious diseases. 2022. doi: 10.3201/eid2812.221276..,Rodriguez-Nava,Emerging infectious diseases,2022,2022/09/30,,,10.3201/eid2812.221276,We report 2 immunocompetent and otherwise healthy adults in the United States who had monkeypox and required hospitalization for viral myocarditis. Both patients were unvaccinated against orthopoxviruses. They had shortness of breath or chest pain and elevated cardiac biomarkers. No immediate complications were observed. They were discharged home after symptoms resolved.,United States; immunocompetent; monkeypox; myocarditis; orthopox; sexually transmitted infections; unvaccinated; vaccine-preventable diseases; viruses
36517058,WHO recommends new name for monkeypox disease.,,Saudi medical journal. 2022.,,Saudi medical journal,2022,2022/12/01,,,,,"[MeSH] Humans; [MeSH] Mpox, Monkeypox; [MeSH] World Health Organization; [MeSH] Disease Outbreaks"
36546638,Monkeypox Virus Infection across 16 Countries - April-June 2022. Reply.,"John P Thornhill, Andrea Antinori, Chloe M Orkin",The New England journal of medicine. 2022. doi: 10.1056/NEJMc2213969..,Thornhill,The New England journal of medicine,2022,2022/12/22,,,10.1056/NEJMc2213969,,"[MeSH] Humans; [MeSH] Monkeypox virus; [MeSH] Mpox, Monkeypox"
37073653,"Outbreak of Monkeypox Virus Disease: An Update on Epidemiology, Pathophysiology and Available Treatment Options.","Akash Kumar, Neeti Angaria, Gurvinder Singh, Rajesh Kumar",Infectious disorders drug targets. 2023. doi: 10.2174/1871526523666230418121045..,Kumar,Infectious disorders drug targets,2023,2023/01/01,,,10.2174/1871526523666230418121045,"The monkeypox virus is a zoonotic illness with a tropical distribution in Africa, and around the world. The disease is spread through contact with infected animals or humans, and can also be spread from person to person through close contact with respiratory or bodily fluids. Fever, swollen lymph nodes, blisters, and crusted rashes characterize the disease. The incubation period is five to twenty-one days. It is difficult to distinguish the rash caused by infection from varicella and smallpox. Laboratory investigations are essential aspects of illness diagnosis and surveillance, and novel tests are required for more accurate and faster diagnosis. Antiviral drugs are being used to treat monkeypox. Scarring as well as other comorbidities, are prevalent in survivors, with the case mortality rate varying from 1 to 11%. The virus was found in monkeys at a Danish research facility in 1958, from which the term 'monkeypox' is derived. The primary human case was found in a child in the Democratic Republic of the Congo (DRC) in 1970. The World Health Organisation (WHO) has recently declared monkeypox a public health emergency of international concern. This manuscript attempts to review the various aspects of monkeypox disease and its allopathic as well as alternative treatment options available and serves as a valuable resource for healthcare professionals, researchers, and the general public.",Monkeypox; antivirals; chickenpox; herbs; outbreak; smallpox; zoonotic viral disease
36209756,Asymptomatic monkeypox infection: a call for greater control of infection and transmission.,"Abdullah Reda, Amr Ehab El-Qushayri, Jaffer Shah",The Lancet. Microbe. 2022. doi: 10.1016/S2666-5247(22)00259-2..,Reda,The Lancet. Microbe,2023,2022/10/06,,,10.1016/S2666-5247(22)00259-2,,"[MeSH] Humans; [MeSH] Mpox, Monkeypox; [MeSH] Monkeypox virus; [MeSH] Disease Outbreaks"
37246705,Monkeypox virus: A potential concern for Pakistan?,"Muhammad Hamza Shuja, Firzah Shakil, Sneha Vijay",JPMA. The Journal of the Pakistan Medical Association. 2022. doi: 10.47391/JPMA.7173..,Shuja,JPMA. The Journal of the Pakistan Medical Association,2022,2022/12/01,,,10.47391/JPMA.7173,,"[MeSH] Humans; [MeSH] Monkeypox virus; [MeSH] Pakistan; [MeSH] Mpox, Monkeypox"
41713695,Severe necrotic and fatal monkeypox in HIV-infected patients.,"Maria Hasani, Faatimah Maryam Muzammil, Mariyam Thahira, Reema Fathima, Suhana Riyaz, Laila Al Dabal, Sara Osman",International journal of infectious diseases : IJID : official publication of the International Society for Infectious Diseases. 2026. doi: 10.1016/j.ijid.2026.108482..,Hasani,International journal of infectious diseases : IJID : official publication of the International Society for Infectious Diseases,2026,2026/02/18,,,10.1016/j.ijid.2026.108482,"OBJECTIVE: To report a case delineating the diagnosis and management of a patient with Monkeypox complicated by underlying HIV infection and to explore related literature. METHODS: This is a case report written based on electronic medical record along with review of literature from databases such as Pubmed using keyword such as 'Monkeypox' 'HIV' 'co-infection' among others. RESULTS: This case report discusses the presentation of a Nigerian male patient who initially presented with cutaneous lesions diagnosed to be due to Mpox infection. On further investigation, he was also found to have an underlying HIV infection leading to severity of the clinical progression ultimately leading to death despite treatment thus illustrating that Co-infection with HIV can leading to weakened immune response and poorer clinical outcomes for patients with Monkeypox. However, further studies are warranted to explore the pathophysiology of the confection as well as the clinical presentation and to develop precise treatment guidelines for this unique patient group. CONCLUSION: HIV can have significant impact on the prognosis and outcome of Mpox infection, thus emphasizing the importance of early detection and tailored management to improve clinical outcomes.",AIDS; Clinical course; Coinfection; HIV; Human monkeypox; Infectious diseases
36355630,"Monkeypox Virus Infection in 18-Year-Old Woman after Sexual Intercourse, France, September 2022.","Alexandre Vallée, Audrey Chatelain, Marie Carbonnel, Catherine Racowsky, Erwan Fourn, David Zucman, Jean-Marc Ayoubi",Emerging infectious diseases. 2022. doi: 10.3201/eid2901.221643..,Vallée,Emerging infectious diseases,2023,2022/11/10,,,10.3201/eid2901.221643,"A monkeypox virus outbreak has spread worldwide since April 2022. We report a young woman in France positive for monkeypox virus transmitted through oral and vaginal sex. Ulceronecrotic lesions developed intravaginally and around her vulva. Health professionals should become familiar with all aspects of infection from this virus, including possible vertical transmission.",France; Monkeypox; genital; outbreak; prevention; sexually transmitted infections; vaccine; viruses; women
40314794,"Diagnostic Accuracy of 3 Mpox Lateral Flow Assays for Antigen Detection, Democratic Republic of the Congo and United Kingdom.","Elie Ishara-Nshombo, Anushri Somasundaran, Alessandra Romero-Ramirez, Konstantina Kontogianni, Daniel Mukadi-Bamuleka, Marithé Mukoka-Ntumba, Emile Muhindo-Milonde, Hugues Mirimo-Nguee, Jacob Parkes, Yusra Hussain, Susan Gould, Christopher T Williams, Dominic Wooding, Juvenal Nkeramahame, Mikaela Watson, Hayley E Hardwick, Malcolm G Semple, John Kenneth Baillie, Jake Dunning, Thomas E Fletcher, Thomas Edwards, Devy M Emperador, Hugo Kavunga-Membo, Ana Isabel Cubas-Atienzar",Emerging infectious diseases. 2025. doi: 10.3201/eid3106.250166..,Ishara-Nshombo,Emerging infectious diseases,2025,2025/05/02,,,10.3201/eid3106.250166,"The ongoing outbreaks of mpox highlight the urgent need for a rapid and low-cost diagnostic test to accurately detect and control this emerging disease. We estimated the analytical sensitivity using viral culture of the monkeypox virus clade IIb lineage B1 and clinical diagnostic performance of 3 antigen detection rapid diagnostic tests (Ag-RDT) by using skin swab samples and upper-respiratory swab samples from mpox patients in the Democratic Republic of the Congo and the United Kingdom. The analytical limit of detection was 1.0 × 104 plaque-forming units/mL, fulfilling World Health Organization recommendations. Specificity of the 3 Ag-RDTs was 100%, but sensitivity was estimated at 0.00%-15.79% using skin samples and 0.00% using respiratory samples. None of the 3 Ag-RDTs reached the World Health Organization's target clinical sensitivity, and we do not recommend them as diagnostic or screening tools for suspected mpox cases. Accurate Ag-RDTs for mpox diagnosis remain urgently needed.",Democratic Republic of the Congo; LFA; LFT; MPXV; Orthopoxvirus; POCT; Poxviridae; RDT; United Kingdom; diagnostic; evaluation; lateral flow assay; lateral flow test; monkeypox virus; mpox; point-of-care test; rapid diagnostic test; sexually transmitted infections
36928291,Death-associated with human monkeypox outbreak 2022: the current perspectives - correspondence.,"Masoud Keikha, Mehdi Zandhaghighi, Shahram Shahraki Zahedani","International journal of surgery (London, England). 2023. doi: 10.1097/JS9.0000000000000123..",Keikha,"International journal of surgery (London, England)",2023,2023/06/01,,,10.1097/JS9.0000000000000123,,"[MeSH] Humans; [MeSH] Mpox, Monkeypox; [MeSH] Disease Outbreaks"
36008714,Can a smallpox drug treat monkeypox? Here's what scientists know.,Max Kozlov,Nature. 2022. doi: 10.1038/d41586-022-02245-2..,Kozlov,Nature,2022,2022/09/01,,,10.1038/d41586-022-02245-2,,Diseases; Drug discovery; Public health; Virology
38154985,[Epidemiological transmission characteristics of monkeypox infection in children and the research progress in prevention and treatment].,"C Zhang, H Q Yin, C J Yin, R Y Zhang, Y J Zhong, B Y Niu, W L Zhang",Zhonghua er ke za zhi = Chinese journal of pediatrics. 2024. doi: 10.3760/cma.j.cn112140-20230728-00039..,Zhang,Zhonghua er ke za zhi = Chinese journal of pediatrics,2024,2024/01/02,,,10.3760/cma.j.cn112140-20230728-00039,[CHI] 猴痘是由猴痘病毒引起的人畜共患病。儿童属于猴痘病毒感染高危人群，在猴痘病毒的传播途径、防疫及治疗中与成人存在区别应该引起注意。现对儿童猴痘病毒历史感染情况归纳分析并综述，当前全球猴痘疫苗与抗病毒药物研究进展，旨在为儿童猴痘病毒感染管理与研究提供参考。.,"[MeSH] Child; [MeSH] Humans; [MeSH] Mpox, Monkeypox; [MeSH] Disease Outbreaks"
29774865,"Strengthening of Surveillance during Monkeypox Outbreak, Republic of the Congo, 2017.","Reena H Doshi, Sarah Anne J Guagliardo, Angelie Dzabatou-Babeaux, Camille Likouayoulou, Nestor Ndakala, Cynthia Moses, Victoria Olson, Andrea M McCollum, Brett W Petersen",Emerging infectious diseases. 2018. doi: 10.3201/eid2406.180248..,Doshi,Emerging infectious diseases,2018,2018/06/01,,,10.3201/eid2406.180248,"Reports of 10 suspected cases of monkeypox in Likouala Department, Republic of the Congo, triggered an investigation and response in March 2017 that included community education and surveillance strengthening. Increasing numbers of outbreaks suggest that monkeypox virus is becoming a more prevalent human pathogen. Diverse approaches are necessary for disease control and prevention.",Likouala Department; Republic of the Congo; community members; epidemiology; healthcare workers; monkeypox; monkeypox virus; outbreak; surveillance; viruses; zoonoses
36241574,Skin lesions due to monkeypox virus in a well-controlled HIV patient.,"Francisco Javier Melgosa Ramos, Marina Parra Civera, Jesús José Pons Fuster",Medicina clinica. 2022. doi: 10.1016/j.medcli.2022.08.018..,Melgosa,Medicina clinica,2022,2022/10/12,,,10.1016/j.medcli.2022.08.018,,"[MeSH] Humans; [MeSH] Monkeypox virus; [MeSH] HIV Infections; [MeSH] Mpox, Monkeypox; [MeSH] Skin Diseases"
36279497,Another Outbreak! Monkeypox 2022 Infection and Vaccine Considerations for the Clinical Nurse Specialist.,,Clinical nurse specialist CNS. 1900. doi: 10.1097/NUR.0000000000000712..,,Clinical nurse specialist CNS,2022,1900/01/01,,,10.1097/NUR.0000000000000712,,"[MeSH] Humans; [MeSH] Mpox, Monkeypox; [MeSH] Nurse Clinicians; [MeSH] Disease Outbreaks; [MeSH] Vaccines"
37746504,Delayed Presentation of Acute Tonsillitis Due to Monkeypox in an Immunocompromised Patient: Unique Cause of a Common Disease.,"Yusur Alsalihi, Likitha Y Aradhyula, Benjamin Teitelbaum",Cureus. 2023. doi: 10.7759/cureus.43930..,Alsalihi,Cureus,2023,2023/08/22,,,10.7759/cureus.43930,"Monkeypox (Mpox) is a viral zoonotic disease caused by the Mpox virus, part of the Orthopoxvirus (OPXV) genus, which is a family of double-stranded DNA viruses. It typically presents with lymphadenopathy, fever, and most distinguishably, a rash that extends the cheeks, palms of hands, and soles of feet. This case report describes a unique manifestation of Mpox in a 71-year-old man with a past medical history of HIV, who presented to the emergency department with severe throat pain and oropharyngeal symptoms. Initially, the viral panel and blood cultures were negative, and the patient's condition continued to deteriorate. Under clinical suspicion of Mpox, the patient was tested and found positive. This case report highlights the importance of vigilant surveillance and consideration of Mpox in immunocompromised patients with atypical presentations.",human immunodeficiency virus; human immunodeficiency virus (hiv); immunocompromised; monkeypox; monkeypox virus; monkeypox virus rash; tonsillitis
36125626,Is there any evidence for milder courses of monkeypox virus infections with childhood smallpox vaccination?,"Christian Hoffmann, Eva Wolf, Heiko Jessen, Markus Bickel, Christoph Boesecke",Infection. 2022. doi: 10.1007/s15010-022-01923-7..,Hoffmann,Infection,2023,2022/09/20,,,10.1007/s15010-022-01923-7,,MPXV infection; Monkeypox; Smallpox vaccination
37285139,Public Health Experts Advise Clinicians to Be on the Lookout for New Mpox Cases.,Preeti N Malani,JAMA. 2023. doi: 10.1001/jama.2023.9500..,Malani,JAMA,2023,2023/06/27,,,10.1001/jama.2023.9500,[ENG] This Medical News article discusses signs of an mpox resurgence and updated prevention and treatment information.,"[MeSH] Humans; [MeSH] Mpox, Monkeypox; [MeSH] Public Health; [MeSH] Incidence; [MeSH] United States"
36177868,"The risk of reverse zoonotic transmission to pet animals during the current global monkeypox outbreak, United Kingdom, June to mid-September 2022.","Wendi Shepherd, Philippa M Beard, Sharon M Brookes, Andrew Frost, Helen Roberts, Katherine Russell, Steve Wyllie",Euro surveillance : bulletin Europeen sur les maladies transmissibles = European communicable disease bulletin. 2022. doi: 10.2807/1560-7917.ES.2022.27.39.2200758..,Shepherd,Euro surveillance : bulletin Europeen sur les maladies transmissibles = European communicable disease bulletin,2022,2022/09/01,,,10.2807/1560-7917.ES.2022.27.39.2200758,"We report results of surveillance between June and mid-September 2022 of pet animals living in households of confirmed human monkeypox (MPX) cases. Since surveillance commenced, 154 animals from 40 households with a confirmed human MPX case were reported to the United Kingdom Animal and Plant Health Agency. No animals with clinical signs of MPX were identified. While a risk of transmission exists to pets from owners with a confirmed MPX virus infection, we assess this risk to be low.",Monkeypox; one health; pets; poxvirus; reverse transmission; zoonosis
38996842,A case of herpes zoster secondary to monkeypox in a young man.,"Li Lin, Zeyu Huang, Ruzhi Zhang",Journal of infection and chemotherapy : official journal of the Japan Society of Chemotherapy. 2024. doi: 10.1016/j.jiac.2024.07.008..,Lin,Journal of infection and chemotherapy : official journal of the Japan Society of Chemotherapy,2025,2024/07/11,,,10.1016/j.jiac.2024.07.008,"A 19-year-old young man presented with prodromal symptoms including fever and sore throat, followed by the development of scattered rashes in the perianal and penile regions. Monkeypox (MPX) was confirmed using polymerase chain reaction (PCR) of lesions. On the third day after complete resolution of the initial rash, the patient developed a new rash, which was diagnosed as secondary herpes zoster (HZ). Therefore, clinicians should not only focus on the accurate diagnosis of monkeypox, but also be alert to secondary herpes zoster.",Case report; Herpes zoster; Monkeypox
36104032,"Monkeypox: patients, clinicians, and the need for shared responsibility.",Marco Scalvini,BMJ (Clinical research ed.). 2022. doi: 10.1136/bmj.o2221..,Scalvini,BMJ (Clinical research ed.),2022,2022/09/14,,,10.1136/bmj.o2221,,"[MeSH] Humans; [MeSH] Mpox, Monkeypox; [MeSH] Social Behavior"
36047476,"The 1st online academic salon on monkeypox virus by Chinese Association for Laboratory Animal Sciences (2022, June 10th, Beijing, China).",,Animal models and experimental medicine. 2022. doi: 10.1002/ame2.12270..,,Animal models and experimental medicine,2022,2022/12/01,,,10.1002/ame2.12270,,"[MeSH] Animals; [MeSH] Beijing; [MeSH] China; [MeSH] Laboratory Animal Science; [MeSH] Mpox, Monkeypox; [MeSH] Monkeypox virus"
36223906,"Monkeypox: Virus DNA is widespread in treatment rooms, study finds.",Luke Taylor,BMJ (Clinical research ed.). 2022. doi: 10.1136/bmj.o2460..,Taylor,BMJ (Clinical research ed.),2022,2022/10/12,,,10.1136/bmj.o2460,,"[MeSH] DNA, Viral; [MeSH] Humans; [MeSH] Mpox, Monkeypox"
37778364,"Mpox as AIDS-defining event with a severe and protracted course: clinical, immunological, and virological implications.","Carmela Pinnetti, Eleonora Cimini, Valentina Mazzotta, Giulia Matusali, Alessandra Vergori, Annalisa Mondi, Martina Rueca, Sandro Batzella, Eleonora Tartaglia, Aurora Bettini, Stefania Notari, Marika Rubino, Massimo Tempestilli, Carlo Pareo, Laura Falasca, Franca Del Nonno, Alessandra Scarabello, Marta Camici, Roberta Gagliardini, Enrico Girardi, Francesco Vaia, Fabrizio Maggi, Chiara Agrati, Andrea Antinori",The Lancet. Infectious diseases. 2023. doi: 10.1016/S1473-3099(23)00482-6..,Pinnetti,The Lancet. Infectious diseases,2024,2023/09/28,,,10.1016/S1473-3099(23)00482-6,"A 59-year-old treatment-naive patient with advanced HIV infection presented with a severe and protracted course of mpox (formerly known as monkeypox) that did not respond to the current mpox treatment options. The patient worsened clinically, and developed new mucocutaneous lesions and necrotic evolution of pre-existing ones, along with multiple bilateral lung nodules and the appearance of a tracheal necrotic lesion. Although severe forms of mpox have been observed in people with severe immune system deficiency, including those with advanced HIV presentation, the immunological mechanisms underlying this observation have not yet been fully explained. To our knowledge, this is the first account of a necrotising mpox in a person living with HIV, with viral shedding for more than 11 months and a comprehensive immunological description. Moreover, we documented the virus' persistence by detecting mpox virus DNA from multiple sites and quantified anti-monkeypox virus IgA, IgM, IgG, and neutralising antibodies in serum samples. The severe HIV-driven immune depression and the presence of other co-infections might skew and impair immune responses, thus contributing to the persistence of monkeypox virus infection. Further investigations of immune responses to monkeypox virus infection in people with severe immunosuppression are required to improve management and prevention.","[MeSH] Humans; [MeSH] Middle Aged; [MeSH] Acquired Immunodeficiency Syndrome; [MeSH] HIV Infections; [MeSH] Mpox, Monkeypox; [MeSH] Coinfection; [MeSH] DNA, Viral; [MeSH] Monkeypox virus"
36863012,"Serial Interval and Incubation Period Estimates of Monkeypox Virus Infection in 12 Jurisdictions, United States, May-August 2022.","Zachary J Madewell, Kelly Charniga, Nina B Masters, Jason Asher, Lily Fahrenwald, William Still, Judy Chen, Naama Kipperman, David Bui, Meghan Shea, Katharine Saunders, Lori Saathoff-Huber, Shannon Johnson, Khalil Harbi, Abby L Berns, Taidy Perez, Emily Gateley, Ian H Spicknall, Yoshinori Nakazawa, Thomas L Gift",Emerging infectious diseases. 2023. doi: 10.3201/eid2904.221622..,Madewell,Emerging infectious diseases,2023,2023/03/02,,,10.3201/eid2904.221622,"Using data from 12 US health departments, we estimated mean serial interval for monkeypox virus infection to be 8.5 (95% credible interval 7.3-9.9) days for symptom onset, based on 57 case pairs. Mean estimated incubation period was 5.6 (95% credible interval 4.3-7.8) days for symptom onset, based on 35 case pairs.",United States; epidemiology; monkeypox; monkeypox virus; mpox; natural history; outbreak response; parameter estimation; sexually transmitted infections; viruses
35817333,Monkeypox emerges on a global scale: A historical review and dermatologic primer.,"Josh Bryer, Esther E Freeman, Misha Rosenbach",Journal of the American Academy of Dermatology. 2022. doi: 10.1016/j.jaad.2022.07.007..,Bryer,Journal of the American Academy of Dermatology,2022,2022/07/08,,,10.1016/j.jaad.2022.07.007,"The current monkeypox outbreak reawakens the concern that poxviridae have a high potential for zoonotic spillover and causing a pandemic. Much fieldwork and research have been done by health care and public health workers in Africa during previous human outbreaks, and their knowledge should inform our global response to the current outbreak. However, unusual clinical presentations now have potential implications for recognizing the disease. In addition, infections from poxviridae, such as monkeypox, have common cutaneous signs that occur early, may be related to periods of transmissibility, and can leave scarring. Therefore, dermatologists will play a key role in recognizing and diagnosing infections and educating and preparing frontline health care workers for the early detection of new cases and clusters of monkeypox.",complex medical dermatology; dermatology; infectious disease; monkeypox; pandemic; poxviridae
30981594,"Human Monkeypox: Epidemiologic and Clinical Characteristics, Diagnosis, and Prevention.","Eskild Petersen, Anu Kantele, Marion Koopmans, Danny Asogun, Adesola Yinka-Ogunleye, Chikwe Ihekweazu, Alimuddin Zumla",Infectious disease clinics of North America. 2019. doi: 10.1016/j.idc.2019.03.001..,Petersen,Infectious disease clinics of North America,2019,2019/04/11,,,10.1016/j.idc.2019.03.001,"Recently, concern has been raised about the emergence of human monkeypox virus and the occasionally severe clinical presentation bearing resemblance to that of smallpox. In 2018 3 patients in the UK were diagnosed with monkeypox, and the frequency and geographic distribution of cases across West and Central Africa have increased in recent years. In Nigeria, most monkeypox patients are aged <40 years and lack cross-protective immunity because they were born after discontinuation of the smallpox eradication campaign. This article reviews the epidemiology, clinical features, and management of monkeypox and discusses its growing public health threat in this context.",Epidemic; Monkeypox; Smallpox; West Africa
37741622,Beware of drug resistance: Let's not lose tecovirimat against mpox.,"Christophe Van Dijck, Ian Crozier, Koen Vercauteren, Isabel Brosius, Placide Mbala-Kingebeni, Lori Dodd, Emmanuel Bottieau, Olivier Tshiani Mbaya, Veronique Nussenblatt, Johan Neyts, Laurens Liesenborghs",Clinical microbiology and infection : the official publication of the European Society of Clinical Microbiology and Infectious Diseases. 2023. doi: 10.1016/j.cmi.2023.09.014..,Van,Clinical microbiology and infection : the official publication of the European Society of Clinical Microbiology and Infectious Diseases,2024,2023/09/22,,,10.1016/j.cmi.2023.09.014,,Antiviral; Drug resistance; Monkeypox; Orthopoxvirus; Pandemic; mpox
23347770,"Phylogenetic and ecologic perspectives of a monkeypox outbreak, southern Sudan, 2005.","Yoshinori Nakazawa, Ginny L Emerson, Darin S Carroll, Hui Zhao, Yu Li, Mary G Reynolds, Kevin L Karem, Victoria A Olson, R Ryan Lash, Whitni B Davidson, Scott K Smith, Rebecca S Levine, Russell L Regnery, Scott A Sammons, Michael A Frace, Elmangory M Mutasim, Mubarak E M Karsani, Mohammed O Muntasir, Alimagboul A Babiker, Langova Opoka, Vipul Chowdhary, Inger K Damon",Emerging infectious diseases. 2013. doi: 10.3201/eid1902.121220..,Nakazawa,Emerging infectious diseases,2013,2013/02/01,,,10.3201/eid1902.121220,"Identification of human monkeypox cases during 2005 in southern Sudan (now South Sudan) raised several questions about the natural history of monkeypox virus (MPXV) in Africa. The outbreak area, characterized by seasonally dry riverine grasslands, is not identified as environmentally suitable for MPXV transmission. We examined possible origins of this outbreak by performing phylogenetic analysis of genome sequences of MPXV isolates from the outbreak in Sudan and from differing localities. We also compared the environmental suitability of study localities for monkeypox transmission. Phylogenetically, the viruses isolated from Sudan outbreak specimens belong to a clade identified in the Congo Basin. This finding, added to the political instability of the area during the time of the outbreak, supports the hypothesis of importation by infected animals or humans entering Sudan from the Congo Basin, and person-to-person transmission of virus, rather than transmission of indigenous virus from infected animals to humans.","[MeSH] Animals; [MeSH] Disease Outbreaks; [MeSH] Genes, Viral; [MeSH] Humans; [MeSH] Molecular Typing; [MeSH] Mpox, Monkeypox; [MeSH] Monkeypox virus; [MeSH] Phylogeny; [MeSH] Phylogeography; [MeSH] Sequence Analysis, DNA; [MeSH] Sudan"
36640626,Mimics of Monkeypox: Considerations for the emergency medicine clinician.,"Brit Long, Stephen Y Liang, Brandon M Carius, Summer Chavez, Michael Gottlieb, Alex Koyfman, William J Brady",The American journal of emergency medicine. 2023. doi: 10.1016/j.ajem.2023.01.007..,Long,The American journal of emergency medicine,2023,2023/01/05,,,10.1016/j.ajem.2023.01.007,"INTRODUCTION: Mpox, formerly known as monkeypox, is a public health emergency most commonly presenting with a painful rash and several systemic findings. However, there are several conditions that may mimic its presentation. OBJECTIVE: This narrative review provides a focused overview of mpox mimics for emergency clinicians. DISCUSSION: Mpox is a global health emergency. The disease is primarily spread through contact, followed by the development of a centrifugally-spread rash that evolves from macules to papules to vesicles to pustules. This is often associated with lymphadenopathy and fever. As the rash is one of the most common presenting signs of the infection, patients mpox may present to the emergency department (ED) for further evaluation. There are a variety of mimics of mpox, including smallpox, varicella, primary and secondary syphilis, acute retroviral syndrome, and genital herpes simplex virus. CONCLUSION: Knowledge of mpox and its mimics is vital for emergency clinicians to differentiate these conditions and ensure appropriate diagnosis and management.",Dermatology; Infectious diseases; Lesions; Monkeypox; Mpox; Rash
36828003,Overcoming stigma-contracting mpox as a minoritised trainee.,Usama Irshad,The Lancet. Infectious diseases. 2023. doi: 10.1016/S1473-3099(23)00064-6..,Irshad,The Lancet. Infectious diseases,2023,2023/02/21,,,10.1016/S1473-3099(23)00064-6,,"[MeSH] Humans; [MeSH] Mpox, Monkeypox; [MeSH] Social Stigma"
37936264,Monkeypox virus cytologic findings.,"Amnuay Kleebayoon, Viroj Wiwanitkit",American journal of clinical pathology. 2024. doi: 10.1093/ajcp/aqad133..,Kleebayoon,American journal of clinical pathology,2024,2024/03/01,,,10.1093/ajcp/aqad133,,"[MeSH] Humans; [MeSH] Monkeypox virus; [MeSH] Mpox, Monkeypox"
26380309,Comparison of Monkeypox Virus Clade Kinetics and Pathology within the Prairie Dog Animal Model Using a Serial Sacrifice Study Design.,"Christina L Hutson, Darin S Carroll, Nadia Gallardo-Romero, Clifton Drew, Sherif R Zaki, Tamas Nagy, Christine Hughes, Victoria A Olson, Jeanine Sanders, Nishi Patel, Scott K Smith, M Shannon Keckler, Kevin Karem, Inger K Damon",BioMed research international. 2015. doi: 10.1155/2015/965710..,Hutson,BioMed research international,2015,2015/08/24,,,10.1155/2015/965710,"Monkeypox virus (MPXV) infection of the prairie dog is valuable to studying systemic orthopoxvirus disease. To further characterize differences in MPXV clade pathogenesis, groups of prairie dogs were intranasally infected (8 × 10(3) p.f.u.) with Congo Basin (CB) or West African (WA) MPXV, and 28 tissues were harvested on days 2, 4, 6, 9, 12, 17, and 24 postinfection. Samples were evaluated for the presence of virus and gross and microscopic lesions. Virus was recovered from nasal mucosa, oropharyngeal lymph nodes, and spleen earlier in CB challenged animals (day 4) than WA challenged animals (day 6). For both groups, primary viremia (indicated by viral DNA) was seen on days 6-9 through day 17. CB MPXV spread more rapidly, accumulated to greater levels, and caused greater morbidity in animals compared to WA MPXV. Histopathology and immunohistochemistry (IHC) findings, however, were similar. Two animals that succumbed to disease demonstrated abundant viral antigen in all organs tested, except for brain. Dual-IHC staining of select liver and spleen sections showed that apoptotic cells (identified by TUNEL) tended to colocalize with poxvirus antigen. Interestingly splenocytes were labelled positive for apoptosis more often than hepatocytes in both MPXV groups. These findings allow for further characterization of differences between MPXV clade pathogenesis, including identifying sites that are important during early viral replication and cellular response to viral infection.","[MeSH] Animals; [MeSH] DNA, Viral; [MeSH] Disease Models, Animal; [MeSH] Kinetics; [MeSH] Liver; [MeSH] Lymph Nodes; [MeSH] Mpox, Monkeypox; [MeSH] Monkeypox virus; [MeSH] Nasal Mucosa; [MeSH] Phylogeny; [MeSH] Sciuridae; [MeSH] Spleen; [MeSH] Virus Replication"
38738359,Anti-monkeypox virus-neutralizing activities of human immunoglobulin manufactured between 1999 and 2021 and derived from donors in the United States and Japan.,"Mikihiro Yunoki, Ritsuko Kubota-Koketsu, Tatsuo Shioda",Vox sanguinis. 2024. doi: 10.1111/vox.13655..,Yunoki,Vox sanguinis,2024,2024/05/13,,,10.1111/vox.13655,"BACKGROUND AND OBJECTIVES: In May 2022, the United Kingdom reported the first case of chained transmission of the monkeypox (mpox) virus without any known epidemiological links to west or central Africa. The monthly number of mpox patients currently has passed a peak and is declining globally, and infected patients include both non-vaccinated and vaccinated individuals. Herein, the virus-neutralizing (VN) activity against vaccinia viruses, which are considered to cross-react with the mpox virus, in the intravenous immunoglobulin (IVIG) lots derived from donors, including vaccinated Japanese populations, was evaluated to clarify the status of the Japanese blood donor population. MATERIALS AND METHODS: VN titres against vaccinia and human mpox viruses in IVIG lots derived from donors in Japan and the United States manufactured between 1999 and 2021 and 1995 and 2001, respectively, were evaluated by neutralization testing. RESULTS: VN titres of IVIG derived from donors in Japan and the United States against vaccinia and mpox viruses showed a slowly decreasing trend between 1999 and 2021. CONCLUSION: VN titres are expected to decrease in the future since the percentage of vaccinated donors in the donor population seems to have decreased. Therefore, continuous monitoring of VN titres is required.",IVIG; mpox; neutralization; vaccinia
29619921,"Reemergence of Human Monkeypox in Nigeria, 2017.","Adesola Yinka-Ogunleye, Olusola Aruna, Dimie Ogoina, Neni Aworabhi, Womi Eteng, Sikiru Badaru, Amina Mohammed, Jeremiah Agenyi, E N Etebu, Tamuno-Wari Numbere, Adolphe Ndoreraho, Eduard Nkunzimana, Yahyah Disu, Mahmood Dalhat, Patrick Nguku, Abdulaziz Mohammed, Muhammad Saleh, Andrea McCollum, Kimberly Wilkins, Ousmane Faye, Amadou Sall, Christian Happi, Nwando Mba, Olubumi Ojo, Chikwe Ihekweazu",Emerging infectious diseases. 2018. doi: 10.3201/eid2406.180017..,Yinka-Ogunleye,Emerging infectious diseases,2018,2018/06/17,,,10.3201/eid2406.180017,"In Nigeria, before 2017 the most recent case of human monkeypox had been reported in 1978. By mid-November 2017, a large outbreak caused by the West African clade resulted in 146 suspected cases and 42 laboratory-confirmed cases from 14 states. Although the source is unknown, multiple sources are suspected.",Human monkeypox; Nigeria; disease; reemergence; viruses; zoonoses
39540739,Exploring the genomic basis of Mpox virus-host transmission and pathogenesis.,"Brayden Young, Stephanie N Seifert, Crystal Lawson, Heather Koehler",mSphere. 2024. doi: 10.1128/msphere.00576-24..,Young,mSphere,2024,2024/11/14,,,10.1128/msphere.00576-24,"Mpox disease, caused by the monkeypox virus (MPXV), was recently classified as a public health emergency of international concern due to its high lethality and pandemic potential. MPXV is a zoonotic disease that emerged and is primarily spread by small rodents. Historically, it was considered mainly zoonotic and not likely to sustain human-to-human transmission. However, the worldwide outbreak of Clade IIb MPXV from 2020 to 2022 and ongoing Clade I MPXV epidemics in the Democratic Republic of the Congo and surrounding areas are a warning that human-adapted MPXVs will continually arise. Understanding the viral genetic determinants of host range, pathogenesis, and immune evasion is imperative for developing control strategies and predicting the future of Mpox. Here, we delve into the MPXV genome to detail genes involved in host immune evasion strategies for this zoonotic rodent-borne and human-circulating virus. We compare MPXV gene content to related Orthopoxviruses, which have narrow host ranges, to identify potential genes involved in species-specific pathogenesis and host tropism. In addition, we cover the key virulence factor differences that distinguish the MPXV clade lineages. Finally, we dissect how genomic reduction of Orthopoxviruses, through various molecular mechanisms, is contributing to the generation of novel MPXV lineages with increased human adaptation. This review aims to highlight gene content that defines the MPXV species, MPXV clades, and novel MPXV lineages that have culminated in this virus being elevated to a public health emergency of national concern.",ECTV; Mpox; OPG; Orthopoxviruses; Poxviridae; VARV; genomic annotation; host range; immune evasion; monkeypox; transmission; viral evolution; virulence
36608619,Hunting for mpox (monkeypox) mimickers: Use of the Biofire meningitis/encephalitis panel on lesion swabs to support alternative viral diagnoses.,"Bryn K Joy, Alexis L Donovan, Gregory R McCracken, Janice Pettipas, Elsie Grudeski, Anna Majer, Russell Mandes, Tim F Booth, Todd F Hatchette, Glenn Patriquin, Jason J LeBlanc",Journal of clinical virology : the official publication of the Pan American Society for Clinical Virology. 2022. doi: 10.1016/j.jcv.2022.105356..,Joy,Journal of clinical virology : the official publication of the Pan American Society for Clinical Virology,2023,2022/12/25,,,10.1016/j.jcv.2022.105356,"BACKGROUND: Mpox (formerly monkeypox) is an emerging zoonotic disease of public health concern that presents as a rash mimicking other common viral exanthems. Unlike traditional testing algorithms relying on several assays, the BioFire FilmArray meningitis/encephalitis (ME) panel simultaneously detects common viruses causing rashes; however, Biofire ME is only licensed for testing on cerebral spinal fluid. OBJECTIVES: This study evaluated use of the Biofire ME panel for detection and discrimination of herpes simplex virus types 1 and 2 (HSV-1 and HSV-2), varicella zoster virus (VZV), human herpesviruses type 6 (HHV-6), enteroviruses (EVs), and human paraechoviruses (HPeVs) from a dermal or mucocutaneous swabs collected in universal transport media (UTM). STUDY DESIGN: Results of the BioFire ME panel were compared against methods used during clinical testing. Ten-fold serial dilutions in UTM of cultured viruses were used to compare analytical sensitivity, and analytical specificity was assessed using panels of microorganisms in UTM. Clinical sensitivity and specificity were assessed using 20 positive specimens each for HHV-1, HHV-2, HHV-6, VZV, EVs, and HPeV, as well as 35 known negative specimens that included 15 mpox-positive specimens. RESULTS: Biofire ME was as sensitive as comparator methods, and correctly discriminated all HSV-1, HSV-2, VZV, HHV-6, EVs, and HPeVs from mpox and mpox-mimickers. Cross-reaction between EV and rhinoviruses A, B, and C were noted in the specificity panel. CONCLUSIONS: Swabs in UTM collected for mpox testing are suitable for use on the Biofire ME panel, allowing more streamlined diagnostic testing for viral exanthems in patients under investigation for mpox infection.",Biofire; Lesions; Monkeypox; Mpox; PCR; Swabs; Universal transport media
15131485,Monkeypox and medical ethics.,"Daniel B DiGiulio, Paul B Eckburg",The Pediatric infectious disease journal. 2004. doi: 10.1097/00006454-200405000-00029..,DiGiulio,The Pediatric infectious disease journal,2004,2004/05/01,,,10.1097/00006454-200405000-00029,,"[MeSH] Humans; [MeSH] Attitude of Health Personnel; [MeSH] Ethics, Clinical; [MeSH] Monkeypox virus; [MeSH] Poxviridae Infections; [MeSH] Mpox, Monkeypox"
36181901,Monkeypox and pregnancy: correspondence.,"Rujittika Mungmunpuntipantip, Viroj Wiwanitkit",American journal of obstetrics and gynecology. 2022. doi: 10.1016/j.ajog.2022.09.028..,Mungmunpuntipantip,American journal of obstetrics and gynecology,2023,2022/09/29,,,10.1016/j.ajog.2022.09.028,,"[MeSH] Pregnancy; [MeSH] Female; [MeSH] Humans; [MeSH] Mpox, Monkeypox"
39277902,Mpox (monkeypox) diagnostic kits - September 2024.,"Camilla Mattiuzzi, Brandon M Henry, John G Rizk, Giuseppe Lippi","Diagnosis (Berlin, Germany). 2024. doi: 10.1515/dx-2024-0145..",Mattiuzzi,"Diagnosis (Berlin, Germany)",2025,2024/09/17,,,10.1515/dx-2024-0145,,Mpox; diagnosis; monkeypox
39981837,Social dominance orientation and information seeking about the Monkeypox (Mpox) outbreak.,"Xinxia Dong, Janet Z Yang",Journal of health psychology. 2025. doi: 10.1177/13591053251317800..,Dong,Journal of health psychology,2025,2025/02/21,,,10.1177/13591053251317800,"Grounded in the risk information seeking and processing (RISP) model, this study investigated how individual characteristics and socio-psychological factors influenced Americans' information seeking about the Monkeypox (Mpox) outbreak. The RISP model proposes that one's cognitive need for information (i.e. information insufficiency) and desire to fulfill social expectations about their own information level (i.e. informational subjective norms) are key factors that motivate information seeking. Further, risk judgment and affective response contribute to these two primary motivational factors. Based on a nationally representative sample of U.S. adults (N = 1000), results indicated that social dominance orientation contributed to information seeking indirectly through risk judgment, information insufficiency, and relevant channel beliefs. These findings suggest that it is important to consider individual attribute such as social dominance orientation when communicating to the public about a public health crisis that affected marginal social groups disproportionately.",Mpox; RISP; information seeking; social dominance orientation
37067135,Monkeypox infection presenting as genital lesions.,"Irene Rivera-Ruiz, Diana Corona-Mata, Ángela Camacho-Espejo","Indian journal of dermatology, venereology and leprology. 1900. doi: 10.25259/IJDVL_790_2022..",Rivera-Ruiz,"Indian journal of dermatology, venereology and leprology",2023,1900/01/01,,,10.25259/IJDVL_790_2022,,"[MeSH] Humans; [MeSH] Mpox, Monkeypox; [MeSH] Genitalia"
16941343,Clinical manifestations of human monkeypox influenced by route of infection.,"Mary G Reynolds, Krista L Yorita, Mathew J Kuehnert, Whitni B Davidson, Gregory D Huhn, Robert C Holman, Inger K Damon",The Journal of infectious diseases. 2006. doi: 10.1086/505880..,Reynolds,The Journal of infectious diseases,2006,2006/08/08,,,10.1086/505880,"BACKGROUND: In April 2003, an outbreak of monkeypox occurred in the United States following the importation of monkeypox virus (MPXV)-infected animals in a consignment of exotic pets from West Africa. Transmission of the virus to non-African captive species, including prairie dogs, preceded human disease. METHODS: We evaluated the influence of the route of infection on clinical illness for persons with confirmed and probable cases of human monkeypox. Exposures were categorized as being ""noninvasive"" (e.g., the person touched an infected animal, cleaned an infected animal's cage, and/or stood within 6 feet of an infected animal) or ""complex"" (e.g., invasive bite or scratch from an ill prairie dog plus potential noninvasive exposure), and associations between exposure, illness manifestation, and illness progression (i.e., elapsed time from first exposure to an ill prairie dog through various benchmarks of illness) were assessed. RESULTS: Patients with complex exposures were more likely than patients with noninvasive exposures to have experienced pronounced signs of systemic illness (49.1% vs. 16.7%; P=.041) and to have been hospitalized during illness (68.8% vs. 10.3%; P<.001). Complex exposures were also associated with shorter incubation periods (9 days for complex exposures vs. 13 days for noninvasive exposures) and the absence of a distinct febrile prodrome. CONCLUSIONS: The findings of this study indicate that route of infection can influence monkeypox illness manifestations.","[MeSH] Animals; [MeSH] Disease Progression; [MeSH] Female; [MeSH] Humans; [MeSH] Male; [MeSH] Mpox, Monkeypox; [MeSH] Monkeypox virus; [MeSH] Retrospective Studies; [MeSH] Sciuridae; [MeSH] Time Factors; [MeSH] United States; [MeSH] Wounds and Injuries; [MeSH] Zoonoses"
35726117,Monkeypox: considerations for the understanding and containment of the current outbreak in non-endemic countries.,"Jorge Quarleri, M Victoria Delpino, Verónica Galvan",GeroScience. 2022. doi: 10.1007/s11357-022-00611-6..,Quarleri,GeroScience,2022,2022/06/20,,,10.1007/s11357-022-00611-6,"The neglected and rare zoonotic disease caused by monkeypox virus (MPV) has recently spread widely, resulting in the largest known monkeypox outbreak outside of Africa, where it is endemic. MPV belongs to the Poxviridae family, genus Orthopoxvirus. At least two different clades have been identified, each having different fatality rates but recent cases are all phylogenetically related to the West African clade. MPV is transmitted directly by either person-to-person, -animal, or virus-contaminated fomite contact. The disease is often self-limited, and clinical symptoms include fever, skin lesions, and lymphadenopathies. At present, no deaths have been associated with the current outbreak. MPV DNA detection using molecular techniques is recommended for diagnosis. At least two approved drugs for antiviral therapy are available in the USA. Two different vaccines, including the vaccine used in the past for smallpox eradication and a new formulation more recently approved based on a live but non-replicating virus, are available that provide immunity to MPV. These and other clinical and public health considerations pertaining to the recent monkeypox outbreaks together with aspects of MPV biology are discussed in this article.",Antiviral therapy; Clinical presentation; Diagnosis; Epidemiology; Monkeypox; Orthopoxvirus; Outbreak; Prophylaxis
36958173,Molecular docking of monkeypox (mpox) virus proteinase with FDA approved lead molecules.,"M Valan Arasu, P Vijayaragavan, Sumitha Purushothaman, M A Rathi, Naif Abdullah Al-Dhabi, V K Gopalakrishnan, Ki Choon Choi, S Ilavenil",Journal of infection and public health. 2023. doi: 10.1016/j.jiph.2023.03.004..,Arasu,Journal of infection and public health,2023,2023/03/07,,,10.1016/j.jiph.2023.03.004,"BACKGROUND: Monkeypox virus (mpox) disease is caused by a double-stranded DNA virus from the Poxviridae family. The mpox virus showed structural similarity with smallpox virus disease. The recent outbreak of mpox infection in the rest of African countries causes public health issues of increased pandemic potential. Mpox virus is involved in the viral replication cycle through the biocatalytic reaction of precursor polyproteins cleavage. OBJECTIVES: The main objective of the study was to analyze the molecular interactions between mpox and FDA-approved drugs. METHODS: The primary and secondary structure of the protein was retrieved and FDA approved drug was screened using AutoDock. The best hit was analyzed and the molecular interactions were studied. Model validation analyzes the peptide, energy of hydrogen bonds, steric conflicts and bond planarity. Z-score was calculated using ProSA-web tool and the score tested the native fold from other alternative folds. RESULTS: The confidence level of the submitted amino acids was> 80 % and the maximum confidence score for a single template was 98.2 %. The generated proteinase model was subjected to analyze the distribution of atoms and the using ERRAT server. The overall quality score was 88.535 and this value represents the amino acid percentage with anticipated error value and the value falling below the rejection limit. The Z-score of this study result was within the Z-score range (-4.17) validated for native enzymes. The binding pockets of the enzyme were determined in this study and two binding pockets were predicted using the automatic online tool using the web server. The selected FDA-approved drugs were ordered based on their minimum binding energy to the proteinase. CONCLUSIONS: Molecular docking studies revealed the involvement of various hydrophobic interactions between FDA-approved drugs and amino acid residues of monkeypox virus proteinase.",Approved drugs; Drug molecules; Monkeypox; Proteins
35910060,"First confirmed case of monkeypox in Adamawa State, Nigeria: a clinico-epidemiological case report.","Emmanuel Pembi, Sati Awang, Saheed Olalekan Salaudeen, Innocent Adoyi Agaba, Semeeh Omoleke",The Pan African medical journal. 2022. doi: 10.11604/pamj.2022.42.38.34715..,Pembi,The Pan African medical journal,2022,2022/05/16,,,10.11604/pamj.2022.42.38.34715,"Monkeypox is a rare zoonotic infection caused by monkeypox virus. It is an emerging disease which has become the most prevalent orthopoxvirus since the global eradication of smallpox in 1980. It is a mild illness which is mostly characterized by a prodromal of fever, malaise and progressive appearance of vesiculo-papular skin lesions. We report a case of a 30-year-old military personnel who was referred from 23 Brigade Medical Centre (BMC) to Federal Medical Centre (FMC) Yola on account of fever and progressive eruption of widespread skin rashes. Following isolation from suspicion of monkeypox, he was confirmed by PCR and managed symptomatically and fully recovered within two weeks of onset. His five close contacts did not develop any symptoms during the period of follow-up. This is the first confirmed case of monkey pox in the state. This case will trigger an awareness, amongst clinicians and surveillance officers in Adamawa State, of the existence of monkeypox and heighten the suspicion to promptly detect, isolate and treat more cases to halt transmission.",Adamawa State; Monkeypox; Nigeria; case report; surveillance
36055636,Monkeypox infection and bacterial cellulitis: a complication to look for.,"Diogo de Sousa, Joana Frade, João Patrocínio, João Borges-Costa, Paulo Filipe",International journal of infectious diseases : IJID : official publication of the International Society for Infectious Diseases. 2022. doi: 10.1016/j.ijid.2022.08.024..,de,International journal of infectious diseases : IJID : official publication of the International Society for Infectious Diseases,2022,2022/08/31,,,10.1016/j.ijid.2022.08.024,"Human monkeypox (MPX) is an endemic zoonotic disease in regions of Africa caused by the monkeypox virus, with recent outbreaks in several non-African countries. In this study, we present two cases of patients with MPX infection complicated by a deep skin infection. Both patients presented to our dermatology clinic with a clinical syndrome characteristic of MPX. The diagnosis was confirmed based on swabs of skin lesions. Both patients later returned to our clinic with erythema, pain, and edema at the site of previous papules and were diagnosed with deep skin bacterial infection. In this study we provide information on what we believe was an underreported MPX infection complication and give some advice on preventing cases of cellulitis in these patients.",Cellulitis; Disease outbreak; Infectious skin diseases; Monkeypox
36379369,Fortuitous diagnosis of monkeypox in a patient hospitalized for several days: risk assessment and follow-up for exposed healthcare workers.,"M Phelippeau, G Loison, P Rucay, H Le Guillou-Guillemette, D Ndiaye, V Dubée, C Legeay",The Journal of hospital infection. 2022. doi: 10.1016/j.jhin.2022.11.002..,Phelippeau,The Journal of hospital infection,2023,2022/11/12,,,10.1016/j.jhin.2022.11.002,,"[MeSH] Humans; [MeSH] Mpox, Monkeypox; [MeSH] Follow-Up Studies; [MeSH] Disease Outbreaks; [MeSH] Risk Assessment; [MeSH] Health Personnel"
37088362,Co-circulation of vaccinia and monkeypox viruses in rural areas of Brazil: Importance of differential molecular diagnosis.,"Matheus Nobrega Luques, Régis Linhares Oliveira, Samuel Hir, Desiree Dos Santos Nunes, Luiza M Higa, Ana Flávia Mendonça, Luiz Augusto Pereira, Fabrício Sousa, Terezinha Marta Pereira Pinto Castiñeiras, Amilcar Tanuri, Clarissa R Damaso",Travel medicine and infectious disease. 2023. doi: 10.1016/j.tmaid.2023.102578..,Luques,Travel medicine and infectious disease,2023,2023/04/22,,,10.1016/j.tmaid.2023.102578,,Cantagalo virus; Mpox; Orthopoxvirus; Poxvirus
36790273,Current Pandemic in the World: Monkeypox from Past to Present.,"Yasemin Şahin, Hande Yüce, Songül Ünüvar, Osman Çiftçi",Anais da Academia Brasileira de Ciencias. 2023. doi: 10.1590/0001-3765202320220767..,Şahin,Anais da Academia Brasileira de Ciencias,2023,2023/02/10,,,10.1590/0001-3765202320220767,"Monkeypox is a zoonotic viral infection that was first identified in humans in 1970 in the Democratic Republic of Congo. The cases seen again in early May 2022 have reached 78.000 as of today. On July 23, 2022, the World Health Organization decided that the monkeypox outbreak represents a public health emergency. For the early diagnosis and effective treatment of monkeypox, inter-individual transmission routes, disease symptoms, factors affecting the course of the disease, presence of another infection, prognosis, pharmacological agents used in the prophylactic treatment, and their effects, populations at risk, waste disposal protocol should be known. For this reason, our aim is to reveal the sources of transmission of the monkeypox virus from past to present, what are the signs and symptoms in patients after infection, ways of protection from the virus, the mutation status of the virus, and treatment approaches.","[MeSH] Humans; [MeSH] Mpox, Monkeypox; [MeSH] Pandemics; [MeSH] Monkeypox virus; [MeSH] Public Health; [MeSH] Disease Outbreaks"
38206632,Conjunctival Biopsy of a Patient With Mpox.,"Meagan Tran, Valeria Gonzalez, Ami Shah, Dharmendra Patel, Alexander Shusko, Ann McCullough",JAMA ophthalmology. 2024. doi: 10.1001/jamaophthalmol.2023.5780..,Tran,JAMA ophthalmology,2024,2024/02/01,,,10.1001/jamaophthalmol.2023.5780,[ENG] This case report describes a conjunctival biopsy of a patient with mpox infection.,"[MeSH] Humans; [MeSH] Mpox, Monkeypox; [MeSH] Biopsy; [MeSH] Conjunctiva"
40303803,"Estimating the Importation Risk of Mpox Virus in 2022 to Hong Kong, China.","Mingda Xu, Songwei Shan, Zengyang Shao, Yuan Bai, Zhanwei Du, Zhen Wang, Chao Gao",Transboundary and emerging diseases. 2023. doi: 10.1155/2023/9943108..,Xu,Transboundary and emerging diseases,2023,2023/08/22,,,10.1155/2023/9943108,"International air travel has been recognized as a crucial factor in the cross-regional transmission of monkeypox (now known as mpox) since this disease rapidly spread across the globe in May 2022. On September 6, 2022, Hong Kong SAR (HK) reported its first imported mpox case with travel history of the United States (US), Canada, and the Philippines. In this study, we estimated the importation risk to HK from 25 international departure regions from May 1 to September 6, 2022, based on the prevalence of presymptomatic mpox cases in the study regions, and time-varying flight mobility evaluated by aggregating multiple open-access air travel datasets (e.g., OpenSky and Aviation Edge). The results of the study indicated that during the study period, the highest risk of mpox importation was from the US, at 63% (95% CI: 32% and 95%), followed by the United Kingdom (UK) and Canada, with risks of 29% (95% CI: 10% and 63%), and 17% (95% CI: 8% and 32%), respectively. The importation risk of mpox from the US and Canada was substantially higher than from the other regions, which was aligned with the travel history of the first reported case in HK. Our study introduces a simplified computational method that estimates the risk of importation mpox virus by combining air travel mobility, disease prevalence, and observed real-world scenarios to achieve accurate outcome estimates. Estimating the cross-regional importation risk of mpox would be beneficial in designing and adjusting inbound measures appropriately, which are essential for emergency public health policies.","[MeSH] Hong Kong; [MeSH] Humans; [MeSH] Mpox, Monkeypox; [MeSH] Communicable Diseases, Imported; [MeSH] Monkeypox virus; [MeSH] Travel; [MeSH] Air Travel; [MeSH] Risk Assessment"
39011825,Inefficient tissue immune response against MPXV in an immunocompromised mpox patient.,"Jakob Matschke, Kristin Hartmann, Susanne Pfefferle, Yue Wang, Pablo A Valdes, Edda Thies, Michaela Schweizer, Marc Lütgehetmann, Stefan Schmiedel, Christian Bernreuther, Edward S Boyden, Markus Glatzel, Susanne Krasemann",Journal of medical virology. 2024. doi: 10.1002/jmv.29811..,Matschke,Journal of medical virology,2024,2024/07/01,,,10.1002/jmv.29811,"The recent outbreak of monkeypox virus (MPXV) was unprecedented in its size and distribution. Those living with uncontrolled HIV and low CD4 T cell counts might develop a fulminant clinical mpox course with increased mortality, secondary infections, and necrotizing lesions. Fatal cases display a high and widespread MPXV tissue burden. The underlying pathomechanisms are not fully understood. We report here the pathological findings of an MPXV-driven abscess in gastrocnemius muscle requiring surgery in an immunocompromised patient with severe mpox. Presence of virus particles and infectivity were confirmed by electron microscopy, expansion microscopy, and virus culture, respectively. MPXV tissue distribution by immunohistochemistry (IHC) showed a necrotic core with infection of different cell types. In contrast, at the lesion rim fibroblasts were mainly infected. Immune cells were almost absent in the necrotic core, but were abundant at the infection rim and predominantly macrophages. Further, we detected high amounts of alternatively activated GPNMB+-macrophages at the lesion border. Of note, macrophages only rarely colocalized with virus-infected cells. Insufficient clearance of infected cells and infection of lesion-associated fibroblasts sustained by the abundance of profibrotic macrophages might lead to the coalescing of lesions and the severe and persistent clinical mpox course observed in immunocompromised patients.",HIV; MPXV; electron microscopy; expansion microscopy; immunohistochemistry; monkeypox virus; mpox; profibrotic macrophages; super‐resolution imaging
41145076,The LVD/NIAID/NIH MVA1974 clone as an Mpox vaccine - preclinical assessment upon in a model of lethal infection with Orthopoxvirus monkeypox in mice.,"Karine Lima Lourenço, Adriana A Oliveira Paim, Natália S Hojo-Souza, Celso M Queiroz-Junior, Flávia F Bagno, Alex F Carvalho, Santuza M R Teixeira, Mauro M Teixeira, Vivian V Costa, Flávio Guimarães da Fonseca",Vaccine. 2025. doi: 10.1016/j.vaccine.2025.127889..,Lourenço,Vaccine,2025,2025/10/26,,,10.1016/j.vaccine.2025.127889,"Monkeypox virus (MPXV), a genetically distinct member of the Orthopoxvirus genus, causes a febrile vesicular illness in humans and animals, recently renamed Mpox. In 2022, Mpox cases were reported in 115 non-endemic countries, prompting the World Health Organization (WHO) to declare a Public Health Emergency of International Concern. A resurgence of cases in August 2024, centered in the Democratic Republic of Congo and neighboring regions, led to renewed international concern. The Modified Vaccinia Ankara (MVA) virus, originally developed as a safer smallpox vaccine, has demonstrated protective efficacy against MPXV. However, only a limited number of MVA clones have been evaluated or produced specifically for Mpox prevention. In this study, we assessed the immunogenicity and protective efficacy of the LVD/NIAID/NIH MVA1974 clone-previously untested for Mpox-in a mouse model. Mice were immunized intramuscularly with 1 × 108 FFU of the MVA1974 virus using a prime-boost regimen. Immunization induced robust immune responses and provided complete (100 %) protection against a lethal MPXV challenge. Given the current shortage of approved MVA-based vaccines amid growing global demand, alternative MVA clones such as MVA1974 represent promising candidates for further development as Mpox vaccines.",MVA; Mpox; Orthopoxvirus monkeypox; vaccine
36799858,Monkeypox (Mpox) vaccines and their side effects: the other side of the coin.,"Ranjit Sah, Diptanu Paul, Aroop Mohanty, Abhishek Shah, Arun Sundar Mohanasundaram, Bijay K Padhi","International journal of surgery (London, England). 2023. doi: 10.1097/JS9.0000000000000142..",Sah,"International journal of surgery (London, England)",2023,2023/02/01,,,10.1097/JS9.0000000000000142,,"[MeSH] Humans; [MeSH] Mpox, Monkeypox; [MeSH] Smallpox Vaccine"
37535344,Enhanced Mpox Outbreak Case Detection Among MHS Beneficiaries Through Use of ESSENCE.,"Sasha A McGee, Jamaal A Russell, Maura Metcalf-Kelly",MSMR. 2023.,McGee,MSMR,2023,2023/05/20,,,,,"[MeSH] Humans; [MeSH] Mpox, Monkeypox; [MeSH] Military Personnel"
36865422,Monkeypox (mpox) Outbreak: More queries posed as cases soar globally.,"Salah T Al Awaidy, Faryal Khamis, Malik Sallam, Ramy M Ghazy, Hassan Zaraket",Sultan Qaboos University medical journal. 2023. doi: 10.18295/squmj.8.2022.046..,Al,Sultan Qaboos University medical journal,2023,2023/02/23,,,10.18295/squmj.8.2022.046,,"[MeSH] Humans; [MeSH] Mpox, Monkeypox; [MeSH] Disease Outbreaks"
15617321,"[Monkey-pox, a model of emergent then reemergent disease].","A J Georges, T Matton, M C Courbot-Georges",Medecine et maladies infectieuses. 2004. doi: 10.1016/j.medmal.2003.09.008..,Georges,Medecine et maladies infectieuses,2004,2004/01/01,,,10.1016/j.medmal.2003.09.008,"The recent emergence of monkey pox in the United States of America highlights the problem (known for other infectious agents) of dissemination of pathogens outside their endemic area, and of subsequent global threats of variable gravity according to agents. It is a real emergency since monkey pox had been confined to Africa for several decades, where small epidemics occurred from time to time, monkey pox is a ""miniature smallpox"" which, in Africa, evolves on an endemic (zoonotic) mode with, as reservoirs, several species of wild rodents (mainly squirrels) and some monkey species. It can be accidentally transmitted to man then develops as epidemics, sometimes leading to death. The virus was imported in 2003 in the United States of America, via Gambia rats and wild squirrels (all African species), and infected prairie dogs (which are now in fashion as pets), then crossed the species barrier to man. In the United States of America, screening campaigns, epidemiological investigations, and subsequent treatments led to a rapid control of the epidemic, which is a model of emergent disease for this country. Therapeutic and preventive measures directly applicable to monkey pox are discussed. They can also be applied against other pox virus infections (including smallpox). The risk of criminal introduction of pox viruses is discussed since it is, more than ever, a real worldwide threat.","[MeSH] Animals; [MeSH] Disease Reservoirs; [MeSH] Global Health; [MeSH] Humans; [MeSH] Mpox, Monkeypox; [MeSH] Rodentia; [MeSH] United States; [MeSH] Zoonoses"
36152654,"Yes, it matters who is spreading monkeypox.",Jonathan Smith,The Lancet. Infectious diseases. 2022. doi: 10.1016/S1473-3099(22)00579-5..,Smith,The Lancet. Infectious diseases,2022,2022/10/01,,,10.1016/S1473-3099(22)00579-5,,"[MeSH] Animals; [MeSH] Humans; [MeSH] Mpox, Monkeypox; [MeSH] Monkeypox virus; [MeSH] Zoonoses"
36150656,Is sexual intercourse a major route of human Monkeypox transmission mode? - Correspondence.,Masoud Keikha,"International journal of surgery (London, England). 2022. doi: 10.1016/j.ijsu.2022.106939..",Keikha,"International journal of surgery (London, England)",2022,2022/09/20,,,10.1016/j.ijsu.2022.106939,,"[MeSH] Humans; [MeSH] Mpox, Monkeypox; [MeSH] Coitus"
35922921,Monkeypox - A danger approaching Asia.,"Xiaoning Liu, Zheng Zhu, Qiqi Miao, Jia Wen Lim, Hongzhou Lu",Bioscience trends. 2022. doi: 10.5582/bst.2022.01343..,Liu,Bioscience trends,2022,2022/08/02,,,10.5582/bst.2022.01343,"Since the end of June 2022, there has been a dramatic increase in the number of monkeypox cases worldwide. Given the potential spread of this epidemic, WHO has declared the monkeypox epidemic a global public health emergency. In the face of the changing epidemiology during this monkeypox outbreak, vaccines and preventive measures are being researched around the world in response to this emerging disease. Recently, confirmed cases were reported in South Korea and Japan; as connections between countries around the world resume, imported cases may be inevitable. China is also concerned and prepared for the danger approaching Asia. In response to this risk, China issued the ""Monkeypox Diagnosis and Treatment Guidelines"" and the General Administration of Customs of China announced that travelers from countries reporting monkeypox cases and with suspected symptoms should be identified to customs upon entry. Chinese researchers have recently generated two pseudovirus reference materials for the monkeypox viral wild-type B6R gene and mutant F3L gene. Moreover, monkeypox as a communicable disease can be added to the current COVID-19 tracking system for better surveillance and management.",Asia; monkeypox; preventive measures; vaccine
37343414,[Management from Primary Care of monkeypox infection (MPOX) in humans].,"Javier Arranz Izquierdo, José María Molero García, María Isabel Gutiérrez Pérez",Atencion primaria. 2023. doi: 10.1016/j.aprim.2023.102680..,Arranz,Atencion primaria,2023,2023/06/19,,,10.1016/j.aprim.2023.102680,"Monkeypox (MPOX) is a viral zoonosis endemic in West or Central African countries that is sporadically exported to another area. In May 2022, a global outbreak of MPOX smallpox began to occur in several countries in Europe and North America. Most of the reported cases are identified at the outpatient level and mainly affect men who have sex with men (MSM). Transmission is by close contact with lesions, body fluids, respiratory secretions or contaminated material from an infected person or animal. The clinical picture is similar to human smallpox, with less severity. Mild, self-limiting skin involvement predominates after 2-4 weeks. In MSM, atypical skin lesions appear due to the mode of infection. Severe forms or complications may appear in certain risk groups. The case fatality rate is 3%-6% depending on the clade responsible. The diagnosis of suspicion is confirmed by detection of the virus from exudates of lesions or scabs, with nucleic acid amplification techniques by conventional or real-time PCR. Clinical management in most cases is performed in primary care (PC), by monitoring the main symptoms. Between 5-10% require hospital management and there are some specific antiviral treatment options. Human smallpox vaccines protect against MPOX and are used as pre- and post-exposure prophylaxis for persons at risk. Measures to reduce exposure to the virus are the main MPOX prevention strategy. In addition, the role of the family physician is key to controlling the spread of MPOX through active surveillance and early diagnosis of the disease.",Family medicine; Medicina de familia; Simian smallpox; Smallpox vaccine; Tratamiento; Treatment; Vacuna de la viruela; Viruela del simio
37026012,"Insights into monkeypox pathophysiology, global prevalence, clinical manifestation and treatments.","Liyan Niu, Dingfa Liang, Qin Ling, Jing Zhang, Ziwen Li, Deju Zhang, Panpan Xia, Zicheng Zhu, Jitao Lin, Ao Shi, Jianyong Ma, Peng Yu, Xiao Liu",Frontiers in immunology. 2023. doi: 10.3389/fimmu.2023.1132250..,Niu,Frontiers in immunology,2023,2023/03/21,,,10.3389/fimmu.2023.1132250,"On 23rd July 2022, the World Health Organization (WHO) recognized the ongoing monkeypox outbreak as a public medical crisis. Monkeypox virus (MPV), the etiological agent of monkeypox, is a zoonotic, linear, double-stranded DNA virus. In 1970, the Democratic Republic of the Congo reported the first case of MPV infection. Human-to-human transmission can happen through sexual contact, inhaled droplets, or skin-to-skin contact. Once inoculated, the viruses multiply rapidly and spread into the bloodstream to cause viremia, which then affect multiple organs, including the skin, gastrointestinal tract, genitals, lungs, and liver. By September 9, 2022, more than 57,000 cases had been reported in 103 locations, especially in Europe and the United States. Infected patients are characterized by physical symptoms such as red rash, fatigue, backache, muscle aches, headache, and fever. A variety of medical strategies are available for orthopoxviruses, including monkeypox. Monkeypox prevention following the smallpox vaccine has shown up to 85% efficacy, and several antiviral drugs, such as Cidofovir and Brincidofovir, may slow the viral spread. In this article, we review the origin, pathophysiology, global epidemiology, clinical manifestation, and possible treatments of MPV to prevent the propagation of the virus and provide cues to generate specific drugs.",clinical manifestation; global prevalence; monkeypox virus (MPV); origin; pathophysiology; treatment
35940428,Current efforts and challenges facing responses to Monkeypox in United Kingdom.,"Ibrahim Idris, Ridwan Olamilekan Adesola",Biomedical journal. 2022. doi: 10.1016/j.bj.2022.07.007..,Idris,Biomedical journal,2023,2022/08/05,,,10.1016/j.bj.2022.07.007,"Despite the extraordinary and exceptional advances in drugs and vaccine development, sophisticated diagnostic facilities in health care settings, strategies in disease prevention and control, emerging and re-emerging infections are still the leading cause of death and suffering amongst human and animal populations with great impact on the world economy. Monkeypox is a viral disease with the potential to spread across the globe through international travel and movements of animals from endemic areas to susceptible populations. Monkeypox virus is an uncommon but endemic viral disease in Africa, but recent outbreaks occurred in Europe, the US, UK, Spain, Portugal, Sweden, and Italy. There is a need to refurbish the healthcare settings and get prepared for future outbreaks, especially in developing countries with poor healthcare delivery services. Scientists and researchers should also focus on developing vaccines, treatment, and preventive measures before the virus spread further.",Endemic and surveillance; Monkeypox virus; United Kingdom
35777659,Monkeypox virus: A novel sexually transmitted disease? A case report from France.,"Alexandre Vallée, Eric Farfour, David Zucman",Travel medicine and infectious disease. 2022. doi: 10.1016/j.tmaid.2022.102394..,Vallée,Travel medicine and infectious disease,2022,2022/06/28,,,10.1016/j.tmaid.2022.102394,,Epidemic; Human monkeypox virus; Monkeypox; Orthopoxvirus; Sexually transmitted disease; Virus
40266695,[Mpox clade Ib: an inescapable global threat].,"David Alejandro Cabrera-Gaytán, Alfonso Vallejos-Parás, Lumumba Arriaga-Nieto",Revista medica del Instituto Mexicano del Seguro Social. 2025. doi: 10.5281/zenodo.14199959..,Cabrera-Gaytán,Revista medica del Instituto Mexicano del Seguro Social,2025,2025/01/03,,,10.5281/zenodo.14199959,"In 2024 it was reported that 92% of mpox cases from Africa were from the Democratic Republic of the Congo, and 66% of people diagnosed were juveniles under 15 years of age. In this outbreak, it is the clade I, in its variant Ib, and the transmission is more of heterosexual nature. In this editorial article some questions concerning this new mpox outbreak are made.",Disease Outbreaks; Mpox
35654445,The monkeypox virus.,"Sheliza Halani, Sharmistha Mishra, Isaac I Bogoch",CMAJ : Canadian Medical Association journal = journal de l'Association medicale canadienne. 2022. doi: 10.1503/cmaj.220795..,Halani,CMAJ : Canadian Medical Association journal = journal de l'Association medicale canadienne,2022,2022/06/02,,,10.1503/cmaj.220795,,"[MeSH] Humans; [MeSH] Monkeypox virus; [MeSH] Mpox, Monkeypox"
37230346,Wastewater surveillance of Mpox virus in Baltimore.,"Samendra P Sherchan, Tamunobelema Solomon, Oladele Idris, Daniel Nwaubani, Ocean Thakali",The Science of the total environment. 2023. doi: 10.1016/j.scitotenv.2023.164414..,Sherchan,The Science of the total environment,2023,2023/05/23,,,10.1016/j.scitotenv.2023.164414,"This study aimed to utilize wastewater surveillance for monitoring Mpox cases at a community level. Untreated wastewater samples were collected once a week from two wastewater treatment plants (A and B) in Baltimore City from July 27, 2022-September 22, 2022. The samples were concentrated via an adsorption-elution (AE) method and Polyethylene Glycol (PEG) precipitation method followed by quantitative polymerase chain reaction (qPCR). Monkeypox virus (MPXV) was detected in 89 % (8/9) samples from WWTP A and 55 % (5/9) samples from WWTP B with at least one concentration method. Higher detection rate in samples concentrated with PEG precipitation compared to AE method was observed, indicating that PEG precipitation is a more effective virus concentration method for MPXV. To our knowledge, this is the first study reporting the detection of MPXV in wastewater in Baltimore. The results highlight that wastewater surveillance could be used as a complementary early warning tool for monitoring future Mpox outbreaks.",Adsorption-elution; Monkeypox; PEG precipitation; Wastewater-based epidemiology
39796253,Transcriptomic and Proteomic Analysis of Monkeypox Virus A5L-Expressing HEK293T Cells.,"Mingzhi Li, Jiaqi Xiong, Hao Zhou, Jing Liu, Chenyi Wang, Mengle Jia, Yihao Wang, Nannan Zhang, Yanying Chen, Tao Zhong, Zhicheng Zhang, Ruiying Li, Yuxin Zhang, Yunli Guo, Qi Peng, Lingbao Kong",International journal of molecular sciences. 2025. doi: 10.3390/ijms26010398..,Li,International journal of molecular sciences,2025,2025/01/05,,,10.3390/ijms26010398,"Monkeypox (MPOX) is a zoonotic viral disease caused by the Monkeypox virus (MPXV), which has become the most significant public health threat within the Orthopoxvirus genus since the eradication of the Variola virus (VARV). Despite the extensive attention MPXV has garnered, little is known about its clinical manifestations in humans. In this study, a high-throughput RNA sequencing (RNA-seq) and liquid chromatography-tandem mass spectrometry (LC-MS/MS) approach was employed to investigate the transcriptional and metabolic responses of HEK293T cells to the MPXV A5L protein. RNA-seq analysis identified a total of 1473 differentially expressed genes (DEGs), comprising 911 upregulated and 562 downregulated genes. Additionally, LC-MS/MS analysis revealed 185 cellular proteins with significantly altered abundance ratios that interact with the A5L protein. Here, we perform Gene Ontology (GO) and Kyoto Encyclopedia of Genes and Genomes (KEGG) analysis of the transcriptome and proteome signatures of MPXV A5L-expressing HEK293T cells to gain insights into the virus proteins-host interplay. Transcriptomic analysis revealed that transfection of the MPXV A5L protein modulated genes primarily associated with the cell cycle, ribosome, and DNA replication. Proteomic analysis indicated that this protein predominantly interacted with host ribosomal proteins and cytoskeletal proteins. The combination of transcriptomic and proteomic analysis offers new perspectives for understanding the interaction between pathogens and hosts. Our research emphasizes the significant role of MPXV A5L in facilitating viral internalization and assembly, as well as its impact on the host's translation system.",A5L; monkeypox virus; proteome; transcriptome
37844695,Changing face of mpox.,"Muge Cevik, Chloe Orkin",Clinical microbiology and infection : the official publication of the European Society of Clinical Microbiology and Infectious Diseases. 2023. doi: 10.1016/j.cmi.2023.10.011..,Cevik,Clinical microbiology and infection : the official publication of the European Society of Clinical Microbiology and Infectious Diseases,2023,2023/10/14,,,10.1016/j.cmi.2023.10.011,,"[MeSH] Humans; [MeSH] Mpox, Monkeypox"
38984221,Mpox-Induced Proctitis.,"Saif Ghias, Niyati Joshi, Dzenana Cabaravdic, Ramesh Nathan, Jasprit Takher",HCA healthcare journal of medicine. 2024. doi: 10.36518/2689-0216.1585..,Ghias,HCA healthcare journal of medicine,2024,2024/04/30,,,10.36518/2689-0216.1585,"INTRODUCTION: Mpox, formerly known as monkeypox, is a zoonotic virus in the genus Orthopoxvirus, which has a variable incubation period and an extensive array of symptoms. While those infected with Mpox have displayed generalized viral prodromal symptoms, atypical symptoms such as proctitis have also been seen. Proctitis associated with Mpox is a relatively infrequent initial presenting symptom with a reported incidence of 14-32.9% that has seen an uptick in prevalence since the 2022 global endemic. CASE PRESENTATION: We present a confirmed case of Mpox in a 27-year-old male who presented with 3 days of intermittent anorectal bleeding and various forms of cutaneous lesions at different stages of healing. He had engaged in unprotected sexual intercourse 8 days prior to the onset of his symptoms in New York, which at the time was the epicenter of the endemic. Computed tomography imaging showed thickening of the rectum with associated lymphadenopathy, consistent with findings of acute proctitis. CONCLUSION: The intent of this case report is to acknowledge the prevalence of the Mpox virus. Since the endemic, increased cases of Mpox have led to more complications that have been identified and studied by public health experts. The complication of proctitis due to Mpox in a certain subset of patients is important to fully understand that while this virus presents with a generalized prodrome like other viruses, these unique gastrointestinal presentations and findings may be the first step in identifying this infection and ensuring rapid treatment if future endemics arrive.",case reports; lymphadenopathy; monkeypox virus; mpox (monkeypox); mpox virus; proctitis
37303431,A Suspected Case of a Neonatal Monkeypox Infection With Ocular Involvement.,"Fabliha A Mukit, Emily M Louie, Hays T Cape, Shiva N Bohn",Cureus. 2023. doi: 10.7759/cureus.38819..,Mukit,Cureus,2023,2023/05/10,,,10.7759/cureus.38819,Mpox (initially reported as monkeypox virus Clade IIb) ravaged the non-endemic world in 2022 with dermatological and systemic manifestations. The rapid propagation of this virus shed light on the scarcity of information for a virus that was first reported in 1958. We present the first probable neonatal case of mpox with ocular involvement. Ophthalmologists may be the first to diagnose mpox or be a part of the multidisciplinary team required for adequate work-up and treatment to prevent life-long sequelae in the neonatal population.,monkeypox; neonatal infection; neonatal monkeypox; orthopoxvirus; tecovirimat
36371716,Common warts superinfected with monkeypox.,"Aisleen Diaz, Hansen Tai, Nicholas Gulati",International journal of dermatology. 2022. doi: 10.1111/ijd.16513..,Diaz,International journal of dermatology,2023,2022/11/13,,,10.1111/ijd.16513,,"[MeSH] Humans; [MeSH] Mpox, Monkeypox; [MeSH] Warts"
41428319,"A Multisectoral Study of Mpox Epidemiology, Resistance Surveillance, and Policy Gaps: Toward a One Health Framework.","Durjoy Mistry, Mehjabin Hossain, B S Diba, J D Plabon, M A Shams, M T Rahman, A S M Bakibillah",Clinical reviews in allergy & immunology. 2025. doi: 10.1007/s12016-025-09121-7..,Mistry,Clinical reviews in allergy & immunology,2025,2025/12/22,,,10.1007/s12016-025-09121-7,"Mpox, formerly known as monkeypox, has recently spread beyond its traditional epidemic areas. Several regions of Africa have been affected and have become a health concern globally. This review presents epidemiology, clinical symptoms, diagnostic developments, treatment methods, and policy gaps of Mpox. Methodologically, this review incorporates data from over 70 peer-reviewed journal articles, official epidemiological bulletins, and curated surveillance datasets from WHO, CDC, and PubMed to provide an evidence-based analysis of Mpox. As all data were derived from secondary sources, no sampling method was utilized. Firstly, we examined the primary causes of the virus's resurgence, including zoonotic spillover, human-to-human transmission, and globalization, which contribute to the spread of Mpox disease. Next, we discussed different treatment alternatives for Mpox, such as Tecovirimat and JYNNEOS vaccination, diagnostic techniques including polymerase chain reaction (PCR), serological tests, and new point-of-care diagnostics based on clustered regularly interspaced short palindromic repeats (CRISPR). Then, we highlighted the public health challenges of Mpox, including misdiagnosis, healthcare disparities, and the impact on immunosuppressed populations, particularly HIV-positive individuals. Finally, this study discussed the socioeconomic implications of Mpox outbreaks, emphasizing the need for global collaboration, enhanced surveillance, and robust vaccination programs to minimize future outbreaks.",Diagnostic methods; Epidemiology; Mpox; Orthopoxvirus; Public health; Vaccination
36084810,"A Commentary on ""Clinical characteristics of human monkeypox laboratory confirmed cases: Lessons learned from observational studies"" (Int J Surg 2022;104:106795).","Beuy Joob, Viroj Wiwanitkit","International journal of surgery (London, England). 2022. doi: 10.1016/j.ijsu.2022.106867..",Joob,"International journal of surgery (London, England)",2022,2022/09/06,,,10.1016/j.ijsu.2022.106867,,"[MeSH] Humans; [MeSH] Mpox, Monkeypox"
35773978,Multicounty outbreak of monkeypox virus-Challenges and recommendations.,"Muhammad Osama Siddiqui, Mohammad Ali Syed, Rabeet Tariq, Saira Mansoor",Journal of medical virology. 2022. doi: 10.1002/jmv.27966..,Siddiqui,Journal of medical virology,2023,2022/07/12,,,10.1002/jmv.27966,,"[MeSH] Humans; [MeSH] Monkeypox virus; [MeSH] Disease Outbreaks; [MeSH] Mpox, Monkeypox"
36737358,Diabetes mellitus: Lessons from COVID-19 for monkeypox infection.,"J A Ruiz-Pacheco, L A Castillo-Díaz, R Arreola-Torres, S Fonseca-Coronado, B Gómez-Navarro",Primary care diabetes. 2023. doi: 10.1016/j.pcd.2023.01.008..,Ruiz-Pacheco,Primary care diabetes,2023,2023/01/30,,,10.1016/j.pcd.2023.01.008,"BACKGROUND AND AIMS: Type 2 Diabetes Mellitus is known to be linked to malfunctioning antiviral defense; however, its association with the severity of monkeypox is poorly understood. In this review, we discuss key immunological mechanisms in the antiviral response affected by poor glucose control that could impact the susceptibility and severity of monkeypox infection, leading to a heightened emphasis on the use of the available antidiabetic drugs. METHODS: We searched PubMed and Google scholar for articles published from January 1985 to August 2022. No criteria for publication data were set, and all articles in English were included. RESULTS: Currently, there are no studies about the risk or consequences of monkeypox infection in the diabetic population. A high incidence of diabetes is reported in countries such as China, India, Pakistan, EUA, Indonesia, Brazil, Mexico, Bangladesh, Japan, and Egypt, where unfortunately imported cases of monkeypox have been reported and the infection continues to spread. CONCLUSIONS: High incidence of diabetes together with the cessation of smallpox vaccination has left large numbers of the human population unprotected against monkeypox. The best option for the population remains confined to the prevention of infection as well as the use of hypoglycemic agents that have also been shown to improve immune mechanisms associated with viral protection.",Antidiabetic treatment; Diabetes mellitus; Immune dysfunction; Monkeypox; Type 2 diabetes
36113759,Validation Study of a Direct Real-Time PCR Protocol for Detection of Monkeypox Virus.,"Zachary L Chelsky, David Dittmann, Timothy Blanke, Michael Chang, Erica Vormittag-Nocito, Lawrence J Jennings",The Journal of molecular diagnostics : JMD. 2022. doi: 10.1016/j.jmoldx.2022.09.001..,Chelsky,The Journal of molecular diagnostics : JMD,2022,2022/09/13,,,10.1016/j.jmoldx.2022.09.001,"Monkeypox has recently been described as a public health emergency of international concern by the World Health Organization and a public health emergency by the United States. If the outbreak continues to grow, rapid scalability of laboratory testing will be imperative. During the early days of the coronavirus disease 2019 (COVID-19) pandemic, laboratories improved the scalability of testing by using a direct-to-PCR approach. To improve the scalability of monkeypox testing, a direct real-time PCR protocol for the detection of monkeypox virus was validated. The assay retains the sensitivity and accuracy of the indirect assay while eliminating the need for nucleic acid extraction kits, reducing laboratory technologist time per sample and decreasing exposure to an infectious agent. The direct method will make it easier for laboratories across the world to rapidly develop, validate, and scale testing for monkeypox virus.","[MeSH] Humans; [MeSH] United States; [MeSH] Monkeypox virus; [MeSH] Mpox, Monkeypox; [MeSH] Real-Time Polymerase Chain Reaction; [MeSH] COVID-19; [MeSH] Pandemics"
35811013,Monkeypox virus under COVID-19: Caution for sexual transmission - Correspondence.,"Fengya Zhu, Liuying Li, Deya Che","International journal of surgery (London, England). 2022. doi: 10.1016/j.ijsu.2022.106768..",Zhu,"International journal of surgery (London, England)",2022,2022/07/07,,,10.1016/j.ijsu.2022.106768,,"[MeSH] Humans; [MeSH] COVID-19; [MeSH] Disease Outbreaks; [MeSH] Monkeypox virus; [MeSH] Mpox, Monkeypox; [MeSH] Sexually Transmitted Diseases, Viral"
38140934,Monkeypox in a Kidney Transplant Recipient: Case Report and Literature Review.,"Fakhriya Alalawi, Fatima Alhadari, Hani Tobia, Amna Alhadari",Experimental and clinical transplantation : official journal of the Middle East Society for Organ Transplantation. 2023. doi: 10.6002/ect.2023.0222..,Alalawi,Experimental and clinical transplantation : official journal of the Middle East Society for Organ Transplantation,2023,2023/11/01,,,10.6002/ect.2023.0222,"Monkeypox (mpox) infection is usually a self-limiting disease; however, kidney transplant recipients may be at a higher risk of serious complications, due to their immunosuppressed status. Nevertheless, the reported mpox cases in transplant recipients are very few, thus data on the clinical course and prognosis details of mpox in transplant recipients are scarce. Indeed, only 2 cases of mpox in kidney transplant recipients have been reported: one patient achieved good clinical recovery, and the other patient experienced a disseminated form of the disease with urinary and gastrointestinal complications. Yet, both patients recovered fully with no allograft involvement. Here, we report a case and images of a 46-year-old male patient, with a history of posttraumatic splenectomy in 1999 and a living related kidney transplant in 2010, who presented to us with fever, sore throat, and skin rash. After thorough examination, a throat swab sent for mpox DNA polymerase chain reaction was positive; similarly, a cutaneous swab taken from a skin lesion was positive for mpox by DNA polymerase chain reaction, although he had no history of recent travel or contact with mpox cases. Our patient received supportive care and made a good clinical recovery with no disease sequelae. In this report, we describe the patient's clinical course and outcome, as well as photographic illustrations of skin lesion progression. With the present outbreak of mpox cases, clinicians should consider mpox in differential diagnoses of skin rash in immunosuppressed patients. Early identification of the infection, through viral detection by DNA polymerase chain reaction from samples taken from the skin rash, is necessary to facilitate a prompt diagnosis.","[MeSH] Male; [MeSH] Humans; [MeSH] Middle Aged; [MeSH] Kidney Transplantation; [MeSH] Mpox, Monkeypox; [MeSH] Transplant Recipients; [MeSH] Disease Progression; [MeSH] Exanthema; [MeSH] DNA"
38984516,Letter Regarding: A Severe and Prolonged Case of Ocular Monkeypox Without Systemic Manifestations.,"Hinpetch Daungsupawong, Viroj Wiwanitkit",Cornea. 2024. doi: 10.1097/ICO.0000000000003632..,Daungsupawong,Cornea,2024,2024/07/09,,,10.1097/ICO.0000000000003632,,"[MeSH] Humans; [MeSH] Mpox, Monkeypox"
37515526,CRISPR-Cas12a assisted specific detection of mpox virus.,"Mandeep Singh, Chitra Seetharam Misra, Gargi Bindal, Shyam Sunder Rangu, Devashish Rath",Journal of medical virology. 2023. doi: 10.1002/jmv.28974..,Singh,Journal of medical virology,2023,2023/08/01,,,10.1002/jmv.28974,"Mpox virus, a member of genus Orthopoxvirus, causes rash and flu-like symptoms in humans. In the recent global outbreak, it was reported from several geographical areas that have not historically reported mpox. Point of care, sensitive and specific mpox diagnostic assays are critical in checking the spread of the disease. We have developed a clustered regularly interspaced short palindromic repeats associated Cas12a nuclease-based assay for detecting mpox virus. Mpox specific conserved sequences were identified in polA (E9L) gene which differ by a single nucleotide polymorphism (SNP) from all the viruses present in the genus Orthopoxvirus. This SNP was exploited in our assay to specifically distinguish mpox virus from other related orthopox viruses with a limit of detection of 1 copy/μl in 30 min. The assay exhibits a sensitive and specific detection of mpox virus which can prove to be of practical value for its surveillance in areas infected with multiple orthopox viruses, especially in hotspots of mpox virus infections.",CRISPR; engineering and technology; epidemiology; infection; pandemics; poxvirus; virus classification
36459045,How to recognize and respond to monkeypox 2022 outbreak in non-endemic countries: a narrative review.,"Z-Y Qiu, Y-H Tao, S-L Zheng, X-D Sun, Y-H Chi, X Sun, J-R Wang",European review for medical and pharmacological sciences. 2022. doi: 10.26355/eurrev_202211_30399..,Qiu,European review for medical and pharmacological sciences,2022,2022/11/01,,,10.26355/eurrev_202211_30399,"In May 2022, cases of monkeypox were reported in non-monkeypox endemic countries such as Europe and the United States. As of 26 May, a cumulative total of 257 laboratory-confirmed cases and approximately 120 suspected cases had been reported to WHO from non-monkeypox endemic countries. This event immediately caused great concern and alarm to the WHO and national virologists. This paper aims to summarize the epidemiological and clinical features of previous monkeypox virus infections and the current local outbreaks in non-monkeypox endemic countries and propose countermeasures to control the current localized infections in non-monkeypox endemic areas as soon as possible. We reviewed the literature and websites related to monkeypox. We searched Google Scholar, PubMed, Web of Science, Embase, and African Journals Online using the medical subject terms ""monkeypox"", ""monkeypox virus"", ""monkeypox outbreak"", ""non-monkeypox endemic areas"", ""clinical features"", ""epidemiology"", ""transmission"", and ""infection"". We found that monkeypox is a zoonotic disease of forest animals that has occurred mainly in West and Central Africa since the first case was reported in the Congo in 1970, with occasional cases spreading to countries such as the United States and Europe. It is common among students, housekeepers, hunters, farmers and housewives. It is more common in males than females, occurs below middle age, and is more common in children under 10. The incubation period is 5 to 21 days, and the rash usually appears within 1 to 3 days after the onset of fever. Clinical manifestations include fever, rash, swollen lymph nodes, headache, muscle pain and unusual weakness. Most patients have mild symptoms that last from 2 to 4 weeks. The source of the sudden outbreak in Europe and the United States is currently unknown and occurs mostly in homosexuals who have sex with men (MSM). Outbreaks of monkeypox virus infection in non-monkeypox endemic areas have received widespread attention and focus. We believe that a scientific response to the transmission route of monkeypox virus and, where necessary, vaccination of high-risk groups against the monkeypox smallpox will control infection in non-monkeypox endemic areas.","[MeSH] Animals; [MeSH] Female; [MeSH] Humans; [MeSH] Male; [MeSH] Disease Outbreaks; [MeSH] Europe; [MeSH] Exanthema; [MeSH] Fever; [MeSH] Sexual and Gender Minorities; [MeSH] Mpox, Monkeypox"
37191553,Clinical Performance Evaluation of a Rapid Real-Time PCR Assay for Monkeypox Diagnosis: a Retrospective and Comparative Study.,"María Paz Peris, Laura Clusa, Henar Alonso, Cristina Escolar, Blanca Fortuño, Antonio Rezusta, Ana Milagro",Microbiology spectrum. 2023. doi: 10.1128/spectrum.00510-23..,Peris,Microbiology spectrum,2023,2023/05/16,,,10.1128/spectrum.00510-23,"In an increasingly globalized and interconnected world, the outbreak of an infectious disease in one country can become a worrying health emergency for the whole world. A current example is the 2022 monkeypox virus (mpox) outbreak affecting multiple areas across the world. In this context, strategies to interrupt transmission as soon as possible by identifying cases, clusters, and sources of infection should be developed around the world to prevent these crises. The aim of this retrospective and collaborative study was to perform external clinical validation of the VIASURE monkeypox virus real-time PCR detection kit (CerTest Biotec, Spain) with ready-to-use reagents designed for the rapid detection of mpox. A total of 165 samples with suspected infection were used for this analysis. The standard procedures of the clinical microbiology laboratory of the Miguel Servet University Hospital, using the RealStar Orthopoxvirus PCR kit v1.0 (Altona Diagnostics) and bidirectional Sanger sequencing (STAB VIDA, Caparica, Portugal), were considered reference techniques. Furthermore, a subset of 67 mpox-negative samples and 13 mpox-positive samples were routinely tested for clinical diagnosis of other rash/ulcerative pathologies. Accuracy testing resulted in appropriate clinical validation values, as follows: sensitivity, 1 (95% confidence interval [CI], 0.97 to 1); specificity, 1 (95% CI, 0.98 to 1); positive predictive value, 1 (95% CI, 0.93 to 1); negative predictive value, 1 (95% CI, 0.95 to 1). The strength of agreement between assays was almost perfect. The added value is the useful support for the specific diagnosis of mpox infections due to the diagnostic specificity data obtained. IMPORTANCE Given that a large number of mpox outbreaks have been reported worldwide since 2022 in countries in which the disease is not endemic, the main concern for clinicians and global health systems should be to develop effective, available, and easy-to-implement diagnostic strategies to interrupt mpox transmission as soon as possible. This retrospective study demonstrates the satisfactory clinical parameters of a commercially available molecular diagnostic kit for routine testing for mpox in clinical diagnostic laboratories.",clinical validation; molecular diagnostics; monkeypox virus; real-time PCR
36179863,Approach to monkeypox in pregnancy: conjecture is best guided by evidence.,"David Baud, Karin Nielsen-Saines, Pradip Dashraath",American journal of obstetrics and gynecology. 2022. doi: 10.1016/j.ajog.2022.09.029..,Baud,American journal of obstetrics and gynecology,2023,2022/09/28,,,10.1016/j.ajog.2022.09.029,,"[MeSH] Female; [MeSH] Humans; [MeSH] Pregnancy; [MeSH] Mpox, Monkeypox; [MeSH] Pregnancy Complications, Infectious"
36842538,Longitudinal mpox virus surface sampling in an outpatient setting.,"B Atkinson, A Spencer, O Onianwa, J Furneaux, J Grieves, I Nicholls, S Gould, T Fletcher, J Dunning, A M Bennett, S Patel, D Asboe, G Whitlock",The Journal of hospital infection. 2023. doi: 10.1016/j.jhin.2023.02.007..,Atkinson,The Journal of hospital infection,2023,2023/02/24,,,10.1016/j.jhin.2023.02.007,,"[MeSH] Humans; [MeSH] Monkeypox virus; [MeSH] Outpatients; [MeSH] Mpox, Monkeypox"
35389974,"Monkeypox in a Traveler Returning from Nigeria - Dallas, Texas, July 2021.","Agam K Rao, Joann Schulte, Tai-Ho Chen, Christine M Hughes, Whitni Davidson, Justin M Neff, Mary Markarian, Kristin C Delea, Suzanne Wada, Allison Liddell, Shane Alexander, Brittany Sunshine, Philip Huang, Heidi Threadgill Honza, Araceli Rey, Benjamin Monroe, Jeffrey Doty, Bryan Christensen, Lisa Delaney, Joel Massey, Michelle Waltenburg, Caroline A Schrodt, David Kuhar, Panayampalli S Satheshkumar, Ashley Kondas, Yu Li, Kimberly Wilkins, Kylie M Sage, Yon Yu, Patricia Yu, Amanda Feldpausch, Jennifer McQuiston, Inger K Damon, Andrea M McCollum",MMWR. Morbidity and mortality weekly report. 2022. doi: 10.15585/mmwr.mm7114a1..,Rao,MMWR. Morbidity and mortality weekly report,2022,2022/04/08,,,10.15585/mmwr.mm7114a1,"Monkeypox is a rare, sometimes life-threatening zoonotic infection that occurs in west and central Africa. It is caused by Monkeypox virus, an orthopoxvirus similar to Variola virus (the causative agent of smallpox) and Vaccinia virus (the live virus component of orthopoxvirus vaccines) and can spread to humans. After 39 years without detection of human disease in Nigeria, an outbreak involving 118 confirmed cases was identified during 2017-2018 (1); sporadic cases continue to occur. During September 2018-May 2021, six unrelated persons traveling from Nigeria received diagnoses of monkeypox in non-African countries: four in the United Kingdom and one each in Israel and Singapore. In July 2021, a man who traveled from Lagos, Nigeria, to Dallas, Texas, became the seventh traveler to a non-African country with diagnosed monkeypox. Among 194 monitored contacts, 144 (74%) were flight contacts. The patient received tecovirimat, an antiviral for treatment of orthopoxvirus infections, and his home required large-scale decontamination. Whole genome sequencing showed that the virus was consistent with a strain of Monkeypox virus known to circulate in Nigeria, but the specific source of the patient's infection was not identified. No epidemiologically linked cases were reported in Nigeria; no contact received postexposure prophylaxis (PEP) with the orthopoxvirus vaccine ACAM2000.","[MeSH] Humans; [MeSH] Male; [MeSH] Mpox, Monkeypox; [MeSH] Monkeypox virus; [MeSH] Nigeria; [MeSH] Texas"
36871266,Mpox infection in neonates: what we know so far?,"Jogender Kumar, Jitendra Meena",Paediatrics and international child health. 2023. doi: 10.1080/20469047.2023.2186077..,Kumar,Paediatrics and international child health,2022,2023/03/05,,,10.1080/20469047.2023.2186077,,"[MeSH] Infant, Newborn; [MeSH] Humans; [MeSH] Mpox, Monkeypox"
39212058,"Rapid regional mobile laboratory response and genomic monkeypox virus (MPXV) surveillance in seven East African Community partner states, August 2024: preparedness activities for the ongoing outbreak.","Florian Gehre, Eric Nzeyimana, Hakim Idris Lagu, Emmanuel Achol, Julien A Nguinkal, Eric Kezakarayagwa, Théogene Ihorimbere, Néhémie Nzoyikorera, Francine Kabatesi, Marie-Noelle Uwineza, Abdi Roba, Millicent Nyakio Ndia, John Ndemi Kiiru, Gwokpan Awin Nykwec, Isaac Gatkuoth Chot Moun, Mamdouh A Aguer, James A Maror, Gregory Wani Dumo, Michael Losuba, Lul Lojok Deng, Neema Omari, Grace Ochido, Aryse Martins Melo, Peter Bernard Mtesigwa Mkama, Edna Mgimba, Monica Fredrick Francis, Lawrence A Mapunda, Alex Magesa, Nyambura Moremi, Godfrey Pimundu, Tonny Muyigi, Susan Ndidde Nabadda, Emmanuel Kabalisa, Isabelle Mukagatare, Daniel Mukadi-Bamuleka, Erick Ntambwe Kamangu, Jürgen May, Muna Affara",Euro surveillance : bulletin Europeen sur les maladies transmissibles = European communicable disease bulletin. 2024. doi: 10.2807/1560-7917.ES.2024.29.35.2400541..,Gehre,Euro surveillance : bulletin Europeen sur les maladies transmissibles = European communicable disease bulletin,2024,2024/08/01,,,10.2807/1560-7917.ES.2024.29.35.2400541,"The East African Community (EAC) is experiencing an unprecedented, emerging mpox outbreak since July 2024 in five of eight partner states. We highlight rapid regional response measures, initiated August 2024 coordinated by EAC: field deployment of six mobile laboratories in Burundi, Rwanda, Uganda, Tanzania, Kenya, South Sudan to high-risk areas, donation of one mobile laboratory to Democratic Republic of the Congo and genomic monkeypox virus (MPXV) surveillance support. These interventions aim to limit local mpox spread and support international containment.",EAC Mobile Laboratory; East African Community; Mpox clade Ib; Outbreak response; genomic surveillance
36521366,How can imported monkeypox break the borders? A rapid systematic review.,"Ramy Mohamed Ghazy, Elsayed Mohamed Hammad, Mohamed Ashraf Hall, Amira Mahboob, Sally Zeina, Eman H Elbanna, Noha Fadl, Shaimaa Abdelaziz Abdelmoneim, Rony ElMakhzangy, Hammad Mohamed Hammad, Afrah Humidan Suliman, Hayat Hasab Alkreem Atia, Naman Rao, Hazem Abosheaishaa, Ehab Elrewany, Mahmoud A Hassaan, Esraa Abdellatif Hammouda, Mai Hussein","Comparative immunology, microbiology and infectious diseases. 2022. doi: 10.1016/j.cimid.2022.101923..",Ghazy,"Comparative immunology, microbiology and infectious diseases",2023,2022/11/28,,,10.1016/j.cimid.2022.101923,"BACKGROUND: Monkeypox was designated as an emerging illness in 2018 by the World Health Organization Research and Development Blueprint, necessitating expedited research, development, and public health action. In this review, we aim to shed the light on the imported cases of monkeypox in attempt to prevent the further spread of the disease. Methodology An electronic search in the relevant database (Web of Science, PubMed Medline, PubMed Central, Google scholar, and Embase) was conducted to identify eligible articles. In addition to searching the grey literature, manual searching was carried out using the reference chain approach. RESULTS: A total of 1886 articles were retrieved using the search strategy with 21 studies included in the systematic review. A total of 113 cases of imported monkeypox were confirmed worldwide. Nineteen patients mentioned a travel history from Nigeria, thirty-eight infected cases had travel destinations from Europe, fifty-four cases traveled from European countries such as; Spain, France, and the Netherlands, one case from Portugal, and another one from the United Kingdom (UK). All reported clades of the virus were West African clade. Nine studies showed the source of infection was sexual contact, especially with male partners. Six studies mentioned the cause of infection was contact with an individual with monkeypox symptoms. Two studies considered cases due to acquired nosocomial infection. Ingestion of barbecued bushmeat was the source of infection in three studies and rodent carcasses were the source of infection in the other two studies. CONCLUSION: The development of functioning surveillance systems and point-of-entry screening is essential for worldwide health security. This necessitates ongoing training of front-line health professionals to ensure that imported monkeypox is properly diagnosed and managed. In addition, implementing effective health communication about monkeypox prevention and control is mandatory to help individuals to make informed decisions to protect their own and their communities' health.",Disease surveillance; Emerging infection; Imported infection; Infectious disease; Monkeypox; Nigeria
38959924,An atypical presentation of human monkeypox infection with clinicopathologic correlation.,"Jessica Colon, Stephanie A McNamara, Hailey Grubbs, Anmol Gupta, Mason Henehan, Brett Brazen, Ali Rajabi-Estarabadi, Carlos H Nousari",Dermatology online journal. 2024. doi: 10.5070/D330263584..,Colon,Dermatology online journal,2024,2024/04/15,,,10.5070/D330263584,"There is growing evidence to support new modes of transmission for human monkeypox infection. As these methods are being explored, this report delineates the day-to-day clinical sequelae following the initial exposure in an HIV-positive man who had sexual intercourse with another man days preceding his infection. We describe atypical cutaneous manifestations involving widespread erythematous pustules with preceding anogenital ulcerations and concomitant bilateral inguinal lymphadenopathy. Clinicopathologic correlation is used to assist in the workup and establishing the diagnosis. Our case supports others reported in the literature that suggest sexual contact as a means of transmission. More research is needed that investigates the presence of infection in both men and women, including those who could act as carriers, to elucidate other pathways in this evolving yet evasive viral disease.","[MeSH] Humans; [MeSH] Male; [MeSH] Mpox, Monkeypox; [MeSH] Adult; [MeSH] Lymphadenopathy; [MeSH] HIV Infections"
17426185,Efficacy of the antipoxvirus compound ST-246 for treatment of severe orthopoxvirus infection.,"Elena Sbrana, Robert Jordan, Dennis E Hruby, Rosa I Mateo, Shu-Yuan Xiao, Marina Siirin, Patrick C Newman, Amelia P A Travassos DA Rosa, Robert B Tesh",The American journal of tropical medicine and hygiene. 2007.,Sbrana,The American journal of tropical medicine and hygiene,2007,2007/04/01,,,,"Efficacy of the new antipoxvirus compound ST-246 was evaluated as treatment of monkeypox (MPX) virus infection in a ground squirrel model of the disease. Ground squirrels were given a lethal dose of MPX virus and were then treated orally at various times post-inoculation (pi) with 100 mg/kg/day of ST-246. Morbidity and mortality, clinical laboratory results, viral load, and pathology of placebo and treatment groups were compared. All animals that started treatment with ST-246 on days 0, 1, 2, and 3 pi survived lethal challenge with MPX virus; 67% of animals treated on day 4 pi also survived. In contrast, 100% of the placebo group died. Most of the ST-246-treated animals showed no evidence of clinical disease or alteration of baseline clinical laboratory values and had minimal histopathologic changes. These results suggest that ST-246 is a promising candidate for early treatment of severe orthopoxvirus infection.","[MeSH] Animal Diseases; [MeSH] Animals; [MeSH] Antiviral Agents; [MeSH] Benzamides; [MeSH] Drug Administration Schedule; [MeSH] Indoles; [MeSH] Isoindoles; [MeSH] Liver; [MeSH] Lung; [MeSH] Models, Animal; [MeSH] Mpox, Monkeypox; [MeSH] Sciuridae; [MeSH] Spleen; [MeSH] Time Factors; [MeSH] Phthalimides"
34387184,"Family cluster of three cases of monkeypox imported from Nigeria to the United Kingdom, May 2021.","Gemma Hobson, James Adamson, Hugh Adler, Richard Firth, Susan Gould, Catherine Houlihan, Christopher Johnson, David Porter, Tommy Rampling, Libuse Ratcliffe, Katherine Russell, Ananda Giri Shankar, Tom Wingfield",Euro surveillance : bulletin Europeen sur les maladies transmissibles = European communicable disease bulletin. 2021. doi: 10.2807/1560-7917.ES.2021.26.32.2100745..,Hobson,Euro surveillance : bulletin Europeen sur les maladies transmissibles = European communicable disease bulletin,2021,2021/08/01,,,10.2807/1560-7917.ES.2021.26.32.2100745,"Most reported cases of human monkeypox occur in Central and West Africa, where the causing virus is endemic. We describe the identification and public health response to an imported case of West African monkeypox from Nigeria to the United Kingdom (UK) in May 2021. Secondary transmission from the index case occurred within the family to another adult and a toddler. Concurrent COVID-19-related control measures upon arrival and at the hospital, facilitated detection and limited the number of potential contacts.",England; Monkeypox; Nigeria; Orthopox; Wales; health protection
36786070,Monkey pox: Images of a clinical course.,"Anja Potthoff, Norbert H Brockmeyer, Adriane Skaletz-Rorowski",Journal der Deutschen Dermatologischen Gesellschaft = Journal of the German Society of Dermatology : JDDG. 2023. doi: 10.1111/ddg.14981..,Potthoff,Journal der Deutschen Dermatologischen Gesellschaft = Journal of the German Society of Dermatology : JDDG,2023,2023/02/14,,,10.1111/ddg.14981,,"[MeSH] Humans; [MeSH] Mpox, Monkeypox; [MeSH] Disease Progression"
39450396,Comparison of Waning Antibody Responses After Natural Monkeypox Virus Infection and Mpox Vaccination Beyond 6 Months in South Korea.,"So Yun Lim, Hyang Su Kim, Hong Soon Yim, Hyesu Kim, In Ae Han, Doran Yoon, Min-Kyung Kim, Yeonjae Kim, Jihye Um, Gayeon Kim, BumSik Chin, Jun-Sun Park, Jihwan Bang",Open forum infectious diseases. 2024. doi: 10.1093/ofid/ofae566..,Lim,Open forum infectious diseases,2024,2024/10/05,,,10.1093/ofid/ofae566,"Natural Monkeypox virus infection induced significantly higher neutralizing antibody titers than Jynneos vaccination, with similar antibody decay rates beyond 6 months. Jynneos recipients with prior smallpox vaccination showed antibody levels comparable to mpox convalescents.",Jynneos; Modified Vaccinia Ankara; monkeypox virus; mpox
22013221,Evaluation of monkeypox disease progression by molecular imaging.,"Julie Dyall, Reed F Johnson, Dar-Yeong Chen, Louis Huzella, Dan R Ragland, Daniel J Mollura, Russell Byrum, Richard C Reba, Gerald Jennings, Peter B Jahrling, Joseph E Blaney, Jason Paragas",The Journal of infectious diseases. 2011. doi: 10.1093/infdis/jir663..,Dyall,The Journal of infectious diseases,2011,2011/10/19,,,10.1093/infdis/jir663,"Infection of nonhuman primates (NHPs) with monkeypox virus (MPXV) is currently being developed as an animal model of variola infection in humans. We used positron emission tomography and computed tomography (PET/CT) to identify inflammatory patterns as predictors for the outcome of MPXV disease in NHPs. Two NHPs were sublethally inoculated by the intravenous (IV) or intrabronchial (IB) routes and imaged sequentially using fluorine-18 fluorodeoxyglucose ((18)FDG) uptake as a nonspecific marker of inflammation/immune activation. Inflammation was observed in the lungs of IB-infected NHPs, and bilobular involvement was associated with morbidity. Lymphadenopathy and immune activation in the axillary lymph nodes were evident in IV- and IB-infected NHPs. Interestingly, the surviving NHPs had significant (18)FDG uptake in the axillary lymph nodes at the time of MPXV challenge with no clinical signs of illness, suggesting an association between preexisting immune activation and survival. Molecular imaging identified patterns of inflammation/immune activation that may allow risk assessment of monkeypox disease.","[MeSH] Animals; [MeSH] Axilla; [MeSH] Bronchi; [MeSH] Disease Models, Animal; [MeSH] Disease Progression; [MeSH] Female; [MeSH] Fluorodeoxyglucose F18; [MeSH] Injections, Intravenous; [MeSH] Lung; [MeSH] Lymph Nodes; [MeSH] Macaca fascicularis; [MeSH] Male; [MeSH] Mpox, Monkeypox; [MeSH] Monkeypox virus; [MeSH] Multimodal Imaging; [MeSH] Necrosis; [MeSH] Pneumonia; [MeSH] Positron-Emission Tomography; [MeSH] Tomography, X-Ray Computed"
37533364,Nucleic acid testing for monkeypox in United States blood donor specimens.,"Jamel A Groves, Laura Tonnetti, Deanna Self, Manisha C Yadav, Kristin Livezey, Jeffery M Linnen, Susan L Stramer",Transfusion. 2023. doi: 10.1111/trf.17500..,Groves,Transfusion,2023,2023/08/03,,,10.1111/trf.17500,"BACKGROUND: The 2022 multi-country outbreak of monkeypox (mpox) resulted in blood collection and public health agencies closely monitoring for changes in transmission dynamics that could pose a threat to the blood supply. While mpox virus (MPXV) is not known to be transfusion transmissible, there have been several studies demonstrating the detection of MPXV in blood. We evaluated the performance characteristics of a research use only (RUO) nucleic acid amplification test for MPXV. The assay was developed to detect MPXV DNA in plasma and serum specimens from human blood donors. METHODS AND MATERIALS: The sensitivity of the RUO MPXV Assay was determined using a synthetic DNA sequence, purified full-length genomic DNA, and a chemically inactivated virus. Specificity was determined using fresh plasma samples collected from blood donors during the outbreak. Plasma samples collected from donors considered at increased risk for exposure to mpox were also tested. RESULTS: For sensitivity, the 95% limit of detection (LOD) ranged from 0.26 copies/mL (inactivated virus) to 31.65 copies/mL (synthetic DNA) to 166.61 copies/mL (for full-length DNA). All donor samples tested with the RUO MPXV Assay were nonreactive, resulting in a specificity of 100% (95% CI, 99.93%-100.00%). DISCUSSION: The RUO MPXV Assay was developed as a potential blood donation screening assay in response to the outbreak. While not directly comparable, the 95% LOD fiducial limits obtained from partial- and full-length DNA analysis were similar to other manufacturers' MPXV assays. Additionally, this assay demonstrated high specificity for screening blood donors.",TMA; monkeypox; outbreak; sensitivity; transcription-mediated amplification; transfusion-transmitted
36368418,Monkeypox virus outbreaks in the African continent: A new zoonotic alert - Correspondence.,"Muthupandian Saravanan, Melaku Ashagrie Belete, Yasasve Madhavan","International journal of surgery (London, England). 2022. doi: 10.1016/j.ijsu.2022.106998..",Saravanan,"International journal of surgery (London, England)",2022,2022/11/09,,,10.1016/j.ijsu.2022.106998,,"[MeSH] Humans; [MeSH] Monkeypox virus; [MeSH] Disease Outbreaks; [MeSH] Records; [MeSH] Mpox, Monkeypox"
37994953,Mpox and HIV-Collision of Two Diseases.,"Jason Zucker, Aniruddha Hazra, Boghuma K Titanji",Current HIV/AIDS reports. 2023. doi: 10.1007/s11904-023-00682-w..,Zucker,Current HIV/AIDS reports,2023,2023/11/23,,,10.1007/s11904-023-00682-w,"PURPOSE OF REVIEW: The global outbreak of mpox has brought renewed attention to a previously neglected disease which is particularly severe in people with underlying untreated HIV co-infection. For this population, the disease is progressive, severe, and often lethal. In this review, we examine the pathogenesis of mpox disease and its collision with co-existent HIV infection and discuss key considerations for management as well as emerging clinical dilemmas and areas for future research. RECENT FINDINGS: Co-existent untreated HIV infection characterized by severe immunocompromise potentiates the nefarious effects of monkeypox virus infection leading to severe manifestations of mpox. Treating mpox in the context of HIV requires mpox-directed therapies, supportive care, and HIV-specific treatment to restore immune function. Preventative measures for PWH are like those in healthy individuals, but the effectiveness and durability of protection conferred by existing vaccines in PWH remain to be fully characterized. Mpox is an important opportunistic infection in PWH. Clinicians should be aware of the unique features of the disease in this population and approaches to care and management of mpox in PWH.",HIV; Mpox; Pathogenesis
36495815,The current monkeypox outbreak: Knowledge gaps and research priorities.,"Ahmed Asaad, Rehab El-Sokkary",Journal of infection and public health. 2022. doi: 10.1016/j.jiph.2022.12.002..,Asaad,Journal of infection and public health,2023,2022/12/06,,,10.1016/j.jiph.2022.12.002,,Equity; Infection control; Research question; Study design
37802168,The Potential Relationship Between Cardiovascular Diseases and Monkeypox.,"Guang-Gui Zeng, Wan-Li Jiang, Jiang Yu, Gui-Ying Nie, Yu-Ru Lu, Chang-Kai Xiao, Chuan Wang, Kang Zheng",Current problems in cardiology. 2023. doi: 10.1016/j.cpcardiol.2023.102116..,Zeng,Current problems in cardiology,2024,2023/10/05,,,10.1016/j.cpcardiol.2023.102116,"Mpox, a novel epidemic disease, has broken out the period of coronavirus disease 2019 since May 2022, which was caused by the mpox virus. Up to 12 September 2023, there are more than 90,439 confirmed mpox cases in over 115 countries all over the world. Moreover, the outbreak of mpox in 2022 was verified to be Clade II rather than Clade I. Highlighting the significance of this finding, a growing body of literature suggests that mpox may lead to a series of cardiovascular complications, including myocarditis and pericarditis. It is indeed crucial to acquire more knowledge about mpox from a perspective from the clinical cardiologist. In this review, we would discuss the epidemiological characteristics and primary treatments of mpox to attempt to provide a framework for cardiovascular physicians.","[MeSH] Humans; [MeSH] Cardiovascular Diseases; [MeSH] Mpox, Monkeypox; [MeSH] COVID-19; [MeSH] Myocarditis; [MeSH] Pericarditis"
40884410,Global and regional mortality rate statistics of mpox (formerly monkeypox): a comprehensive systematic review and meta-analysis.,"Srivatsa Surya Vasudevan, Tiba Yamin Kandrikar, Prachi Cooner, Bijay Mukesh Jeswani, Suhel F Batarseh, Abdalla Sayed, Ashmita Yadav, Aakanksha Pitliya, Vijay Kumar, Riddhi Panchal, Abhishek Vasudevan, Chun Li, Hansala Nursah Yilmaz Tuna, Kartik Dapke, Piyush Gondaliya",Pathogens and global health. 2025. doi: 10.1080/20477724.2025.2551507..,Vasudevan,Pathogens and global health,2025,2025/08/30,,,10.1080/20477724.2025.2551507,"The mortality trends associated with the mpox virus (MPXV) are not well defined. This study aims to systematically assess the mortality rate of mpox and its stratification across different geographical locations. Comprehensive review of articles from the PubMed, Embase, Scopus, and Web of Science databases up to June 2025, focusing on studies reporting mortality rates among patients diagnosed with mpox. A random-effects proportional meta-analysis assessed global and regional mpox mortality rates and their geographical variations. Sensitivity analysis using one-study removal method and meta-regression analyses were conducted. Out of 4,098 records, 30 articles met the selection criteria, comprising a total of 47,311 patients diagnosed with mpox. The pooled global mpox mortality rate was 3.1% (95% CI: 1.6%-5.9%). Mortality was significantly higher before 2016 at 11.4% (95% CI: 5.8%-21.1%), compared to 2.4% (95% CI: 1.2%-4.7%) during 2016-2025, and declined further in the post-COVID era to 1.5% (95% CI: 0.7%-3.4%). Mortality was markedly elevated among individuals with HIV co-infection (83.8%; 95% CI: 74.0%-90.5%). Regionally, mortality was highest in Africa (6.3%) and lowest in Europe (0.1%). Among studies conducted in endemic regions, a notable temporal decline was also observed, with mortality decreasing from 11.4% before 2016 to 4.1% during 2016-2025. Meta-regression identified year of publication as a significant predictor of mortality (p = 0.028), indicating improved outcomes over time. Global mpox mortality has declined over time, particularly in endemic regions and the post-COVID era. However, individuals with HIV remain at exceptionally high risk, underscoring the need for targeted interventions.",Mortality rate; case fatality rate; global death rate; monkeypox virus; pandemic
41589837,Protective efficacy of a genetically modified attenuated vaccinia virus Tiantan strain against monkeypox virus challenge in a small animal model.,"Wenhao Su, Tingting Zhao, Xiuxiu Ren, Shishi Li, Qiufang Huang, Jingjing Liu, Xiaohuan Zhang, Zihao Ge, Jiangbo Wei",Journal of virology. 2026. doi: 10.1128/jvi.01843-25..,Su,Journal of virology,2026,2026/01/27,,,10.1128/jvi.01843-25,"Vaccinia virus (VACV) confers cross-protective immunity against monkeypox virus (MPXV), the causative agent of mpox, and has therefore been extensively exploited as a preventive vaccine. VACV Tiantan strain (VTT) is a second-generation smallpox vaccine used in China in the last century, and there are consistent efforts to minimize its virulence and ensure its best safety for potential clinical applications. In this study, an attenuated VACV rVTT△C12K2△A45 was constructed by deletion of gene segments related to virulence genes, host range genes, immune regulatory genes, and other functional genes from the VTT genome by genetic engineering. Attenuation characteristics of rVTT△C12K2△A45 were confirmed by smaller plaque size, lower replication capacity in various mammalian cell lines along with tests for neurotoxicity in mice, and lesion formation on rabbit skin. Immunization in BALB/c mice with rVTT△C12K2△A45 induced both anti-MPXV and anti-VACV neutralizing antibodies. Animals vaccinated with rVTT△C12K2△A45 showed lower MPXV viral loads in the lungs and genital organs compared to the non-immunized mice.IMPORTANCEThe World Health Organization declared monkeypox a ""Public Health Emergency of International Concern"" twice, in 2022 and 2024, respectively. Smallpox vaccines have shown efficacy in protecting against monkeypox because of the cross-protective immunity among orthopoxviruses. The vaccinia virus Tiantan strain (VTT) played a critical role in China's smallpox eradication campaign. Here, we construct an attenuated vaccinia virus by deletion of different ranges of genes in the VTT genome. This attenuated vaccinia virus replicates like its parental VTT strain in production CEF cells but is severely impaired in human-derived cells like 2BS, MRC-5, and WI-38 cells. Meanwhile, this virus shows significantly reduced virulence in small animals. Animals vaccinated with this attenuated vaccinia virus showed lower monkeypox virus (MPXV) viral loads in the lungs and genital organs compared to the non-immunized mice after MPXV challenge. Our data suggest the potential of this genetically engineered VTT strain as a MPXV vaccine candidate.",attenuated vaccinia virus; monkeypox vaccine; monkeypox virus; vaccinia virus Tiantan strain; virulence
35998628,Monkeypox emergency: Urgent questions and perspectives.,"Stefan Rothenburg, Zhilong Yang, Pip Beard, Sara L Sawyer, Boghuma Titanji, Gregg Gonsalves, Jason Kindrachuk",Cell. 2022. doi: 10.1016/j.cell.2022.08.002..,Rothenburg,Cell,2022,2022/08/10,,,10.1016/j.cell.2022.08.002,"Amidst the COVID-19 pandemic, we now face another public health emergency in the form of monkeypox virus. As of August 1, the Centers for Disease Control and Prevention report over 23,000 cases in 80 countries. An inclusive and global collaborative effort to understand the biology, evolution, and spread of the virus as well as commitment to vaccine equity will be critical toward containing this outbreak. We share the voices of leading experts in this space on what they see as the most pressing questions and directions for the community.","[MeSH] COVID-19; [MeSH] Disease Outbreaks; [MeSH] Humans; [MeSH] Mpox, Monkeypox; [MeSH] Monkeypox virus; [MeSH] Pandemics"
38179904,Review of virological methods for laboratory diagnosis and characterization of monkeypox virus (MPXV): lessons learned from the 2022 Mpox outbreak.,"Katarina Resman Rus, Samo Zakotnik, Martin Sagadin, Marko Kolenc, Lucijan Skubic, Nataša Knap, Misa Korva, Mario Poljak, Tatjana Avšič-Županc","Acta dermatovenerologica Alpina, Pannonica, et Adriatica. 2024.",Resman,"Acta dermatovenerologica Alpina, Pannonica, et Adriatica",2024,2024/03/01,,,,"Monkeypox virus (MPXV), originally endemic in West Africa (Clade II) and Central Africa (Clade I), has recently emerged worldwide and has reinforced the need for rapid and accurate MPXV diagnostics. This review presents and critically discusses the range of virological methods for laboratory diagnosis and characterization of MPXV as well as related lessons learned and practical experience gained from the 2022 Mpox global outbreak. Real-time PCR is currently considered the diagnostic gold standard and ensures accurate and timely confirmation of suspected Mpox cases based on suspicious skin lesions, and digital PCR improves the precision of MPXV DNA quantification. Whole genome sequencing reveals the diversity within the Clade IIb outbreak and highlights the role of microevolution in the adaptation of the virus to the human host. Continuous genomic surveillance is important for better understanding of human-to-human transmission and prevention of the emergence of variola virus-like strains. Traditional virological methods such as electron microscopy and virus isolation remain essential for comprehensive virus characterization, particularly in the context of vaccine and antiviral drug development. Despite the current challenges, serological tests detecting a range of anti-MPXV antibodies are important adjunct diagnostic and research tools for confirmation of late-presenting or asymptomatic MPXV cases, contact tracing, epidemiological studies, seroepidemiological surveys, and better understanding of the role of IgG and neutralizing antibodies in the immune response to infection and vaccination. A multidisciplinary approach combining advanced molecular techniques with traditional virological methods is important for rapid and reliable diagnosis, surveillance, and control of the outbreak.","[MeSH] Humans; [MeSH] Clinical Laboratory Techniques; [MeSH] Disease Outbreaks; [MeSH] Monkeypox virus; [MeSH] Mpox, Monkeypox"
27024916,[Development of the disease in marmot at the intranasal infection with the monkeypox virus].,"A A Sergeev, A S Kabanov, L E Bulychev, Ar A Sergeev, O V Pyankov, S A Bodnev, D O Galakhova, A S Zamedyanskaya, K A Titova, L N Shishkina, A P Agafonov, A N Sergeev",Voprosy virusologii. 2015.,Sergeev,Voprosy virusologii,2015,2015/01/01,,,,"In experimental study the sensitivity of the Marmota bobak species to the monkeypox virus (MPXV) with the intranasal (i/n) infection was tested. It was demonstrated that 50% of the infective dose (ID50) of the MPXV on external clinical signs of the disease was 2.2 Ig plaque forming units (PFU). The percentage of the marmot mortality is slightly dependent on the infecting dose of the MPXV, therefore it is not possible to correctly determine the value of 50 % fatal dose (FD50) for these animals. The most pronounced external clinical signs of the disease were obtained in the marmots: pox-like skin rash throughout the surface of the body and mucous membranes, purulent discharge from the nose, lymphadenitis, discoordination, tremor of the extremities, fever, increased aggression, and ruffled fur. In the course of experiments intended to determine the dynamics of the accumulation of the MPXV in various organs, tissues, and blood serum of marmot infected i/n with dose of 3.7 Ig PFU, it was found that the trachea, lungs, and the bifurcation lymph nodes are the primary target organs. The trachea, lungs, nasal mucosa membrane, and skin are the organs with maximal virus replication recorded at 5, 7, 9, and 12 days after the infection. The transfer of the MPXV into the secondary target organs (nasal mucosa membrane, brain, spleen, duodenum, adrenal glands, and skin) was carried out in marmots with lymphogenic and hematogenic ways of the dissemination of the infection.","[MeSH] Administration, Intranasal; [MeSH] Animals; [MeSH] Female; [MeSH] Lung; [MeSH] Lymph Nodes; [MeSH] Male; [MeSH] Marmota; [MeSH] Mpox, Monkeypox; [MeSH] Monkeypox virus; [MeSH] Nasal Mucosa; [MeSH] Skin; [MeSH] Spleen; [MeSH] Survival Analysis; [MeSH] Trachea; [MeSH] Virus Replication"
36609012,Urethritis Without Skin Lesions as the Primary Manifestation of Mpox Virus Infection.,"Laurens Liesenborghs, Veerle Huyst, Christophe Van Dijck, Jojanneke Rutgers, Irith De Baetselier, Chris Kenyon, Marjan Van Esbroeck, Koen Vercauteren",European urology. 2023. doi: 10.1016/j.eururo.2022.12.022..,Liesenborghs,European urology,2023,2023/01/04,,,10.1016/j.eururo.2022.12.022,,"[MeSH] Humans; [MeSH] Urethritis; [MeSH] Mpox, Monkeypox"
15349775,Bioterrorism: is it a real threat?,"René Gottschalk, Wolfgang Preiser",Medical microbiology and immunology. 2004. doi: 10.1007/s00430-004-0228-z..,Gottschalk,Medical microbiology and immunology,2005,2004/09/02,,,10.1007/s00430-004-0228-z,"The Geneva Protocol of 1925 commits the signatory nations to refraining from the use of biological weapons. However, the terrorist assaults of September 2001 and, subsequently, the anthrax-containing letters are cause for great concerns: new threats to the security of nations are expected, as terrorist organizations seem to increasingly explore novel ways of spreading terror. In this context, naturally emerging diseases such as SARS, monkeypox or West Nile fever assume new importance because it is difficult to distinguish between natural epidemics and possible bioweapon assaults. Great efforts on the part of governments and public health authorities are necessary to counteract these threats.","[MeSH] Anthrax; [MeSH] Bioterrorism; [MeSH] Genetic Engineering; [MeSH] Humans; [MeSH] Mpox, Monkeypox; [MeSH] Monkeypox virus; [MeSH] Research Personnel; [MeSH] Severe acute respiratory syndrome-related coronavirus; [MeSH] Security Measures; [MeSH] Severe Acute Respiratory Syndrome; [MeSH] Smallpox; [MeSH] Smallpox Vaccine; [MeSH] West Nile Fever; [MeSH] West Nile virus"
35816222,Clinical and virological features of first human monkeypox cases in Germany.,"Sebastian Noe, Sabine Zange, Michael Seilmaier, Markus H Antwerpen, Thomas Fenzl, Jochen Schneider, Christoph D Spinner, Joachim J Bugert, Clemens-Martin Wendtner, Roman Wölfel",Infection. 2022. doi: 10.1007/s15010-022-01874-z..,Noe,Infection,2023,2022/07/11,,,10.1007/s15010-022-01874-z,"BACKGROUND: Monkeypox is a zoonotic orthopoxvirus infection endemic in central and western Africa. In May 2022, human monkeypox infections including human-to-human transmission were reported in a multi-country outbreak in Europe and North America. CASE PRESENTATIONS: Here we present the first two cases of monkeypox infection in humans diagnosed in Germany. We present clinical and virological findings, including the detection of monkeypox virus DNA in blood and semen. The clinical presentation and medical history of our patients suggest close physical contact during sexual interactions as the route of infection. CONCLUSION: Monkeypox requires rapid diagnosis and prompt public health response. The disease should be considered in the current situation especially the differential diagnosis of vesicular or pustular rash, particularly in patients with frequent sexual contacts. Most importantly, it is essential to raise awareness among all health professionals for the rapid and correct recognition and diagnosis of this disease, which is probably still underreported in Europe (Adler et al. in Lancet Infect Dis https://doi.org/10.1016/s1473-3099(22)00228-6 , 2022).",Blood; Efflorescence; Germany; HIV; Monkeypox; Semen; Skin lesion
36177717,Tecovirimat therapy for severe monkeypox infection: Longitudinal assessment of viral titers and clinical response pattern-A first case-series experience.,"Lennart Hermanussen, Ilka Grewe, Hui Ting Tang, Dominik Nörz, Lukas C Bal, Susanne Pfefferle, Stefan Unger, Christian Hoffmann, Dirk Berzow, Matin Kohsar, Martin Aepfelbacher, Ansgar W Lohse, Marylyn M Addo, Marc Lütgehetmann, Julian Schulze Zur Wiesch, Stefan Schmiedel",Journal of medical virology. 2022. doi: 10.1002/jmv.28181..,Hermanussen,Journal of medical virology,2023,2022/10/20,,,10.1002/jmv.28181,,"[MeSH] Humans; [MeSH] Mpox, Monkeypox"
36055631,Ring vaccination for monkeypox containment: Strategic implementation and challenges.,"Om Prakash Choudhary, Priyanka, Mathumalar Loganathan Fahrni, AbdulRahman A Saied, Hitesh Chopra","International journal of surgery (London, England). 2022. doi: 10.1016/j.ijsu.2022.106873..",Choudhary,"International journal of surgery (London, England)",2022,2022/08/30,,,10.1016/j.ijsu.2022.106873,,Challenges; Containment; Equitable distribution; Monkeypox; Ring vaccination
38271941,"[Monkeypox: characteristics in female population, Buenos Aires, Argentina].","Javier Sánchez Doncell, Melina Lemos, José L Francos J, Pablo González Montaner",Medicina. 2024.,Sánchez,Medicina,2024,2024/01/01,,,,"Monkeypox is a zoonotic viral disease caused by a virus of the genus Orthopoxvirus. As of January 1, 2022, it has been reported in 110 WHO Member States. It presents with fever, fatigue, painful lymphadenopathy, and rash. It lasts between 2 and 4 weeks. It is usually self-limited, but severe cases have been described in immunocompromised people. This study describes cases of monkeypox in women, diagnosed between June 2022 and February 2023, and it reports epidemiology, clinical aspects, and complications after infection. A retrospective observational study was carried out in the Febrile Emergency Unit (UFU), reviewing positive cases (RT-PCR) for monkeypox and the population with female biological sex was selected. They were questioned about gynecological complications, menstrual pattern, dyspareunia and pelvic pain. 340 consultations for monkeypox were made, 214 (63%) were positive, 211 cases (99%) male and 3 cases (1%) female. Among these cases is a trans woman, who was not included. The average age is 31 years, immunocompetent, with a negative serology report for HIV, syphilis, hepatitis B and C. Both cases had sexual intercourse without a barrier method. The most frequent symptoms are asthenia and skin lesions, especially in the upper and lower limbs, perianal and genital region. As a risk factor they presented unprotected sexual contact. Within the differential diagnoses, other sexually transmitted infections (STIs) should be considered. There were no gynecological complications reported during follow-up.",epidemic; epidemiological surveillance; febrile emergency unit; monkeypox; sexually transmitted infection
38639480,"Knowledge, concerns, and vaccine acceptance related to Mpox (Monkeypox) among university students in North and Northeast China: An online cross-sectional study.","Jiaqi Wang, Leiwen Fu, Han Meng, Ke Wu, Baihui Han, Yang Lin, Ye Zhang, Wei Wang, Xiaohe Zhang, Min Zhang, Bingyi Wang, Weijie Zhang, Huachun Zou, Xiao Qi",Human vaccines & immunotherapeutics. 2024. doi: 10.1080/21645515.2024.2339922..,Wang,Human vaccines & immunotherapeutics,2024,2024/04/19,,,10.1080/21645515.2024.2339922,"The growing number of Mpox cases in China has posed a challenge to public health. The prevalence of men who have sex with men behaviors among students has been consistently increasing each year in China, accompanied by a high frequency of unprotected anal sex. As crowded places, schools are highly likely to cause an Mpox outbreak among students through long-term close contact. Understanding university students' perceptions about Mpox and willingness to vaccinate play a vital role in implementing preventive measures in schools. This study aimed to assess knowledge, concerns, and vaccine acceptance toward Mpox among university students in North and Northeast China. A cross-sectional study was conducted among 3831 university students from seven universities in North and Northeast China between September 10 and September 25, 2023. This study found a relative insufficiency in Mpox knowledge among university students (71.60%), with less than half expressing concern about the Mpox outbreak (39.57%), and the majority exhibiting a positive attitude to vaccination (76.30%). Multivariate regression analysis revealed that a good knowledge level was associated with age, study discipline, education level, and a high level of concern about Mpox. Male, elderly, or highly educated participants had a low level of concern about Mpox. Participants with a high level of knowledge toward Mpox were more likely to have the vaccination willingness. This study might help governments and schools to understand students' Mpox perceptions and vaccination intentions, enabling them to implement effective measures in addressing the issue of inadequate understanding regarding Mpox among university students.",Mpox; North and Northeast China; concerns; knowledge; students; vaccine acceptance
38150198,[Monkeypox: case series].,"Victoria Micaela Pieretti, Marina Agriello, Mayled Maria Delgado Molina, Paula Bonaura, Camila Anabel Ramallo, Eugenia Miraglia, Florencia Dauria, Maria Victoria Garritano, Maria Roxana Maradeo","Revista de la Facultad de Ciencias Medicas (Cordoba, Argentina). 2023. doi: 10.31053/1853.0605.v80.n4.42303..",Pieretti,"Revista de la Facultad de Ciencias Medicas (Cordoba, Argentina)",2023,2023/12/26,,,10.31053/1853.0605.v80.n4.42303,"INTRODUCTION: the recent mpox outbreak was considered an international public health emergency. OBJECTIVE: describe the epidemiological and clinical characteristics of mpox in a hospital in the province of Buenos Aires. METHODS: case series study in patients ≥15 years of age in the Dermatology service of the Hospital Interzonal General de Agudos ""San Martín"" in La Plata between August and November 2022. RESULTS: 10 patients were included. The mean age of presentation was 35 years. Seven of the patients were men and the remaining three were women. Most of them presented risky sexual intercourse as an epidemiological history. Pseudopustules were observed in 70% of the patients and all had genital, gluteal or perianal lesions. The complications observed were: local edema, proctitis, conjunctivitis and pharyngitis. CONCLUSION: we present 3 female patients out of a total of 24 women reported in the country, which represent only 2% of mpox infections in Argentina. In most cases we observe pseudopustules, an elementary lesion recently described for this entity. One patient presented ocular involvement, a complication reported in 1% of cases in the current outbreak.",monkeypox virus; monkeypox; viral zoonoses
35902024,The first case of monkeypox virus infection detected in Taiwan: awareness and preparation.,"Zih-Syuan Yang, Chih-Yen Lin, Aspiro Nayim Urbina, Wen-Hung Wang, Wanchai Assavalapsakul, Sung-Pin Tseng, Po-Liang Lu, Yen-Hsu Chen, Ming-Lung Yu, Sheng-Fan Wang",International journal of infectious diseases : IJID : official publication of the International Society for Infectious Diseases. 2022. doi: 10.1016/j.ijid.2022.07.051..,Yang,International journal of infectious diseases : IJID : official publication of the International Society for Infectious Diseases,2022,2022/07/25,,,10.1016/j.ijid.2022.07.051,"OBJECTIVES: Monkeypox has recently been detected outside African countries. This study aimed to report and analyze the first case of monkeypox virus infection in Taiwan. METHODS: The global epidemiological information was collected from the World Health Organization (WHO) and US Centers for Disease Control and Prevention (CDC). The data from the first confirmed Taiwanese monkeypox case was obtained from Taiwan Centers for Disease Control. Monkeypox diagnosis and prevention strategies were obtained from WHO guidelines on monkeypox. Phylogenetic tree analysis and sequence alignment and comparison were used to identify the phylogeny and single nucleotide polymorphism (SNP) characterization. RESULTS: Epidemiological data indicated that since 2013, monkeypox has caused outbreaks outside African countries through contact with infected animals and international travels. Recently, two confirmed monkeypox cases were reported in Singapore and South Korea. On June 24, 2022, Taiwan CDC reported the first confirmed case of monkeypox virus infection in a 20-year-old man who returned from Germany, from January to June 2022. This is the third confirmed case of an imported monkeypox infection in Asia. Phylogenetic analysis demonstrated that this imported monkeypox virus belonged to the West African clade and is clustered with the 2022 European outbreak monkeypox isolates. Full-length sequence analysis indicates that this virus contains 51 SNPs, and has five variant SNPs compared with the recent outbreak strains. CONCLUSION: This study suggests that active surveillance, enhancing border control, and the development of vaccines and antiviral drugs are urgently required to prevent and control the burden of monkeypox disease.",First case; Imported infection; Monkeypox; Single nucleotide polymorphism; Taiwan
38294063,Supercritical and homogenous transmission of monkeypox in the capital of China.,"Yunjun Zhang, Xiaohua Zhou",Journal of medical virology. 2024. doi: 10.1002/jmv.29442..,Zhang,Journal of medical virology,2024,2024/02/01,,,10.1002/jmv.29442,"Starting from May 31, 2023, the local transmission of monkeypox (Mpox) in mainland China began in Beijing. Till now, the transmission characteristics have not been explored. Based on the daily Mpox incidence data in the first 3 weeks of Beijing (from May 31 to June 21, 2023), we employed the instant-individual heterogeneity transmission model to simultaneously calculate the effective reproduction number (Re ) and the degree of heterogeneity (k) of the Beijing epidemic. We additionally simulated the monthly infection size in Beijing from July to November and compared with the reported data to project subsequent transmission dynamics. We estimated Re to be 1.68 (95% highest posterior density [HPD]: 1.12-2.41), and k to be 2.57 [95% HPD: 0.54-83.88], suggesting the transmission of Mpox in Beijing was supercritical and didn't have considerable transmission heterogeneity. We projected that Re fell in the range of 0.95-1.0 from July to November, highlighting more efforts needed to further reduce the Mpox transmissibility. Our findings revealed supercritical and homogeneous transmission of the Mpox epidemic in Beijing. Our results could serve as a reference for understanding and predicting the ongoing Mpox transmission in other regions of China and evaluating the effect of control measures.",Mpox; branching process; effective reproduction number; outbreak; transmission heterogeneity
37631913,"Monkeypox Virus: A Comprehensive Overview of Viral Pathology, Immune Response, and Antiviral Strategies.","Shiza Malik, Amna Ahmed, Omar Ahsan, Khalid Muhammad, Yasir Waheed",Vaccines. 2023. doi: 10.3390/vaccines11081345..,Malik,Vaccines,2023,2023/08/09,,,10.3390/vaccines11081345,"BACKGROUND: The years 2022-2023 witnessed a monkeypox virus (mpox) outbreak in some countries worldwide, where it exists in an endemic form. However, the number of infectious cases is continuously on the rise, and there has been an unexpected, drastic increase in cases that result from sustained transmission in non-endemic regions of the world. Under this scenario, it is pertinent for the world to be aware of healthcare threats to mpox infection. This review aimed to compile advanced data regarding the different aspects of mpox disease. METHODS: A comprehensive strategy for the compilation of recent data was adopted to add data regarding mpox, biology, viral pathology, immune response, and brief details on the antiviral strategies under trial; the search was limited to 2016-2023. The aim is to make the scientific community aware of diverse aspects of mpox. RESULTS: Consequently, detailed insights have been drawn with regard to the nature, epidemiology, etiology, and biological nature of mpox. Additionally, its host interaction and viral infectious cycle and immune interventions have been briefly elaborated. This comprehensively drawn literature review delivers brief insights into the biological nature, immune responses, and clinical developments in the form of therapeutics against mpox. This study will help scientists understand the biological nature and responses in hosts, which will further help clinicians with therapeutic handling, diagnosis, and treatment options. CONCLUSIONS: This study will provide updated information on mpox's pathology, immune responses, and antiviral strategies. Moreover, it will also help the public to become educated on the healthcare-associated threat and take timely mitigation measures against expected mpox outbreaks in the future.",immune responses; monkeypox virus (mpox); outbreak; poxviruses; therapeutics; vaccines
32023204,"Human-to-Human Transmission of Monkeypox Virus, United Kingdom, October 2018.","Aisling Vaughan, Emma Aarons, John Astbury, Tim Brooks, Meera Chand, Peter Flegg, Angela Hardman, Nick Harper, Richard Jarvis, Sharon Mawdsley, Mark McGivern, Dilys Morgan, Gwyn Morris, Grainne Nixon, Catherine O'Connor, Ruth Palmer, Nick Phin, D Ashley Price, Katherine Russell, Bengu Said, Matthias L Schmid, Roberto Vivancos, Amanda Walsh, William Welfare, Jennifer Wilburn, Jake Dunning",Emerging infectious diseases. 2020. doi: 10.3201/eid2604.191164..,Vaughan,Emerging infectious diseases,2020,2020/04/17,,,10.3201/eid2604.191164,"In September 2018, monkeypox virus was transmitted from a patient to a healthcare worker in the United Kingdom. Transmission was probably through contact with contaminated bedding. Infection control precautions for contacts (vaccination, daily monitoring, staying home from work) were implemented. Of 134 potential contacts, 4 became ill; all patients survived.",Monkeypox; United Kingdom; human; monkeypox virus; nosocomial; orthopoxvirus; transmission; viruses; zoonoses
40415038,"Readiness, knowledge, and attitudes of healthcare professionals in Jordan toward Monkeypox: a cross-sectional survey.","Ahmad Z Al Meslamani, Dania Abu-Naser, Rami H Al-Rifai",Scientific reports. 2025. doi: 10.1038/s41598-025-03051-2..,Al,Scientific reports,2025,2025/05/25,,,10.1038/s41598-025-03051-2,"Healthcare professionals play a vital role in managing and containing disease outbreaks. This study evaluated the level of readiness, knowledge, and attitudes of healthcare professionals in Jordan towards Monkeypox (Mpox) disease and explored factors associated with poor level of readiness, poor level of knowledge, and negative attitude toward Mpox. A pre-validated cross-sectional survey was carried out on healthcare professionals (physicians, pharmacists and nurses) actively involved in patient care in Jordan from 15 July to 30 September 2024. After being pilot-tested on 30 healthcare professionals, the 48-item questionnaire, collected information on participant's demographics, and readiness, knowledge, and attitudes towards Mpox. Multivariable logistic regression identified factors associated with poor readiness, poor knowledge, and negative attitude. A total of 1093 healthcare professionals participated in the survey, including 329 physicians (30.1%), 346 pharmacists (31.7%), and 418 nurses (38.2%). Among participants, 58.0% demonstrated high levels of readiness, and 53.9% showed high levels of knowledge regarding Mpox. However, one-third (33.6%) were unaware of the availability of an effective vaccine, and only 30.7% recognized the lack of an effective treatment for Mpox. Nurses had higher readiness scores (median: 5, IQR: 5) compared to physicians (median: 4, IQR: 6) and pharmacists (median: 4, IQR: 6), while physicians scored highest in knowledge (median: 8, IQR: 4), followed by nurses (median: 7, IQR: 4) and pharmacists (median: 5, IQR: 4). No prior pandemic response experience was positively associated with increased likelihood of poor Mpox readiness (AOR: 2.11, 95% CI: 1.60-2.78) and poor knowledge (AOR: 1.40, 95% CI: 1.08-1.81). Poor knowledge was also linked to relying on workshops as the main information source (AOR: 2.55, 95% CI: 1.50-4.32). Negative attitudes were associated with lack of prior response experience (AOR: 1.36, 95% CI: 1.04-1.77), not using digital health records (AOR: 1.56, 95% CI: 1.18-2.05), and depending on colleagues for information (AOR: 1.73, 95% CI: 1.00-3.00) while attending workshop was protective against having negative attitude (AOR: 0.32, 95% CI: 0.17-0.60). While over half of healthcare professionals in Jordan demonstrated high readiness and knowledge regarding Mpox, significant gaps remain, particularly in vaccine and treatment awareness. Nurses showed higher readiness, whereas physicians had better knowledge levels. Targeted training and improved information dissemination strategies are needed to enhance Mpox response capacity among healthcare professionals.",Jordan; Monkeypox; Mpox; Outbreak; Public health workers
37325911,"Estimates of mpox effective reproduction number in Spain, April-August 2022.","David García-García, Diana Gómez-Barroso, Victoria Hernando, Marta Ruiz-Algueró, Lorena Simón, María Sastre, María José Sierra, Pere Godoy, Asunción Diaz",Epidemiology and infection. 2023. doi: 10.1017/S0950268823000985..,García-García,Epidemiology and infection,2023,2023/06/16,,,10.1017/S0950268823000985,"We analysed the transmission of the human mpox virus in Spain by estimating the effective reproduction number of the disease from official surveillance data. Our computations show that this decreased steadily after an initial burst phase, dropping below 1 on July 12, and thus the outbreak was expected to reduce in the following weeks. Differences in trends were found across geographical regions of the country and across MSM and heterosexual populations.",Spain; monkeypox; transmission
36094771,"Evolution, epidemiology, geographical distribution, and mutational landscape of newly emerging monkeypox virus.","Chiranjib Chakraborty, Manojit Bhattacharya, Ashish Ranjan Sharma, Kuldeep Dhama",GeroScience. 2022. doi: 10.1007/s11357-022-00659-4..,Chakraborty,GeroScience,2022,2022/09/12,,,10.1007/s11357-022-00659-4,"Recent monkeypox (MPX) outbreaks are major ones in non-endemic countries. The present study analyzed molecular phylogenetics, divergence, epidemiology, the geographical distribution, entropy diversity of genome, mutational landscape, and evolution of the monkeypox virus (MPXV) genome and the current MPXV is entitled ""hMPXV1."" We used different in-silico and statistical methods to study our objectives. The developed phylogram from molecular phylogenetics describes the origin and evolution of hMPXV1 of A, A.1, A.1.1, A.2, and B.1 lineages. The microevolution of B.1 lineage shows its evolution from May to August 2022. B.1 lineage is further adapting and showing more mutation and sub-lineages. The scatter plot of all lineages shows the clustering pattern of lineages and the divergence. We also developed two statistical models of confirmed cases and a diagram of the age-related pattern of infected cases to illustrate the epidemiology of the MPX outbreaks. The entropy diversity and mutational landscape of the hMPXV1 genome were analyzed in nucleotide and codon contexts. Our study has shown the in-depth evolution pattern of different lineages of the hMPXV1. We found B.1 lineage is associated with the current outbreaks. The mutational landscape informs about the slow mutation of the virus. Finally, the study might assists the new therapeutic development considering all the above points and would help the researcher to set up their future research directions.","Epidemiology; Genome; Monkeypox virus; Mutation; Outbreaks, evolution"
35859005,Monkeypox virus: a neglected zoonotic pathogen spreads globally.,"Emmanuel F Alakunle, Malachy I Okeke",Nature reviews. Microbiology. 2022. doi: 10.1038/s41579-022-00776-z..,Alakunle,Nature reviews. Microbiology,2022,2022/09/01,,,10.1038/s41579-022-00776-z,The ongoing monkeypox outbreak in non-endemic countries is likely to be a consequence of the failure to curtail the spread of the disease in endemic regions of Africa despite decades of constant outbreaks. A globally driven one health approach to prevention and treatment of the disease is essential to control present and future outbreaks.,"[MeSH] Animals; [MeSH] Disease Outbreaks; [MeSH] Humans; [MeSH] Monkeypox virus; [MeSH] Zoonoses; [MeSH] Mpox, Monkeypox"
39887004,Evolving Epidemiology of Mpox in Africa in 2024.,"Nicaise Ndembi, Morenike O Folayan, Allan Komakech, Kyeng Mercy, Sofonias Tessema, Placide Mbala-Kingebeni, Christian Ngandu, Ngashi Ngongo, Jean Kaseya, Salim S Abdool Karim",The New England journal of medicine. 2025. doi: 10.1056/NEJMoa2411368..,Ndembi,The New England journal of medicine,2025,2025/01/29,,,10.1056/NEJMoa2411368,"BACKGROUND: For decades after the identification of mpox in humans in the Democratic Republic of Congo (DRC) in 1970, the disease was largely confined to the rural areas of Central and West Africa and thus did not garner broad attention. On August 13, 2024, mpox was declared a Public Health Emergency of Continental Security (PHECS) by the Africa Centers for Disease Control and Prevention (Africa CDC), a notice that was followed the next day by a declaration of a Public Health Emergency of International Concern (PHEIC) by the World Health Organization. METHODS: In this study we analyzed all mpox cases and deaths, based on clinical or laboratory diagnosis, that were reported to the Africa CDC from January 1, 2022, to October 30, 2024, to identify temporal variations, geographic distributions, and epidemiologic trends. RESULTS: From January 1, 2022, to August 18, 2024, a total of 45,652 mpox cases were clinically diagnosed and laboratory-confirmed in 12 African countries. These cases resulted in 1492 deaths (case fatality rate, 3.3%). From 2022 to 2024, weekly laboratory-confirmed mpox cases increased by a factor of 2.8 (from 176 to 489 cases), whereas all weekly reported cases (including those with a clinical diagnosis) increased by a factor of 4.3 (from 669 to 2900 cases). The DRC, which had reported approximately 88% of mpox cases in Africa in 2024, had 19,513 cases before the emergency declaration, with a case fatality rate of 3.1% - a weekly average of 591 cases as compared with 281 in 2023. In 2024, six African countries reported their first imported mpox infections, with Burundi also reporting local transmission. CONCLUSIONS: The high mpox disease burden in Africa, especially in the DRC - with a rising number of cases, high case fatality rate, and high degree of spread to other previously mpox-free African countries - is cause for increased international concern. Case detection, contact tracing, public health measures, and affordable vaccines are needed to implement interventions in the DRC to reduce the risk of global spread of the virus.","[MeSH] Adolescent; [MeSH] Adult; [MeSH] Child; [MeSH] Female; [MeSH] Humans; [MeSH] Male; [MeSH] Young Adult; [MeSH] Africa; [MeSH] Disease Outbreaks; [MeSH] Mpox, Monkeypox; [MeSH] Monkeypox virus; [MeSH] Cost of Illness; [MeSH] Contact Tracing; [MeSH] Disease Notification; [MeSH] Age Factors"
37797702,A severe case of mpox complicated with penile necrosis and keratitis in a patient living with HIV.,"Cristiana Oprea, Cristiana Costescu, Irina Ianache, Gratiela Tardei, Simin-Aysel Florescu",Travel medicine and infectious disease. 2023. doi: 10.1016/j.tmaid.2023.102646..,Oprea,Travel medicine and infectious disease,2023,2023/10/03,,,10.1016/j.tmaid.2023.102646,,"[MeSH] Humans; [MeSH] HIV Infections; [MeSH] Keratitis; [MeSH] Mpox, Monkeypox; [MeSH] Necrosis; [MeSH] Male"
36851163,Knowledge of Human Mpox (Monkeypox) and Attitude towards Mpox Vaccination among Male Sex Workers in China: A Cross-Sectional Study.,"Yuanyi Chen, Yuwei Li, Leiwen Fu, Xinyi Zhou, Xinsheng Wu, Bingyi Wang, Xin Peng, Yinghui Sun, Qi Liu, Yi-Fan Lin, Yinguang Fan, Hongbo Jiang, Xiaojun Meng, Huachun Zou",Vaccines. 2023. doi: 10.3390/vaccines11020285..,Chen,Vaccines,2023,2023/01/28,,,10.3390/vaccines11020285,"BACKGROUND: Re-emerging human mpox (previously known as monkeypox) is spreading around the world. According to existing studies, the current mpox pandemic mainly affects men who have sex with men (MSM), including male sex workers (MSW). Our study aimed to assess mpox knowledge and attitude towards mpox vaccination among MSW in China. METHODS: A web-based, cross-sectional survey was conducted in August 2022. We collected participants' socio-demographic characteristics and knowledge with 15 knowledge items related to mpox. Modified Bloom's cut-off points of 80% (total score > 12) was used to indicate good knowledge. Multivariable regression analysis was used to assess factors of mpox knowledge and attitude towards mpox vaccination. RESULTS: A total of 154 MSW were recruited (age: median = 22, interquartile range, IQR = 12). Of the 154 MSW, 49.4% had good knowledge of mpox, and 63.0% were willing to be vaccinated against mpox. We found that good knowledge was associated with being single [adjusted odds ratio (AOR) = 2.46, 95% confident interval (CI) (1.22-4.87)], being unemployed [5.01, 1.21-20.70] and willingness to be vaccinated [2.51, 1.14-5.54]. Willingness to get vaccinated was related to age [1.06, 1.00-1.12], chronic diseases history [8.53, 1.01-71.68], and agreement with ""priority for high-risk groups if mpox vaccine is in short supply"" [2.57, 1.01-6.54]. CONCLUSIONS: We found that MSW had suboptimal mpox knowledge and a high willingness to be vaccinated against mpox. MSW who are single and willing to be vaccinated may have good knowledge of mpox. These findings underscore the necessity of providing health education on mpox among MSW. When the mpox vaccine is in short supply, priority should be given to high-risk groups, such as MSW.",China; attitude towards mpox vaccination; human mpox (monkeypox); knowledge of mpox; male sex workers (MSW)
31557167,Characterization of Monkeypox virus dissemination in the black-tailed prairie dog (Cynomys ludovicianus) through in vivo bioluminescent imaging.,"Zachary P Weiner, Johanna S Salzer, Elizabeth LeMasters, James A Ellison, Ashley V Kondas, Clint N Morgan, Jeffery B Doty, Brock E Martin, Panayampalli Subbian Satheshkumar, Victoria A Olson, Christina L Hutson",PloS one. 2019. doi: 10.1371/journal.pone.0222612..,Weiner,PloS one,2019,2019/09/26,,,10.1371/journal.pone.0222612,"Monkeypox virus (MPXV) is a member of the genus Orthopoxvirus, endemic in Central and West Africa. This viral zoonosis was introduced into the United States in 2003 via African rodents imported for the pet trade and caused 37 human cases, all linked to exposure to MPXV-infected black-tailed prairie dogs (Cynomys ludovicianus). Prairie dogs have since become a useful model of MPXV disease, utilized for testing of potential medical countermeasures. In this study, we used recombinant MPXV containing the firefly luciferase gene (luc) and in vivo imaging technology to characterize MPXV pathogenesis in the black-tailed prairie dog in real time. West African (WA) MPXV could be visualized using in vivo imaging in the nose, lymph nodes, intestines, heart, lung, kidneys, and liver as early as day 6 post infection (p.i.). By day 9 p.i., lesions became visible on the skin and in some cases in the spleen. After day 9 p.i., luminescent signal representing MPXV replication either increased, indicating a progression to what would be a fatal infection, or decreased as infection was resolved. Use of recombinant luc+ MPXV allowed for a greater understanding of how MPXV disseminates throughout the body in prairie dogs during the course of infection. This technology will be used to reduce the number of animals required in future pathogenesis studies as well as aid in determining the effectiveness of potential medical countermeasures.","[MeSH] Animals; [MeSH] Disease Models, Animal; [MeSH] Female; [MeSH] Heart; [MeSH] Intestines; [MeSH] Kidney; [MeSH] Liver; [MeSH] Luminescent Measurements; [MeSH] Lung; [MeSH] Lymph Nodes; [MeSH] Male; [MeSH] Mpox, Monkeypox; [MeSH] Monkeypox virus; [MeSH] Nose; [MeSH] Sciuridae"
36844851,Surveillance of Nigerian children suggests that varicella may be a risk factor for acquisition of monkeypox.,Charles Grose,Frontiers in public health. 2023. doi: 10.3389/fpubh.2023.1140956..,Grose,Frontiers in public health,2023,2023/02/09,,,10.3389/fpubh.2023.1140956,,chickenpox; mpox; poxvirus; smallpox; varicella-zoster virus
37212312,Presymptomatic viral shedding in high-risk mpox contacts: A prospective cohort study.,"Isabel Brosius, Christophe Van Dijck, Jasmine Coppens, Leen Vandenhove, Eugene Bangwen, Fien Vanroye, Jacob Verschueren, Sabine Zange, Joachim Bugert, Johan Michiels, Emmanuel Bottieau, Patrick Soentjens, Johan van Griensven, Chris Kenyon, Kevin K Ariën, Marjan Van Esbroeck, Koen Vercauteren, Laurens Liesenborghs",Journal of medical virology. 2023. doi: 10.1002/jmv.28769..,Brosius,Journal of medical virology,2023,2023/05/01,,,10.1002/jmv.28769,"The risk of infection after exposure to clade IIb mpox virus (MPXV) is unknown, and potential presymptomatic shedding of MPXV remains to be demonstrated. High-risk contacts of mpox patients were followed-up in a prospective longitudinal cohort study. Individuals reporting sexual contact, >15 min skin-to-skin contact, or living in the same household with an mpox patient were recruited in a sexual health clinic in Antwerp, Belgium. Participants kept a symptom diary, performed daily self-sampling (anorectal, genital, and saliva), and presented for weekly clinic visits for physical examination and sampling (blood and oropharyngeal). Samples were tested for MPXV by PCR. Between June 24 and July 31, 2022, 25 contacts were included, of which 12/18 (66.0%) sexual and 1/7 (14.0%) nonsexual contacts showed evidence of infection by MPXV-PCR. Six cases had typical mpox symptoms. Viral DNA was detected as early as 4 days before symptom onset in 5 of them. In 3 of these cases, replication-competent virus was demonstrated in the presymptomatic phase. These findings confirm the existence of presymptomatic shedding of replication-competent MPXV and emphasize the high risk of transmission during sexual contact. Sexual contacts of mpox cases should abstain from sex during the incubation period, irrespective of symptoms.",monkeypox virus; mpox; presymptomatic; transmission; viral shedding
39176988,"Effectiveness of historical smallpox vaccination against mpox clade II in men in Denmark, France, the Netherlands and Spain, 2022.","Soledad Colombe, Silvia Funke, Anders Koch, Manon Haverkate, Susana Monge, Anne-Sophie Barret, Aisling Vaughan, Susan Hahné, Catharina van Ewijk, Hanne-Dorthe Emborg, Sebastian von Schreeb, Asunción Díaz, Carmen Olmedo, Laura Zanetti, Daniel Levy-Bruhl, Luis Alves de Sousa, José Hagan, Nathalie Nicolay, Richard Pebody",Euro surveillance : bulletin Europeen sur les maladies transmissibles = European communicable disease bulletin. 2024. doi: 10.2807/1560-7917.ES.2024.29.34.2400139..,Colombe,Euro surveillance : bulletin Europeen sur les maladies transmissibles = European communicable disease bulletin,2024,2024/08/01,,,10.2807/1560-7917.ES.2024.29.34.2400139,"BackgroundIn 2022, a global monkeypox virus (MPXV) clade II epidemic occurred mainly among men who have sex with men. Until early 1980s, European smallpox vaccination programmes were part of worldwide smallpox eradication efforts. Having received smallpox vaccine > 20 years ago may provide some cross-protection against MPXV.AimTo assess the effectiveness of historical smallpox vaccination against laboratory-confirmed mpox in 2022 in Europe.MethodsEuropean countries with sufficient data on case vaccination status and historical smallpox vaccination coverage were included. We selected mpox cases born in these countries during the height of the national smallpox vaccination campaigns (latest 1971), male, with date of onset before 1 August 2022. We estimated vaccine effectiveness (VE) and corresponding 95% CI for each country using logistic regression as per the Farrington screening method. We calculated a pooled estimate using a random effects model.ResultsIn Denmark, France, the Netherlands and Spain, historical smallpox vaccination coverage was high (80-90%) until the end of the 1960s. VE estimates varied widely (40-80%, I2 = 82%), possibly reflecting different booster strategies. The pooled VE estimate was 70% (95% CI: 23-89%).ConclusionOur findings suggest residual cross-protection by historical smallpox vaccination against mpox caused by MPXV clade II in men with high uncertainty and heterogeneity. Individuals at high-risk of exposure should be offered mpox vaccination, following national recommendations, regardless of prior smallpox vaccine history, until further evidence becomes available. There is an urgent need to conduct similar studies in sub-Saharan countries currently affected by the MPXV clade I outbreak.",Europe; childhood smallpox vaccination; monkeypox; mpox; screening method; vaccine effectiveness
36152029,Dermoscopy as a supportive diagnostic tool in human monkeypox.,"Carlo A Maronese, Enzo Errichetti, Gianluca Avallone, Andrea Beretta, Angelo V Marzano",Journal of the European Academy of Dermatology and Venereology : JEADV. 2022. doi: 10.1111/jdv.18597..,Maronese,Journal of the European Academy of Dermatology and Venereology : JEADV,2023,2022/10/12,,,10.1111/jdv.18597,,"[MeSH] Humans; [MeSH] Mpox, Monkeypox; [MeSH] Dermoscopy; [MeSH] Diagnosis, Differential"
36089260,Precautions and recommendations towards possible cardiac manifestations of monkeypox vaccination.,"Farouq Muhammad Dayyab, Haruna Muhammad Daiyab, Ramadan Abdelmoez Farahat","International journal of surgery (London, England). 2022. doi: 10.1016/j.ijsu.2022.106898..",Dayyab,"International journal of surgery (London, England)",2022,2022/09/08,,,10.1016/j.ijsu.2022.106898,,"[MeSH] Heart; [MeSH] Humans; [MeSH] Mpox, Monkeypox; [MeSH] Smallpox Vaccine"
37093099,Usutu virus: a Flavivirus on the rise amid COVID-19 and monkeypox.,"Parul C Gupta, Prakasini Satapathy, Ankur Gupta, Mubarick N Asumah, Bijaya K Padhi","International journal of surgery (London, England). 2023. doi: 10.1097/JS9.0000000000000207..",Gupta,"International journal of surgery (London, England)",2023,2023/03/01,,,10.1097/JS9.0000000000000207,,"[MeSH] Humans; [MeSH] Mpox, Monkeypox; [MeSH] COVID-19; [MeSH] Flavivirus"
36372558,Monkeypox outbreak 2022: What we know so far and its potential drug targets and management strategies.,"Ali A Rabaan, Abdul Hawil Abas, Trina Ekawati Tallei, Mona A Al-Zaher, Noor M Al-Sheef, Fatimawali, Esraa Z Al-Nass, Eba A Al-Ebrahim, Yunus Effendi, Rinaldi Idroes, Mather F Alhabib, Hussain A Al-Fheid, Ahmad Akroman Adam, Talha Bin Emran",Journal of medical virology. 2023. doi: 10.1002/jmv.28306..,Rabaan,Journal of medical virology,2023,2023/01/01,,,10.1002/jmv.28306,"Monkeypox is a rare zoonotic disease caused by infection with the monkeypox virus. The disease can result in flu-like symptoms, fever, and a persistent rash. The disease is currently spreading throughout the world and prevention and treatment efforts are being intensified. Although there is no treatment that has been specifically approved for monkeypox virus infection, infected patients may benefit from using certain antiviral medications that are typically prescribed for the treatment of smallpox. The drugs are tecovirimat, brincidofovir, and cidofovir, all of which are currently in short supply due to the spread of the monkeypox virus. Resistance is also a concern, as widespread replication of the monkeypox virus can lead to mutations that produce monkeypox viruses that are resistant to the currently available treatments. This article discusses monkeypox disease, potential drug targets, and management strategies to overcome monkeypox disease. With the discovery of new drugs, it is hoped that the problem of insufficient drugs will be resolved, and it is not anticipated that drug resistance will become a major issue in the near future.",Monkeypox; disease management; drug target; orthopoxvirus
36418150,Monkeypox: recognition and prevention in sports.,"Deverick Anderson, Christopher Hostler",British journal of sports medicine. 2022. doi: 10.1136/bjsports-2022-106342..,Anderson,British journal of sports medicine,2023,2022/11/23,,,10.1136/bjsports-2022-106342,,Infection
36918376,"Orf Nodule with Erythema Multiforme during a Monkeypox Outbreak, France, 2022.","Charlotte Cavalieri, Anne-Sophie Dupond, Audrey Ferrier-Rembert, Olivier Ferraris, Timothée Klopfenstein, Souheil Zayet",Emerging infectious diseases. 2023. doi: 10.3201/eid2904.230058..,Cavalieri,Emerging infectious diseases,2023,2023/03/14,,,10.3201/eid2904.230058,"A 26-year-old patient in France who worked as a butcher sought care initially for erythema multiforme. Clinical examination revealed a nodule with a crusty center, which upon investigation appeared to be an orf nodule. Diagnosis was confirmed by PCR. The patient was not isolated and had a favorable outcome after basic wound care.",France; PCR; erythema multiforme; monkeypox; orf nodule; parapoxvirus; viruses
39900992,Establishment of an animal model for monkeypox virus infection in dormice.,"Gaojie Song, Lingling Cheng, Jun Liu, Yu Zhou, Cuiling Zhang, Yuping Zong",Scientific reports. 2025. doi: 10.1038/s41598-025-88725-7..,Song,Scientific reports,2025,2025/02/03,,,10.1038/s41598-025-88725-7,"This study aims to establish an animal model of monkeypox virus (MPXV) infection in dormice through intranasal inoculation. Male dormice aged 4-5 months were selected as experimental subjects and administered different titers of MPXV (103.5 PFU, 104.5 PFU, and 105.5 PFU, respectively) via nasal instillation. Within 14 days post-infection, clinical indicators such as survival rate, body weight changes, respiratory status, and mental state were continuously monitored. Additionally, tissue samples from the lungs, liver, spleen, and trachea of dormice from each group were collected on the 5th and 10th days for virus titer detection, and histopathological analysis was performed on lung samples collected on the 5th and 10th days. Dormice infected with MPXV exhibited typical symptoms such as appetite loss, continuous body weight reduction, aggravated respiratory difficulties, accompanied by lethargy, chills, and other clinical manifestations similar to human monkeypox infection. Virological tests further confirmed the distribution of MPXV in multiple vital organs of dormice, including the lungs, liver, spleen, and trachea, with particularly significant pathological damage observed in lung tissue. An MPXV infection model in dormice was successfully established through intranasal inoculation with a titer of 105.5 PFU MPXV, which can be used for studying the infection mechanism and pharmacology of MPXV.",Animal model; Dormice; MPXV; Pathological changes
38502181,Behavioral Intention of Receiving Monkeypox Vaccination and Undergoing Monkeypox Testing and the Associated Factors Among Young Men Who Have Sex With Men in China: Large Cross-Sectional Study.,"Sitong Luo, Kedi Jiao, Yuhang Zhang, Yutong Xu, Jingtao Zhou, Siwen Huang, Yan Li, Yongkang Xiao, Wei Ma, Lin He, Xianlong Ren, Zhen Dai, Jiaruo Sun, Qingyu Li, Feng Cheng, Wannian Liang",JMIR public health and surveillance. 2024. doi: 10.2196/47165..,Luo,JMIR public health and surveillance,2024,2024/03/19,,,10.2196/47165,"BACKGROUND: The worldwide human monkeypox (mpox) outbreak in 2022 mainly affected men who have sex with men (MSM). In China, young men who have sex with men (YMSM) were at a potential high risk of mpox infection due to their sexual activeness and the eased COVID-19 restrictions at the end of 2022. OBJECTIVE: This study aimed to investigate the behavioral intention of receiving mpox vaccination and undergoing mpox testing in 4 different scenarios and explore their associations with background and behavioral theory-related factors among Chinese YMSM. METHODS: An online cross-sectional survey was conducted among YMSM aged 18-29 years from 6 representative provinces of China in September 2022. Participants recruited (recruitment rate=2918/4342, 67.2%) were asked to self-administer an anonymous questionnaire designed based on prior knowledge about mpox and classic health behavior theories. Data on the participants' background, mpox knowledge and cognition, mpox vaccination and testing cognition, and the behavioral intention of receiving mpox vaccination and undergoing mpox testing were collected. Descriptive analysis and univariate and multivariate linear regressions were performed. Geodetector was used to measure the stratified heterogeneity of behavioral intention. RESULTS: A total of 2493 YMSM with a mean age of 24.6 (SD 2.9) years were included. The prevalence of having a behavioral intention of receiving mpox vaccination ranged from 66.2% to 88.4% by scenario, varying in epidemic status and cost. The prevalence of having an mpox testing intention was above 90% in all scenarios regardless of the presence of symptoms and the cost. The positive factors related to vaccination intention included mpox knowledge (ba=0.060, 95% CI 0.016-0.103), perceived susceptibility of mpox (ba=0.091, 95% CI 0.035-0.146), perceived severity of mpox (ba=0.230, 95% CI 0.164-0.296), emotional distress caused by mpox (ba=0.270, 95% CI 0.160-0.380), perceived benefits of mpox vaccination (ba=0.455, 95% CI 0.411-0.498), self-efficacy of mpox vaccination (ba=0.586, 95% CI 0.504-0.668), and having 1 male sex partner (ba=0.452, 95% CI 0.098-0.806), while the negative factor was perceived barriers to vaccination (ba=-0.056, 95% CI -0.090 to -0.022). The positive factors related to testing intention were perceived severity of mpox (ba=0.283, 95% CI 0.241-0.325), perceived benefits of mpox testing (ba=0.679, 95% CI 0.636-0.721), self-efficacy of mpox testing (ba=0.195, 95% CI 0.146-0.245), having 1 male sex partner (ba=0.290, 95% CI 0.070-0.510), and having in-person gatherings with MSM (ba=0.219, 95% CI 0.072-0.366), while the negative factor was emotional distress caused by mpox (ba=-0.069, 95% CI -0.137 to -0.001). CONCLUSIONS: Among Chinese YMSM, the intention of undergoing mpox testing is optimal, while the mpox vaccination intention has room for improvement. A future national response should raise YMSM's mpox knowledge, disseminate updated information about mpox and preventive measures, improve preventive service accessibility and privacy, and provide advice on positively coping with the associated emotional distress.",China; barrier; cross-sectional study; distress; emotional distress; feasibility; infection; men; men who have sex with men; monkeypox; mpox; restrictions; sex; testing; vaccination; young men who have sex with men
36179973,Monkeypox virus: An emerging epidemic.,"Alaa Aa Aljabali, Mohammad A Obeid, Mohammad B Nusair, Ali Hmedat, Murtaza M Tambuwala",Microbial pathogenesis. 2022. doi: 10.1016/j.micpath.2022.105794..,Aljabali,Microbial pathogenesis,2022,2022/09/28,,,10.1016/j.micpath.2022.105794,"INTRODUCTION: A monkeypox outbreak is spreading in territories where the virus is not generally prevalent. The rapid and sudden emergence of monkeypox in numerous nations at the same time means that unreported transmission may have persisted. The number of reported cases is on a constant increase worldwide. At least 20 non-African countries, like Canada, Portugal, Spain, and the United Kingdom, have reported more than 57662 as of September 9th suspected or confirmed cases. This is the largest epidemic seen outside of Africa. Scientists are struggling to determine the responsible genes for the higher virulence and transmissibility of the virus. Because the viruses are related, several countries have begun acquiring smallpox vaccinations, which are believed to be very effective against monkeypox. METHODS: Bibliographic databases and web-search engines were used to retrieve studies that assessed monkeypox basic biology, life cycle, and transmission. Data were evaluated and used to explain the therapeutics that are under use or have potential. Finally, here is a comparison between how vaccines are being made now and how they were made in the past to stop the spread of new viruses. CONCLUSIONS: Available vaccines are believed to be effective if administered within four days of viral exposure, as the virus has a long incubation period. As the virus is zoonotic, there is still a great deal of concern about the viral genetic shift and the risk of spreading to humans. This review will discuss the virus's biology and how dangerous it is. It will also look at how it spreads, what vaccines and treatments are available, and what technologies could be used to make vaccines quickly using mRNA technologies.",Epidemic; Infectious pathogens; Monkeypox; Outbreak; Outbreak investigation; Transmission
40170398,Asymptomatic viral shedding of mpox virus: What do we know?,Sara Almarzooqi,International journal of STD & AIDS. 2025. doi: 10.1177/09564624251332716..,Almarzooqi,International journal of STD & AIDS,2025,2025/04/01,,,10.1177/09564624251332716,,Asymptomatic; Monkeypox; Mpox; Viral shedding
36200586,"Monkeypox infection with perianal lesions, fever, and lymphadenopathy.","Luciano Ibba, Luigi Gargiulo, Casana Maddalena, Francesco Sacrini, Alessandra Narcisi, Paola Morelli, Antonio Costanzo, Luca Livio Mancini",International journal of dermatology. 2022. doi: 10.1111/ijd.16437..,Ibba,International journal of dermatology,2023,2022/10/06,,,10.1111/ijd.16437,,"[MeSH] Humans; [MeSH] Mpox, Monkeypox; [MeSH] Lymphadenopathy; [MeSH] Skin Diseases"
37995376,Variola Virus and Clade I Mpox Virus Differentially Modulate Cellular Responses Longitudinally in Monocytes During Infection.,"Victoria Wahl, Victoria A Olson, Ashley V Kondas, Peter B Jahrling, Inger K Damon, Jason Kindrachuk",The Journal of infectious diseases. 2024. doi: 10.1093/infdis/jiad516..,Wahl,The Journal of infectious diseases,2024,2024/03/26,,,10.1093/infdis/jiad516,"Variola virus (VARV), the etiological agent of smallpox, had enormous impacts on global health prior to its eradication. In the absence of global vaccination programs, mpox virus (MPXV) has become a growing public health threat that includes endemic and nonendemic regions across the globe. While human mpox resembles smallpox in clinical presentation, there are considerable knowledge gaps regarding conserved molecular pathogenesis between these 2 orthopoxviruses. Thus, we sought to compare MPXV and VARV infections in human monocytes through kinome analysis. We performed a longitudinal analysis of host cellular responses to VARV infection in human monocytes as well as a comparative analysis to clade I MPXV-mediated responses. While both viruses elicited strong activation of cell responses early during infection as compared to later time points, several key differences in cell signaling events were identified and validated. These observations will help in the design and development of panorthopoxvirus therapeutics.",cell signaling; kinome; mpox virus; orthopoxvirus; variola virus
37536929,"Retrospective testing for mpox virus in routine STI screens from men who have sex with men in England, August-October 2022.","Rachel Pitt-Kendall, Clare Foster, Michael Rayment, Beata Orzechowska, Rufat Mammadov, Suneeta Soni, Simon Mortlock, Jodie Owen, Luke Uglow, Michaela Joanne Day, Rupa Rai Gurung, Amber Savary-Trathen, Rhian Jenkins, Emma McGuire, Natalie Gordon, Sara Louise Day, Adrian M Kelly, Charlotte Goward, Kate Folkard, Hannah Charles, Hamish Mohammed, Colin S Brown, Helen Fifer",Sexually transmitted infections. 2023. doi: 10.1136/sextrans-2023-055841..,Pitt-Kendall,Sexually transmitted infections,2023,2023/08/03,,,10.1136/sextrans-2023-055841,"OBJECTIVES: A global outbreak of mpox (monkeypox) has been ongoing since 2022, with most cases in the UK detected in gay, bisexual and other men who have sex with men (GBMSM). Asymptomatic and pauci-symptomatic mpox infection has been reported outside of the UK. We aimed to investigate whether mpox could be detected in specimens from GBMSM in England who were attending sexual health services (SHSs) for asymptomatic sexually transmitted infection screening. METHODS: Anonymised, residual clinical specimens from GBMSM undertaking routine asymptomatic screening for gonorrhoea (Neisseria gonorrhoeae (NG)) and chlamydia (Chlamydia trachomatis (CT)) infection were tested for the presence of mpox virus. Specimens were collected between 1 August and 7 October 2022 from three SHSs in high-mpox incidence areas in England. Testing was performed using a dual-clade, mpox virus-specific real-time PCR. RESULTS: During the collection period, 2927 clinical specimens (951 pharyngeal swabs, 1022 urine specimens and 954 rectal swabs) were obtained from 1159 GBMSM. Mpox virus was detected in four specimens from two participants who attended the same SHS at different times (the first during the week 8-12 of August, the second during the week 19-23 of September). One participant was positive in the urine specimen only, while the other tested positive at all three sites. CONCLUSIONS: A very low prevalence (2 of 1159, 0.17%) of mpox infection was detected in GBMSM attending SHS in England for asymptomatic NG/CT screening, suggesting that undetected infection in this population was unlikely to be a main driver of transmission. Confirmed mpox cases in the UK declined from over 1100 per month in June and July to 764 cumulatively during the collection period. These data give reassurance that the observed reduction in cases during the collection period was not due to undetected infection or changes in presentation among SHS attendees. Currently, there is insufficient evidence to support routine testing of asymptomatic GBMSM for mpox infection in England.","Homosexuality, Male; INFECTION; SEXUAL HEALTH"
36833653,Safety and Efficacy of Post-Eradication Smallpox Vaccine as an Mpox Vaccine: A Systematic Review with Meta-Analysis.,"Shelia M Malone, Amal K Mitra, Nwanne A Onumah, Alexis Brown, Lena M Jones, Da'Chirion Tresvant, Cagney S Brown, Austine U Onyia, Faith O Iseguede",International journal of environmental research and public health. 2023. doi: 10.3390/ijerph20042963..,Malone,International journal of environmental research and public health,2023,2023/02/08,,,10.3390/ijerph20042963,"According to the World Health Organization, 83,339 laboratory-confirmed cases, including 72 deaths, of mpox (formerly known as monkeypox), have been reported from 110 locations globally as of 20 December 2022, making the disease a public health concern. Most of the cases (56,171, 67.4%) were reported from countries in North America. Limited data on vaccine effectiveness in the current mpox outbreak are available. However, the modified vaccinia virus (smallpox vaccine) has been predicted to prevent or reduce the severity of the mpox infection. The present study of systematic review and meta-analysis aimed to evaluate the modified vaccinia vaccine's safety and efficacy on mpox by using reported randomized clinical trials. Following guidelines from the Cochrane Collaboration and PRISMA, multiple databases including PubMed, PLOS ONE, Google Scholar, British Medical Journal, and the U. S. National Library of Medicine were searched. Out of 13,294 research articles initially identified, 187 were screened after removing duplicates. Following the inclusion and exclusion criteria, the meta-analysis included ten studies with 7430 patients. Three researchers independently assessed the risk of bias in the included study. The pooled results suggest that the vaccinia-exposed group had fewer side effects when compared to the vaccinia naïve group (odds ratio: 1.66; 95% CI: 1.07-2.57; p = 0.03). Overall, the modified vaccinia has proven safe and effective in both vaccinia naïve and previously exposed groups, with higher efficacy in the previously exposed groups.",efficacy; monkeypox; safety; smallpox; vaccine; vaccinia
35994726,"Early Estimates of Monkeypox Incubation Period, Generation Time, and Reproduction Number, Italy, May-June 2022.","Giorgio Guzzetta, Alessia Mammone, Federica Ferraro, Anna Caraglia, Alessia Rapiti, Valentina Marziano, Piero Poletti, Danilo Cereda, Francesco Vairo, Giovanna Mattei, Francesco Maraglino, Giovanni Rezza, Stefano Merler",Emerging infectious diseases. 2022. doi: 10.3201/eid2810.221126..,Guzzetta,Emerging infectious diseases,2022,2022/08/22,,,10.3201/eid2810.221126,"We analyzed the first 255 PCR-confirmed cases of monkeypox in Italy in 2022. Preliminary estimates indicate mean incubation period of 9.1 (95% CI 6.5-10.9) days, mean generation time of 12.5 (95% CI 7.5-17.3) days, and reproduction number among men who have sex with men of 2.43 (95% CI 1.82-3.26).",Italy; MPX; MPXV; generation time; incubation period; monkeypox; reproduction number; sexually transmitted infections; viruses
35931354,"Monkeypox outbreak, will it affect surgery services? - Correspondence.","Gonzalo Andrés Domínguez Alvarado, Jorge Andrés Rativa Hernández, Andrés Felipe Hortua Moreno, Jesús Manuel Eljaiek Orozco, Jessica Johana Rodríguez Cotamo, Luis Ernesto López Gómez, Sergio Serrano Gómez","International journal of surgery (London, England). 2022. doi: 10.1016/j.ijsu.2022.106809..",Domínguez,"International journal of surgery (London, England)",2022,2022/08/02,,,10.1016/j.ijsu.2022.106809,,"[MeSH] Disease Outbreaks; [MeSH] Humans; [MeSH] Mpox, Monkeypox"
37989676,Rapid and sensitive Cas13a/Cas12a-based one-pot dual-target strategy to detect monkeypox virus and its co-infected viruses.,"Xiao Wang, Qiao Rao, Zhengrong Lu, Xiaobao Deng, Rong Shen, Rui Wang, Weiyi Dong, Xianhua Qi, Zhen Jin, Youzhi Tang, Dan Du",Science bulletin. 2023. doi: 10.1016/j.scib.2023.11.023..,Wang,Science bulletin,2023,2023/11/11,,,10.1016/j.scib.2023.11.023,,"[MeSH] Monkeypox virus; [MeSH] CRISPR-Cas Systems; [MeSH] Mpox, Monkeypox"
36206864,Haemorrhagic monkeypox infection in an immunosuppressed patient with human immunodeficiency virus: beyond the pustules.,"Ana Simon-Gozalbo, Maria Gamo-Guerrero, Soledad Alonso-Garcia, Cristina Mauleon-Fernandez, Guillermo Cuevas-Tascon",Clinical microbiology and infection : the official publication of the European Society of Clinical Microbiology and Infectious Diseases. 2022. doi: 10.1016/j.cmi.2022.09.017..,Simon-Gozalbo,Clinical microbiology and infection : the official publication of the European Society of Clinical Microbiology and Infectious Diseases,2023,2022/10/04,,,10.1016/j.cmi.2022.09.017,,"[MeSH] Humans; [MeSH] Mpox, Monkeypox; [MeSH] HIV; [MeSH] Communicable Diseases; [MeSH] Immunocompromised Host"
36901430,Automated Monkeypox Skin Lesion Detection Using Deep Learning and Transfer Learning Techniques.,"Ameera S Jaradat, Rabia Emhamed Al Mamlook, Naif Almakayeel, Nawaf Alharbe, Ali Saeed Almuflih, Ahmad Nasayreh, Hasan Gharaibeh, Mohammad Gharaibeh, Ali Gharaibeh, Hanin Bzizi",International journal of environmental research and public health. 2023. doi: 10.3390/ijerph20054422..,Jaradat,International journal of environmental research and public health,2023,2023/03/01,,,10.3390/ijerph20054422,"The current outbreak of monkeypox (mpox) has become a major public health concern because of the quick spread of this disease across multiple countries. Early detection and diagnosis of mpox is crucial for effective treatment and management. Considering this, the purpose of this research was to detect and validate the best performing model for detecting mpox using deep learning approaches and classification models. To achieve this goal, we evaluated the performance of five common pretrained deep learning models (VGG19, VGG16, ResNet50, MobileNetV2, and EfficientNetB3) and compared their accuracy levels when detecting mpox. The performance of the models was assessed with metrics (i.e., the accuracy, recall, precision, and F1-score). Our experimental results demonstrate that the MobileNetV2 model had the best classification performance with an accuracy level of 98.16%, a recall of 0.96, a precision of 0.99, and an F1-score of 0.98. Additionally, validation of the model with different datasets showed that the highest accuracy of 0.94% was achieved using the MobileNetV2 model. Our findings indicate that the MobileNetV2 method outperforms previous models described in the literature in mpox image classification. These results are promising, as they show that machine learning techniques could be used for the early detection of mpox. Our algorithm was able to achieve a high level of accuracy in classifying mpox in both the training and test sets, making it a potentially valuable tool for quick and accurate diagnosis in clinical settings.",classification; deep learning; early diagnosis; image analysis; image processing; mpox
36828004,Clade IIb A.3 monkeypox virus: an imported lineage during a large global outbreak.,"Stephen D Woolley, Rebecca Lester, Karen Devine, Clare E Warrell, Natalie Groves, Michael B J Beadsworth",The Lancet. Infectious diseases. 2023. doi: 10.1016/S1473-3099(23)00120-2..,Woolley,The Lancet. Infectious diseases,2023,2023/02/21,,,10.1016/S1473-3099(23)00120-2,,"[MeSH] Humans; [MeSH] Monkeypox virus; [MeSH] Mpox, Monkeypox; [MeSH] Disease Outbreaks"
38140568,An In Silico Analysis of PCR-Based Monkeypox Virus Detection Assays: A Case Study for Ongoing Clinical Surveillance.,"Kuncheng Song, Hayden N Brochu, Qimin Zhang, Jonathan D Williams, Lakshmanan K Iyer",Viruses. 2023. doi: 10.3390/v15122327..,Song,Viruses,2023,2023/11/27,,,10.3390/v15122327,"The 2022 global Mpox outbreak swiftly introduced unforeseen diversity in the monkeypox virus (MPXV) population, resulting in numerous Clade IIb sublineages. This propagation of new MPXV mutations warrants the thorough re-investigation of previously recommended or validated primers designed to target MPXV genomes. In this study, we explored 18 PCR primer sets and examined their binding specificity against 5210 MPXV genomes, representing all the established MPXV lineages. Our results indicated that only five primer sets resulted in almost all perfect matches against the targeted MPXV lineages, and the remaining primer sets all contained 1-2 mismatches against almost all the MPXV lineages. We further investigated the mismatched primer-genome pairs and discovered that some of the primers overlapped with poorly sequenced and assembled regions of the MPXV genomes, which are consistent across multiple lineages. However, we identified 173 99% genome-wide conserved regions across all 5210 MPXV genomes, representing 30 lineages/clades with at least 80% lineage-specific consensus for future primer development and primer binding evaluation. This exercise is crucial to ensure that the current detection schemes are robust and serve as a framework for primer evaluation in clinical testing development for other infectious diseases.",in silico analysis; monkeypox; monkeypox virus; poxvirus; quantitative polymerase chain reaction
22496894,Elucidating the role of the complement control protein in monkeypox pathogenicity.,"Paul N Hudson, Joshua Self, Sonja Weiss, Zachary Braden, Yuhong Xiao, Natasha M Girgis, Ginny Emerson, Christine Hughes, Scott A Sammons, Stuart N Isaacs, Inger K Damon, Victoria A Olson",PloS one. 2012. doi: 10.1371/journal.pone.0035086..,Hudson,PloS one,2012,2012/04/09,,,10.1371/journal.pone.0035086,"Monkeypox virus (MPXV) causes a smallpox-like disease in humans. Clinical and epidemiological studies provide evidence of pathogenicity differences between two geographically distinct monkeypox virus clades: the West African and Congo Basin. Genomic analysis of strains from both clades identified a ∼10 kbp deletion in the less virulent West African isolates sequenced to date. One absent open reading frame encodes the monkeypox virus homologue of the complement control protein (CCP). This modulatory protein prevents the initiation of both the classical and alternative pathways of complement activation. In monkeypox virus, CCP, also known as MOPICE, is a ∼24 kDa secretory protein with sequence homology to this superfamily of proteins. Here we investigate CCP expression and its role in monkeypox virulence and pathogenesis. CCP was incorporated into the West African strain and removed from the Congo Basin strain by homologous recombination. CCP expression phenotypes were confirmed for both wild type and recombinant monkeypox viruses and CCP activity was confirmed using a C4b binding assay. To characterize the disease, prairie dogs were intranasally infected and disease progression was monitored for 30 days. Removal of CCP from the Congo Basin strain reduced monkeypox disease morbidity and mortality, but did not significantly decrease viral load. The inclusion of CCP in the West African strain produced changes in disease manifestation, but had no apparent effect on disease-associated mortality. This study identifies CCP as an important immuno-modulatory protein in monkeypox pathogenesis but not solely responsible for the increased virulence seen within the Congo Basin clade of monkeypox virus.","[MeSH] Animals; [MeSH] Base Sequence; [MeSH] Complement Activation; [MeSH] Complement C4b-Binding Protein; [MeSH] Disease Models, Animal; [MeSH] Gene Expression Profiling; [MeSH] Male; [MeSH] Molecular Sequence Data; [MeSH] Mpox, Monkeypox; [MeSH] Monkeypox virus; [MeSH] Open Reading Frames; [MeSH] Recombination, Genetic; [MeSH] Sciuridae; [MeSH] Viral Load; [MeSH] Viral Proteins"
39264896,Antivirals for monkeypox virus: Proposing an effective machine/deep learning framework.,"Morteza Hashemi, Arash Zabihian, Masih Hajsaeedi, Mohsen Hooshmand",PloS one. 2024. doi: 10.1371/journal.pone.0299342..,Hashemi,PloS one,2024,2024/09/12,,,10.1371/journal.pone.0299342,"Monkeypox (MPXV) is one of the infectious viruses which caused morbidity and mortality problems in these years. Despite its danger to public health, there is no approved drug to stand and handle MPXV. On the other hand, drug repurposing is a promising screening method for the low-cost introduction of approved drugs for emerging diseases and viruses which utilizes computational methods. Therefore, drug repurposing is a promising approach to suggesting approved drugs for the MPXV. This paper proposes a computational framework for MPXV antiviral prediction. To do this, we have generated a new virus-antiviral dataset. Moreover, we applied several machine learning and one deep learning method for virus-antiviral prediction. The suggested drugs by the learning methods have been investigated using docking studies. The target protein structure is modeled using homology modeling and, then, refined and validated. To the best of our knowledge, this work is the first work to study deep learning methods for the prediction of MPXV antivirals. The screening results confirm that Tilorone, Valacyclovir, Ribavirin, Favipiravir, and Baloxavir marboxil are effective drugs for MPXV treatment.","[MeSH] Antiviral Agents; [MeSH] Deep Learning; [MeSH] Monkeypox virus; [MeSH] Drug Repositioning; [MeSH] Pyrazines; [MeSH] Molecular Docking Simulation; [MeSH] Dibenzothiepins; [MeSH] Amides; [MeSH] Ribavirin; [MeSH] Triazines; [MeSH] Mpox, Monkeypox; [MeSH] Humans; [MeSH] Machine Learning; [MeSH] Morpholines; [MeSH] Pyridones"
36851107,Monkeypox (MPOX)-Related Knowledge and Vaccination Hesitancy in Non-Endemic Countries: Concise Literature Review.,"Mohamed Lounis, Abanoub Riad",Vaccines. 2023. doi: 10.3390/vaccines11020229..,Lounis,Vaccines,2023,2023/01/19,,,10.3390/vaccines11020229,"In May 2022, the world witnessed the emergence of human monkeypox (MPOX), a new zoonotic viral disease in multiple non-endemic countries. This health threat has been associated with increased anxiety, especially after the COVID-19 catastrophe. In addition, people are exposed to an unprecedented amount of information, making them vulnerable to misinformation that may lead to embracing conspiracy theories. This literature review was conducted to evaluate the levels of MPOX-related knowledge and attitudes toward its vaccination by reviewing studies indexed in MEDLINE® until 15 November 2022. A total of 16 studies conducted in non-endemic countries were included in this review, predominantly in Europe, the Middle East, and Asia. Nine studies investigated exclusively MPOX-related knowledge and awareness, and two studies were exclusively related to MPOX vaccines, while five studies dealt with both topics. The target populations were mainly healthcare professionals and the general adult population. The results revealed an unsatisfactory level of knowledge and awareness among certain groups. Regarding vaccination, the results showed that vaccine hesitancy is still common for healthcare professionals except among Chinese healthcare professionals, where the rate of vaccine acceptance was estimated at 90.1%. This review could help understand the MPOX-related knowledge and awareness and vaccine hesitancy in the first months of the emergence of the MPOX by comparing their evolution in recent studies.",awareness; knowledge; monkeypox; vaccine acceptance; vaccine hesitancy
39147396,Mpox outbreaks in Africa-we must avert another failure of global solidarity.,"Ifedayo Mo Adetifa, Madhukar Pai",BMJ (Clinical research ed.). 2024. doi: 10.1136/bmj.q1803..,Adetifa,BMJ (Clinical research ed.),2024,2024/08/15,,,10.1136/bmj.q1803,,"[MeSH] Humans; [MeSH] Africa; [MeSH] Disease Outbreaks; [MeSH] Yellow Fever; [MeSH] Global Health; [MeSH] International Cooperation; [MeSH] Mpox, Monkeypox"
36341759,Increase in interest in sexually transmitted infections on YouTube during the monkeypox outbreak in 2022: A global infodemiology study.,Paulo Ricardo Martins-Filho,"International journal of surgery (London, England). 2022. doi: 10.1016/j.ijsu.2022.106970..",Martins-Filho,"International journal of surgery (London, England)",2022,2022/10/28,,,10.1016/j.ijsu.2022.106970,,"[MeSH] Humans; [MeSH] Mpox, Monkeypox; [MeSH] Social Media; [MeSH] Infodemiology; [MeSH] Disease Outbreaks; [MeSH] Sexually Transmitted Diseases"
36942346,[Epidemiological characteristics and research progress of monkeypox in 2022].,"C X Liao, B Wang, J Lyu, L M Li",Zhonghua liu xing bing xue za zhi = Zhonghua liuxingbingxue zazhi. 2023. doi: 10.3760/cma.j.cn112338-20221118-00981..,Liao,Zhonghua liu xing bing xue za zhi = Zhonghua liuxingbingxue zazhi,2023,2023/03/10,,,10.3760/cma.j.cn112338-20221118-00981,"Monkeypox is a zoonosis caused by monkeypox virus. Monkeypox was endemic mainly in central and western Africa in the past. Since May 7, 2022, monkeypox outbreaks have been reported in many non-epidemic countries and regions around the world. As of December 25, 2022, monkeypox cases have been detected in 110 countries and areas. Moreover, human to human transmission, especially among men who have sex with men, has aroused high global concern. The incidence, transmission route and clinical characteristics of monkeypox in 2022 seemed different from those in the past. Therefore, this paper summarizes the progress in research of the changes of epidemiological characteristics of monkeypox, the clinical characteristics of monkeypox and its prevention and treatment to provide scientific evidence for the prevention and control of monkeypox.","[MeSH] Male; [MeSH] Animals; [MeSH] Humans; [MeSH] Mpox, Monkeypox; [MeSH] Homosexuality, Male; [MeSH] Sexual and Gender Minorities; [MeSH] Zoonoses; [MeSH] Disease Outbreaks"
37917680,APOBEC3 deaminase editing in mpox virus as evidence for sustained human transmission since at least 2016.,"Áine O'Toole, Richard A Neher, Nnaemeka Ndodo, Vitor Borges, Ben Gannon, João Paulo Gomes, Natalie Groves, David J King, Daniel Maloney, Philippe Lemey, Kuiama Lewandowski, Nicholas Loman, Richard Myers, Ifeanyi F Omah, Marc A Suchard, Michael Worobey, Meera Chand, Chikwe Ihekweazu, David Ulaeto, Ifedayo Adetifa, Andrew Rambaut","Science (New York, N.Y.). 2023. doi: 10.1126/science.adg8116..",O'Toole,"Science (New York, N.Y.)",2023,2023/11/02,,,10.1126/science.adg8116,"Historically, mpox has been characterized as an endemic zoonotic disease that transmits through contact with the reservoir rodent host in West and Central Africa. However, in May 2022, human cases of mpox were detected spreading internationally beyond countries with known endemic reservoirs. When the first cases from 2022 were sequenced, they shared 42 nucleotide differences from the closest mpox virus (MPXV) previously sampled. Nearly all these mutations are characteristic of the action of APOBEC3 deaminases, host enzymes with antiviral function. Assuming APOBEC3 editing is characteristic of human MPXV infection, we developed a dual-process phylogenetic molecular clock that-inferring a rate of ~6 APOBEC3 mutations per year-estimates that MPXV has been circulating in humans since 2016. These observations of sustained MPXV transmission present a fundamental shift to the perceived paradigm of MPXV epidemiology as a zoonosis and highlight the need for revising public health messaging around MPXV as well as outbreak management and control.","[MeSH] Animals; [MeSH] Humans; [MeSH] Africa, Central; [MeSH] Africa, Western; [MeSH] APOBEC Deaminases; [MeSH] Disease Outbreaks; [MeSH] Mpox, Monkeypox; [MeSH] Monkeypox virus; [MeSH] Mutation; [MeSH] Phylogeny; [MeSH] Viral Zoonoses; [MeSH] RNA Editing"
36137054,"Heavy-tailed sexual contact networks and monkeypox epidemiology in the global outbreak, 2022.","Akira Endo, Hiroaki Murayama, Sam Abbott, Ruwan Ratnayake, Carl A B Pearson, W John Edmunds, Elizabeth Fearon, Sebastian Funk","Science (New York, N.Y.). 2022. doi: 10.1126/science.add4507..",Endo,"Science (New York, N.Y.)",2022,2022/09/22,,,10.1126/science.add4507,"The outbreak of monkeypox across non-endemic regions confirmed in May 2022 shows epidemiological features distinct from previously imported outbreaks, most notably its observed growth and predominance amongst men who have sex with men (MSM). We use a transmission model fitted to empirical sexual partnership data to show that the heavy-tailed sexual partnership distribution, in which a handful of individuals have disproportionately many partners, can explain the sustained growth of monkeypox among MSM despite the absence of such patterns previously. We suggest that the basic reproduction number (R0) for monkeypox over the MSM sexual network may be substantially above 1, which poses challenges to outbreak containment. Ensuring support and tailored messaging to facilitate prevention and early detection among MSM with high numbers of partners is warranted.","[MeSH] Disease Outbreaks; [MeSH] Homosexuality, Male; [MeSH] Humans; [MeSH] Male; [MeSH] Mpox, Monkeypox; [MeSH] Social Network Analysis; [MeSH] Social Networking"
37236217,Inevitable issues in identifying mpox respiratory transmission.,Byung Uk Lee,The Lancet. Microbe. 2023. doi: 10.1016/S2666-5247(23)00140-4..,Lee,The Lancet. Microbe,2023,2023/05/23,,,10.1016/S2666-5247(23)00140-4,,"[MeSH] Humans; [MeSH] Mpox, Monkeypox"
40156483,"No Distinct Cytokine, Chemokine, and Growth Factor Blood Profile Associated With Monkeypox Virus Clade IIb Infected Patients.","Eugene Bangwen, Nicole Berens-Riha, Nicky de Vrij, Ann Ceulemans, Isabel Brosius, Elise De Vos, Thao-Thy Pham, Emmanuel Bottieau, Johan van Griensven, Palmer Masumbe Netongo, Marjan Van Esbroeck, Koen Vercauteren, Christophe Van Dijck, Wim Adriaensen, Laurens Liesenborghs",Journal of medical virology. 2025. doi: 10.1002/jmv.70320..,Bangwen,Journal of medical virology,2025,2025/04/01,,,10.1002/jmv.70320,"Previous studies indicated Clade I monkeypox virus infection to be associated with marked elevation of proinflammatory cytokines. This remains unexplored for Clade II-associated disease, which has different clinical manifestations and prognosis. We used a 65-plex cytokine, chemokine, and growth factor (CCG) panel to analyze serum samples of 100 male acute Clade IIb mpox patients and 26 healthy controls in Belgium. Cluster analyses revealed no strong or distinct CCG profiles distinguishing mpox patients from controls but suggested trends in certain cytokine modulation. Individual CCG analyses found elevated levels of cytokines (MIF, CD30, IL2R, IL18, APRIL, and TNFRII), chemokines (CCL4, CCL8, CCL22, CCL24, CXCL9, CXCL10, CXCL11, CXCL12, and CXCL13), and growth factors (HGF and VEGFA) in patients, while CCL11 and CXCL5 were significantly suppressed. We detected no differences in key proinflammatory cytokines, IL-1α, IL-1β, IL-6, IL-8 or anti-inflammatory cytokines, IL-4, IL-10, IL-13. In patients living with HIV, comparison with pre-outbreak samples showed an increase in CXCL13 and a decrease in CXCL5, CCL2, CCL24, HGF, SCF, and TWEAK. The absence of discriminatory CCG profiles in Clade IIb mpox patients compared to healthy controls suggests there may be limited clinical applications of those markers.",cytokines; immunology of mpox; monkeypox virus; mpox
29927927,Intranasal monkeypox marmoset model: Prophylactic antibody treatment provides benefit against severe monkeypox virus disease.,"Eric M Mucker, Suzanne E Wollen-Roberts, Adrienne Kimmel, Josh Shamblin, Darryl Sampey, Jay W Hooper",PLoS neglected tropical diseases. 2018. doi: 10.1371/journal.pntd.0006581..,Mucker,PLoS neglected tropical diseases,2018,2018/06/21,,,10.1371/journal.pntd.0006581,"Concerns regarding outbreaks of human monkeypox or the potential reintroduction of smallpox into an immunological naïve population have prompted the development of animal models and countermeasures. Here we present a marmoset model of monkeypox and smallpox disease utilizing a relevant poxvirus via a natural exposure route. We found that 1000 plaque forming units (PFU) of Monkeypox virus was sufficient to recapitulate smallpox disease, to include an incubation period of approximately 13 days, followed by the onset of rash, and death between 15 and 17 days. Temporally accurate manifestation of viremia and oral shedding were also features. The number of lesions ranged from no lesions to 299, the most reported in a marmoset exposed to a poxvirus. To both evaluate the efficacy of our antibodies and the applicability of the model system, marmosets were prophylactically treated with two monoclonal antibodies, c7D11 and c8A. Of three marmosets, two were completely free of disease and a single marmoset died 8 days after the mock (n = 1) or PBS control(s) (n = 2). Evaluation of the serum levels of the three animals provided a possible explanation to the animal succumbing to disease. Interestingly, more females had lesions (and a greater number of lesions) and lower viral burden (viremia and oral shedding) than males in our studies, suggesting a possible gender effect.","[MeSH] Animals; [MeSH] Antibodies, Monoclonal; [MeSH] Antibodies, Viral; [MeSH] Callithrix; [MeSH] Disease Models, Animal; [MeSH] Female; [MeSH] Humans; [MeSH] Male; [MeSH] Mpox, Monkeypox; [MeSH] Monkeypox virus; [MeSH] Viral Load"
33167496,"Monkeypox Virus in Nigeria: Infection Biology, Epidemiology, and Evolution.","Emmanuel Alakunle, Ugo Moens, Godwin Nchinda, Malachy Ifeanyi Okeke",Viruses. 2020. doi: 10.3390/v12111257..,Alakunle,Viruses,2020,2020/11/05,,,10.3390/v12111257,"Monkeypox is a zoonotic disease caused by monkeypox virus (MPXV), which is a member of orthopoxvirus genus. The reemergence of MPXV in 2017 (at Bayelsa state) after 39 years of no reported case in Nigeria, and the export of travelers' monkeypox (MPX) from Nigeria to other parts of the world, in 2018 and 2019, respectively, have raised concern that MPXV may have emerged to occupy the ecological and immunological niche vacated by smallpox virus. This review X-rays the current state of knowledge pertaining the infection biology, epidemiology, and evolution of MPXV in Nigeria and worldwide, especially with regard to the human, cellular, and viral factors that modulate the virus transmission dynamics, infection, and its maintenance in nature. This paper also elucidates the role of recombination, gene loss and gene gain in MPXV evolution, chronicles the role of signaling in MPXV infection, and reviews the current therapeutic options available for the treatment and prevention of MPX. Additionally, genome-wide phylogenetic analysis was undertaken, and we show that MPXV isolates from recent 2017 outbreak in Nigeria were monophyletic with the isolate exported to Israel from Nigeria but do not share the most recent common ancestor with isolates obtained from earlier outbreaks, in 1971 and 1978, respectively. Finally, the review highlighted gaps in knowledge particularly the non-identification of a definitive reservoir host animal for MPXV and proposed future research endeavors to address the unresolved questions.",Nigeria; Poxviridae; antiviral drugs; epidemiology; gene loss; monkeypox viruses; orthopoxviruses; phylogeny; recombination; signaling
36028337,Monkeypox: Considerations as a New Pandemic Looms.,"Matthew G Brewer, Stephanie R Monticelli, Brian M Ward",The Journal of investigative dermatology. 2022. doi: 10.1016/j.jid.2022.08.030..,Brewer,The Journal of investigative dermatology,2022,2022/08/24,,,10.1016/j.jid.2022.08.030,,"[MeSH] Humans; [MeSH] Mpox, Monkeypox; [MeSH] Pandemics"
35920493,Monkeypox: between precision public health and stigma risk.,"Álvaro Francisco Lopes de Sousa, Anderson Reis de Sousa, Inês Fronteira",Revista brasileira de enfermagem. 2022. doi: 10.1590/0034-7167.2022750501..,Sousa,Revista brasileira de enfermagem,2022,2022/08/01,,,10.1590/0034-7167.2022750501,,"[MeSH] Data Collection; [MeSH] Humans; [MeSH] Mpox, Monkeypox; [MeSH] Public Health; [MeSH] Social Stigma"
36940962,The expected economic burden on the healthcare system because of quarantining patients with monkeypox virus.,Ali Alshahrani,Saudi medical journal. 2023. doi: 10.15537/smj.2023.44.3.20220515..,Alshahrani,Saudi medical journal,2023,2023/03/01,,,10.15537/smj.2023.44.3.20220515,"Quarantine is a common public health intervention that is often used to curb pandemics of infectious diseases. Quarantine is the intentional separation of people who are either suspected or confirmed to be infected with a contagious virus from the uninfected population. The goal of this study was to determine the expected economic cost for healthcare systems due to quarantine in the case of the monkeypox virus. A systematic literature review of studies on similar virus outbreaks was performed. The findings affirm that quarantine effectively mitigates the spread of a virus outbreak, but it has high direct and indirect costs that can only be justifiable for a dangerous virus with high mortality. The monkeypox virus presents moderate risk, unlike high-risk diseases for which quarantine is mandatory. The study recommends the introduction of mass vaccination programs and public awareness and sensitization forums to inform the population about the best behavioral practices to curb the spread of monkeypox virus.",economic burden; healthcare system; monkeypox; quarantine
37339074,"Effectiveness of JYNNEOS Vaccine Against Diagnosed Mpox Infection - New York, 2022.","Eli S Rosenberg, Vajeera Dorabawila, Rachel Hart-Malloy, Bridget J Anderson, Wilson Miranda, Travis O'Donnell, Charles J Gonzalez, Meaghan Abrego, Charlotte DelBarba, Cori J Tice, Claire McGarry, Ethan C Mitchell, Michele Boulais, Bryon Backenson, Michael Kharfen, James McDonald, Ursula E Bauer",MMWR. Morbidity and mortality weekly report. 2023. doi: 10.15585/mmwr.mm7220a4..,Rosenberg,MMWR. Morbidity and mortality weekly report,2023,2023/05/19,,,10.15585/mmwr.mm7220a4,"In 2022, an international Monkeypox virus outbreak, characterized by transmission primarily through sexual contact among gay, bisexual, and other men who have sex with men (MSM), resulted in 375 monkeypox (mpox) cases in the state of New York outside of New York City (NYC).*,† The JYNNEOS vaccine (Modified Vaccinia Ankara vaccine, Bavarian Nordic), licensed by the U.S. Food and Drug Administration (FDA) against mpox as a 2-dose series, with doses administered 4 weeks apart,§ was deployed in a national vaccination campaign.¶ Before this outbreak, evidence to support vaccine effectiveness (VE) against mpox was based on human immunologic and animal challenge studies (1-3). New York State Department of Health (NYSDOH) conducted a case-control study to estimate JYNNEOS VE against diagnosed mpox in New York residents outside of NYC, using data from systematic surveillance reporting. A case-patient was defined as a man aged ≥18 years who received a diagnosis of mpox during July 24-October 31, 2022. Contemporaneous control patients were men aged ≥18 years with diagnosed rectal gonorrhea or primary syphilis and a history of male-to-male sexual contact, without mpox. Case-patients and control patients were matched to records in state immunization systems. JYNNEOS VE was estimated as 1 - odds ratio (OR) x 100, and JYNNEOS vaccination status (vaccinated versus unvaccinated) at the time of diagnosis was compared, using conditional logistic regression models that adjusted for week of diagnosis, region, patient age, and patient race and ethnicity. Among 252 eligible mpox case-patients and 255 control patients, the adjusted VE of 1 dose (received ≥14 days earlier) or 2 doses combined was 75.7% (95% CI = 48.5%-88.5%); the VE for 1 dose was 68.1% (95% CI = 24.9%-86.5%) and for 2 doses was 88.5% (95% CI = 44.1%-97.6%). These findings support recommended 2-dose JYNNEOS vaccination consistent with CDC and NYSDOH guidance.","[MeSH] Adolescent; [MeSH] Adult; [MeSH] Animals; [MeSH] Female; [MeSH] Humans; [MeSH] Male; [MeSH] Case-Control Studies; [MeSH] Homosexuality, Male; [MeSH] Mpox, Monkeypox; [MeSH] New York City; [MeSH] Sexual and Gender Minorities; [MeSH] United States; [MeSH] Vaccines; [MeSH] Antiviral Agents; [MeSH] Smallpox Vaccine; [MeSH] Vaccines, Attenuated"
37631936,Belarusian Healthcare Professionals' Views on Monkeypox and Vaccine Hesitancy.,"Abanoub Riad, Nadzeya Rybakova, Nadzeya Dubatouka, Ina Zankevich, Miloslav Klugar, Michal Koščík, Anton Drobov",Vaccines. 2023. doi: 10.3390/vaccines11081368..,Riad,Vaccines,2023,2023/08/15,,,10.3390/vaccines11081368,"BACKGROUND: Despite the low transmission risk of Monkeypox (mpox) in Belarus, this study is vital as it contributes to our understanding of vaccine hesitancy among healthcare professionals (HCPs). It aims to assess vaccination perceptions and evaluate the willingness to pay for the vaccine among Belarusian HCPs, thereby enhancing pandemic preparedness. METHODS: in October 2022, a cross-sectional survey-based study was conducted among Belarusian HCPs using a self-administered questionnaire (SAQ). Invitations were disseminated via social media platforms using a snowball sampling method. The SAQ encompassed various categories, including sociodemographic details, medical history, sources of mpox information, perceived and factual mpox knowledge, and perceptions of the mpox vaccine according to the health belief model (HBM), mpox vaccine acceptance and willingness to pay (WTP). RESULTS: while a large proportion of respondents had good knowledge of mpox epidemiology and its clinical manifestations, their awareness of available vaccines and treatment options was limited. Consequently, a significant correlation was found between the history of influenza vaccination and mpox-related knowledge. Furthermore, the study showed that just over half of the participants (51.4%) were willing to receive the mpox vaccine if offered for free, safely, and effectively, with their decision largely influenced by perceived benefits (Spearman's rho = 0.451) and cues to action (Spearman's rho = 0.349). However, a considerable degree of hesitancy (30.6%) and resistance (18.1%) towards the mpox vaccine was observed, underscoring the need for targeted interventions to address these issues. CONCLUSIONS: this study highlights a significant knowledge gap among Belarusian HCPs about mpox vaccines and treatments, despite a general awareness of the disease's epidemiology and symptoms, and it underscores the need for targeted interventions to enhance mpox knowledge and vaccine acceptance.",Republic of Belarus; cross-sectional studies; disease outbreaks; health belief model; health personnel; knowledge; monkeypox; smallpox vaccine; vaccination hesitancy
39360827,Viral genetics and transmission dynamics in the second wave of mpox outbreak in Portugal and forecasting public health scenarios.,"Rita Cordeiro, Constantino P Caetano, Daniel Sobral, Rita Ferreira, Luís Coelho, Ana Pelerito, Isabel Lopes de Carvalho, Sónia Namorado, Dinis B Loyens, Ricardo Mexia, Cândida Fernandes, José Miguel Neves, Ana Luísa João, Miguel Rocha, Luís Miguel Duque, Inês Correia, Teresa Baptista, Cláudia Brazão, Diogo Sousa, Paulo Filipe, Miguel Alpalhão, Fernando Maltez, Diana Póvoas, Raquel Pinto, João Caria, Rita Patrocínio de Jesus, Patrícia Pacheco, Francesca Peruzzu, Josefina Méndez, Luís Ferreira, Kamal Mansinho, João Vaz Alves, Joana Vasconcelos, João Domingos, Sara Casanova, Frederico Duarte, Maria João Gonçalves, Mafalda Brito Salvador, Mafalda Andresen Guimarães, Sueila Martins, Marvin Silva Oliveira, Daniela Santos, Luís Vieira, Maria Sofia Núncio, Vítor Borges, João Paulo Gomes",Emerging microbes & infections. 2024. doi: 10.1080/22221751.2024.2412635..,Cordeiro,Emerging microbes & infections,2024,2024/10/11,,,10.1080/22221751.2024.2412635,"In 2023, a second wave of the global mpox epidemic, which is mainly affecting men who have sex with men (MSM), was observed in some countries. Herein, we benefited from a large viral sequence sampling (76/121; 63%) and vast epidemiological data to characterise the re-emergence and circulation of the Monkeypox virus (MPXV) in Portugal during 2023. We also modelled transmission and forecasted public health scenarios through a compartmental susceptible-exposed-infectious-recovered (SEIR) model. Our results suggest that the 2023 mpox wave in Portugal resulted from limited introduction(s) of MPXV belonging to C.1.1 sublineage, hypothetically from Asia, followed by sustained viral transmission and potential exportation to other countries. We estimated that the contribution of the MSM high sexual activity group to mpox transmission was 120 (95% CrI: 30-3553) times higher than that of the low sexual activity group. However, among the high sexual activity group, vaccinated individuals likely contributed approximately eight times less [0.123 (95% CrI: 0.068-0.208)] than the unvaccinated ones. Vaccination was also linked to potential reduced disease severity, with a Mpox Severity Score of 6.0 in the vaccinated group compared to 7.0 in unvaccinated individuals. Scenario analysis indicated that transmission is highly sensitive to sexual behaviour, projecting that a slight increase in the MSM sub-population with high sexual activity can trigger new mpox waves. This study strongly supports that continued vaccination, targeted awareness among risk groups and routine genomic epidemiology is needed to anticipate and respond to novel MPXV threats (e.g. global dissemination of clade I viruses).",MSM; Monkeypox virus; high sexual activity; second wave; vaccination
37590957,Low CD4 Count or Being Out of Care Increases the Risk for Mpox Hospitalization Among People With Human Immunodeficiency Virus and Mpox.,"David C Philpott, Robert A Bonacci, Paul J Weidle, Kathryn G Curran, John T Brooks, George Khalil, Amanda Feldpausch, Jessica Pavlick, Pascale Wortley, Jesse G O'Shea",Clinical infectious diseases : an official publication of the Infectious Diseases Society of America. 2024. doi: 10.1093/cid/ciad482..,Philpott,Clinical infectious diseases : an official publication of the Infectious Diseases Society of America,2024,2024/03/20,,,10.1093/cid/ciad482,"Human immunodeficiency virus (HIV)-associated immunosuppression may increase the risk of hospitalization with mpox. Among persons diagnosed with mpox in the state of Georgia, we characterized the association between hospitalization with mpox and HIV status. People with HIV and a CD4 count <350 cells/mm3 or who were not engaged in HIV care had an increased risk of hospitalization.",HIV; HIV care; hospitalization; mpox; tecovirimat
38743839,Adapting an artificial intelligence sexually transmitted diseases symptom checker tool for Mpox detection: the HeHealth experience.,"Rayner Kay Jin Tan, Dilruk Perera, Salomi Arasaratnam, Yudara Kularathne",Sexual health. 2024. doi: 10.1071/SH23197..,Tan,Sexual health,2024,2024/05/01,,,10.1071/SH23197,"Artificial Intelligence (AI) applications have shown promise in the management of pandemics. In response to the global Monkeypox (Mpox) outbreak, the HeHealth.ai team leveraged an existing tool to screen for sexually transmitted diseases (STD) to develop a digital screening test for symptomatic Mpox using AI. Before the global Mpox outbreak, the team developed a smartphone app (HeHealth) where app users can use a smartphone to photograph their own penises to screen for symptomatic STD. The AI model initially used 5000 cases and a modified convolutional neural network to output prediction scores across visually diagnosable penis pathologies including syphilis, herpes simplex virus, and human papillomavirus. A total of about 22,000 users had downloaded the HeHealth app, and ~21,000 images were analysed using HeHealth AI technology. We then used formative research, stakeholder engagement, rapid consolidation images, a validation study, and implementation of the tool. A total of 1000 Mpox-related images had been used to train the Mpox symptom checker tool. Based on an internal validation, our digital symptom checker tool showed specificity of 87% and sensitivity of 90% for symptomatic Mpox. Several hurdles identified included issues of data privacy and security for app users, initial lack of data to train the AI tool, and the potential generalisability of input data. We offer several suggestions to help others get started on similar projects in emergency situations, including engaging a wide range of stakeholders, having a multidisciplinary team, prioritising pragmatism, as well as the concept that 'big data' in fact is made up of 'small data'.","[MeSH] Humans; [MeSH] Artificial Intelligence; [MeSH] Mobile Applications; [MeSH] Sexually Transmitted Diseases; [MeSH] Male; [MeSH] Smartphone; [MeSH] Mass Screening; [MeSH] Mpox, Monkeypox"
37014716,Time Scales of Human Mpox Transmission in The Netherlands.,"Fuminari Miura, Jantien A Backer, Gini van Rijckevorsel, Roisin Bavalia, Stijn Raven, Mariska Petrignani, Kylie E C Ainslie, Jacco Wallinga",The Journal of infectious diseases. 2024. doi: 10.1093/infdis/jiad091..,Miura,The Journal of infectious diseases,2024,2024/03/14,,,10.1093/infdis/jiad091,"Mpox has spread rapidly to many countries in nonendemic regions. After reviewing detailed exposure histories of 109 pairs of mpox cases in the Netherlands, we identified 34 pairs where transmission was likely and the infectee reported a single potential infector with a mean serial interval of 10.1 days (95% credible interval, 6.6-14.7 days). Further investigation into pairs from 1 regional public health service revealed that presymptomatic transmission may have occurred in 5 of 18 pairs. These findings emphasize that precaution remains key, regardless of the presence of recognizable symptoms of mpox.",Monkeypox virus; mpox; presymptomatic transmission; reproduction number; serial interval
38996570,Escalating mpox epidemic in DR Congo.,Alix Boisson-Walsh,The Lancet. Infectious diseases. 2024. doi: 10.1016/S1473-3099(24)00446-8..,Boisson-Walsh,The Lancet. Infectious diseases,2024,2024/07/09,,,10.1016/S1473-3099(24)00446-8,,"[MeSH] Humans; [MeSH] Democratic Republic of the Congo; [MeSH] Epidemics; [MeSH] Mpox, Monkeypox; [MeSH] Female; [MeSH] Male"
37195290,An Atypical Presentation of Mpox Transmitted Between Transgender Men Through Oral Sex.,"Jenna M Wick, Alex Pelliccione, Christian Lee-Rodriguez, H Nicole Tran, Patrick E McCleskey, Aran Nichol, Jacek Skarbinski",Sexually transmitted diseases. 2023. doi: 10.1097/OLQ.0000000000001831..,Wick,Sexually transmitted diseases,2023,2023/05/12,,,10.1097/OLQ.0000000000001831,"The current multicountry outbreak of mpox in 2022 is the first occurrence of widespread transmission in nonendemic countries. Prior cases in the United States involved exposure through foreign travel or direct contact with infected rodents. Reports of the current outbreak have predominately described spread through sexual encounters between cis-gender men who have sex with men. We report a unique case of mpox in which the transmission occurred through oral sex between 2 transgender men, with a short incubation period and progressive asynchronous emergence of lesions. Continued analysis of transmission routes and awareness will improve timely prevention, diagnosis and treatment.","[MeSH] Humans; [MeSH] Male; [MeSH] Transgender Persons; [MeSH] Homosexuality, Male; [MeSH] Mpox, Monkeypox; [MeSH] Sexual and Gender Minorities; [MeSH] Disease Outbreaks; [MeSH] Female"
35922201,[History of epidemiological changes of human monkeypox].,"Y N Chang, T T Shang, Q Q Tang, X R Long, R Q Zhao, H M Xu",Zhonghua er ke za zhi = Chinese journal of pediatrics. 2022. doi: 10.3760/cma.j.cn112140-20220607-00520..,Chang,Zhonghua er ke za zhi = Chinese journal of pediatrics,2022,2022/08/02,,,10.3760/cma.j.cn112140-20220607-00520,[CHI] 猴痘是由猴痘病毒引起的一种类天花样人畜共患病。人感染猴痘既往因流行区域局限，在非洲以外国家的聚集性或单病例发病均为零星发生。但最近欧美国家暴发的猴痘疫情，因传播方式和规模不同以往，引起广泛关注。既往该病在儿童中发病率及病死率较高，但随时间推移，该倾向似乎出现一些变化。鉴于目前全球多国猴痘疫情暴发及病例数不断增加，不应低估猴痘的公共卫生重要性。.,"[MeSH] Disease Outbreaks; [MeSH] Humans; [MeSH] Mpox, Monkeypox"
40630105,"Mpox unveiled: Global epidemiology, treatment advances, and prevention strategies.","Anna Bogacka, Agnieszka Wroczynska, Weronika Rymer, Paweł Grzesiowski, Ravi Kant, Maciej Grzybek, Miłosz Parczewski","One health (Amsterdam, Netherlands). 2025. doi: 10.1016/j.onehlt.2025.101030..",Bogacka,"One health (Amsterdam, Netherlands)",2025,2025/04/10,,,10.1016/j.onehlt.2025.101030,"Mpox (monkeypox), caused by the monkeypox virus (MPXV), is a zoonotic disease from the Poxviridae family, closely related to smallpox. It presents with high fever, rash, and pustules, with human-to-human transmission first reported in the Democratic Republic of Congo in 1970. Historically, such transmissions were rare, but since 2022, an alarming global surge in infections began, originating in the United Kingdom. By mid-2024, 99,176 cases and 208 deaths were reported in 116 countries, prompting the World Health Organization (WHO) to declare Mpox a Public Health Emergency of International Concern (PHEIC) twice, in 2022 and 2024. Although vaccines for smallpox have shown partial efficacy against MPOX, viral transmission persists, and there is no specific therapy or vaccine developed solely for Mpox. Current treatments rely on therapies designed for smallpox, including antivirals like tecovirimat, brincidofovir, and cidofovir. The aim of this review is to provide an updated overview of the epidemiology, clinical presentation, and management strategies of MPOX. We discuss recent progress in diagnosis, treatment, and vaccine development while addressing key prevention strategies. Mpox risk remains high in regions like the Democratic Republic of Congo, moderate in other African countries, and lower globally, particularly among men who have sex with men (MSM), where sexual transmission predominates. Diagnosis is based on clinical presentation, confirmed by PCR testing of skin lesions or swabs, while HIV testing is recommended for adults with Mpox. Preventive measures, including isolation and the use of personal protective equipment (PPE), are essential, alongside the use of two available vaccines, Jynneos and ACAM2000, which show partial efficacy against Mpox.",Clades; Monkey pox; PHEIC; Rash; Zoonoses
37567313,Monitoring of monkeypox viral DNA in Prague wastewater.,"Jana Bartáčková, Vojtěch Kouba, Alžběta Dostálková, Eliška Čermáková, Marco A Lopez Marin, Martin Chmel, Marcela Milanová, Kateřina Demnerová, Michaela Rumlová, Petr Sýkora, Jan Bartáček, Kamila Zdeňková",The Science of the total environment. 2023. doi: 10.1016/j.scitotenv.2023.166110..,Bartáčková,The Science of the total environment,2023,2023/08/09,,,10.1016/j.scitotenv.2023.166110,"Monkeypox virus (Mpxv) is a dsDNA virus that has become a global concern for human health in 2022. As both infected people and non-human hosts can shed the virus from their skin, faeces, urine and other body fluids, and the resulting sewage contains viral load representative of the whole population, it is highly promising to detect the spread of monkeypox virus in municipal wastewater. We established a methodology for sewage-based monitoring of Mpxv in Prague and analysed samples (n = 24) already early August-October of 2022 in a municipality with 1.4 million inhabitants that only reported 29 cumulative cases in this period. We isolated Mpxv DNA with the Wizard Enviro Total Nucleic Acid Kit, and thereafter detected Mpxv DNA using the EliGene® Monkeypox RT-PCR Kit. Prague wastewater was positive for Mpxv (in total 9 positive samples in periods with 1-9 new cases per week, coinciding with a weekly incidence of 0.07-0.64 per 100,000 inhabitants. The method for confirmation of wastewater positivity via semi-nested PCR and Sanger sequencing was successfully confirmed on positive controls including Mpxv particles and Mpxv-positive wastewater from the Netherlands. However, for Prague wastewater samples, amplification of Mpxv DNA via semi-semi-nested PCR was unsuccessful. This was probably due to extremely low case count, leading to the amplification of non-target bacterial DNA. Compared to other studies with much higher Mpxv prevalence, we show the outstanding sensitivity of our approach for monitoring the spread of monkeypox using wastewater.",Monkeypox; Mpox; Sewage; Virus; Wastewater-based epidemiology
37224489,Kaposi Varicelliform Eruption of Mpox in a Peeling Sunburn.,"Jennifer L Adams, Elizabeth R Schnaubelt, Angela L Hewlett, Corey J Georgesen, Scott R Lauer, Ashley Wysong, James V Lawler",Cutis. 2023. doi: 10.12788/cutis.0733..,Adams,Cutis,2023,2023/03/01,,,10.12788/cutis.0733,,"[MeSH] Humans; [MeSH] Kaposi Varicelliform Eruption; [MeSH] Sunburn; [MeSH] Mpox, Monkeypox"
41453017,A psychometric network perspective of a brief measure of fear of monkeypox.,"Tomás Caycho-Rodríguez, Lindsey W Vilca, Jonatan Baños-Chaparro, Alberto Remaycuna Vasquez, Agueda Muñoz-Del-Carpio-Toia, Luis Hualparuca-Olivera, Mario Reyes-Bossio, Carlos Carbajal-León, Antonio Ventriglio, Julio Torales","Psychology, health & medicine. 2025. doi: 10.1080/13548506.2025.2604268..",Caycho-Rodríguez,"Psychology, health & medicine",2026,2025/12/26,,,10.1080/13548506.2025.2604268,"Mpox symptoms and strategies implemented to control its spread may be associated with fear, anxiety, anger, boredom, exhaustion, social isolation, and stigma. This study aimed to evaluate the psychometric properties of the Monkeypox Fear Scale (MFS) in 421 Peruvian adults from the Piura region, based on a psychometric network model. Additionally, this study assessed the centrality, stability, and accuracy of the symptom network associated with fear of Mpox. The participants were selected through non-probability sampling, with a mean age of 26.4 years (SD = 9.3), and the majority were women (238, 56.5%). The psychometric network analysis methodology was used to assess the internal structure and reliability. Those items 1, 3, and 7 were removed because of their high redundancy levels. Network estimation was conducted using the remaining four items (4, 6, 5, and 2), forming a new version of the MFS (MFS-4) that demonstrated a single network structure (unidimensional measure), as identified through Exploratory Graph Analysis (EGA). Reliability, estimated via structural consistency, confirmed that the single network structure was replicated in 100% of cases, and the items demonstrated stability. Furthermore, the network structure of MFS-4 functioned similarly across male and female groups. Additionally, the symptom 'When I see news and stories about monkeypox on social media, I feel nervous or anxious' was identified as the most central and showed the strongest relationship with the symptom 'I am afraid of losing my life due to monkeypox'. In conclusion these findings provide a rapid, valid, and reliable measure that lays the foundation for future research on fear of Mpox and other infectious diseases in Peru.",Fear; monkeypox; nodes; psychometric networks
36676198,"Current Insights into Diagnosis, Prevention Strategies, Treatment, Therapeutic Targets, and Challenges of Monkeypox (Mpox) Infections in Human Populations.","Mitesh Patel, Mohd Adnan, Abdu Aldarhami, Abdulrahman S Bazaid, Nizar H Saeedi, Almohanad A Alkayyal, Fayez M Saleh, Ibrahim B Awadh, Amir Saeed, Khalid Alshaghdali","Life (Basel, Switzerland). 2023. doi: 10.3390/life13010249..",Patel,"Life (Basel, Switzerland)",2023,2023/01/16,,,10.3390/life13010249,"In the wake of the emergence and worldwide respread of a viral infection called Monkeypox (Mpox), there is a serious threat to the health and safety of the global population. This viral infection was endemic to the western and central parts of Africa, but has recently spread out of this endemic area to various countries, including the United Kingdom (UK), Portugal, Spain, the United States of America (USA), Canada, Sweden, Belgium, Italy, Australia, Germany, France, the Netherlands, Israel, and Mexico. This is a timely review focusing on recent findings and developments in the epidemiology, clinical features, therapeutic targets, diagnosis, prevention mechanisms, research challenges and possible treatment for Mpox. To date (29 November 2022), there have been around 81,225 reported cases of Mpox. In most cases, this illness is mild; however, there is a fatality rate ranging from 1 to 10%, which might be increased due to associated complications and/or secondary infections. There is a real challenge in the diagnosis of Mpox, since its symptoms are very similar to those of other infections, including smallpox and chickenpox. Generally, to prevent/limit the risk and transmission of Mpox, the detection and isolation of infected individuals, as well as hand hygiene and cleanliness, are essential and effective approaches to control/combat this viral infection. Nevertheless, updated information about Mpox from different angles is lacking. Thus, this review provides updated and comprehensive information about the Mpox illness, which should highlight the global burden, pathogenicity, symptoms, diagnosis, prevention measures and possible treatment of this emerging disease.",Monkeypox virus; Mpox; emerging diseases; infectious diseases; orthopoxvirus; zoonotic disease
38391232,Orally available nucleoside analog UMM-766 provides protection in a murine model of orthopox disease.,"Rajini R Mudhasani, Joseph W Golden, Gregory C Adam, Timothy J Hartingh, Krishna P Kota, David Ordonez, Corey R Quackenbush, Julie P Tran, Curtis Cline, Janice A Williams, Xiankun Zeng, David B Olsen, Linda A Lieberman, Christopher Boyce, Anthony Ginnetti, J Matthew Meinig, Rekha G Panchal, Eric M Mucker",Microbiology spectrum. 2024. doi: 10.1128/spectrum.03586-23..,Mudhasani,Microbiology spectrum,2024,2024/02/23,,,10.1128/spectrum.03586-23,"Although smallpox has been eradicated, other orthopoxviruses continue to be a public health concern as exemplified by the ongoing Mpox (formerly monkeypox) global outbreak. While medical countermeasures (MCMs) previously approved by the Food and Drug Administration for the treatment of smallpox have been adopted for Mpox, previously described vulnerabilities coupled with the questionable benefit of at least one of the therapeutics during the 2022 Mpox outbreak reinforce the need for identifying and developing other MCMs against orthopoxviruses. Here, we screened a panel of Merck proprietary small molecules and identified a novel nucleoside inhibitor with potent broad-spectrum antiviral activity against multiple orthopoxviruses. Efficacy testing of a 7-day dosing regimen of the orally administered nucleoside in a murine model of severe orthopoxvirus infection yielded a dose-dependent increase in survival. Treated animals had greatly reduced lesions in the lung and nasal cavity, particularly in the 10 µg/mL dosing group. Viral levels were also markedly lower in the UMM-766-treated animals. This work demonstrates that this nucleoside analog has anti-orthopoxvirus efficacy and can protect against severe disease in a murine orthopox model.IMPORTANCEThe recent monkeypox virus pandemic demonstrates that members of the orthopoxvirus, which also includes variola virus, which causes smallpox, remain a public health issue. While currently FDA-approved treatment options exist, risks that resistant strains of orthopoxviruses may arise are a great concern. Thus, continued exploration of anti-poxvirus treatments is warranted. Here, we developed a template for a high-throughput screening assay to identify anti-poxvirus small-molecule drugs. By screening available drug libraries, we identified a compound that inhibited orthopoxvirus replication in cell culture. We then showed that this drug can protect animals against severe disease. Our findings here support the use of existing drug libraries to identify orthopoxvirus-targeting drugs that may serve as human-safe products to thwart future outbreaks.",Mpox; monkeypox; murine; nucleoside; orthopoxvirus; smallpox; vaccinia; variola
38758816,In-silico formulation of a next-generation polyvalent vaccine against multiple strains of monkeypox virus and other related poxviruses.,"Abu Tayab Moin, Nurul Amin Rani, Rajesh B Patil, Tanjin Barketullah Robin, Md Asad Ullah, Zahidur Rahim, Md Foyzur Rahman, Talha Zubair, Mohabbat Hossain, A K M Moniruzzaman Mollah, Nurul Absar, Mahboob Hossain, Mohammed Abul Manchur, Nazneen Naher Islam",PloS one. 2024. doi: 10.1371/journal.pone.0300778..,Moin,PloS one,2024,2024/05/17,,,10.1371/journal.pone.0300778,"Mpox (formerly known as monkeypox) virus and some related poxviruses including smallpox virus pose a significant threat to public health, and effective prevention and treatment strategies are needed. This study utilized a reverse vaccinology approach to retrieve conserved epitopes for monkeypox virus and construct a vaccine that could provide cross-protection against related viruses with similar antigenic properties. The selected virulent proteins of monkeypox virus, MPXVgp165, and Virion core protein P4a, were subjected to epitope mapping for vaccine construction. Two vaccines were constructed using selected T cell epitopes and B cell epitopes with PADRE and human beta-defensins adjuvants conjugated in the vaccine sequence. Both constructs were found to be highly antigenic, non-allergenic, nontoxic, and soluble, suggesting their potential to generate an adequate immune response and be safe for humans. Vaccine construct 1 was selected for molecular dynamic simulation studies. The simulation studies revealed that the TLR8-vaccine complex was more stable than the TLR3-vaccine complex. The lower RMSD and RMSF values of the TLR8 bound vaccine compared to the TLR3 bound vaccine suggested better stability and consistency of hydrogen bonds. The Rg values of the vaccine chain bound to TLR8 indicated overall stability, whereas the vaccine chain bound to TLR3 showed deviations throughout the simulation. These results suggest that the constructed vaccine could be a potential preventive measure against monkeypox and related viruses however, further experimental validation is required to confirm these findings.","[MeSH] Humans; [MeSH] Computer Simulation; [MeSH] Epitope Mapping; [MeSH] Epitopes, B-Lymphocyte; [MeSH] Epitopes, T-Lymphocyte; [MeSH] Molecular Dynamics Simulation; [MeSH] Monkeypox virus; [MeSH] Mpox, Monkeypox; [MeSH] Poxviridae; [MeSH] Toll-Like Receptor 8; [MeSH] Viral Vaccines"
36941151,Disseminated Monkeypox Infection in a Kidney Transplant Recipient: A Case Report.,"Rose Mary Attieh, Lisa Brumble, Sammer M Elwasila, Hani M Wadei",Transplantation proceedings. 2023. doi: 10.1016/j.transproceed.2023.02.031..,Attieh,Transplantation proceedings,2023,2023/03/21,,,10.1016/j.transproceed.2023.02.031,"Monkeypox is a rapidly spreading infection worldwide and is a public health concern, especially with newly reported fatality cases. The characteristics and disease course of monkeypox infection in transplant recipients remain elusive because no case reports have been published detailing its clinical presentation and outcome in this population. We report a case of a kidney transplant recipient who developed end-stage renal disease secondary to HIV-associated nephropathy and manifested monkeypox infection after kidney transplantation. The patient had severe clinical manifestations, including disseminated vesicular skin rash, diffuse mucosal involvement, urine retention, proctitis, and bowel obstruction. We also highlight several clinical considerations regarding the use of tecovirimat, a novel antiviral therapy with activity against orthopoxviruses that has been used in the United States to treat monkeypox infection.","[MeSH] Humans; [MeSH] Mpox, Monkeypox; [MeSH] Transplant Recipients; [MeSH] Kidney Transplantation; [MeSH] Antiviral Agents; [MeSH] Benzamides"
36572481,"[Epidemiological, clinical characteristics, prevention, and control of monkeypox].","M Du, M Liu, J Liu",Zhonghua liu xing bing xue za zhi = Zhonghua liuxingbingxue zazhi. 2022. doi: 10.3760/cma.j.cn112338-20220727-00664..,Du,Zhonghua liu xing bing xue za zhi = Zhonghua liuxingbingxue zazhi,2022,2022/12/10,,,10.3760/cma.j.cn112338-20220727-00664,"The World Health Organization officially declared that monkeypox was public health emergency of international concern on July 23, 2022. Current research shows that the clades of monkeypox virus are still Clade Ⅱ in multiple countries in 2022. Monkeypox cases are mainly males, with a wide range of ages. Compared with the population in previous studies, the reported population in 2022 had an increased median age, and the proportion of men who have sex with men increased. Monkeypox is usually a self-limited disease, with fever and rash as the primary clinical symptoms. Studies had shown that compared with before 2022, the proportion of fever in 2022 decreased, and the leading site of rash changed from cheek to genital mucosa. Asymptomatic monkeypox cases were first reported in 2022. Although there are no monkeypox local cases in China and imported risk is low, with the deepening of trade exchanges between countries in the world and frequent personnel exchanges, China should pay attention to the progress of the international epidemic and make efforts on emergency response, to prevent the possible occurrence and spread of cases.","[MeSH] Male; [MeSH] Humans; [MeSH] Female; [MeSH] Homosexuality, Male; [MeSH] Sexual and Gender Minorities; [MeSH] Public Health; [MeSH] China; [MeSH] Exanthema; [MeSH] Fever; [MeSH] Mpox, Monkeypox"
37080327,Monkeypox virus declared as a global health emergency: What next for Africa's preparedness?,"Deborah Oluwaseun Shomuyiwa, Emery Manirambona",Travel medicine and infectious disease. 2023. doi: 10.1016/j.tmaid.2023.102577..,Shomuyiwa,Travel medicine and infectious disease,2023,2023/04/18,,,10.1016/j.tmaid.2023.102577,"The Monkeypox virus, declared a global emergency outbreak, has garnered increasing response globally. The African healthcare community has not translated urgency in its response to the increasing outbreak. The multisectoral influence of COVID-19 has ensured that response patterns to the emerging outbreak must hold ground for proactiveness. The push for stronger health systems reiterated with the COVID-19 pandemic ensures that a successful response requires awareness of knowledge management, multisectoral and international collaboration and strengthening of systems capacity. The intricacies of the infection transmission ensure that interventions must promote equity and justice as well as financial protection of the population.",Africa; Health promotion; Health systems; Monkeypox; Preparedness
38044724,[Monkeypox transmission and oral prevention].,"Yi Guo, Ya-Hua Kong, Ye Qin, Xiao-Fen Liu",Shanghai kou qiang yi xue = Shanghai journal of stomatology. 2023.,Guo,Shanghai kou qiang yi xue = Shanghai journal of stomatology,2023,2023/08/01,,,,"Monkeypox is becoming a viral infectious disease of global concern. WHO has reported monkeypox outbreaks in more than 50 countries. Since the first imported case has been confirmed and reported by Taiwan, China, in June 2022, the monkeypox has draw high attention from the national public health and epidemic prevention department. Among the key tasks of Shanghai high-quality healthcare development in 2023, monkeypox has been identified as one of the key infectious diseases that need to be under strict prevention and control. The diagnosis and treatment in dental department are mainly performed face-to-face, with patients' masks taken-off. Large amount of aerosol spray will be generated during the operation. At the same time, dental diagnosis and treatment is in outpatient department, where the patient flow is large. Once monkeypox patients have been diagnosed and treated in the dental diagnosis and treatment area, and the preventive measures are not implemented, it will provide convenience for monkeypox to transmit. In order to avoid this kind of situation, this article made a review of monkey-pox from the following 3 aspects: epidemic transmission history of monkeypox, systemic and oral symptoms of monkeypox, and oral prevention of monkeypox, to improve the knowledge and prevention ability of dental medical staff on monkeypox for early recognition and prevention.","[MeSH] Humans; [MeSH] Mpox, Monkeypox; [MeSH] China; [MeSH] Public Health; [MeSH] Outpatients; [MeSH] Quality of Health Care"
36758824,Monkeypox virus: A review.,"Arash Letafati, Tannaz Sakhavarz",Microbial pathogenesis. 2023. doi: 10.1016/j.micpath.2023.106027..,Letafati,Microbial pathogenesis,2023,2023/02/08,,,10.1016/j.micpath.2023.106027,"While monkeypox was previously found in Africa, the bulk of occurrences in the present outbreak are being reported in many countries. It is not yet known how this outbreak began, and as the COVID-19 crisis begins to abate, numerous nations throughout the world are now contending with a novel outbreak. Monkeypox is a transmissible virus between animals and humans, belonging to the Orthopoxvirus genus of the Poxviridae family. In the 1970s, cases of monkeypox began increasing due to the cessation of vaccination against smallpox, which drew international attention. The virus was named monkeypox because it was first observed in macaque monkeys. It is thought to be transmitted by several different rodents and small mammals, though the origin of the virus is not known. Monkeypox, while occasionally transmitted from one human to another, can be disseminated through the inhalation of droplets or through contact with the skin lesions of an infected individual. Unfortunately, there is no definitive cure for monkeypox; however, supportive care can be offered to ameliorate its symptoms. In severe cases, medications like tecovirimat may be administered. However, there are no established guidelines for symptom management in monkeypox cases. In this article we have discussed about different aspects of monkeypox including viral structure, transmission, replication, clinical manifestations, vaccination, treatment and current prevalence in the world to understand it better and give insight to the future studies.",Emerging viruses; Monkeypox; Pandemic; Poxviridae; Re-emerging viruses
37317160,"Overview of Diagnostic Methods, Disease Prevalence and Transmission of Mpox (Formerly Monkeypox) in Humans and Animal Reservoirs.","Ravendra P Chauhan, Ronen Fogel, Janice Limson",Microorganisms. 2023. doi: 10.3390/microorganisms11051186..,Chauhan,Microorganisms,2023,2023/04/30,,,10.3390/microorganisms11051186,"Mpox-formerly monkeypox-is a re-emerging zoonotic virus disease, with large numbers of human cases reported during multi-country outbreaks in 2022. The close similarities in clinical symptoms that Mpox shares with many orthopoxvirus (OPXV) diseases make its diagnosis challenging, requiring laboratory testing for confirmation. This review focuses on the diagnostic methods used for Mpox detection in naturally infected humans and animal reservoirs, disease prevalence and transmission, clinical symptoms and signs, and currently known host ranges. Using specific search terms, up to 2 September 2022, we identified 104 relevant original research articles and case reports from NCBI-PubMed and Google Scholar databases for inclusion in the study. Our analyses observed that molecular identification techniques are overwhelmingly being used in current diagnoses, especially real-time PCR (3982/7059 cases; n = 41 studies) and conventional PCR (430/1830 cases; n = 30 studies) approaches being most-frequently-used to diagnose Mpox cases in humans. Additionally, detection of Mpox genomes, using qPCR and/or conventional PCR coupled to genome sequencing methods, offered both reliable detection and epidemiological analyses of evolving Mpox strains; identified the emergence and transmission of a novel clade 'hMPXV-1A' lineage B.1 during 2022 outbreaks globally. While a few current serologic assays, such as ELISA, reported on the detection of OPXV- and Mpox-specific IgG (891/2801 cases; n = 17 studies) and IgM antibodies (241/2688 cases; n = 11 studies), hemagglutination inhibition (HI) detected Mpox antibodies in human samples (88/430 cases; n = 6 studies), most other serologic and immunographic assays used were OPXV-specific. Interestingly, virus isolation (228/1259 cases; n = 24 studies), electron microscopy (216/1226 cases; n = 18 studies), and immunohistochemistry (28/40; n = 7 studies) remain useful methods of Mpox detection in humans in select instances using clinical and tissue samples. In animals, OPXV- and Mpox-DNA and antibodies were detected in various species of nonhuman primates, rodents, shrews, opossums, a dog, and a pig. With evolving transmission dynamics of Mpox, information on reliable and rapid detection methods and clinical symptoms of disease is critical for disease management.",Mpox; Mpox diagnostics; Mpox genome sequencing; Mpox host range; Mpox transmission; orthopoxvirus; zoonosis
37376482,The Global Monkeypox (Mpox) Outbreak: A Comprehensive Review.,"Shriyansh Srivastava, Sachin Kumar, Shagun Jain, Aroop Mohanty, Neeraj Thapa, Prabhat Poudel, Krishna Bhusal, Zahraa Haleem Al-Qaim, Joshuan J Barboza, Bijaya Kumar Padhi, Ranjit Sah",Vaccines. 2023. doi: 10.3390/vaccines11061093..,Srivastava,Vaccines,2023,2023/06/12,,,10.3390/vaccines11061093,"Monkeypox (Mpox) is a contagious illness that is caused by the monkeypox virus, which is part of the same family of viruses as variola, vaccinia, and cowpox. It was first detected in the Democratic Republic of the Congo in 1970 and has since caused sporadic cases and outbreaks in a few countries in West and Central Africa. In July 2022, the World Health Organization (WHO) declared a public-health emergency of international concern due to the unprecedented global spread of the disease. Despite breakthroughs in medical treatments, vaccines, and diagnostics, diseases like monkeypox still cause death and suffering around the world and have a heavy economic impact. The 85,189 reported cases of Mpox as of 29 January 2023 have raised alarm bells. Vaccines for the vaccinia virus can protect against monkeypox, but these immunizations were stopped after smallpox was eradicated. There are, however, treatments available once the illness has taken hold. During the 2022 outbreak, most cases occurred among men who had sex with men, and there was a range of 7-10 days between exposure and the onset of symptoms. Three vaccines are currently used against the Monkeypox virus. Two of these vaccines were initially developed for smallpox, and the third is specifically designed for biological-terrorism protection. The first vaccine is an attenuated, nonreplicating smallpox vaccine that can also be used for immunocompromised individuals, marketed under different names in different regions. The second vaccine, ACAM2000, is a recombinant second-generation vaccine initially developed for smallpox. It is recommended for use in preventing monkeypox infection but is not recommended for individuals with certain health conditions or during pregnancy. The third vaccine, LC16m8, is a licensed attenuated smallpox vaccine designed to lack the B5R envelope-protein gene to reduce neurotoxicity. It generates neutralizing antibodies to multiple poxviruses and broad T-cell responses. The immune response takes 14 days after the second dose of the first two vaccines and 4 weeks after the ACAM2000 dose for maximal immunity development. The efficacy of these vaccines in the current outbreak of monkeypox is uncertain. Adverse events have been reported, and a next generation of safer and specific vaccines is needed. Although some experts claim that developing vaccines with a large spectrum of specificity can be advantageous, epitope-focused immunogens are often more effective in enhancing neutralization.",genetic clade; monkeypox virus; orthopoxvirus; pathophysiology; vaccines
36738134,Insights on Mpox virus infection immunopathogenesis.,"Amene Saghazadeh, Nima Rezaei",Reviews in medical virology. 2023. doi: 10.1002/rmv.2426..,Saghazadeh,Reviews in medical virology,2023,2023/02/03,,,10.1002/rmv.2426,"An immunocompromised status has been associated with more odds of being infected with Mpox virus (MPXV) and progressing to severe disease. This aligns with the importance of immune competence for MPXV control and clearance. We and others have previously reviewed parallels between MPXV and other viruses belonging to the Poxviridae in affecting the immune system. This article reviews studies providing direct evidence of the MPXV-immune interactions. The wide-ranging effects of MPXV on the immune system, from stimulation to modulation to memory, are broadly categorised, followed by a detailing of these effects on the immune cells and molecules, including natural killer cells, macrophages, neutrophils, lymphocytes, cytokines, interferons, chemokines, and complement.",MPXV; Mpox virus; immune system
39043012,"Profiling of viral load, antibody and inflammatory response of people with monkeypox during hospitalization: a prospective longitudinal cohort study in China.","Li Guo, Rui Song, Qiao Zhang, Danyang Li, Lan Chen, Meiyu Fang, Yan Xiao, Xinming Wang, Yanan Li, Ru Gao, Zimeng Liu, Xiaoyou Chen, Zhixia Gu, Hongxin Zhao, Jingchuan Zhong, Xueqi Chi, Guanying Wang, Yuanyuan Zhang, Ning Han, Ronghua Jin, Lili Ren, Jianwei Wang",EBioMedicine. 2024. doi: 10.1016/j.ebiom.2024.105254..,Guo,EBioMedicine,2024,2024/07/23,,,10.1016/j.ebiom.2024.105254,"BACKGROUND: The dynamics of viral shedding and the specific humoral response against monkeypox virus (MPXV) have not been well characterized in patients across their disease course during hospitalisation. The aim of this study was to determine the viral load and the levels of antibodies against MPXV using longitudinal paired-collected samples from hospitalized patients. METHODS: Patients who were hospitalised with mpox were recruited at Beijing Ditan Hospital Capital Medical University in China between June 2 and September 23, 2023. Paired samples, including samples from skin lesions, the oropharynx, saliva, faeces, urine, plasma, and serum, were serially collected at days 1, 3, 7, and 14 after admission until discharge. Not all of the patients had samples obtained at all of the timepoints. All the samples were analysed via quantitative PCR. Virus isolation was performed by using clinical samples and Vero cells. The presence of IgM, IgA, IgG, and neutralising antibodies (NAbs) against MPXV was evaluated. The first collected plasma sample was taken when the patient was hospitalised, and the levels of cytokines and chemokines were measured in the sample. The demographic data, smallpox vaccination status, history of known exposure to MPVX, HIV status and other clinical data were collected using a standard case report form. FINDINGS: A total of 510 specimens were serially collected from 39 recruited people with mpox. Among all the samples, the skin lesions had the highest viral DNA detection rates and viral loads, and the saliva samples had the second highest rates and viral loads. One day before discharge, 85% of the dry scrabs (median Ct 28.2, range 19.0-38.3) and 70% of the saliva samples (median Ct 32.4, range 24.5-38.1) were positive for viral DNA, Of which, 23.1% of dry scrabs were positive in viral culture. The rate of viral DNA detection in the oropharyngeal, saliva, and faecal samples decreased with time, while the rates in the plasma, serum, and urine samples increased quickly before 10 days post symptom onset (PSO). The median days of appearance of MPXV-IgM, MPXV-IgA, MPXV-IgG, and NAb were at 8 (interquartile range [IQR] 7-9), 9 (7-10), 12 (9-15), and 12 (9-15) PSO, respectively. The IgM, IgA, IgG, and NAb titres increased with time. Between days 11 and 21 PSO, the NAb titres were lower in people living with HIV (PWH) than in people living without HIV (PWOH). Increased NAb titres were associated with decreased viral loads in the saliva (r = 0.28, p = 0.025), faeces (r = 0.35, p = 0.021), plasma (r = 0.30, p = 0.0044), and serum samples (r = 0.37, p = 0.001). Compared with PWOH, PWH had higher plasma levels of MIP-1α, MIP-1β, G-CSF, IL-4, and FGF-basic. INTERPRETATION: The high positive viral culture rate of clinical samples of patients when they are discharged from the hospital indicates that effective public health management strategies are needed for people with mpox. The low NAb titres and high levels of cytokines in PWH shows that earlier treatment is needed to control inflammation in high-risk populations. FUNDING: National Natural Science Foundation of China, Chinese Academy of Medical Sciences, Fundamental Research Funds for the Central Universities for Peking Union Medical College, National Key R&D Program of China.",Antibody; Cytokines; Monkeypox virus; Temporal changes; Viral load
37186931,"Detection of Monkeypox Virus in Anorectal Swabs From Asymptomatic Men Who Have Sex With Men in a Sexually Transmitted Infection Screening Program in Paris, France.","Shu Yuan, Si-Cong Jiang, Zi-Lin Li",Annals of internal medicine. 2023. doi: 10.7326/L23-0023..,Yuan,Annals of internal medicine,2023,2023/05/01,,,10.7326/L23-0023,,"[MeSH] Humans; [MeSH] Male; [MeSH] France; [MeSH] HIV Infections; [MeSH] Homosexuality, Male; [MeSH] Monkeypox virus; [MeSH] Paris; [MeSH] Sexual and Gender Minorities; [MeSH] Sexually Transmitted Diseases; [MeSH] Mpox, Monkeypox"
36174773,Attitudes towards monkeypox vaccination among healthcare workers in France and Belgium: an element of complacency?,"A Gagneux-Brunon, N Dauby, O Launay, E Botelho-Nevers",The Journal of hospital infection. 2022. doi: 10.1016/j.jhin.2022.09.010..,Gagneux-Brunon,The Journal of hospital infection,2022,2022/09/26,,,10.1016/j.jhin.2022.09.010,,"[MeSH] Humans; [MeSH] Smallpox Vaccine; [MeSH] Belgium; [MeSH] Vaccination; [MeSH] Health Personnel; [MeSH] France; [MeSH] Attitude; [MeSH] Health Knowledge, Attitudes, Practice; [MeSH] Influenza Vaccines; [MeSH] Influenza, Human; [MeSH] Mpox, Monkeypox"
39321566,Systematic evaluation of the induction of efficient neutralizing antibodies by recombinant multicomponent subunit vaccines against monkeypox virus.,"Min Tan, Rongrong Zhang, Tingbo Shen, Ai Li, Xuchen Hou, Yanru Zhang, Tiantian Wang, Bin Zhang, Peng Sun, Xin Gong, Lu Li, Jianxin Wu, Jun Wu, Runfeng Zhang, Bo Liu",Vaccine. 2024. doi: 10.1016/j.vaccine.2024.126384..,Tan,Vaccine,2024,2024/09/24,,,10.1016/j.vaccine.2024.126384,"Mpox (formerly known as monkeypox), which has symptoms similar to smallpox, is a zoonotic disease caused by the monkeypox virus (MPXV). From 1 January 2022 to 31 March 2024, 117 countries, territories, or areas reported 95,226 laboratory-confirmed cases of Mpox (including 185 deaths) to the World Health Organization. However, as there is no licensed specific MPXV vaccine available globally, the vaccines currently used for mpox prevention are mostly smallpox vaccines. Thus, the rapid development of safe and effective vaccines is urgently required. In the present study, the key MPXV proteins A35, B6R, E8L, A29, M1R, and H3L were expressed and prepared using a prokaryotic expression system (Escherichia coli) and a eukaryotic expression system (yeast), and the fusion antigens A35-A29 and A35-M1R were constructed based on the dimerization characteristics of the A35 protein. By combining the antigens with aluminum hydroxide and CpG adjuvants in different combinations, we developed nine multicomponent MPXV subunit vaccine candidates. Each antigen (10 μg) and fusion antigen (20 μg) were used to immunize the mice. The first two doses produced a mean titer of 10(Petersen et al., 2016 [5]), and the third dose maintained the same potent antibody-specific response as the previous two immunizations. The protective activity of different antigen combinations was determined using the cell neutralization test of vaccinia virus (VACV), which showed that the subunit vaccine candidates with two to six components (MPXV6/5/4/3a/3b/Fa/2a) had good neutralizing activity, and antigens A35 and M1R could produce neutralizing antibodies against VACV. The neutralizing antibody titer of the fusion antigen MPXVFa (A35-M1R), detected 2 weeks after the second booster dose, was comparable with that of MPXV2a (A35 and M1R). The A35-M1R fusion protein not only provided a high level of protection as a protective antigen but also simplified the preparation of candidate antigens. In summary, we systematically investigated the different protective antigen candidates of MPXV that have been widely studied and provided critical insights into the key protective antigen composition for vaccines, thus establishing a technical and theoretical foundation for the development of MPXV subunit vaccines.",E. coli; Immunogenicity; Monkeypox virus; Neutralizing antibodies; Subunit vaccines; Yeast
36115356,Potential complications of monkeypox.,"B Jeanne Billioux, Oliver Tshiani Mbaya, James Sejvar, Avindra Nath",The Lancet. Neurology. 2022. doi: 10.1016/S1474-4422(22)00340-4..,Billioux,The Lancet. Neurology,2022,2022/10/01,,,10.1016/S1474-4422(22)00340-4,,"[MeSH] Humans; [MeSH] Mpox, Monkeypox"
40248584,[Profile of mpox cases identified during surveillance of the Kokolo health zone in Kinshasa (DRC) from August to November 2024].,"Levis Amisi Kengea, Blanche Ihekambangu Ngwakaha, Winnie Masamba Bikoki, Vally Ndumbi Temuangudi, Jean Claude Nsinga Bungiena, Jean-Jacques Kape Kalume, Anthony Mbuyi Mutombe, Angèle Wumba Mavinga",Medecine tropicale et sante internationale. 2025. doi: 10.48327/mtsi.v5i1.2025.604..,Amisi,Medecine tropicale et sante internationale,2025,2025/03/25,,,10.48327/mtsi.v5i1.2025.604,"INTRODUCTION: The Kokolo military health zone in the city of Kinshasa (DRC) is one of the areas affected by mpox, with the presence of two subclades Ia and Ib of the monkeypox virus. This study presents the results of mpox-related surveillance activities in this area. METHODS: Descriptive study of data reported by the surveillance system on the mpox epidemic in the Kokolo health zone between August and November 2024. RESULTS: Of 202 specimens (143 males, sex ratio 0.71) from individuals clinically suspected of having mpox or contacts of known cases, 25.2% were positive by PCR at the National Institute for Biomedical Research laboratory (median age 25 years, IQR 11-31). Subjects aged 18 years and older were most affected, i.e. 41/51 (80%). Of these 51 confirmed cases, 13 (26%) and 10 (20%) were from the Kokolo 2 health areas and the Kokolo camp logistics base, respectively. All confirmed cases presented with rash. Other reported symptoms were myalgia (50/51, 98%), genital rash (42/51, 82%), arthralgia (42/51, 82%), and headache (41/51, 80%). The median length of stay at the mpox treatment center was 10 days (IQR: 7-9). CONCLUSIONS: This study showed that of 202 tests performed on persons suspected of having mpox or contacts of known cases, 25.2% were positive by PCR. All confirmed cases presented with rash, with other common symptoms including myalgia, genital rash, arthralgia, and headache. These results underscore the need to strengthen surveillance and control measures for the spread of mpox, particularly in the most affected health care settings.",Democratic Republic of the Congo; Kinshasa; Kokolo; Mpox; Sub-Saharan Africa; Surveillance
36788898,Herpes and Chest Pain: Two Atypical Monkeypox Cases.,"Devin Videlefsky, Constangela Matos Noboa, Charu Ramchandani",Cureus. 2023. doi: 10.7759/cureus.33705..,Videlefsky,Cureus,2023,2023/01/12,,,10.7759/cureus.33705,"The 2022 Monkeypox Outbreak has spread globally in just a few months and has raised great concerns regarding disease recognition due to frequent atypical presentations and questions regarding the possibility of sexual transmission. In endemic countries and prior outbreaks, the clinical manifestations of monkeypox have been well documented, with cutaneous findings following a set, synchronous pattern of evolution. We present two cases of atypical monkeypox presentations in individuals living with HIV, both complicated by herpes simplex virus type 2 (HSV-2) coinfection and elevated troponins, and both demonstrating the ease with which monkeypox can be overlooked in the current outbreak.",cardiac troponin; genital lesion; herpes simplex virus infection; hiv; monkeypox; mpox
36566775,"Monkeypox outbreak in the Tel Aviv District, Israel, 2022.","Rivka Sheffer, Michal Savion, Naama Nuss, Ziva Amitai, Matanelle Salama",International journal of infectious diseases : IJID : official publication of the International Society for Infectious Diseases. 2022. doi: 10.1016/j.ijid.2022.12.023..,Sheffer,International journal of infectious diseases : IJID : official publication of the International Society for Infectious Diseases,2023,2022/12/22,,,10.1016/j.ijid.2022.12.023,"OBJECTIVES: From May-September 2022, 203 cases of monkeypox (MPX) were reported in the Tel Aviv (TA) District, Israel. We aim to report the first ongoing local transmission of MPX in Israel. METHODS: We analyzed the epidemiologic and clinical features of all cases of MPX notified to the TA District. Each case was contacted to verify the source of infection and locate potential contacts. RESULTS: All cases were men; 195 (96%) were among men having sex with men, and 171 (84%) resided in the city of TA. Median age was 35 years. One case occurred in a healthcare worker. All cases had a self-limiting disease. CONCLUSION: A combined public health campaign with vaccination against MPX of high-risk individuals leads to a decrease in disease rates. Enhanced surveillance and prevention among susceptible populations are warranted.",Epidemiology; Monkeypox; Monkeypox outbreak
38053027,The diagnostic dilemma for atypical presentation of progressive human Mpox.,"Syeda Sahra, Raul Orozco Villalobos, Brian M Scott, Deidra J Bowman, Joseph Sassine, Michelle Salvaggio, Douglas A Drevets, Nelson Iván Agudelo Higuita",BMC infectious diseases. 2023. doi: 10.1186/s12879-023-08852-2..,Sahra,BMC infectious diseases,2023,2023/12/05,,,10.1186/s12879-023-08852-2,"BACKGROUND: Human mpox has increasingly been reported worldwide since May 2022, with higher incidence in men who have sex with men (MSM) and persons living with HIV (PLHIV) with presentation typical for generalized macules and papules. CASE PRESENTATION: We are describing a case of human mpox, which presented as widespread, atypical round verrucous lesions that went undiagnosed in the community for six months and was treated with antibacterials and antifungals given the similarity to skin manifestations associated with endemic mycoses. CONCLUSIONS: Suspicion for human mpox should be high in young MSM and PLHIV who present with rash and mpox should be ruled out earlier.",Atypical rash; Human Mpox; Men who have sex with men; Persons living with HIV
36007659,"Natural history of human Monkeypox in individuals attending a sexual health clinic in Milan, Italy.","Davide Moschese, Giacomo Pozza, Andrea Giacomelli, Davide Mileto, Maria Vittoria Cossu, Martina Beltrami, Alberto Rizzo, Maria Rita Gismondo, Giuliano Rizzardini, Spinello Antinori",The Journal of infection. 2022. doi: 10.1016/j.jinf.2022.08.019..,Moschese,The Journal of infection,2023,2022/08/22,,,10.1016/j.jinf.2022.08.019,,Healing; Hiv; Non-endemic; Sexual intercourse; Symptoms onset
39694420,Nucleotide analogues and mpox: Repurposing the repurposable.,"Ashleigh Shannon, Bruno Canard",Antiviral research. 2024. doi: 10.1016/j.antiviral.2024.106057..,Shannon,Antiviral research,2025,2024/12/16,,,10.1016/j.antiviral.2024.106057,"While the COVID-19 crisis is still ongoing, a new public health threat has emerged with recent outbreaks of monkeypox (mpox) infections in Africa. Mass vaccination is not currently recommended by the World Health Organization (WHO), and antiviral treatments are yet to be specifically approved for mpox, although existing FDA-approved drugs (Tecovirimat, Brincidofovir, and Cidofovir) may be used in severe cases or for immunocompromised patients. A first-line of defense is thus drug repurposing, which was heavily attempted against SARS-CoV-2 - albeit with limited success. This review focuses on nucleoside analogues as promising antiviral candidates for targeting of the viral DNA-dependent DNA polymerase. In contrast to broad-spectrum screening approaches employed for SARS-CoV-2, we emphasize the importance of understanding the structural specificity of viral polymerases for rational selection of potential candidates. By comparing DNA-dependent DNA polymerases with other viral polymerases, we highlight the unique features that influence the efficacy and selectivity of nucleoside analogues. These structural insights provide a framework for the preselection, repurposing, optimization, and design of nucleoside analogues, aiming to accelerate the development of targeted antiviral therapies for mpox and other viral infections.","[MeSH] Antiviral Agents; [MeSH] Humans; [MeSH] Drug Repositioning; [MeSH] SARS-CoV-2; [MeSH] COVID-19 Drug Treatment; [MeSH] Nucleotides; [MeSH] COVID-19; [MeSH] Nucleosides; [MeSH] Mpox, Monkeypox"
38369446,"Monkeypox infection, 18 months later: A vanishing epidemic?","F Patauner, R Gallo, E Durante-Mangoni, L Bertolino",European journal of internal medicine. 2024. doi: 10.1016/j.ejim.2024.02.017..,Patauner,European journal of internal medicine,2024,2024/02/17,,,10.1016/j.ejim.2024.02.017,,Antiviral treatment; Clinical presentation; Epidemic; Prophylaxis; Routes of transmission; Viral spread
37018818,Epidemiological and clinical characteristics of mpox cases: reply.,"Ana Roberta Pascom, Isabella Nepomuceno de Souza, Amanda Krummenauer, Magda Machado Saraiva Duarte, Janaina Sallas, Daniela Buosi Rohlfs, Gerson Mendes Pereira, Arnaldo Correia de Medeiros, Angelica Espinosa Miranda",Epidemiologia e servicos de saude : revista do Sistema Unico de Saude do Brasil. 2023. doi: 10.1590/S2237-96222023000100029..,Pascom,Epidemiologia e servicos de saude : revista do Sistema Unico de Saude do Brasil,2023,2023/04/03,,,10.1590/S2237-96222023000100029,,"[MeSH] Humans; [MeSH] Mpox, Monkeypox; [MeSH] Brazil"
36758567,New nomenclature for mpox (monkeypox) and monkeypox virus clades.,"David Ulaeto, Alexander Agafonov, Jennifer Burchfield, Lisa Carter, Christian Happi, Robert Jakob, Eva Krpelanova, Krutika Kuppalli, Elliot J Lefkowitz, Matthew R Mauldin, Tulio de Oliveira, Bernard Onoja, James Otieno, Andrew Rambaut, Lorenzo Subissi, Adesola Yinka-Ogunleye, Rosamund F Lewis",The Lancet. Infectious diseases. 2023. doi: 10.1016/S1473-3099(23)00055-5..,Ulaeto,The Lancet. Infectious diseases,2023,2023/02/06,,,10.1016/S1473-3099(23)00055-5,,"[MeSH] Humans; [MeSH] Mpox, Monkeypox; [MeSH] Monkeypox virus"
36708724,The end of the mpox pandemic?,Talha Burki,The Lancet. Infectious diseases. 2023. doi: 10.1016/S1473-3099(23)00015-4..,Burki,The Lancet. Infectious diseases,2023,2023/02/01,,,10.1016/S1473-3099(23)00015-4,,"[MeSH] Humans; [MeSH] Mpox, Monkeypox; [MeSH] Pandemics"
40164599,Generation and characterization of neutralizing antibodies against M1R and B6R proteins of monkeypox virus.,"Yuanyuan Qu, Wanbo Tai, Enhao Ma, Qiwei Jiang, Miao Fan, Wangcheng Xiao, Chongyu Tian, Yang Liu, Jianying Liu, Xinquan Wang, Jiwan Ge, Gong Cheng",Nature communications. 2025. doi: 10.1038/s41467-025-58180-z..,Qu,Nature communications,2025,2025/04/01,,,10.1038/s41467-025-58180-z,"The global outbreak of monkeypox virus (MPXV), combined with the termination of smallpox vaccination and the lack of specific antiviral treatments, raises increasing concerns. The surface proteins M1R and B6R of MPXV are crucial for virus transmission and serve as key targets for vaccine development. In this study, a panel of human antibodies targeting M1R and B6R is isolated from a human antibody library using phage display technology. Among these antibodies, A138 against M1R and B026 against B6R show the most potent broad-spectrum neutralizing activities against MPXV and Vaccinia virus (VACV). When used in combination, A138 and B026 exhibit complementary neutralizing activity against both viruses in vitro. X-ray crystallography reveales that A138 binds to the loop regions of M1R, similar to the vulnerable epitope of 7D11 on VACV L1R. By contrast, A129 targets a more cryptic epitope, primarily comprising the β-strands of M1R. Moreover, prophylactic and therapeutic administration of A138 or B026 alone provides partial protection, while combining these two antibodies results in enhanced protection against VACV in male C57BL/6 mice. This study demonstrates of a dual-targeting strategy using two different components of the virion for the prevention and treatment of MPXV infection.","[MeSH] Antibodies, Neutralizing; [MeSH] Animals; [MeSH] Humans; [MeSH] Antibodies, Viral; [MeSH] Mice; [MeSH] Monkeypox virus; [MeSH] Crystallography, X-Ray; [MeSH] Mpox, Monkeypox; [MeSH] Female; [MeSH] Epitopes; [MeSH] Vaccinia virus; [MeSH] Mice, Inbred BALB C; [MeSH] Viral Envelope Proteins"
35963500,Human monkeypox disease.,"Gautam Srivastava, Govind Srivastava",Clinics in dermatology. 2022. doi: 10.1016/j.clindermatol.2022.08.009..,Srivastava,Clinics in dermatology,2022,2022/08/10,,,10.1016/j.clindermatol.2022.08.009,"There has been an alarming rise in human monkeypox cases during these past few months in countries where the disease is not endemic. The recent COVID-19 pandemic and the connection of the monkeypox virus with the smallpox-causing variola virus makes it highly likely to be a candidate for another human health emergency. The transmission mode is predominantly via sexual contact, especially among men who have sex with men (MSM); anogenital lesions are the most typical presentation. Although it is a disease with a self-limiting course, some patients require admission for severe anorectal pain, pharyngitis, eye lesions, kidney injury, myocarditis, or soft tissue superinfections. Antiviral therapy has been advocated, of which tecovirimat is promising in patients with comorbidities. Vaccines will be the mainstay for the present and future control of the disease.","[MeSH] Male; [MeSH] Humans; [MeSH] Homosexuality, Male; [MeSH] Pandemics; [MeSH] COVID-19; [MeSH] Sexual and Gender Minorities; [MeSH] Benzamides; [MeSH] Mpox, Monkeypox"
36503476,Human monkeypox: a comparison of the characteristics of the new epidemic to the endemic disease.,"Sharon Sukhdeo, Sharmistha Mishra, Sharon Walmsley",BMC infectious diseases. 2022. doi: 10.1186/s12879-022-07900-7..,Sukhdeo,BMC infectious diseases,2022,2022/12/12,,,10.1186/s12879-022-07900-7,"In May 2022, a new global outbreak of mpox (formerly, human monkeypox) emerged that was declared a public health emergency of international concern by the World Health Organization on July 23, 2022. With new patterns of person-to-person spread within sexual networks in nonendemic countries and several differences from the classic disease course, we performed a comprehensive review of existing literature on human monkeypox to discuss epidemiology, modes of transmission, clinical presentation and asymptomatic infection, diagnostics, therapeutics, and vaccines with the primary aim to identify important areas for future research of this new epidemic form of the disease. A comprehensive literature search was performed of all published literature to August 15, 2022. Historically, in regions of monkeypox virus endemicity, human outbreaks have occurred related to discrete zoonotic events. The animal reservoir is unknown, but the virus has been isolated from rodents. Traditionally, transmission occurred by direct or indirect contact with an infected animal. In nonendemic countries affected in the 2022 outbreak, almost exclusive person-to-person spread has been observed, and most cases are connected to sexual networks of gay, bisexual, and other men who have sex with men. After an incubation period of approximately 13 days, in traditional human cases affected persons developed a febrile prodrome preceding a rash that started on the face and body, spread centrifugally to the palms and soles and healed monomorphically over two to four weeks. However, in the 2022 outbreak, the febrile illness is often absent or occurs after the onset of the rash. The rash presents primarily in the anogenital region and face before disseminating throughout the body, with lesions displaying regional pleomorphism. There is a paucity of data for the role of antiviral agents or vaccines. The epidemiology and clinical course of mpox has changed in the 2022 epidemic from that observed with the endemic disease. There is an urgent need to establish rapid and collaborative research platforms to diagnose, treat and prevent disease and inform important public health and other strategies to stop the spread of disease.",Brincidofovir; Human monkeypox; Narrative review; Orthopoxvirus; Tecovirimat; Vaccine
36037315,Severe disseminated clinical presentation of monkeypox virus infection in an immunosuppressed patient: first death report in Brazil.,"Yargos Rodrigues Menezes, Alexandre Braga de Miranda",Revista da Sociedade Brasileira de Medicina Tropical. 2022. doi: 10.1590/0037-8682-0392-2022..,Menezes,Revista da Sociedade Brasileira de Medicina Tropical,2022,2022/08/29,,,10.1590/0037-8682-0392-2022,"Since May 2022, the number of monkeypox virus infections has sharply increased in countries where the disease has not been previously endemic. At present, most reports refer to low-severity cases. Herein, we present a severe case of the disease with disseminated skin lesions that progressed to death in an immunosuppressed patient in Belo Horizonte, Minas Gerais, Brazil.","[MeSH] Animals; [MeSH] Brazil; [MeSH] Humans; [MeSH] Immunocompromised Host; [MeSH] Mpox, Monkeypox; [MeSH] Monkeypox virus"
37315514,"CROI 2023: Epidemiology, Diagnosis, and Management of MPox.",Jason Zucker,Topics in antiviral medicine. 2023. doi: 10.3201/eid2206.150579..,Zucker,Topics in antiviral medicine,2023,2023/05/01,,,10.3201/eid2206.150579,"The 2023 Conference on Retroviruses and Opportunistic Infections (CROI) emphasized emerging infectious diseases such as COVID-19 and mpox. Despite emerging from countries in which it was endemic only 9 months before the conference, mpox was well covered, with more than 60 presentations addressing various topics. There was a focus on the rapid development and implementation of tests to reduce the time to diagnosis, as well as multiplex panels to increase the accuracy of differential diagnosis. Presenters also highlighted the ability to diagnose mpox from multiple compartments, such as with rectal and pharyngeal swabs, and provided crucial information on the duration of positivity that may impact isolation requirements. Clinical experiences were described, including risk factors for severe disease and syndemic management. High rates of concomitant sexually transmitted infection (STI) were reported. Finally, prevention was a key topic, with presenters pointing to the contributions of individual behavioral changes and vaccine efficacy to reducing new cases.","[MeSH] Humans; [MeSH] Mpox, Monkeypox; [MeSH] COVID-19; [MeSH] Diagnosis, Differential; [MeSH] Communicable Diseases, Emerging; [MeSH] Retroviridae Infections; [MeSH] COVID-19 Testing"
38462475,Mpox Illness Narratives: Stigmatising Care and Recovery During and After an Emergency Outbreak.,"Anthony K J Smith, Daniel Storer, Kari Lancaster, Bridget Haire, Christy E Newman, Sara Paparini, James MacGibbon, Vincent J Cornelisse, Timothy R Broady, Timmy Lockwood, Anna McNulty, Valerie Delpech, Martin Holt",Qualitative health research. 2024. doi: 10.1177/10497323241234482..,Smith,Qualitative health research,2024,2024/03/10,,,10.1177/10497323241234482,"In May 2022, a global outbreak of mpox (formerly monkeypox virus) affected thousands of mainly gay and bisexual men. Mpox is usually a time-limited illness that can involve fever, pain, and skin lesions, but may require hospitalisation. There is scant research into the firsthand experiences of people affected by mpox, including experiences of symptoms, healthcare, and recovery. This study considers the different illness narratives of people who experienced mpox in Australia in 2022. In-depth interviews and 6-month follow-up interviews were conducted with 16 people, including 13 people diagnosed with mpox and three close contacts. All participants were cisgender gay or bisexual men living in Australia. Participants' accounts described minor to severe periods of sickness, negative and stigmatising experiences engaging with healthcare, and some participants experienced long-term effects on their sexual well-being and complications from mpox. The emergency outbreak context meant that mpox was highly distressing, making it difficult to manage and producing varying forms of disruption to everyday life. Mpox was narrated as disruptive in different ways: as a minor interruption to holiday plans, a prolonged period of poor health, or a biographically disruptive event prompting a re-evaluation of sexual values and health. This analysis demonstrates that an unfamiliar emergent disease outbreak related to sexual practices and sociality can reconfigure personal life and sexual well-being, suggesting a need to focus on providing quality patient care in outbreaks of mpox and other infectious diseases.",biographical disruption; gay and bisexual men; mpox; public health; sociology; stigma
38146310,"The Global Health Threat of Monkeypox Virus: Understanding Its Biology, Transmission, and Potential Therapeutic Interventions.","Yan He, Ying Tang, Caiyun Wang, Zilie Zhou, Wei Li, Man Tian",Infection and drug resistance. 2023. doi: 10.2147/IDR.S438725..,He,Infection and drug resistance,2023,2023/12/21,,,10.2147/IDR.S438725,"Monkeypox virus (MPXV), a member of the Orthopoxvirus genus, shares its genus with Variola virus (VARV), the causative agent of smallpox, and Vaccinia virus (VACV), used for smallpox vaccination. While smallpox has been eradicated, MPXV and related poxviruses continue to pose a global health threat. Monkeypox (Mpox), similar in clinical presentation to smallpox but milder, is endemic in Central and West Africa. Sporadic outbreaks emphasize the potential for wider dissemination. Understanding their biology, transmission, immune evasion, and clinical features informs disease control strategies. The intersection of medical innovation and biotechnology with poxviruses underscores their importance in both disease and scientific advancement. Further research is essential to enhance prevention, management, and therapeutic interventions for these viruses.",biology; biotechnology; epidemiology; monkeypox; poxviruses; vaccines and antivirals
35960457,Monkeypox in-patients with severe anal pain.,"Frieder Pfäfflin, Daniel Wendisch, Roland Scherer, Linda Jürgens, Gisèle Godzick-Njomgang, Eva Tranter, Pinkus Tober-Lau, Miriam Songa Stegemann, Victor Max Corman, Florian Kurth, Dirk Schürmann",Infection. 2022. doi: 10.1007/s15010-022-01896-7..,Pfäfflin,Infection,2023,2022/08/12,,,10.1007/s15010-022-01896-7,"Berlin is amongst the cities most affected by the current monkeypox outbreak. Here, we report clinical characteristics of the first patients with confirmed monkeypox admitted to our center. We analyzed anamnestic, clinical, and laboratory data. Within a period of 2 weeks, six patients were hospitalized in our unit. All were MSM and had practiced condomless receptive anal intercourse in the weeks preceding admission. The chief complaint in all patients but one was severe anal pain unprecedented in severity. Investigations revealed proctitis, as well as anal and rectal ulcers with detection of monkeypox virus. Our findings support the hypothesis that sexual transmission plays a role in the current outbreak.",Germany; HIV; MPX; MPXV; MSM; Monkeypox
35969863,"Detection of Monkeypox Virus in Anorectal Swabs From Asymptomatic Men Who Have Sex With Men in a Sexually Transmitted Infection Screening Program in Paris, France.","Valentine Marie Ferré, Antoine Bachelard, Meryem Zaidi, Laurence Armand-Lefevre, Diane Descamps, Charlotte Charpentier, Jade Ghosn",Annals of internal medicine. 2022. doi: 10.7326/M22-2183..,Ferré,Annals of internal medicine,2022,2022/08/16,,,10.7326/M22-2183,,"[MeSH] Humans; [MeSH] Male; [MeSH] HIV Infections; [MeSH] Monkeypox virus; [MeSH] Paris; [MeSH] Prevalence; [MeSH] Sexual and Gender Minorities; [MeSH] Sexually Transmitted Diseases; [MeSH] Mpox, Monkeypox"
37640189,Exploring the whole proteome of monkeypox virus to design B cell epitope-based oral vaccines using immunoinformatics approaches.,Manisha Pritam,International journal of biological macromolecules. 2023. doi: 10.1016/j.ijbiomac.2023.126498..,Pritam,International journal of biological macromolecules,2023,2023/08/26,,,10.1016/j.ijbiomac.2023.126498,"In the last few months 85,536 cases and 91 deaths were reported for monkeypox disease from 110 and 71 locations from all over the world, correspondingly. The vaccines of other viruses that belong to the Poxviridae family were recommended for monkeypox. There is no licensed vaccine available for monkeypox that originated from monkeypox virus. In the present study, using the reverse vaccinology approach we have performed whole proteome analysis of monkeypox virus to screen out the potential antigenic proteins that can be used as vaccine candidates. We have also designed 12 B cell epitopes-based vaccine candidates using immunoinformatics approach. We have found a total 15 potential antigenic proteins out of which 14 antigens are novel and can be used for further vaccine development against monkeypox. We have performed the physicochemical properties, antigenic, immunogenic and allergenicity prediction of the designed vaccine candidates MPOXVs (MPOXV1-MPOXV12). Further, we have performed molecular docking, in silico immune simulation and cloning of MPOXVs. All MPOXVs are potential vaccine candidate that can potentially activate the innate, cellular, and humoral immune response. However, further experimental validation is required before moving to clinical trials. This is the first oral vaccine reported for monkeypox virus derived from monkeypox proteins.",Immunoinformatics; Monkeypox virus; Vaccine design
39313259,Vaccination to prevent mpox.,"Nick Andrews, Sema Mandal",BMJ (Clinical research ed.). 2024. doi: 10.1136/bmj.q2057..,Andrews,BMJ (Clinical research ed.),2024,2024/09/23,,,10.1136/bmj.q2057,,"[MeSH] Humans; [MeSH] Vaccination; [MeSH] Mpox, Monkeypox"
40194912,Strengthening the response to the monkeypox outbreak in Africa: addressing critical gaps and challenges.,"Ibrahim Nagmeldin Hassan, Nagmeldin Abuassa, Mohamed Ibrahim",Pathogens and global health. 2025. doi: 10.1080/20477724.2025.2490906..,Hassan,Pathogens and global health,2025,2025/04/07,,,10.1080/20477724.2025.2490906,,Mpox (monkeypox); emergency funding; outbreak response; public health emergency; surveillance; travel impacts; vaccine distribution
35985514,"Monkeypox in pregnancy: virology, clinical presentation, and obstetric management.","Pradip Dashraath, Karin Nielsen-Saines, Anne Rimoin, Citra N Z Mattar, Alice Panchaud, David Baud",American journal of obstetrics and gynecology. 2022. doi: 10.1016/j.ajog.2022.08.017..,Dashraath,American journal of obstetrics and gynecology,2022,2022/08/17,,,10.1016/j.ajog.2022.08.017,"The 2022 monkeypox outbreak, caused by the zoonotic monkeypox virus, has spread across 6 World Health Organization regions (the Americas, Africa, Europe, Eastern Mediterranean, Western Pacific, and South-East Asia) and was declared a public health emergency of international concern on July 23, 2022. The global situation is especially concerning given the atypically high rate of person-to-person transmission, which suggests viral evolution to an established human pathogen. Pregnant women are at heightened risk of vertical transmission of the monkeypox virus because of immune vulnerability and natural depletion of population immunity to smallpox among reproductive-age women, and because orthopoxviral cell entry mechanisms can overcome the typically viral-resistant syncytiotrophoblast barrier within the placenta. Data on pregnancy outcomes following monkeypox infection are scarce but include reports of miscarriage, intrauterine demise, preterm birth, and congenital infection. This article forecasts the issues that maternity units might face and proposes guidelines to protect the health of pregnant women and fetuses exposed to the monkeypox virus. We review the pathophysiology and clinical features of monkeypox infection and discuss the obstetrical implications of the unusually high prevalence of anogenital lesions. We describe the use of real-time polymerase chain reaction tests from mucocutaneous and oropharyngeal sites to confirm infection, and share an algorithm for the antenatal management of pregnant women with monkeypox virus exposure. On the basis of the best available knowledge from prenatal orthopoxvirus infections, we discuss the sonographic features of congenital monkeypox and the role of invasive testing in establishing fetal infection. We suggest a protocol for cesarean delivery to avoid the horizontal transmission of the monkeypox virus at birth and address the controversy of mother-infant separation in the postpartum period. Obstetrical concerns related to antiviral therapy with tecovirimat and vaccinia immune globulin are highlighted, including the risks of heart rate-corrected QT-interval prolongation, inaccuracies in blood glucose monitoring, and the predisposition to iatrogenic venous thromboembolism. The possibility of monkeypox vaccine hesitancy during pregnancy is discussed, and strategies are offered to mitigate these risks. Finally, we conclude with a research proposal to address knowledge gaps related to the impact of monkeypox infection on maternal, fetal, and neonatal health.",ACAM2000; COVID-19; MVA-BN; World Health Organization; antiviral; chickenpox; cidofovir; cowpox; emerging pathogen; miscarriage; monkeypox; obstetrical management; orthopoxvirus; outbreak; pregnancy; rash; sexual transmission; smallpox; tecovirimat; vaccine; vaccinia immune globulin; vaccinia virus; varicella-zoster; vertical transmission; zoonosis
36520947,Structure of monkeypox virus DNA polymerase holoenzyme.,"Qi Peng, Yufeng Xie, Lu Kuai, Han Wang, Jianxun Qi, George F Gao, Yi Shi","Science (New York, N.Y.). 2022. doi: 10.1126/science.ade6360..",Peng,"Science (New York, N.Y.)",2023,2022/12/15,,,10.1126/science.ade6360,"The World Health Organization declared mpox (or monkeypox) a public health emergency of international concern in July 2022, and prophylactic and therapeutic measures are in urgent need. The monkeypox virus (MPXV) has its own DNA polymerase F8, together with the processive cofactors A22 and E4, constituting the polymerase holoenzyme for genome replication. Here, we determined the holoenzyme structure in complex with DNA using cryo-electron microscopy at the global resolution of ~2.8 angstroms. The holoenzyme possesses an architecture that suggests a ""forward sliding clamp"" processivity mechanism for viral DNA replication. MPXV polymerase has a DNA binding mode similar to that of other B-family DNA polymerases from different species. These findings reveal the mechanism of the MPXV genome replication and may guide the development of anti-poxvirus drugs.","[MeSH] Humans; [MeSH] Cryoelectron Microscopy; [MeSH] DNA Replication; [MeSH] DNA, Viral; [MeSH] DNA-Directed DNA Polymerase; [MeSH] Holoenzymes; [MeSH] Mpox, Monkeypox; [MeSH] Monkeypox virus; [MeSH] Virus Replication"
36039839,Unprecedented rise of monkeypox in Europe and America: Are Asian countries ready for a new outbreak during the ongoing COVID-19 pandemic?,"Sakirul Khan, Sheikh Mohammad Fazle Akbar, Takaaki Yahiro, Mamun Al Mahtab, Kazunori Kimitsuki, Akira Nishizono",Journal of global health. 2022. doi: 10.7189/jogh.12.03066..,Khan,Journal of global health,2022,2022/08/31,,,10.7189/jogh.12.03066,,"[MeSH] COVID-19; [MeSH] Disease Outbreaks; [MeSH] Europe; [MeSH] Humans; [MeSH] Mpox, Monkeypox; [MeSH] Pandemics"
38942421,"Mpox: Virus behind new DRC outbreak is most dangerous strain yet, experts warn.",Owen Dyer,BMJ (Clinical research ed.). 2024. doi: 10.1136/bmj.q1454..,Dyer,BMJ (Clinical research ed.),2024,2024/06/28,,,10.1136/bmj.q1454,,"[MeSH] Humans; [MeSH] Disease Outbreaks; [MeSH] Democratic Republic of the Congo; [MeSH] Mpox, Monkeypox; [MeSH] SARS-CoV-2; [MeSH] COVID-19"
40698517,Harnessing Artificial Intelligence and Innovative Vaccines for Mpox Diagnosis and Control: A Comprehensive Narrative Review.,"Excel Onajite Ernest-Okonofua, Zainab Abdullahi Zubairu, Malik Olatunde Oduoye, Maryam Tariq, Syed Muhammad, Zainab Siddiqua, Monica Vuyyuru, Benjamin Wafula, Riaz Akhtar, Abdulbasit Fasasi, Samuel Chinonso Ubechu, Bakare Sikiru Olayinka",Journal of primary care & community health. 2025. doi: 10.1177/21501319251357701..,Ernest-Okonofua,Journal of primary care & community health,2025,2025/07/23,,,10.1177/21501319251357701,"BACKGROUND: The re-emergence of monkeypox (mpox) has triggered a global alert and galvanized efforts toward a scientific reappraisal of the disease. AIM: This study aims to provide a review of the use of Artificial Intelligence (AI) and novel vaccines in reducing the burden of mpox. METHODOLOGY: A narrative review was conducted according to Preferred Reporting Items for Systematic reviews and Meta-Analyses (PRISMA) guidelines through electronic databases including PubMed, Google Scholar, ResearchGate, and Web of Science (WOS), using keywords such as Mpox, machine learning, deep learning, diagnosis and novel vaccines between the last 5 years (2019-2024). Included studies comprised clinical trials, cross-sectional studies, systematic reviews, meta-analyses, case reports, and case series written in the English language. RESULT: The diagnosis of mpox has been greatly aided by the use of AI, including machine learning (ML), deep learning (DL), artificial neural network (ANN), convolutional neural network (CNN), and transfer learning (TL). AI can help with the development of novel diagnostic tests, increasing the accuracy and speed of mpox detection, which is critical for successful epidemic management. Reported model accuracies for mpox lesion classification and disease trend prediction ranged from 83 to 99.8%, underscoring the high potential of AI-based tools in this field. Vaccines developed against smallpox, such as ACAM2000, LC16m8, and MVA-BN (JYNNEOS), have shown partial efficacy in preventing mpox transmission, providing cross-protection against mpox due to the genetic similarity between the 2 viruses. CONCLUSION: AI has proven to be significant in mpox detection, treatment, and prevention. Future directions should be focused on healthcare professionals to establish the validity and reliability of the models, a measure of the algorithm's robustness, and the continuous auditing of AI systems.",deep learning; detection; diagnosis; identification; machine learning; mpox; novel vaccines
41992235,A dynamically consistent discrete-time model for monkeypox transmission with implications for quarantine policies.,"Kemal Türk, Mehmet Gümüş",BMC public health. 2026. doi: 10.1186/s12889-026-27116-7..,Türk,BMC public health,2026,2026/04/16,,,10.1186/s12889-026-27116-7,,Decision-support modeling; Discrete-time epidemic model; Monkeypox (Mpox); Nonstandard finite difference scheme; Numerical stability; Quarantine strategies; Zoonotic disease transmission
36058226,Monkeypox virus infections in children in Spain during the first months of the 2022 outbreak.,"David Aguilera-Alonso, José Antonio Alonso-Cadenas, Marc Roguera-Sopena, Nicola Lorusso, Lucía García San Miguel, Cristina Calvo",The Lancet. Child & adolescent health. 2022. doi: 10.1016/S2352-4642(22)00250-4..,Aguilera-Alonso,The Lancet. Child & adolescent health,2022,2022/09/02,,,10.1016/S2352-4642(22)00250-4,,"[MeSH] Child; [MeSH] Disease Outbreaks; [MeSH] Humans; [MeSH] Mpox, Monkeypox; [MeSH] Monkeypox virus; [MeSH] Spain"
41573487,Atypical Mpox Presentation With Proctitis in a Puerto Rican Patient: A Case Report.,"Valeria E López Martínez, Melvin Arroyo Flores, Kimberly N Pagán Reyes, Fabián Mercado Nieves, Janiabeth Vega Maldonado",Cureus. 2025. doi: 10.7759/cureus.99869..,López,Cureus,2025,2025/12/22,,,10.7759/cureus.99869,"Mpox, formerly known as Monkeypox, is a viral illness that has spread beyond its previous endemic areas and is now reported in the Caribbean. This report describes a 32-year-old man from Puerto Rico with a history of Herpes simplex virus and human papillomavirus who went to the emergency room with pelvic pain, fever, fatigue, rash, and constipation. Three days later, the rash turned into pustules. A CT scan showed rectal inflammation, and PCR testing confirmed Mpox infection. The patient had recently traveled to Minnesota and reported unprotected sexual contact with an unknown male partner approximately one week before his symptoms began. Initially, the presentation was attributed to bacterial proctitis, which delayed the correct diagnosis. After supportive care with antivirals and topical treatment, symptoms improved, and he was discharged with home isolation instructions. This case illustrates how Mpox can resemble other sexually transmitted infections and highlights the importance of including it in the differential diagnosis when evaluating patients in Puerto Rico, where it is still uncommon. Because atypical Mpox may present with limited lesions, minimal systemic symptoms, and early anorectal complaints, it can be mistaken for more common STIs, underscoring the need for clinicians in low-incidence regions to remain vigilant.",hpv; hsv; monkeypox virus; mpox virus; orthopoxvirus; proctitis; puerto rico
36273642,A complicated case of monkeypox and viral shedding characteristics.,"Mahir Kapmaz, Derya Salim Uymaz, Gulin Ozcan, Tayfun Barlas, Gulen Guney-Esken, Mete Manici, Şiran Keske, Mert Kuşkucu, Füsun Can, Önder Ergönül",The Journal of infection. 2022. doi: 10.1016/j.jinf.2022.10.020..,Kapmaz,The Journal of infection,2023,2022/10/21,,,10.1016/j.jinf.2022.10.020,,"[MeSH] Animals; [MeSH] Humans; [MeSH] Disease Models, Animal; [MeSH] Mpox, Monkeypox; [MeSH] Virus Shedding; [MeSH] Male; [MeSH] Adult"
37733994,"Countering Mpox Vaccination Disparities in Los Angeles County, California, May-December 2022.","Auguste Brihn, Nava Yeganeh, Sonali Kulkarni, Olivia Moir, Saloniki Madrid, Mario Perez, Rita Singhal, Andrea A Kim",American journal of public health. 2023. doi: 10.2105/AJPH.2023.307409..,Brihn,American journal of public health,2023,2023/09/21,,,10.2105/AJPH.2023.307409,"Providing equitable access to vaccines for individuals at risk for mpox was critical for containing the 2022 mpox outbreak in Los Angeles County, California. Eligible non-Hispanic Black/African American and Latinx individuals had lower vaccine uptake than did non-Hispanic White individuals, despite having higher mpox case rates. Strategies to address disparities in vaccine uptake included using familiar messaging technology to reach individuals at risk for mpox, using partnerships with community-based organizations to raise mpox awareness, and bringing vaccines to locations convenient to at-risk individuals to improve access. (Am J Public Health. 2023;113(12):1258-1262. https://doi.org/10.2105/AJPH.2023.307409).","[MeSH] Humans; [MeSH] Smallpox Vaccine; [MeSH] Los Angeles; [MeSH] Mpox, Monkeypox; [MeSH] Ethnicity; [MeSH] Vaccination"
20805472,Major increase in human monkeypox incidence 30 years after smallpox vaccination campaigns cease in the Democratic Republic of Congo.,"Anne W Rimoin, Prime M Mulembakani, Sara C Johnston, James O Lloyd Smith, Neville K Kisalu, Timothee L Kinkela, Seth Blumberg, Henri A Thomassen, Brian L Pike, Joseph N Fair, Nathan D Wolfe, Robert L Shongo, Barney S Graham, Pierre Formenty, Emile Okitolonda, Lisa E Hensley, Hermann Meyer, Linda L Wright, Jean-Jacques Muyembe",Proceedings of the National Academy of Sciences of the United States of America. 2010. doi: 10.1073/pnas.1005769107..,Rimoin,Proceedings of the National Academy of Sciences of the United States of America,2010,2010/08/30,,,10.1073/pnas.1005769107,"Studies on the burden of human monkeypox in the Democratic Republic of the Congo (DRC) were last conducted from 1981 to 1986. Since then, the population that is immunologically naïve to orthopoxviruses has increased significantly due to cessation of mass smallpox vaccination campaigns. To assess the current risk of infection, we analyzed human monkeypox incidence trends in a monkeypox-enzootic region. Active, population-based surveillance was conducted in nine health zones in central DRC. Epidemiologic data and biological samples were obtained from suspected cases. Cumulative incidence (per 10,000 population) and major determinants of infection were compared with data from active surveillance in similar regions from 1981 to 1986. Between November 2005 and November 2007, 760 laboratory-confirmed human monkeypox cases were identified in participating health zones. The average annual cumulative incidence across zones was 5.53 per 10,000 (2.18-14.42). Factors associated with increased risk of infection included: living in forested areas, male gender, age < 15, and no prior smallpox vaccination. Vaccinated persons had a 5.2-fold lower risk of monkeypox than unvaccinated persons (0.78 vs. 4.05 per 10,000). Comparison of active surveillance data in the same health zone from the 1980s (0.72 per 10,000) and 2006-07 (14.42 per 10,000) suggests a 20-fold increase in human monkeypox incidence. Thirty years after mass smallpox vaccination campaigns ceased, human monkeypox incidence has dramatically increased in rural DRC. Improved surveillance and epidemiological analysis is needed to better assess the public health burden and develop strategies for reducing the risk of wider spread of infection.","[MeSH] Adolescent; [MeSH] Adult; [MeSH] Age Distribution; [MeSH] Child; [MeSH] Child, Preschool; [MeSH] Climate; [MeSH] Democratic Republic of the Congo; [MeSH] Female; [MeSH] Humans; [MeSH] Infant; [MeSH] Male; [MeSH] Mpox, Monkeypox; [MeSH] Rural Health; [MeSH] Smallpox; [MeSH] Smallpox Vaccine; [MeSH] Time Factors; [MeSH] Young Adult"
36680142,"Smallpox, Monkeypox and Other Human Orthopoxvirus Infections.","Galina A Shchelkunova, Sergei N Shchelkunov",Viruses. 2022. doi: 10.3390/v15010103..,Shchelkunova,Viruses,2022,2022/12/29,,,10.3390/v15010103,"Considering that vaccination against smallpox with live vaccinia virus led to serious adverse effects in some cases, the WHO, after declaration of the global eradication of smallpox in 1980, strongly recommended to discontinue the vaccination in all countries. This led to the loss of immunity against not only smallpox but also other zoonotic orthopoxvirus infections in humans over the past years. An increasing number of human infections with zoonotic orthopoxviruses and, first of all, monkeypox, force us to reconsider a possible re-emergence of smallpox or a similar disease as a result of natural evolution of these viruses. The review contains a brief analysis of the results of studies on genomic organization and evolution of human pathogenic orthopoxviruses, development of modern methods for diagnosis, vaccination, and chemotherapy of smallpox, monkeypox, and other zoonotic human orthopoxvirus infections.",chemotherapy; diagnostics; evolution; monkeypox virus; orthopoxviruses; vaccine; variola virus
36891182,Human Mpox Virus Proctitis With Persistent Rectal Ulcers on Sigmoidoscopy.,"Alexa M Choy, Michael Lyudmer, Steven Su, Helen E Remotti, Jason E Zucker, Daniela Jodorkovsky",ACG case reports journal. 2023. doi: 10.14309/crj.0000000000001002..,Choy,ACG case reports journal,2023,2023/03/04,,,10.14309/crj.0000000000001002,The 2022 Mpox outbreak has caused public health concerns worldwide. Mpox infection often manifests as papular skin lesions; other systemic complications have also been reported. We present the case of a 35-year-old man with HIV who presented with rectal pain and hematochezia and was found to have severe ulceration and exudate on sigmoidoscopy consistent with Mpox proctitis.,Monkeypox; proctitis
36996865,Detecting mpox infection in the early epidemic: an epidemiologic investigation of the third and fourth cases in Korea.,"Taeyoung Kim, Eonjoo Park, Jun Suk Eun, Eun-Young Lee, Ji Won Mun, Yunsang Choi, Shinyoung Lee, Hansol Yeom, Eunkyoung Kim, Jongmu Kim, Jihyun Choi, Jinho Ha, Sookkyung Park",Epidemiology and health. 2023. doi: 10.4178/epih.e2023040..,Kim,Epidemiology and health,2023,2023/03/23,,,10.4178/epih.e2023040,"OBJECTIVES: As few mpox cases have been reported in Korea, we aimed to identify the characteristics of mpox infection by describing our epidemiologic investigation of a woman patient (index patient, the third case in Korea) and a physician who was infected by a needlestick injury (the fourth case). METHODS: We conducted contact tracing and exposure risk evaluation through interviews with these 2 patients and their physicians and contacts, as well as field investigations at each facility visited by the patients during their symptomatic periods. We then classified contacts into 3 levels according to their exposure risk and managed them to minimize further transmission by recommending quarantine and vaccination for post-exposure prophylaxis and monitoring their symptoms. RESULTS: The index patient had sexual contact with a man foreigner during a trip to Dubai, which was considered the probable route of transmission. In total, 27 healthcare-associated contacts across 7 healthcare facilities and 9 community contacts were identified. These contacts were classified into high (7 contacts), medium (9 contacts), and low (20 contacts) exposure risk groups. One high-risk contact was identified as a secondary patient: a physician who was injured while collecting specimens from the index patient. CONCLUSIONS: The index patient visited several medical facilities due to progressive symptoms prior to isolation. Although the 2022 mpox epidemic mainly affected young men, especially men who have sex with men, physicians should also consider mpox transmission in the general population for the timely detection of mpox-infected patients.",Contact tracing; Monkeypox; Needlestick injuries
36629835,Dating applications: A double-edged weapon in the current monkeypox outbreak.,"Yeimer Ortiz-Martínez, Juan J Quintero-Olarte, Matteo Delgado-Camacho, Abdullah Reda, Andres F Henao-Martínez, Alfonso J Rodríguez-Morales",International journal of STD & AIDS. 2023. doi: 10.1177/09564624221148517..,Ortiz-Martínez,International journal of STD & AIDS,2023,2023/01/11,,,10.1177/09564624221148517,,"[MeSH] Humans; [MeSH] Mpox, Monkeypox; [MeSH] Disease Outbreaks"
36539015,Mpox: What Practicing Gastroenterologists Need to Know.,"Shahnaz Sultan, Jason Zucker, David S Weinberg",Gastroenterology. 2022. doi: 10.1053/j.gastro.2022.12.008..,Sultan,Gastroenterology,2023,2022/12/17,,,10.1053/j.gastro.2022.12.008,,"[MeSH] Humans; [MeSH] Gastroenterologists; [MeSH] Mpox, Monkeypox"
36844409,"An overview on monkeypox virus: Pathogenesis, transmission, host interaction and therapeutics.","Shailima Rampogu, Yongseong Kim, Seon-Won Kim, Keun Woo Lee",Frontiers in cellular and infection microbiology. 2023. doi: 10.3389/fcimb.2023.1076251..,Rampogu,Frontiers in cellular and infection microbiology,2023,2023/02/10,,,10.3389/fcimb.2023.1076251,"Orthopoxvirus is one of the most notorious genus amongst the Poxviridae family. Monkeypox (MP) is a zoonotic disease that has been spreading throughout Africa. The spread is global, and incidence rates are increasing daily. The spread of the virus is rapid due to human-to-human and animals-to-human transmission. World Health Organization (WHO) has declared monkeypox virus (MPV) as a global health emergency. Since treatment options are limited, it is essential to know the modes of transmission and symptoms to stop disease spread. The information from host-virus interactions revealed significantly expressed genes that are important for the progression of the MP infection. In this review, we highlighted the MP virus structure, transmission modes, and available therapeutic options. Furthermore, this review provides insights for the scientific community to extend their research work in this field.",MPV; drugs; monkeypox virus; replication; transmission mode; viral structure
38666400,"Scenarios of future mpox outbreaks among men who have sex with men: a modelling study based on cross-sectional seroprevalence data from the Netherlands, 2022.","Marc C Shamier, Luca M Zaeck, Hannelore M Götz, Bruno Vieyra, Babs E Verstrepen, Koen Wijnans, Matthijs Ra Welkers, Elske Hoornenborg, Brigitte Agl van Cleef, Martin E van Royen, Kai J Jonas, Marion Pg Koopmans, Rory D de Vries, David Amc van de Vijver, Corine H GeurtsvanKessel",Euro surveillance : bulletin Europeen sur les maladies transmissibles = European communicable disease bulletin. 2024. doi: 10.2807/1560-7917.ES.2024.29.17.2300532..,Shamier,Euro surveillance : bulletin Europeen sur les maladies transmissibles = European communicable disease bulletin,2024,2024/04/01,,,10.2807/1560-7917.ES.2024.29.17.2300532,"BackgroundFollowing the 2022-2023 mpox outbreak, crucial knowledge gaps exist regarding orthopoxvirus-specific immunity in risk groups and its impact on future outbreaks.AimWe combined cross-sectional seroprevalence studies in two cities in the Netherlands with mathematical modelling to evaluate scenarios of future mpox outbreaks among men who have sex with men (MSM).MethodsSerum samples were obtained from 1,065 MSM attending Centres for Sexual Health (CSH) in Rotterdam or Amsterdam following the peak of the Dutch mpox outbreak and the introduction of vaccination. For MSM visiting the Rotterdam CSH, sera were linked to epidemiological and vaccination data. An in-house developed ELISA was used to detect vaccinia virus (VACV)-specific IgG. These observations were combined with published data on serial interval and vaccine effectiveness to inform a stochastic transmission model that estimates the risk of future mpox outbreaks.ResultsThe seroprevalence of VACV-specific antibodies was 45.4% and 47.1% in Rotterdam and Amsterdam, respectively. Transmission modelling showed that the impact of risk group vaccination on the original outbreak was likely small. However, assuming different scenarios, the number of mpox cases in a future outbreak would be markedly reduced because of vaccination. Simultaneously, the current level of immunity alone may not prevent future outbreaks. Maintaining a short time-to-diagnosis is a key component of any strategy to prevent new outbreaks.ConclusionOur findings indicate a reduced likelihood of large future mpox outbreaks among MSM in the Netherlands under current conditions, but emphasise the importance of maintaining population immunity, diagnostic capacities and disease awareness.",antibodies; monkeypox virus; mpox; outbreak preparedness; serosurveillance; transmission model
39289659,Multi-organ clinical manifestations of Mpox: an umbrella review of systematic reviews.,"Prakasini Satapathy, Mahalaqua Nazli Khatib, Shilpa Gaidhane, Quazi Syed Zahiruddin, Hayam A Alrasheed, Maha F Al-Subaie, Nawal A Al Kaabi, Mohammed Garout, Mubarak Alfaresi, Tarek Sulaiman, Ali A Rabaan, Martin Krsak, Andrés F Henao-Martinez, Carlos Franco-Paredes, Hashem Abu Serhan, Ranjit Sah",BMC infectious diseases. 2024. doi: 10.1186/s12879-024-09884-y..,Satapathy,BMC infectious diseases,2024,2024/09/17,,,10.1186/s12879-024-09884-y,"BACKGROUND: Mpox is a severe viral zoonosis that has emerged as a public health concern due to its potential for human-to-human transmission and severe illness. Understanding its clinical manifestations is crucial for effective management and control. Several systematic reviews have assessed various manifestations of Mpox. This umbrella review synthesizes evidence on Mpox's manifestations across different organ systems. METHOD: We conducted an umbrella review, adhering to Joanna Briggs Institute (JBI) methodology and Preferred Reporting Items for Systematic Reviews and Meta-Analyses (PRISMA) guidelines, focusing on systematic reviews of Mpox manifestations. We performed a literature search up to 25th September 2023, in databases like PubMed, Embase, and Web of Science. We included systematic reviews of observational studies, case reports, case series, or RCTs reporting any manifestations of Mpox in humans, focusing on a global scope. AMSTAR 2 was used to evaluate the quality of systematic reviews, and data has been synthesized in narrative and tabular manners. RESULTS: A total of 25 systematic reviews were included, uncovering diverse manifestations of Mpox, such as cutaneous, cardiovascular, oral, ophthalmic, gastrointestinal, respiratory, and pregnancy-related. Cutaneous manifestations (up to 100%) were the most prevalent, featuring lesions and rashes. Constitutional symptoms of viral illness were reported in ~ 60% to > 85% of the cases. Significant respiratory symptoms were present in ~ 50% of cases overall. Headaches were the leading neurological symptom present in > 30%. Symptoms of gastrointestinal involvement ranged from 39% (oral lesions) with decreasing frequency to low diarrhea at ~ 5%, with proctitis percentages ranging from high teens to mid-twenties. Ophthalmic manifestations (6% but with wide variations among studies). Many primary studies included in the systematic reviews consisted of case reports and case series. A wide range of manifestations across different organ systems was observed. Negative outcomes for pregnancies were reported, but evidence is limited. Adverse cardiovascular and neurological outcomes were identified, though only a few studies provided insights into these findings. CONCLUSION: Mpox exhibits diverse manifestations, impacting multiple organ systems, with substantial variations. The findings highlight the importance of ongoing, nuanced, and region-specific research and management strategies for Mpox. The reliance on case reports and series underscores the need for more high-quality, long-term studies to deepen our understanding and management of this significant public health concern.",Infection; Monkeypox; Mpox; Umbrella review
36271480,Estimation of the serial interval of monkeypox during the early outbreak in 2022.,"Zihao Guo, Shi Zhao, Shengzhi Sun, Daihai He, Ka Chun Chong, Eng Kiong Yeoh",Journal of medical virology. 2022. doi: 10.1002/jmv.28248..,Guo,Journal of medical virology,2023,2022/11/03,,,10.1002/jmv.28248,"With increased transmissibility and novel transmission mode, monkeypox poses new threats to public health globally in the background of the ongoing COVID-19 pandemic. Estimates of the serial interval, a key epidemiological parameter of infectious disease transmission, could provide insights into the virus transmission risks. As of October 2022, little was known about the serial interval of monkeypox due to the lack of contact tracing data. In this study, public-available contact tracing data of global monkeypox cases were collected and 21 infector-infectee transmission pairs were identified. We proposed a statistical method applied to real-world observations to estimate the serial interval of the monkeypox. We estimated a mean serial interval of 5.6 days with the right truncation and sampling bias adjusted and calculated the reproduction number of 1.33 for the early monkeypox outbreaks at a global scale. Our findings provided a preliminary understanding of the transmission potentials of the current situation of monkeypox outbreaks. We highlighted the need for continuous surveillance of monkeypox for transmission risk assessment.",contact tracing; monkeypox; reproduction number; serial interval; statistical modeling
37290464,"Responsive modelling of the mpox epidemic in England as a cross-government and academia collaboration: the process, challenges, and lessons learned.","Jasmina Panovska-Griffiths, Nicholas A Watkins, Fergus Cumming, Luke Hounsome, Andre Charlett, Xu-Sheng Zhang, Thomas Finnie, Thomas Ward, Meera Chand, Johanna Hutchinson",The Lancet. Microbe. 2023. doi: 10.1016/S2666-5247(23)00151-9..,Panovska-Griffiths,The Lancet. Microbe,2023,2023/06/05,,,10.1016/S2666-5247(23)00151-9,,"[MeSH] Humans; [MeSH] Mpox, Monkeypox; [MeSH] Epidemics; [MeSH] Government; [MeSH] Organizations; [MeSH] England"
40185553,"Severe Sexually Transmitted Infections: Neurosyphilis, Mpox, and the Tubo-ovarian Abscess.","Haroon Shah, Claudiu Georgescu, Basmah Khalil",The Medical clinics of North America. 2025. doi: 10.1016/j.mcna.2024.12.008..,Shah,The Medical clinics of North America,2025,2025/02/19,,,10.1016/j.mcna.2024.12.008,"Most sexually transmitted infections (STIs) are rarely seen by medical providers as life-threatening or as a source of severe sequelae. Human immunodeficiency virus and syphilis screening are still not universal and are affected by provider and patient misconceptions. We chose to discuss 3 STIs that can lead to significant morbidity and even mortality: neurosyphilis, due to its resurgence in the past years, Mpox due to its changing epidemiology and clinical presentation, and tubo-ovarian abscess due to its huge impact on female fertility and morbidity in general.",Mpox; Neurosyphilis; Pelvic inflammatory disease (PID); Penicillin; Sexually transmitted infections (STIs); Tecovirimat; Tubo-ovarian abscess (TOA)
38058122,Mpox and Chickenpox Coinfection: Case Series From Southern Nigeria.,"Juliet I Mmerem, Chukwudi C Umenzekwe, Simon M Johnson, Asukwo E Onukak, Nneka M Chika-Igwenyi, Sunday K Chukwu, Chizaram A Onyeaghala, Jideofor J Ozougwu, Datonye Alasia, Odianosen Ehiakhamen, Henry M Nwankwo, Ogochukwu I Ezejiofor, Uche S Unigwe, Michael O Iroezindu",The Journal of infectious diseases. 2024. doi: 10.1093/infdis/jiad556..,Mmerem,The Journal of infectious diseases,2024,2024/03/26,,,10.1093/infdis/jiad556,"BACKGROUND: We describe clinicoepidemiologic characteristics of mpox-chickenpox coinfection in Nigeria. METHODS: A retrospective cohort analysis was performed of confirmed mpox cases in Nigeria from January 2022 to March 2023. Mpox and chickenpox were confirmed by real-time polymerase chain reaction (RT-PCR). RESULTS: Of 94 (60.0%) suspected cases, 56 had confirmed mpox, of whom 16 (28.6%) had chickenpox coinfection. The median age of confirmed mpox cases was 29 years (interquartile range, 20-37 years), 24 were men (60.7%), 6 (10.7%) were bisexual, and 5 (8.9%) died. Mpox-chickenpox-coinfected patients had more complications than mpox-monoinfected cases (56.3% vs 22.5%, P = .015). CONCLUSIONS: The high frequency of mpox-chickenpox coinfection argues for accelerated access to mpox and chickenpox vaccines in Africa.",Nigeria; chickenpox; coinfection; epidemiology; mpox; vaccine
35830908,Monkeypox outbreak in Madrid (Spain): Clinical and virological aspects.,"Eva Orviz, Anabel Negredo, Oskar Ayerdi, Ana Vázquez, Ana Muñoz-Gomez, Sara Monzón, Petunia Clavo, Angel Zaballos, Mar Vera, Patricia Sánchez, Noemi Cabello, Pilar Jiménez, Jorge A Pérez-García, Sarai Varona, Jorge Del Romero, Isabel Cuesta, Alberto Delgado-Iribarren, Montse Torres, Iñigo Sagastagoitia, Gustavo Palacios, Vicente Estrada, Maria Paz Sánchez-Seco",The Journal of infection. 2022. doi: 10.1016/j.jinf.2022.07.005..,Orviz,The Journal of infection,2022,2022/07/10,,,10.1016/j.jinf.2022.07.005,"BACKGROUND: Monkeypox is the most prevalent Orthopoxvirus zoonosis infection since the eradication of smallpox. The current multi-country outbreak involves five WHO regions affecting mainly Europe. Accurate clinical and virological aspects of the disease outside endemic areas are needed. METHODS: We performed an observational study of cases diagnosed in Madrid (Spain) (May/June 2022). Confirmation from vesicular lesions swabs, Orthopoxvirus real-time PCR, sequencing, phylogenetic analysis, and direct detection by Electron microscopy was performed. In addition, a structured epidemiological questionnaire was completed systematically to gather sociodemographic, clinical, and behavioral data from all confirmed cases. FINDINGS: We extracted data from 48 patients, all cisgender men. The median age was 35 years (IQR 29 - 44), and 87.5% were MSM. The most prevalent symptoms were the presence of vesicular-umbilicated and pseudo-pustular skin lesions (93.8%), asthenia (66.6%), and fever (52.1%). In addition, the location of the lesions in the genital or perianal area was related to the role in sexual intercourse (p<0.001). Sequencing analysis indicated the virus circulating in Spain belongs to the western African clade. Like the other European cases in the outbreak, the Spanish isolates are a direct descendant of viruses previously detected in Nigeria, the UK, Singapore, and Israel in 2017-2018. CONCLUSIONS: Monkeypox is an emerging infectious disease in Europe where community transmission is reported, mainly in MSM. The first symptom was skin lesions instead of classical fever and rash. The disease follows a self-limited course, and there have been no cases with a serious presentation or severe complications.",Communicable diseases; Emerging; Monkeypox
39920861,"Environmental, socioeconomic, and sociocultural drivers of monkeypox transmission in the Democratic Republic of the Congo: a One Health perspective.","Guangyu Lu, Zeyin Chong, Enyu Xu, Ce Na, Kaixuan Liu, Liying Chai, Pengpeng Xia, Kai Yang, Guoqiang Zhu, Jinkou Zhao, Olaf Müller",Infectious diseases of poverty. 2025. doi: 10.1186/s40249-025-01278-9..,Lu,Infectious diseases of poverty,2025,2025/02/07,,,10.1186/s40249-025-01278-9,"BACKGROUND: Monkeypox (mpox) is an emerging zoonotic disease that has persistently impacted public health in endemic regions of West and Central Africa for over half a century. The Democratic Republic of the Congo (DRC) remains one of the countries most affected. Understanding the risk factors for disease transmission from a One Health perspective is of great importance in the risk assessment, prevention, and control of zoonotic diseases. Therefore, this study aimed to investigate the risk factors for human mpox transmission at the human-animal-environment interface in the DRC. METHODS: Epidemiological, environmental, socioeconomic, and sociocultural data from the DRC from 2000 to 2015 were obtained from publicly available dataset. Using these data, we applied negative binomial regression model, least absolute shrinkage and selection operator regression model, and principal component analysis (PCA) to identify key environmental, socioeconomic, and sociocultural factors contributing to mpox transmission. Moreover, a grey prediction model GM (1, n) was constructed to predict the epidemic trend of mpox post-2015 and validated using suspected mpox case data in the DRC from 2016 to 2021, sourced from the United States Centers for Disease Control and Prevention. RESULTS: Between 2000 and 2021, a total of 43,628 suspected mpox cases were reported in the DRC, with a peak of 6216 cases in 2020. From 2016 to 2021, suspected cases accounted for over half (24,379/43,628, 55.9%) of the total reported during the 2000-2021 period. The proportion of primary forest [incidence rate ratio (IRR): 1.023, 95% confidence interval (CI): 1.018-1.027], index of economic well-being (IRR: 1.046, 95% CI: 1.039-1.052), and mean annual precipitation (IRR 1.040, 95% CI: 1.031-1.049) were positively associated with mpox incidence. PCA identified five principal components, explaining 69% of the variance in the environmental, socioeconomic, and sociocultural variables. The first component was characterized by socioeconomic factors. The GM (1, n) model, based on the proportion of primary forest, index of economic well-being, and mean annual precipitation, predicted the epidemic trend (revealed relative error: 2.69). CONCLUSIONS: Both socioeconomic and environmental factors play important roles in mpox transmission. Our study further highlighted the importance of considering the interconnectedness among humans, animals, and the environment, and treating these factors as a whole to explain the transmission and emergence of mpox outbreaks in the DRC according to the One Health concept.",Democratic Republic of the Congo; Grey prediction model; Human monkeypox; Mpox; One Health; Risk analysis
37678309,Mpox in people with past infection or a complete vaccination course: a global case series.,"Aniruddha Hazra, Jason Zucker, Elizabeth Bell, John Flores, Leanna Gordon, Oriol Mitjà, Clara Suñer, Adrien Lemaignen, Simon Jamard, Silvia Nozza, Achyuta V Nori, Edgar Pérez-Barragán, Juan Carlos Rodríguez-Aldama, Jose Louis Blanco, Constance Delaugerre, Dan Turner, Irene Fuertes, Viviana Leiro, Sharon L Walmsley, Chloe M Orkin",The Lancet. Infectious diseases. 2023. doi: 10.1016/S1473-3099(23)00492-9..,Hazra,The Lancet. Infectious diseases,2024,2023/09/04,,,10.1016/S1473-3099(23)00492-9,"BACKGROUND: Since May, 2022, a large global outbreak of human mpox (formerly known as monkeypox) has predominantly affected men who have sex with men. The strain responsible, Clade IIb, has mutated substantially from precursors originating from the 2017-18 outbreak in Nigeria. Immunity to smallpox, another orthopoxvirus, via previous infection or vaccination provides lifelong immunity. However, since the 2022 mpox outbreak, recent clusters were described in individuals with presumed immunity through recent infection or vaccination. We aim to describe the epidemiological and clinical characteristics of mpox in individuals with past infection or vaccination to improve the understanding of this disease in the setting of previous immunity. METHODS: In this global case series, international collaborators from nine countries provided data on individuals with PCR-confirmed mpox after documented previous infection or vaccination between May 11, 2022, and June 30, 2023. We excluded cases that could not confirm vaccination status or cases with partial immunisation or any doses received before the current multi-national mpox outbreak (cutoff date May 1, 2022). Data were collected via a case report spreadsheet that reported on dates of infection and vaccination, route of immunisation, demographic characteristics, clinical findings, HIV status, concomitant sexually transmitted infections, and markers of disease severity (mpox severity score system). We describe case epidemiology, clinical course, and mpox severity scores; all analyses were descriptive. FINDINGS: We report mpox infections in 37 gay and bisexual men who have sex with men: seven individuals had mpox reinfections, 29 individuals had mpox infections that occurred after two appropriately spaced Modified Vaccinia Ankara-Bavarian Nordic vaccine courses, and one individual had an infection that met the criteria for both reinfection and infection after vaccination. The median age of individuals was 36 years (IQR 30-45; range 21-58). Those with natural immunity after initial infection had a shorter disease course with less mucosal disease upon reinfection than with their initial infection. Infections post-vaccination were characterised by few lesions, little mucosal disease, and minimal analgesia requirements; two people received oral tecovirimat. Overall, there were no deaths, no bacterial superinfections, and all individuals were managed in the ambulatory clinic with one hospital admission for a necrotising neck lesion. INTERPRETATION: The epidemiology of people with mpox reinfection or infection post-vaccination was similar to other published cohorts during the 2022 outbreak-predominantly young, sexually active gay and bisexual men who have sex with men. Clinical features and outcomes of repeat infection and infection after vaccination appear to be less clinically severe than those described in 2022 case literature. Specifically, compared with the 2022 case series, these individuals in the present study had fewer confluent lesions, less mucosal involvement, reduced analgesia requirement, and fewer admissions. Natural immunity and vaccine-induced immunity are not fully protective against mpox infection. However, in this small series both disease duration and severity appear to be reduced. FUNDING: None.","[MeSH] Male; [MeSH] Humans; [MeSH] Adult; [MeSH] Middle Aged; [MeSH] Homosexuality, Male; [MeSH] Mpox, Monkeypox; [MeSH] Reinfection; [MeSH] Sexual and Gender Minorities; [MeSH] Vaccination; [MeSH] Vaccines"
36854947,The outbreak of the monkeypox virus in the shadow of the pandemic.,"Ankit Majie, Rajdeep Saha, Biswatrish Sarkar",Environmental science and pollution research international. 2023. doi: 10.1007/s11356-023-26098-y..,Majie,Environmental science and pollution research international,2023,2023/03/01,,,10.1007/s11356-023-26098-y,"The human monkeypox virus (MPXV) was first identified in 1959. Since then, the incidence of the disease has been sporadic. The endemic regions were identified in Africa's central and western areas. However, the infection started to spread in 2017 to non-endemic regions such as North and South America, Europe, and Asia. Since May 2022, the non-endemic areas reported 62,635 till 20th September 2022. Although the monkeypox virus has a mortality of ≥ 10%, it showed only 82 mortalities worldwide in 2022. The common symptoms include chills, fever, fatigue, and skin lesions, and the complications include secondary respiratory tract infections, encephalitis, blindness, and severe diarrhea. The factors responsible for spreading the virus include improper handling and consumption of infected bushmeat, unprotected sexual intercourse, contact with an infected person, no smallpox vaccination, improper hygiene, lower diagnostic capacity, and strong travel history from the endemic regions. The therapeutic strategy is symptom-based treatment and supportive care. Antivirals and vaccines such as Tecovirimat, Brincidofovir, Cidofovir, Imvamune, and ACAM2000 have shown promising results. The primary purpose of the review is to perform an epidemiological study and investigate the pathobiology, diagnosis, prevention, treatment, and some associated complications of the monkeypox virus in 2022.",Endemic region; Public health emergencies; Smallpox vaccine; Sporadic cases; Travel history
39472243,Serum Mpox-specific IgG titers before and after breakthrough Mpox infection in an HIV-infected individual with viral suppression and prior 2-dose Mpox vaccination.,"Wang-Da Liu, Tai-Ling Chao, Sui-Yuan Chang, Chien-Ching Hung","Journal of microbiology, immunology, and infection = Wei mian yu gan ran za zhi. 2024. doi: 10.1016/j.jmii.2024.10.003..",Liu,"Journal of microbiology, immunology, and infection = Wei mian yu gan ran za zhi",2025,2024/10/22,,,10.1016/j.jmii.2024.10.003,,Humoral immunity; Monkeypox; Sexually transmitted infection; Vaccine; anti-A29 IgG; anti-H3L IgG
40394594,Rapid visual detection of Monkeypox virus by one-step LAMP-CRISPR/Cas12b assay.,"Jinlei Guo, Yunfeng Shan, Ge Hu, Xiaojuan Zhu, Kangchen Zhao, Tao Wu, Qiao Qiao, Ying Chi, Lunbiao Cui, Yiyue Ge",Virology journal. 2025. doi: 10.1186/s12985-025-02780-0..,Guo,Virology journal,2025,2025/05/20,,,10.1186/s12985-025-02780-0,"BACKGROUND: Monkeypox virus (MPXV) infection has garnered significant global attention due to its rising incidence and substantial public health implications. A rapid, sensitive, and accurate diagnostic method is urgently required to enable early intervention and effective management of MPXV outbreaks. RESULTS: In this study, we developed a novel one-step assay that integrates loop-mediated isothermal amplification (LAMP) with CRISPR/Cas12b in one-pot for the detection of MPXV. The entire detection process did not require opening the lid of the reaction tube and could be completed within 40 min using extracted viral nucleic acids, which is faster than real-time quantitative PCR (qPCR). And the results could be interpreted through either real-time fluorescence or naked-eye visualization. The limit of detection (LOD) of the assay was demonstrated to be 6.5 copies per reaction and no cross-reactivity with other pathogens such as HSV, EBV, CVA16, EV-A71, and MV was found. Furthermore, when evaluated using 113 clinical samples, the assay achieved 100% sensitivity (71/71) and 100% specificity (42/42) compared to the qPCR. CONCLUSIONS: In resource-limited settings, our method requires only a portable heat block or water bath and a blue light or ultraviolet flashlight for visual detection of MPXV, making it highly accessible. The integration of LAMP and CRISPR/Cas12b provides a robust, user-friendly platform for point-of-care testing, with promising potential for the rapid molecular diagnosis of infectious diseases.",CRISPR/Cas12b; Loop-mediated isothermal amplification; Monkeypox virus; One-step; Point-of-care testing; Visual detection
31677948,Co-administration of tecovirimat and ACAM2000™ in non-human primates: Effect of tecovirimat treatment on ACAM2000 immunogenicity and efficacy versus lethal monkeypox virus challenge.,"Andrew T Russo, Aklile Berhanu, Catherine B Bigger, Jon Prigge, Peter M Silvera, Douglas W Grosenbach, Dennis Hruby",Vaccine. 2019. doi: 10.1016/j.vaccine.2019.10.049..,Russo,Vaccine,2020,2019/10/31,,,10.1016/j.vaccine.2019.10.049,"Naturally occurring smallpox has been eradicated but research stocks of variola virus (VARV), the causative agent of smallpox, still exist in secure laboratories. Clandestine stores of the virus or resurrection of VARV via synthetic biology are possible and have led to concerns that VARV could be used as a biological weapon. The US government has prepared for such an event by stockpiling smallpox vaccines and TPOXX®, SIGA Technologies' smallpox antiviral drug. While vaccination is effective as a pre-exposure prophylaxis, protection is limited when administered following exposure. Safety concerns preclude general use of the vaccine unless there is a smallpox outbreak. TPOXX is approved by the FDA for use after confirmed diagnosis of smallpox disease. Tecovirimat, the active pharmaceutical ingredient in TPOXX, targets a highly conserved orthopoxviral protein, inhibiting long-range dissemination of virus. Although indications for use of the vaccine and TPOXX do not overlap, concomitant use is possible, especially if the TPOXX indication is expanded to include post-exposure prophylaxis. It is therefore important to understand how vaccine and TPOXX may interact. In studies presented here, monkeys were vaccinated with the ACAM2000TM live attenuated smallpox vaccine and concomitantly treated with tecovirimat or placebo. Immune responses to the vaccine and protective efficacy versus a lethal monkeypox virus (MPXV) challenge were evaluated. In two studies, primary and anamnestic humoral immune responses were similar regardless of tecovirimat treatment while the third study showed reduction in vaccine elicited humoral immunity. Following lethal MPXV challenge, all (12 of 12) vaccinated/placebo treated animals survived, and 12 of 13 vaccinated/tecovirimat treated animals survived. Clinical signs of disease were elevated in tecovirimat treated animals compared to placebo treated animals. This suggests that TPOXX may affect the immunogenicity of ACAM2000 if administered concomitantly. These studies may inform on how vaccine and TPOXX are used during a smallpox outbreak.",ACAM2000; Animal Rule; Antiviral; Biodefense; Monkeypox virus; ST-246®; Smallpox; TPOXX®; Tecovirimat; Vaccinia; Variola
26517839,Further Assessment of Monkeypox Virus Infection in Gambian Pouched Rats (Cricetomys gambianus) Using In Vivo Bioluminescent Imaging.,"Elizabeth A Falendysz, Juan G Lopera, Faye Lorenzsonn, Johanna S Salzer, Christina L Hutson, Jeffrey Doty, Nadia Gallardo-Romero, Darin S Carroll, Jorge E Osorio, Tonie E Rocke",PLoS neglected tropical diseases. 2015. doi: 10.1371/journal.pntd.0004130..,Falendysz,PLoS neglected tropical diseases,2015,2015/10/30,,,10.1371/journal.pntd.0004130,"Monkeypox is a zoonosis clinically similar to smallpox in humans. Recent evidence has shown a potential risk of increased incidence in central Africa. Despite attempts to isolate the virus from wild rodents and other small mammals, no reservoir host has been identified. In 2003, Monkeypox virus (MPXV) was accidentally introduced into the U.S. via the pet trade and was associated with the Gambian pouched rat (Cricetomys gambianus). Therefore, we investigated the potential reservoir competence of the Gambian pouched rat for MPXV by utilizing a combination of in vivo and in vitro methods. We inoculated three animals by the intradermal route and three animals by the intranasal route, with one mock-infected control for each route. Bioluminescent imaging (BLI) was used to track replicating virus in infected animals and virological assays (e.g. real time PCR, cell culture) were used to determine viral load in blood, urine, ocular, nasal, oral, and rectal swabs. Intradermal inoculation resulted in clinical signs of monkeypox infection in two of three animals. One severely ill animal was euthanized and the other affected animal recovered. In contrast, intranasal inoculation resulted in subclinical infection in all three animals. All animals, regardless of apparent or inapparent infection, shed virus in oral and nasal secretions. Additionally, BLI identified viral replication in the skin without grossly visible lesions. These results suggest that Gambian pouched rats may play an important role in transmission of the virus to humans, as they are hunted for consumption and it is possible for MPXV-infected pouched rats to shed infectious virus without displaying overt clinical signs.","[MeSH] Animal Structures; [MeSH] Animals; [MeSH] Body Fluids; [MeSH] Disease Reservoirs; [MeSH] Female; [MeSH] Luminescent Measurements; [MeSH] Male; [MeSH] Models, Theoretical; [MeSH] Mpox, Monkeypox; [MeSH] Monkeypox virus; [MeSH] Polymerase Chain Reaction; [MeSH] Rats; [MeSH] Rodent Diseases; [MeSH] Rodentia; [MeSH] Virus Cultivation; [MeSH] Virus Shedding; [MeSH] Whole Body Imaging"
36735618,"An Exploratory Study of the Mpox Media Consumption, Attitudes, and Preferences of Sexual and Gender Minority People Assigned Male at Birth in the United States.","Christopher Owens, Randolph D Hubach",LGBT health. 2023. doi: 10.1089/lgbt.2022.0251..,Owens,LGBT health,2023,2023/02/03,,,10.1089/lgbt.2022.0251,"Purpose: This study examined the consumption of, attitudes toward, and preferences for mpox media among U.S. sexual and gender minority (SGM) people assigned male at birth (AMAB). Methods: A total of 496 SGM people AMAB completed an online cross-sectional survey between August 6 and 15, 2022. Data were analyzed with descriptive statistics and logistic regressions. Results: Approximately two-thirds of participants overall agreed that media-related content about mpox targeted (66.3%) and stigmatized gay, bisexual, and other men who have sex with men (69.2%). The three most preferred mpox content were the destigmatization of SGM people (44.2%), mpox vaccine accessibility (25.2%), and mpox transmission and prevention (19.2%). Rural participants had a lower likelihood of consuming mpox-related media than urban participants. Conclusion: SGM people AMAB prefer mpox messaging campaigns to be grounded in stigma-reduction to ensure that messages do not perpetrate stigma against them. Stigmatizing content might foster SGM people AMAB to distrust mpox interventions.",media; mpox; sexual and gender minority people assigned male at birth; stigma
25356657,Detecting differential transmissibilities that affect the size of self-limited outbreaks.,"Seth Blumberg, Sebastian Funk, Juliet R C Pulliam",PLoS pathogens. 2014. doi: 10.1371/journal.ppat.1004452..,Blumberg,PLoS pathogens,2014,2014/10/30,,,10.1371/journal.ppat.1004452,"Our ability to respond appropriately to infectious diseases is enhanced by identifying differences in the potential for transmitting infection between individuals. Here, we identify epidemiological traits of self-limited infections (i.e. infections with an effective reproduction number satisfying [0 < R eff < 1) that correlate with transmissibility. Our analysis is based on a branching process model that permits statistical comparison of both the strength and heterogeneity of transmission for two distinct types of cases. Our approach provides insight into a variety of scenarios, including the transmission of Middle East Respiratory Syndrome Coronavirus (MERS-CoV) in the Arabian peninsula, measles in North America, pre-eradication smallpox in Europe, and human monkeypox in the Democratic Republic of the Congo. When applied to chain size data for MERS-CoV transmission before 2014, our method indicates that despite an apparent trend towards improved control, there is not enough statistical evidence to indicate that R eff has declined with time. Meanwhile, chain size data for measles in the United States and Canada reveal statistically significant geographic variation in R eff, suggesting that the timing and coverage of national vaccination programs, as well as contact tracing procedures, may shape the size distribution of observed infection clusters. Infection source data for smallpox suggests that primary cases transmitted more than secondary cases, and provides a quantitative assessment of the effectiveness of control interventions. Human monkeypox, on the other hand, does not show evidence of differential transmission between animals in contact with humans, primary cases, or secondary cases, which assuages the concern that social mixing can amplify transmission by secondary cases. Lastly, we evaluate surveillance requirements for detecting a change in the human-to-human transmission of monkeypox since the cessation of cross-protective smallpox vaccination. Our studies lay the foundation for future investigations regarding how infection source, vaccination status or other putative transmissibility traits may affect self-limited transmission.","[MeSH] Coronavirus Infections; [MeSH] Democratic Republic of the Congo; [MeSH] Disease Outbreaks; [MeSH] Europe; [MeSH] Humans; [MeSH] Measles; [MeSH] Middle East; [MeSH] Middle East Respiratory Syndrome Coronavirus; [MeSH] Models, Biological; [MeSH] Mpox, Monkeypox; [MeSH] North America; [MeSH] Smallpox; [MeSH] Stochastic Processes; [MeSH] Vaccination"
40162783,The two-dose MVA-BN mpox vaccine induces a nondurable and low avidity MPXV-specific antibody response.,"Aaron L Oom, Kesi K Wilson, Miilani Yonatan, Stephanie Rettig, Heekoung Allison Youn, Michael Tuen, Yusra Shah, Ashley L DuMont, Hayley M Belli, Jane R Zucker, Jennifer B Rosen, Ramin Sedaghat Herati, Marie I Samanovic, Ralf Duerr, Angelica C Kottkamp, Mark J Mulligan",Journal of virology. 2025. doi: 10.1128/jvi.00253-25..,Oom,Journal of virology,2025,2025/03/31,,,10.1128/jvi.00253-25,"UNLABELLED: The 2022 global outbreak of clade IIb mpox was the first major outbreak of mpox outside of African nations. To control the outbreak, public health officials began vaccination campaigns using the third-generation orthopoxvirus vaccine modified vaccinia Ankara from Bavarian Nordic (MVA-BN). Prior to this outbreak, the durability of monkeypox virus (MPXV)-specific immunity induced by MVA-BN was poorly understood. In 2022, we launched the New York City Observational Study of Mpox Immunity (NYC OSMI, NCT05654883), a longitudinal study of 171 participants comprising MVA-BN vaccines and mpox convalescent individuals. Peripheral blood sampling was performed at intervals including prior to vaccination, after one dose, and after the second dose. MVA-BN vaccinees with and without a history of smallpox vaccination demonstrated detectable MPXV-specific memory B cells at 1-year post-vaccination. Additionally, MVA-BN increased MPXV neutralizing titers in smallpox vaccine-naïve vaccinees, with a comparable maximum titer reached in naïve and smallpox vaccine-experienced vaccinees. However, neutralizing titers returned to baseline within 5-7 months for naïve individuals, while remaining elevated in those with prior smallpox vaccination. Both naïve and experienced individuals generated robust IgG responses against MPXV H3 and A35, but naïve vaccinees' IgG responses showed lower avidity than experienced vaccinees. These data highlight a low avidity antibody response elicited by MVA-BN that is short-lived in naïve vaccinees. This work supports the need for long-term studies on protection induced by MVA-BN, including the potential need for booster doses as well as the development of next-generation orthopoxvirus vaccines. IMPORTANCE: The ongoing outbreaks of mpox demonstrate the continuing threat of orthopoxviruses to global health. While previous orthopoxvirus vaccines generated lifelong antibody and cellular immunity, we show here that the current mpox vaccine, MVA-BN or JYNNEOS, fails to induce durable antibody immunity in individuals with no prior smallpox vaccination. This raises the important question of whether MVA-BN vaccinees have long-term protection from mpox. Our work highlights the need for further studies into the durability of protection generated by MVA-BN as well as whether subsequent booster doses are necessary to maintain protection.",JYNNEOS; MPXV; MVA-BN; antibody response; mpox; orthopoxviruses; vaccination
36941091,"Impact of airline network on the global importation risk of mpox, 2022.","Ryo Kinoshita, Miho Sassa, Shogo Otake, Fumi Yoshimatsu, Shoi Shi, Ryo Ueno, Motoi Suzuki, Daisuke Yoneoka",Epidemiology and infection. 2023. doi: 10.1017/S0950268823000456..,Kinoshita,Epidemiology and infection,2023,2023/03/21,,,10.1017/S0950268823000456,"From 1 January 2022 to 4 September 2022, a total of 53 996 mpox cases were confirmed globally. Cases are predominantly concentrated in Europe and the Americas, while other regions are also continuously observing imported cases. This study aimed to estimate the potential global risk of mpox importation and consider hypothetical scenarios of travel restrictions by varying passenger volumes (PVs) via airline travel network. PV data for the airline network, and the time of first confirmed mpox case for a total of 1680 airports in 176 countries (and territories) were extracted from publicly available data sources. A survival analysis technique in which the hazard function was a function of effective distance was utilised to estimate the importation risk. The arrival time ranged from 9 to 48 days since the first case was identified in the UK on 6 May 2022. The estimated risk of importation showed that regardless of the geographic region, most locations will have an intensified importation risk by 31 December 2022. Travel restrictions scenarios had a minor impact on the global airline importation risk against mpox, highlighting the importance to enhance local capacities for the identification of mpox and to be prepared to carry out contact tracing and isolation.",Airline transportation network; effective distance; importation risk; mpox; passenger volume; survival analysis; travel restriction
41067239,Characterising household transmission dynamics of clade Ib mpox in Burundi: a prospective cohort study.,"Raoul Kamadjeu, Ferdinand Nsengimana, Manassé Nimpagaritse, Edna Moturi, Eric Kezakarayagwa, Rose Nkiko, Jonas Ngendakumana, Rémy Nimubona, Liliane Nkengurutse, Hamady Ba, Dionis Nizigiyimana, Paul Ngwakum, Mame Selbee Diouf, France Bégin, Joseph Nyandwi, Douglas James Noble",The Lancet. Infectious diseases. 2025. doi: 10.1016/S1473-3099(25)00483-9..,Kamadjeu,The Lancet. Infectious diseases,2026,2025/10/06,,,10.1016/S1473-3099(25)00483-9,"BACKGROUND: Knowledge of intrahousehold transmission dynamics of clade Ib mpox, especially in recently epidemic African contexts, is scarce. Our study aimed to quantify household transmission patterns of clade Ib mpox in Burundi, with a focus on children. METHODS: We conducted a prospective cohort study in two health districts, Bujumbura and Kayanza, in Burundi from Jan 23 to March 20, 2025, enrolling 88 laboratory-confirmed primary mpox cases and 432 of their household contacts. We estimated household secondary attack rates (SARs), serial intervals, and basic reproduction number (R0), including a sensitivity analysis to assess the effect of potential misclassification of mpox index cases younger than 15 years. The primary outcome was occurrence of a secondary mpox infection within the household, defined as any laboratory-confirmed mpox case identified among contacts during the follow-up period. FINDINGS: Of the 88 households, 18 (20%) experienced secondary transmission, with most primary mpox cases generating a single secondary case. The overall SAR across all households was 6·15% (95% CI 4·02-8·95) and was significantly higher among those younger than 15 years (8·77% [5·44 -13·22]) than among those aged 15 years or older (2·84% [0·92-6·50]). The overall R0 was 0·30 (95% CI 0·17-0·46), and was significantly higher for those younger than 15 years (0·43 [0·21-0·70]) than those aged 15 years or older (0·15 [0·03-0·27]). The sensitivity analysis showed significantly higher estimates (R0 0·9 [0·71-1·09]; SAR 17% [13·57-21·03]). INTERPRETATION: Intrahousehold transmission of clade 1b mpox in Burundi was limited, and unlikely to sustain a broader community spread. The involvement of children in transmission chains within the household underscores their vulnerability, emphasising the need for accurate household investigation, early detection, and strategies to protect them. Our findings suggest that infection outside the household, with adults serving as a source for initial household introductions, might be a primary driver of the outbreak. The mpox outbreak response should adopt a dual approach combining interventions for household settings and targeted prevention strategies for adults at risk where community transmission is more probable. FUNDING: UNICEF Burundi Country Office.","[MeSH] Humans; [MeSH] Burundi; [MeSH] Prospective Studies; [MeSH] Family Characteristics; [MeSH] Male; [MeSH] Child; [MeSH] Female; [MeSH] Adolescent; [MeSH] Child, Preschool; [MeSH] Adult; [MeSH] Mpox, Monkeypox; [MeSH] Young Adult; [MeSH] Infant; [MeSH] Contact Tracing; [MeSH] Middle Aged; [MeSH] Basic Reproduction Number"
36342036,Early estimates of the incidence trend and the reproductive number of the monkeypox epidemic in Brazil.,"Isaac N Schrarstzhaupt, Mellanie Fontes-Dutra, Fredi Alexander Diaz-Quijano",Travel medicine and infectious disease. 2022. doi: 10.1016/j.tmaid.2022.102484..,Schrarstzhaupt,Travel medicine and infectious disease,2022,2022/10/29,,,10.1016/j.tmaid.2022.102484,"BACKGROUND: We aimed to calculate the weekly growth of the incidence and the effective reproductive number (Rt) of the 2022 Monkeypox epidemic during its introduction in Brazil. METHOD: We described the case distribution in the country and calculated the incidence trend and the Rt in the four geographical states with the highest case reports. By using two regression approaches, count model and the Prais-Winsten, we calculated the relative incidence increase. Moreover, we estimated the Rt for the period between the 24th and the 50th days after the first official report, using a serial interval reported in another population and two alternative values (± 3 days). RESULTS: Up to August 22, 3.896 Monkeypox cases were confirmed in Brazil. The weekly incidence increases were between 37.5% (95% CI: 20.7% - 56,6%) and 82.1% (95% CI: 59.5%-107.8%), and all estimates of Rt were significantly higher than 1 in the four states analyzed. CONCLUSIONS: The Monkeypox outbreak in Brazil is a significant public health emergency that requires coordinated public health strategies such as testing, contact tracing, and vaccination.",Brazil; Epidemic; Monkeypox; Outbreak; Reproductive number
36283609,Lack of clinical evidence of antiviral therapy for human monkeypox: A scoping review.,"Naoto Kuroda, Tadashi Shimizu, Daishi Hirano, Masahiro Ishikane, Yuki Kataoka",Journal of infection and chemotherapy : official journal of the Japan Society of Chemotherapy. 2022. doi: 10.1016/j.jiac.2022.10.009..,Kuroda,Journal of infection and chemotherapy : official journal of the Japan Society of Chemotherapy,2023,2022/10/22,,,10.1016/j.jiac.2022.10.009,"Since May 2022, many human monkeypox cases have been reported from non-endemic countries. This systematic review aimed to evaluate and summarize the existing research on the efficacy and safety of tecovirimat, brincidofovir, and cidofovir for patients with monkeypox. We searched studies that reported the efficacy and adverse events of tecovirimat, brincidofovir, or cidofovir for patients with human monkeypox in several databases including preprint servers. Only five studies were included. The efficacy and adverse events were assessed in only five and four patients, respectively. Regarding tecovirimat, all two patients recovered from monkeypox. One had no adverse event and the other has no description of an adverse event. Regarding brincidofovir, all three patients recovered from monkeypox but all of them had increased alanine transaminase, and one had nausea and abdominal discomfort. There was no study on treatment with cidofovir. Based on past studies and our results, tecovirimat might be the best choice due to ease of administration (oral drug), fewer side effects, and past treatment results for human monkeypox administration. However, very few studies were included in this scoping review. Therefore, further studies are needed to assess their efficacy and safety as possible treatments for human monkeypox.",Antiviral agent; Antiviral therapy; Monkeypox; Treatment
36929727,Anticipating the transmissibility of the 2022 mpox outbreak.,"Tuoyu Liu, Shan Yang, Boyu Luo, Xinyue Fan, Yingtan Zhuang, George F Gao, Yuhai Bi, Yue Teng",Journal of medical virology. 2023. doi: 10.1002/jmv.28683..,Liu,Journal of medical virology,2023,2023/03/01,,,10.1002/jmv.28683,"An ongoing outbreak of monkeypox virus (MPXV) was first reported in the United Kingdom on 6 May 2022. As of 17 November, there had been a total of 80 221 confirmed MPXV cases in over 110 countries. Based on data reported between 6 May and 30 June 2022 in the United Kingdom, Spain, and Germany, we applied a deep learning approach using convolutional neural networks to evaluate the parameters of the 2022 MPXV outbreak. The basic reproduction number (R0 ) of MPXV was estimated to be 2.32 in the United Kingdom, which indicates the active diffusion of MPXV since the beginning of the outbreak. The data from Spain and Germany produced higher median R0 values of 2.42 and 2.88, respectively. Importantly, the estimated R0 of MPXV in the three countries tends to the previously calculated R0 of smallpox (3.50 to 6.00). Furthermore, the incubation (1/ε) and infectious (1/γ) period was predicted between 9 and 10 days and 4-5 days, respectively. The R0 value derived from MPXV is consistent with the significantly increasing number of cases, indicating the risk of a rapid spread of MPXV worldwide, which would provide important insights for the prevention and control of MPXV epidemic.",R0; epidemic; mpox; outbreak; transmissibility
39618068,Mpox as an emerging health threat for survivors of sex trafficking.,"Olabode Ekerin, Deborah Oluwaseun Shomuyiwa, Isaac Olushola Ogunkola, Yusuff Adebayo Adebisi, Emery Manirambona",Tropical medicine & international health : TM & IH. 2024. doi: 10.1111/tmi.14064..,Ekerin,Tropical medicine & international health : TM & IH,2025,2024/12/01,,,10.1111/tmi.14064,"The resurgence of mpox, declared a Public Health Emergency of International Concern by the World Health Organization in 2024, highlights gaps in global preparedness, particularly for marginalised populations. While much of the focus has been on men who have sex with men, survivors of sex trafficking remain overlooked, despite being highly vulnerable to mpox transmission. These individuals face significant health disparities, including limited access to healthcare, exposure to violence and forced sexual encounters in unsafe conditions, which amplify their risk of infection. The clandestine nature of trafficking further complicates public health interventions like contact tracing and vaccination efforts, leaving survivors at heightened risk of infection and limited access to critical health resources. Addressing these inequities requires targeted interventions, such as confidential testing, outreach, culturally sensitive healthcare and integrating mpox awareness into existing survivor support programmes. Additionally, public health systems must ensure equitable vaccine distribution, enhance surveillance and collaborate with anti-trafficking organisations to improve prevention and care. A holistic approach that includes mental health support is crucial to address the unique challenges faced by trafficking survivors, ensuring they receive the protection and care needed during this global outbreak.",Mpox; access to health; mental health; sex trafficking
40166647,Mobile Mpox Vaccination in New York City Provided Flexible Community-Responsive Vaccine Access During the 2022 Global Mpox Emergency.,"Joseph Osmundson, Julian L Watkins, Ashwin Vasan, Chris Hawke, Adam Baran, Jane R Zucker, Katya Murphy, Andrew Wallach, Theodore Long",Open forum infectious diseases. 2025. doi: 10.1093/ofid/ofaf053..,Osmundson,Open forum infectious diseases,2025,2025/03/31,,,10.1093/ofid/ofaf053,"BACKGROUND: In May 2022, mpox (formerly monkeypox) began spreading globally through LGBTQ+ sexual networks. By August 2022, New York City (NYC) became the global epicenter of the mpox outbreak, with the highest number of cases reported in the United States. Here, we quantify the mpox vaccination effort, focusing on flexible and community-responsive mobile vaccination. METHODS: We describe an on-site mpox vaccination strategy at commercial sex venues, nightlife venues, and pride and health centers, during August 1-November 15, 2022. Data were collected on doses, demographics, and event size to determine and evaluate vaccine uptake. RESULTS: The on-site vaccination strategy resulted in 3358 JYNNEOS doses administered at 363 events at 58 locations, including 22 events at 2 commercial sex venues. Commercial sex venues in New York City closed at the height of the mpox epidemic. We show high uptake of the JYNNEOS vaccine at commercial sex venues, with as many as 60% of attendees of 1 event receiving a JYNNEOS vaccine dose on site. This was possible after New York City health agencies responded to community demand for second doses. Messaging about the importance and availability of vaccination at these parties was community-led. JYNNEOS vaccination via mobile clinics demonstrated less racial and geographic disparity compared with nonmobile vaccinations. We show no increase in mpox cases as commercial sex venues reopened with vaccination on site. CONCLUSIONS: These results demonstrate the success of a community-led rapid response to an emergent mpox outbreak, including at places where people meet for sex.",LGBTQ+ health; disease prevention; mpox; sexual health; vaccination
36698716,Potential use of Google Search Trend analysis for risk communication during the mpox (formerly monkeypox) outbreak in Iran.,"Mohammad Jokar, Vahid Rahmanian",Health science reports. 2023. doi: 10.1002/hsr2.1081..,Jokar,Health science reports,2023,2023/01/19,,,10.1002/hsr2.1081,,Google Trends; Iran; infodemiology; monkeypox; risk communication
40097172,Natural Compounds against Mpox: Mapping Evidence and Identifying Gaps.,Amin Sharifan,Planta medica. 2025. doi: 10.1055/a-2560-1844..,Sharifan,Planta medica,2025,2025/03/17,,,10.1055/a-2560-1844,"The global spread of Mpox necessitates exploration of novel treatment options. Considering the established history of herbal medicine in managing infectious diseases, this study reviewed the literature on phytotherapy for Mpox, addressing gaps in evidence-based herbal interventions. A thorough search was conducted across the Scopus, PubMed, and Cochrane databases, as well as grey literature, up to August 2024 to retrieve studies on natural compounds with potential efficacy against Mpox and its associated symptoms. Data were analysed for publication characteristics, the compounds or herbal plants investigated, and their effects on the virus. A total of 37 articles with 242 citations were identified, demonstrating a steady increase in research activity since the first study in 2011, peaking in 2023 with 21 publications and 114 citations. The majority of studies originated from Southeast Asian countries. In terms of study design, most investigations were in silico (n = 31, 84%), followed by in vitro studies (n = 4, 11%), with no in vivo or clinical interventions reported. The primary focus was on the antiviral activities of natural products, with polyphenols identified as the most prevalent lead compounds. Whilst these findings highlight the growing interest in phytotherapy for Mpox, they also underscore the predominance of computational studies. To build upon this foundation of in silico evidence, further laboratory and animal studies are imperative for translating these insights into clinical applications. The comprehensive library of compounds gathered through this research provides a valuable resource to facilitate this crucial next step in the development of herbal interventions against Mpox.","[MeSH] Humans; [MeSH] Biological Products; [MeSH] Phytotherapy; [MeSH] Antiviral Agents; [MeSH] Animals; [MeSH] Mpox, Monkeypox"
40449737,Suppression of poxvirus replication by SC144.,"Anil Pant, Djamal Brahim Belhaouari, Lara Dsouza, Lalita Priyamvada, Ziyue Wang, Santiago Navarro-Forero, Panayampalli S Satheshkumar, Zhengqiang Wang, Zhilong Yang",Antiviral research. 2025. doi: 10.1016/j.antiviral.2025.106204..,Pant,Antiviral research,2025,2025/05/29,,,10.1016/j.antiviral.2025.106204,"Poxviruses are a significant threat to the health of human and economically important animals. Although smallpox, one of the most devastating infectious diseases, is eradicated, the rapid rise of mpox and other poxviral diseases call for the development of antivirals. Here, we show that SC144, a reported small molecule inhibitor of cellular gp130 pathway, suppresses the replication of monkeypox, cowpox, and vaccinia viruses in cultured cells. Interestingly, SC144 likely suppresses vaccinia virus replication independent of gp130. We further show that this suppression of poxvirus replication is achieved by inhibiting viral DNA replication. With EC50 in sub-micromolar range and CC50 of over 250 μM, SC144 is potent and selective, making it a promising candidate for further development as an antiviral against poxviruses.",Antiviral; DNA replication; Monkeypox(mpox) virus; Poxviruses; SC144; Vaccinia virus
37708908,"Transmission dynamics and effect of control measures on the 2022 outbreak of mpox among gay, bisexual, and other men who have sex with men in England: a mathematical modelling study.","Xu-Sheng Zhang, Sema Mandal, Hamish Mohammed, Charlie Turner, Isaac Florence, Josephine Walker, Siwaporn Niyomsri, Gayatri Amirthalingam, Mary Ramsay, Andre Charlett, Peter Vickerman",The Lancet. Infectious diseases. 2023. doi: 10.1016/S1473-3099(23)00451-6..,Zhang,The Lancet. Infectious diseases,2024,2023/09/11,,,10.1016/S1473-3099(23)00451-6,"BACKGROUND: The 2022 global outbreak of mpox (formerly known as monkeypox) spread primarily among gay, bisexual, and other men who have sex with men (GBMSM), with the initial cluster being identified in England in May, 2022. Understanding its epidemiological characteristics and the reasons for its downturn in July, 2022, will help to control future outbreaks. METHODS: We collated data for all diagnosed mpox cases (3621) from England from May 1, 2022, to Nov 16, 2022. Data from 75 individuals with mpox allowed estimation of the incubation period, while data from 121 case-contact pairs were used to estimate the serial interval. Six methods, including a structured dynamic compartmental transmission model, were used to estimate the basic reproduction number (R0). The structured model assumed all male individuals with mpox were GBMSM, who were then stratified into subgroups for those at low risk and high risk for mpox. This best fitting model was used to estimate the reduction in transmissibility, and the effective infectious period (before isolating), that resulted in the outbreak downturn, and the effect of vaccination initiated from June 27, 2022. Bayesian methods were used for parameter estimation and model calibration. FINDINGS: Most cases occurred in men (3544 of 3621, 97·9%). The median incubation period for mpox was 6·90 days (95% credible interval [CrI] 4·08-20·21), and the serial interval was 8·82 days (5·22-25·81). R0 estimates ranged from 1·41 to 2·17. The structured transmission model estimated that 83·8% of infections (95% CrI 83·5-85·3) resulted from sexual partnerships with GBMSM individuals at high risk of mpox. The outbreak downturn probably resulted from a 44·5% reduction in the sexual partner rate among all GBMSM (24·9-55·8) and 20·0% reduction in the effective infectious period (4·1-33·9), preventing 165 896 infections (115 584-217 730). Vaccination marginally increased the number of infections prevented (166 081, 115 745-217 947), but minimised a resurgence in cases from January, 2023, and could have averted four times more infections if initiated earlier. Our findings were sensitive to assumptions regarding the vaccine's effectiveness and the GBMSM subgroup at high risk of mpox. INTERPRETATION: The mpox outbreak in England probably resulted from high sexual partner rates among some GBMSM, with reductions in partner rates reversing the outbreak, and with vaccination minimising future outbreaks. FUNDING: National Institute for Health Research (UK).","[MeSH] Male; [MeSH] Humans; [MeSH] Sexual and Gender Minorities; [MeSH] Bayes Theorem; [MeSH] Homosexuality, Male; [MeSH] Mpox, Monkeypox; [MeSH] Disease Outbreaks; [MeSH] England"
37169263,"Concomitant, consecutive, self-obtained facemask and swab samples from exhaled breath, pox lesions, nasopharynx and the face in patients recovering from mpox - A longitudinal sampling study.","Daniel Pan, Barry Atkinson, Jonathan Decker, Caroline M Williams, Joshua Nazareth, Christopher A Martin, Paul Bird, Muhammad Fahad, Ian Nicholls, Antony Spencer, Okechukwu Onianwa, Alexander Vogt, Amandip Sahota, Julian W Tang, Iain Stephenson, Allan M Bennett, Manish Pareek, Michael R Barer",The Journal of infection. 2023. doi: 10.1016/j.jinf.2023.05.007..,Pan,The Journal of infection,2023,2023/05/09,,,10.1016/j.jinf.2023.05.007,,"[MeSH] Humans; [MeSH] Masks; [MeSH] Mpox, Monkeypox; [MeSH] Sampling Studies; [MeSH] Respiratory System; [MeSH] Nasopharynx; [MeSH] Breath Tests; [MeSH] Exhalation"
36366981,G-quadruplexes in the monkeypox virus are potential antiviral targets.,"Lu Lv, Leiliang Zhang",Journal of medical virology. 2022. doi: 10.1002/jmv.28299..,Lv,Journal of medical virology,2023,2022/11/19,,,10.1002/jmv.28299,"Monkeypox virus (MPXV) is a member of Orthopoxvirus in the Poxviridae family, causing a Public Health Emergency of International Concern. The number of cases and geographic range has increased significantly in 2022. Identification of MPXV-specific therapeutic targets is urgent. G-quadruplex (GQ) secondary structures attract great attention as potential targets for antiviral strategy. Whether GQs are present in the MPXV genome remains inconclusive. In this study, we aim to characterize the GQs encoded by MPXV. Through a series of biophysical experiments, we characterized the formation potential of MPXV-encoded GQs and evaluated the binding and stabilization abilities of GQ ligands including BRACO-19, pyridostatin, and TMPyP4 to GQs encoded by MPXV. Moreover, GQ ligands suppressed the gene transcription of MPXV sequences containing GQ. BRACO-19 and TMPyP4 were able to inhibit vaccinia virus replication. We demonstrated the existence of MPXV GQ and reinforced the idea that GQs could be novel antiviral targets. Targeting these GQ sequences with GQ-binding molecules may represent a new approach for MPXV therapy.",BRACO-19; G-quadruplex; TMPyP4; monkeypox virus; vaccinia virus
40852005,The 2024 monkeypox outbreak in Pakistan: assessing the nation's public health preparedness.,"Hashir Ali Awan, Muhammad Omaise Zafar, Syeda Isra Tahera, Gaffar Alemam A Manhal, Khabab Abbasher Hussien Mohamed Ahmed, Irfan Ullah",Annals of medicine and surgery (2012). 2025. doi: 10.1097/MS9.0000000000003398..,Ali,Annals of medicine and surgery (2012),2025,2025/05/20,,,10.1097/MS9.0000000000003398,"The new subclade Ib of the monkeypox virus (MPXV) is spreading rapidly across Africa and has now been reported outside the continent. Historically, clade I has been associated with more severe disease than clade II, and its newly mutated variant, clade Ib is raising further concerns. Pakistan is among the first non-African countries to confirm a case of mpox in the recent outbreak, amid the World Health Organization's sounding warning of a public health emergency of international concern (PHEIC). With an underfunded, underequipped, and overburdened healthcare system, Pakistan remains virtually unprepared for a public health emergency as a result of mpox. If sustained human-to-human transmission continues, Pakistan will face yet another public health challenge after COVID-19 and the recent devastating floods of 2022. To mitigate this crisis, a coordinated national strategy, in addition to collaboration with international organizations are imperative.",WHO; clade Ib; epidemic; monkeypox; virus
39939881,Neuroinflammatory disorders of the central nervous system associated with monkeypox virus: a systematic review and call to action.,"Shramana Deb, Ritwick Mondal, Purbita Sen, Dipanjan Chowdhury, Shramana Sarkar, Granthik Banerjee, Vramanti Sarkar, Anjan Chowdhury, Julián Benito-León",BMC medicine. 2025. doi: 10.1186/s12916-025-03921-6..,Deb,BMC medicine,2025,2025/02/12,,,10.1186/s12916-025-03921-6,"BACKGROUND: Monkeypox virus (MPXV) has emerged as a significant global health concern with outbreaks worldwide. While MPXV is primarily known for its dermatological and systemic manifestations, it can also cause central nervous system (CNS) complications. This systematic review describes the demographic, clinical, diagnostic, and therapeutic characteristics of MPXV-associated CNS neuroinflammatory disorders. METHODS: We systematically reviewed the literature to identify cases of MPXV-associated CNS neuroinflammatory disorders. Data on demographics, systemic and neurological manifestations, diagnostic methods, treatment strategies, and outcomes were extracted and analyzed. RESULTS: Eighteen cases of MPXV-associated neuroinflammatory disorders were identified. The mean age of patients was 27.8 years (range: 28 days to 43 years), with a male predominance (66.7%). Diagnosis included The most common diagnoses were acute disseminated encephalomyelitis in nine cases (50.0%), encephalitis/meningoencephalitis in seven cases (38.9%, isolated transverse myelitis in one case (5.6%), and transverse myelitis with encephalitis in one case (5.6%). The latency between the onset of systemic symptoms and neurological involvement averaged 6.2 days. MPXV detection was confirmed in 13 of 18 (72.2%) cases, primarily using quantitative real-time polymerase chain reaction from various biological specimens. Among the 12 cases with documented treatment, the most commonly administered therapies were tecovirimat (58.3%) and intravenous methyl-prednisolone (66.7%). Outcomes were reported in 17 cases, with complete recovery in 29.4%, partial recovery in 41.2%, and death in 29.4% of patients. CONCLUSIONS: MPXV-associated neuroinflammatory disorders of the CNS are rare but cause significant complications. The findings underscore the need for clinical vigilance, advanced diagnostic approaches, and targeted therapeutic strategies. Further research is essential to elucidate mechanisms underlying MPXV neurovirulence and develop effective treatments for these life-threatening conditions.",Antiviral therapy; Central nervous system; Cerebrospinal fluid; Encephalitis; Encephalomyelitis; Immunomodulation; Magnetic resonance imaging; Meningoencephalitis; Monkeypox virus; Neuroinflammatory disorders; Systematic review; Transverse myelitis; qRT-PCR
38376919,A field diagnostic method for rapid and sensitive detection of mpox virus.,"Fei Zhao, Fengwen Xu, Xinming Wang, Rui Song, Yamei Hu, Liang Wei, Yu Xie, Yu Huang, Shan Mei, Liming Wang, Lingwa Wang, Zhao Gao, Li Guo, Jugao Fang, Lili Ren, Ronghua Jin, Jianwei Wang, Fei Guo",Journal of medical virology. 2024. doi: 10.1002/jmv.29469..,Zhao,Journal of medical virology,2024,2024/02/01,,,10.1002/jmv.29469,"The mpox outbreak has subdued with fewer reported cases at the present in high-income countries. It is known that mpox virus (MPXV) infection has been epidemic for more than 50 years in African countries. The ancestral MPXV strain has changed into multiple clades, indicating the ongoing evolution of MPXV, which reflects the historical neglect of mpox in Africa, especially after smallpox eradication, and bestows the danger of more severe mpox epidemics in the future. It is thus imperative to continue the development of mpox diagnostics and treatments so we can be prepared in the event of a new mpox epidemic. In this study, we have developed an MPXV detection tool that leverages the recombinase-aid amplification assay by integrating lateral flow strips (RAA-LF) and one-step sample DNA preparation, with visible readout, no need of laboratory instrument, and ready for field deployment. The detection limit reaches 10 copies per reaction. The performance of our RAA-FL assay in diagnosing mpox clinical samples is on par with that of the quantitative polymerase chain reaction (PCR) assay. Taken together, we have developed a point-of-care RAA-LF method of high accuracy and sensitivity, readily deployable for field detection of MPXV. This diagnostic tool is expected to improve and accelerate field- and self-diagnosis, allow timely isolation and treatment, reduce the spread of MPXV, thus effectively mitigate MPXV outbreak in the future.",MPXV detection; RAA; field-deployable; instrument free; lateral flow strips
36529372,Overlooked monkeypox cases among men having sex with men during the 2022 outbreak - a retrospective study.,"Anat Wieder-Feinsod, Tal Zilberman, Oran Erster, Gal Wagner Kolasko, Asaf Biber, Ruth Gophen, Tomer Hoffman, Vladislav Litchevsky, Liraz Olmer, Dafna Yahav, Itzchak Levy",International journal of infectious diseases : IJID : official publication of the International Society for Infectious Diseases. 2022. doi: 10.1016/j.ijid.2022.12.014..,Wieder-Feinsod,International journal of infectious diseases : IJID : official publication of the International Society for Infectious Diseases,2023,2022/12/16,,,10.1016/j.ijid.2022.12.014,"OBJECTIVES: The aim of this study was to characterize overlooked cases of patients with monkeypox infection in the 2022 outbreak. METHODS: Clinical characteristics of 26 patients who were misdiagnosed with other diseases were described. RESULTS: Of the 26 patients who were misdiagnosed, six (23%) were given a diagnosis of bacterial tonsillitis, six (23%) were diagnosed with primary syphilis, five (19.2%) with oral or genital herpes, and four (15.3%) with bacterial proctitis or anal abscess. The average time interval between missed and right diagnosis was 4.4 days. There was no difference in the missed cases between the early and the later month of the outbreak. CONCLUSION: Monkeypox might still be commonly overlooked, especially in patients presenting with fever and sore throat or solitary ulcer as sole manifestations.",MSM; Misdiagnosis; Monkeypox
36205169,"Very low risk of monkeypox among staff and students after exposure to a confirmed case in educational settings, England, May to July 2022.","Shamez N Ladhani, Felicity Aiano, David S Edwards, Samantha Perkins, Wazirzada M Khan, Nalini Iyanger, Elizabeth Whittaker, Jonathan M Cohen, David Ho, Susan Hopkins, Mary E Ramsay, J Yimmy Chow",Euro surveillance : bulletin Europeen sur les maladies transmissibles = European communicable disease bulletin. 2022. doi: 10.2807/1560-7917.ES.2022.27.40.2200734..,Ladhani,Euro surveillance : bulletin Europeen sur les maladies transmissibles = European communicable disease bulletin,2022,2022/10/01,,,10.2807/1560-7917.ES.2022.27.40.2200734,"We investigated a secondary school (11-16 year-olds), a primary school (5-11 year-olds), reception year (4-5 year-olds) and a nursery (2-5 year-olds) following confirmed monkeypox in an adult in each educational setting during June and July 2022. MVA-BN vaccine was offered up to 14 days post exposure to 186 children < 12 years and 21 were vaccinated. No secondary cases occurred among at least 340 exposed students and more than 100 exposed staff during the 28-day follow-up period.",exposure; monkeypox; outbreak; school; vaccine
40388983,Genomics reveals zoonotic and sustained human mpox spread in West Africa.,"Edyth Parker, Ifeanyi F Omah, Delia Doreen Djuicy, Andrew Magee, Christopher H Tomkins-Tinch, James Richard Otieno, Patrick Varilly, Akeemat Opeyemi Ayinla, Ayotunde E Sijuwola, Muhammad I Ahmed, Oludayo O Ope-Ewe, Olusola Akinola Ogunsanya, Alhaji Olono, Femi Mudasiru Saibu, Philomena Eromon, Moïse Henri Moumbeket Yifomnjou, Loique Landry Messanga Essengue, Martial Gides Wansi Yonga, Gael Dieudonné Essima, Ibrahim Pascal Touoyem, Landry Jules Mouliem Mounchili, Sara Irene Eyangoh, Alain Georges Mballa Etoundi, Linda Esso, Inès Mandah Emah Nguidjol, Steve Franck Metomb, Cornelius Chebo, Samuel Mbah Agwe, Hans Makembe Mossi, Chanceline Ndongo Bilounga, Olusola Akanbi, Abiodun Egwuenu, Odianosen Ehiakhamen, Chimaobi Chukwu, Kabiru Suleiman, Afolabi Akinpelu, Adama Ahmad, Khadijah Isa Imam, Richard Ojedele, Victor Oripenaye, Kenneth Ikeata, Sophiyah Adelakun, Babatunde Olajumoke, Áine O'Toole, Mark Zeller, Karthik Gangavarapu, Daniel J Park, Gerald Mboowa, Sofonias Kifle Tessema, Yenew Kebede Tebeje, Onikepe Folarin, Anise Happi, Philippe Lemey, Marc A Suchard, Kristian G Andersen, Pardis Sabeti, Andrew Rambaut, Chikwe Ihekweazu, Idris Jide, Ifedayo Adetifa, Richard Njouom, Christian T Happi",Nature. 2025. doi: 10.1038/s41586-025-09128-2..,Parker,Nature,2025,2025/05/19,,,10.1038/s41586-025-09128-2,"Five years before the 2022 multi-country mpox outbreak, Nigeria and Cameroon reported their first cases in more than three decades1,2. Whereas the outbreak in Nigeria is recognized as an ongoing human epidemic, the drivers of the resurgence in Cameroon remain unclear3,4. The rate of zoonoses remains uncertain in both countries, and gaps in genomic data obscure the timing and zoonotic and geographic origin of monkeypox virus (MPXV) emergence in humans. Here, to address these uncertainties, we sequenced 118 MPXV genomes isolated from cases in Nigeria and Cameroon between 2018 and 2023. We show that in contrast to cases in Nigeria, cases in Cameroon are the result of repeated zoonoses, with two distinct zoonotic lineages circulating across the Nigeria-Cameroon border. Our findings suggest that shared animal populations in the cross-border forest ecosystems drive the emergence and spread of the virus. Accordingly, we identify the closest zoonotic outgroup to the Nigerian human epidemic lineage (hMPXV-1) in a southern Nigerian border state. We estimate that the shared ancestor of the zoonotic outgroup and hMPXV-1 circulated in animals in southern Nigeria in late 2013. We find that hMPXV-1 emerged in humans in August 2014 in the southern Rivers State and circulated undetected for three years. Rivers State was the main source of viral spread during the human epidemic. Our study sheds light on the recent establishment of MPXV in the human population and highlights the risk of persistent zoonotic emergence of MPXV in the complex border regions of Cameroon and Nigeria.","[MeSH] Animals; [MeSH] Humans; [MeSH] Cameroon; [MeSH] Genome, Viral; [MeSH] Genomics; [MeSH] Monkeypox virus; [MeSH] Mpox, Monkeypox; [MeSH] Nigeria; [MeSH] Phylogeny; [MeSH] Viral Zoonoses"
37732640,Mpox vaccination for men who have sex with men.,"Hinpetch Daungsupawong, Viroj Wiwanitkit",Human vaccines & immunotherapeutics. 2023. doi: 10.1080/21645515.2023.2261197..,Daungsupawong,Human vaccines & immunotherapeutics,2023,2023/09/21,,,10.1080/21645515.2023.2261197,,"[MeSH] Humans; [MeSH] Male; [MeSH] Homosexuality, Male; [MeSH] Sexual and Gender Minorities; [MeSH] Smallpox Vaccine; [MeSH] Mpox, Monkeypox"
39565485,JYNNEOS vaccine safety surveillance in the vaccine safety datalink during the 2022 mpox outbreak in the United States.,"Jonathan Duffy, W Katherine Yih, Kimp Walton, Malini B DeSilva, Jason M Glanz, Simon J Hambidge, Lisa A Jackson, Nicola P Klein, Bruno J Lewin, Allison L Naleway, Maria E Sundaram, Judith C Maro, Eric Weintraub",Infection. 2024. doi: 10.1007/s15010-024-02428-1..,Duffy,Infection,2025,2024/11/20,,,10.1007/s15010-024-02428-1,"BACKGROUND: The JYNNEOS vaccine (two doses given 28 days apart) was recommended in the United States for people at high risk of exposure to monkeypox virus during the 2022 mpox outbreak. Our objective was to assess the safety of JYNNEOS using two complementary epidemiologic methods. METHODS: This observational cohort included patients of eight large integrated healthcare organizations who received JYNNEOS. Adverse events were identified using ICD-10 coded diagnoses assigned to medical visits. The first analysis used standardized incidence ratios (SIR) to compare the observed incidence of ten prespecified adverse events of special interest (AESI) during the 28 days after receipt of each dose of JYNNEOS to the expected incidence adjusted for several risk factors. The second analysis used tree-based data mining to identify temporal clustering of cases for more than 60,000 diagnoses and diagnosis groups within 70-days after JYNNEOS dose 1 administration. RESULTS: The SIR analysis included 53,583 adults who received JYNNEOS dose 1 and 38,206 who received dose 2. Males received 92% of the doses. There were no statistically significant elevated SIRs for any of the ten AESI. The tree-based data mining analysis included 36,912 vaccinees. Analysis of diagnoses in inpatient, emergency department, and outpatient settings identified statistically significant clusters of visits for rash and unspecified adverse effects. CONCLUSIONS: No new or unexpected safety concerns were identified. AESI did not occur more frequently than expected by chance alone. Non-serious medically attended adverse events, such as rash, have been previously reported and occurred infrequently.",Adverse event; Mpox; Myocarditis; Smallpox vaccine; Vaccine safety
38801199,"Mpox: Awareness, knowledge and information channels used by individuals accessing a sexually transmitted infections Helpline.","Pietro Gallo, Norman Galea, Anna Colucci, Rudi Valli, Matteo Schwarz, Emanuele Fanales Belasio, Alfredo d'Ari, Francesca Furiozzi, Anna Caraglia, Rosa Dalla Torre, Anna D'Agostini",Annali di igiene : medicina preventiva e di comunita. 2024. doi: 10.7416/ai.2024.2637..,Gallo,Annali di igiene : medicina preventiva e di comunita,2024,2024/05/23,,,10.7416/ai.2024.2637,"BACKGROUND: Up until recently, monkeypox (mpox) was considered to be a rare zoonotic infection restricted to Central and West Africa. However, in July 2022, the World Health Organization declared mpox to be a public health emergency of international concern, after there were several outbreaks in non-endemic countries. This study assessed the information channels used by individuals accessing the ""Telefono Verde AIDS e Infezioni Sessualmente Trasmesse"" of Istituto Superiore di Sanità (National Institute of Health in Italy) with regard to mpox. We also evaluated their awareness, and knowledge about mpox focusing on transmission and prevention. METHODS: This is a cross-sectional study conducted on ""Telefono Verde AIDS e Infezioni Sessualmente Trasmesse"" users, between January and April 2023. The target population was helpline users who were older than 18 years of age, and were phoning the service for the first time (i.e. who have not phoned in the last 12 months). Participants were interviewed using a questionnaire containing 19 questions filled by the interviewer. Collected data were analysed through descriptive statistics, and significance testing. RESULTS: From January to April 2023, ""Telefono Verde AIDS e Infezioni Sessualmente Trasmesse"" received 2,389 phone calls, 216 of which participated in this study. Most of these were male (85.2%; n=186), single (79.2%; n=171) and in employment (72.2%; n=156). Awareness about mpox was high (71.3%; n=154), with the central and south/islands regional areas having the highest percentage of participants who heard about the virus (84.3%; n=43 vs 72.4%; n=42; p=0.078). Television was the most frequently mentioned source of information about mpox by participants (63%; n=97; p<0.001). This medium was also the most preferred source of information about mpox (39%; n=60; p=0.109). The majority of participants stated that they did not know what mpox is (67.6%; n=146), and less than half knew that it is preventable (42.4%; n=89). Of those who stated that mpox is a preventable illness, less than half knew about the existence of a vaccine (44.9%; n=40; p<0.001). CONCLUSIONS: This study provides insights into the awareness, knowledge, prevention tools and information channels of individuals who contacted the ""Telefono Verde AIDS e Infezioni Sessualmente Trasmesse"". Useful indications for defining future information campaigns were obtained.",Awareness; Information Channels; Knowledge; Mpox; Vaccine
37236819,Sexual orientation was associated with intention to be vaccinated with a smallpox vaccine against mpox: A cross-sectional preliminary survey in Japan.,"Daisuke Hori, Yudai Kaneda, Akihiko Ozaki, Takahiro Tabuchi",Vaccine. 2023. doi: 10.1016/j.vaccine.2023.05.050..,Hori,Vaccine,2023,2023/05/24,,,10.1016/j.vaccine.2023.05.050,"This survey aimed to assess the prevalence of intention to receive smallpox vaccine against mpox and its relationship with sexual orientation in Japan. A cross-sectional online survey was conducted in September-October 2022, with 12,900 assigned males and 13,413 assigned females participating. Modified Poisson regression analyses were performed to determine the relationship between vaccine willingness and sexual orientation, adjusting for socioeconomics, trust in government, COVID-19 vaccination status, and frequency of brothel visits. Vaccine willingness was higher in homosexual respondents than heterosexual counterparts, with proportions of 23.1 % among assigned males and 13.4 % among assigned females. Homosexual orientation was significantly associated with vaccine willingness, with prevalence ratios of 1.37 (95 % CI: 1.23-1.54) among assigned males and 1.34 (95 % CI: 1.13-1.59) among assigned females. These findings highlight the need for targeted vaccine promotion campaigns and ongoing monitoring of attitudes towards mpox and vaccine compliance in high-risk groups.",Japan; Mpox; Sexual behavior; Smallpox vaccine; Vaccination hesitancy
35817231,Estimation of local transmissibility in the early phase of monkeypox epidemic in 2022.,"Kin On Kwok, Wan In Wei, Arthur Tang, Samuel Yeung Shan Wong, Julian W Tang",Clinical microbiology and infection : the official publication of the European Society of Clinical Microbiology and Infectious Diseases. 2022. doi: 10.1016/j.cmi.2022.06.025..,Kwok,Clinical microbiology and infection : the official publication of the European Society of Clinical Microbiology and Infectious Diseases,2022,2022/07/08,,,10.1016/j.cmi.2022.06.025,"OBJECTIVES: To estimate the basic reproductive number (Ro) to help us understand and control the spread of monkeypox in immunologically naive populations. METHODS: Using three highest incidence populations including England, Portugal, and Spain as examples as of 18 June 2022, we employed the branching process with a Poisson likelihood and gamma-distributed serial interval to fit daily reported case data of monkeypox to estimate Ro. Sensitivity analyses were performed by varying mean serial interval from 6.8 to 12.8 days. RESULTS: The median posterior estimates of Ro for monkeypox in the three study populations were statistically >1 (England: Ro = 1.60 [95% (credible interval) CrI, 1.50-1.70]; Portugal: Ro = 1.40 [95% CrI, 1.20-1.60]; Spain: Ro = 1.80 [95% CrI, 1.70-2.00]). Ro estimates varied over 1.30 to 2.10, depending on the serial interval. DISCUSSION: The updated Ro estimates across different populations will inform policy makers' plans for public health control measures. Currently, monkeypox has a sustainable outbreak potential and may challenge healthcare systems, mainly due to declines in the population level immunity to Orthopoxviruses since the cessation of routine smallpox vaccination. Smallpox vaccination has been shown to be effective in protecting (≤85% effectiveness) against monkeypox infection in earlier times. So early postexposure vaccination is currently being offered in an attempt to control its spread.",Basic reproductive number; Branching process; Epidemic; Monkeypox; Outbreak
37820161,"Epidemiology of monkeypox notifications in the state of Minas Gerais, Brazil.","Paula Luciana Gonçalves Pereira, Edmundo Rinolino Magalhães Flores, Thales Philipe Rodrigues da Silva, Ana Paula Vieira Faria, Elice Eliane Nobre Ribeiro, Ana Paula Sayuri Sato, Larissa Pereira Gomes, Fernanda Penido Matozinhos",Revista brasileira de enfermagem. 2023. doi: 10.1590/0034-7167-2022-0598..,Pereira,Revista brasileira de enfermagem,2023,2023/10/09,,,10.1590/0034-7167-2022-0598,"OBJECTIVES: to describe the epidemiological profile of suspected, confirmed, and probable cases of monkeypox in the state of Minas Gerais, Brazil. METHODS: a descriptive, retrospective study of reported suspected, confirmed, and probable cases of monkeypox infection in the state of Minas Gerais, Brazil. The study period was from the first notification, on June 11, to September 7, 2022. RESULTS: a total of 759 suspected, confirmed, and probable cases of monkeypox infection were reported, with 35.44% suspected, 53.75% confirmed, and 10.81% probable cases, respectively. As for the coexisting diseases within confirmed cases, 38.79% were related to people living with human immunodeficiency virus, and 13.74% had some active sexually transmitted infection. Regarding the evolution of confirmed cases, 47.43% were cured. CONCLUSIONS: the results contribute to greater knowledge and control of the infection by allowing better disease management and care offered in health services.","[MeSH] Humans; [MeSH] Retrospective Studies; [MeSH] Brazil; [MeSH] Mpox, Monkeypox"
39244405,Proposing the change of name of viruela del mono (monkeypox) in Spanish to viruela M.,"Francisco Javier Membrillo de Novales, Jaime García Iglesias, Miriam Álvarez, Luis E Cuellar, María Eugenia Gutiérrez-Pimentel, Alexis M Holguin, Virgilio Lezcano, Susana Lloveras, Mariella Raijmakers, Iván Arturo Rodríguez Sabogal, Adriana Sucari, Alfonso J Rodriguez-Morales",Enfermedades infecciosas y microbiologia clinica (English ed.). 2024. doi: 10.1016/j.eimce.2024.08.001..,Membrillo,Enfermedades infecciosas y microbiologia clinica (English ed.),2024,2024/09/06,,,10.1016/j.eimce.2024.08.001,,"[MeSH] Humans; [MeSH] Language; [MeSH] Mpox, Monkeypox; [MeSH] Spain; [MeSH] Terminology as Topic"
38781111,"Monkeypox Virus Infections After 2 Preexposure Doses of JYNNEOS Vaccine - United States, May 2022-May 2024.","Sarah Anne J Guagliardo, Ian Kracalik, Rosalind J Carter, Christopher Braden, Rebecca Free, Mukesh Hamal, Alexandra Tuttle, Andrea M McCollum, Agam K Rao",MMWR. Morbidity and mortality weekly report. 2024. doi: 10.15585/mmwr.mm7320a3..,Guagliardo,MMWR. Morbidity and mortality weekly report,2024,2024/05/23,,,10.15585/mmwr.mm7320a3,"Two doses of JYNNEOS vaccine are effective in preventing many mpox cases and can reduce the severity of symptoms in infected persons. However, infections among fully vaccinated persons can occur. During May 2022-May 2024, a total of 271 mpox cases among fully vaccinated persons were reported to CDC from 27 U.S. jurisdictions. These reported infections are estimated to have occurred in <1% of fully vaccinated persons. Compared with cases among unvaccinated persons, infections among fully vaccinated persons were more likely to occur among non-Hispanic White men aged 30-39 years, were associated with increased numbers of sexual partners, and resulted in less severe disease (p<0.001). Among infections in fully vaccinated persons with complete data, infections after vaccination were reported more commonly after receipt of heterologous (subcutaneous and intradermal) (46%) or homologous subcutaneous (32%) JYNNEOS vaccination than after homologous intradermal (22%) vaccination. Disparate time intervals from vaccination to infection among fully vaccinated persons suggest that immunity is not waning. The median interval between the second vaccine dose and illness onset was longer for cases among persons who had received 2 intradermal doses (median = 363 days; IQR = 221-444 days) compared with cases in persons who had received 2 subcutaneous doses (median = 263 days; IQR = 47-334 days) (p<0.001). The implications of this finding are not known; however, these data should increase confidence in the effectiveness of vaccine doses that were administered intradermally, the preferred method of administration during the peak of the outbreak when vaccine supply was limited. Persons recommended to receive the JYNNEOS vaccine should receive 2 doses, irrespective of the route of administration, and at this time, additional doses are not recommended for the affected population.","[MeSH] Humans; [MeSH] Male; [MeSH] United States; [MeSH] Adult; [MeSH] Young Adult; [MeSH] Female; [MeSH] Middle Aged; [MeSH] Mpox, Monkeypox; [MeSH] Adolescent; [MeSH] 2019-nCoV Vaccine mRNA-1273; [MeSH] Immunization, Secondary"
36395919,Diagnosis of Monkeypox infection: Validation of two diagnostic kits for viral detection using RT-PCR.,"Meital Elbaz, Ora Halutz, Yaniv Ali, Amos Adler",Journal of virological methods. 2022. doi: 10.1016/j.jviromet.2022.114653..,Elbaz,Journal of virological methods,2023,2022/11/14,,,10.1016/j.jviromet.2022.114653,"Monkeypox virus, a zoonotic Orthopox DNA virus was rarely reported outside of African regions until April 2022. Since then, thousands of cases have been reported worldwide. In order to cope with the increasing need for laboratory diagnosis, the availability of reliable commercial PCR assays is of paramount importance. In this study we compared the diagnostic performance of two commercial real-time (RT)-PCR assays, the Novaplex™ MPXV Assay and the Bio-Speedy® Monkeypox Virus qPCR Kit, for the detection of Monkeypox virus (MPXV) DNA from 154 human samples. These assays were compared to a recently published in-house assay that included a general MPXV target (G2T) and a West African specific target (genericWA). All assays demonstrated 100% specificity. While sensitivity of the Novpalex assay was 100% the sensitivity of the other assays was lower; 94% for the Bio-speedy assay and G2R assay and 88% for the genericWA assay. The sensitivity differences between the methods manifested almost entirely in those pharyngeal samples in which the Ct values were high (≥35). The Novaplex™ MPXV Assay showed higher Ct values compared with the other methods with a median of 27.1 compared with the Bio-Speedy assay (median 15.8, p < 0.001), the G2R assay (median 23.5, p < 0.001) and the genericWA assay (median 23.6, p < 0.001). For all 4 methods, the Ct values were higher in samples taken from oropharynx compared with samples from rectal and pustule swabs.",Diagnosis; Monkeypox; RT-PCR
39350073,Assessing vaccine strategies for mpox outbreak in New York City using an age-structure model.,"Zixiao Xiong, Ling Xue, Xuezhi Li, Yanfen Zhang",BMC infectious diseases. 2024. doi: 10.1186/s12879-024-09551-2..,Xiong,BMC infectious diseases,2024,2024/09/30,,,10.1186/s12879-024-09551-2,"BACKGROUND: Since May 7 2022, mpox has been endemic in many countries which has attracted the attention of health authorities in various countries and made control decisions, in which vaccination is the mainstream strategy. However, the shortage of vaccine doses and the reduction of protective efficacy have led to unresolved issues such as vaccine allocation decisions and evaluation of transmission scale. METHODS: We developed an epidemiological model to describe the prevalence of the mpox virus in New York City and calibrated the model to match surveillance data from May 19 to November 3, 2022. Finally, we adjusted the model to simulate and compare several scenarios of non-vaccination and pre-pandemic vaccination. RESULTS: Relative to the status quo, if vaccination is not carried out, the number of new infections increases to about 385%, and the transmission time will be extended to about 350%, while if vaccinated before the epidemic, the number of new infections decreases to 94.2-96%. CONCLUSIONS: The mpox outbreak in New York City may be linked to the Pride event. However, with current vaccine coverage, there will be no more large-scale outbreaks of mpox, even if there is another similar activity. For areas with limited vaccines, priority is given to high-risk groups in the age group [34-45] years as soon as possible.",Age-structured model; Basic reproduction number; Mpox; Sensitivity analysis; Vaccination strategies
38793608,"Exploring Viral Genome Profile in Mpox Patients during the 2022 Outbreak, in a North-Eastern Centre of Italy.","Michela Deiana, Denise Lavezzari, Antonio Mori, Silvia Accordini, Elena Pomari, Chiara Piubelli, Simone Malagò, Maddalena Cordioli, Niccolò Ronzoni, Andrea Angheben, Evelina Tacconelli, Maria Rosaria Capobianchi, Federico Giovanni Gobbi, Concetta Castilletti",Viruses. 2024. doi: 10.3390/v16050726..,Deiana,Viruses,2024,2024/05/03,,,10.3390/v16050726,"In 2022, an unprecedented outbreak of mpox raged in several nations. Sequences from the 2022 outbreak reveal a higher nucleotide substitution if compared with the estimated rate for orthopoxviruses. Recently, intra-lesion SNVs (single nucleotide variants) have been described, and these have been suggested as possible sources of genetic variation. Until now, it has not been clear if the presence of several SNVs could represents the result of local mutagenesis or a possible co-infection. We investigated the significance of SNVs through whole-genome sequencing analysis of four unrelated mpox cases. In addition to the known mutations harboured by the circulating strains of virus (MPXV), 7 novel mutations were identified, including SNVs located in genes that are involved in immune evasion mechanisms and/or viral fitness, six of these appeared to be APOBEC3-driven. Interestingly, three patients exhibited the coexistence of mutated and wild-type alleles for five non-synonymous variants. In addition, two patients, apparently unrelated, showed an analogous pattern for two novel mutations, albeit with divergent frequencies. The coexistence of mixed viral populations, harbouring non-synonymous mutations in patients, supports the hypothesis of possible co-infection. Additional investigations of larger clinical cohorts are essential to validating intra-patient viral genome heterogeneity and determining the possibility of co-presence events of slightly divergent MPXV strains.",APOBEC3 intra-patient variation; monkeypox virus (MPXV); mpox outbreak; mutations; next-generation sequencing (NGS); single nucleotide variant (SNV)
38037499,Mpox DNA clearance in semen over 6-month follow-up.,"Caterina Candela, Laura Galli, Alberto Rizzo, Davide Mileto, Diana Canetti, Nicola Gianotti, Angelo Roberto Raccagni, Costanza Bertoni, Maria Francesca Lucente, Maria Rita Gismondo, Antonella Castagna, Silvia Nozza",Journal of medical virology. 2023. doi: 10.1002/jmv.29259..,Candela,Journal of medical virology,2023,2023/12/01,,,10.1002/jmv.29259,"Sexual intercourse is a well-established way of transmission of mpox infection. However, it is still uncertain whether semen may represent a viral reservoir. The aim of the study was to evaluate the clearance of viral DNA in semen samples from individuals diagnosed with mpox infection over 6-month follow-up. This prospective, observational, single-center study was conducted at IRCCS San Raffaele Scientific Institute, Milan, Italy, between May and October 2022 in 140 individuals who attended Sexual Health Clinic and diagnosed with mpox infection. Semen samples were collected and analyzed by real-time polymerase chain reaction assays. The baseline collection was performed in 64 (46%) of 140 men diagnosed with mpox infection. The viral DNA was detected in 43 (67%) with median cycle threshold (Ct) 34 (interquartile range [IQR] 31-36). The research was repeated in 32 (74%) and viral DNA clearance was observed in all within 6 months in a median time of 10.5 days (IQR 7-33). Viral clearance occurred in all tested individuals, mostly within 2 weeks since the first positive test. These findings suggest a transient presence of viral DNA in semen and do not support the hypothesis of reservoir. More studies on mpox DNA detection in semen with viral culture and extended follow-up are needed.",DNA clearance; men who have sex with men; mpox; semen samples
36928778,Assuring health insurance policies for better health outcomes and financial stability of transgender community during the monkeypox disease outbreak.,"Vishnu Priya Veeraraghavan, Jyotsna Needamangalam Balaji, Sreenidhi Prakash, Ullas Mony, Krishna Mohan Surapaneni","International journal of surgery (London, England). 2023. doi: 10.1097/JS9.0000000000000027..",Veeraraghavan,"International journal of surgery (London, England)",2023,2023/03/01,,,10.1097/JS9.0000000000000027,,"[MeSH] Humans; [MeSH] Transgender Persons; [MeSH] Mpox, Monkeypox; [MeSH] Insurance, Health; [MeSH] Disease Outbreaks; [MeSH] Health Policy; [MeSH] Outcome Assessment, Health Care; [MeSH] Male; [MeSH] Female"
38926635,"Clinical features and viral load variations of Mpox: a retrospective study in Chongqing, China.","Sen Yang, Chao Xia, Yuxin Zhang, Yan Shen, Chengshuang Xia, Yanqiu Lu, Shifang Su, Changgang Deng, Vijay Harypursat, Jing Wang, Jing Yuan, Yemiao Chen",BMC infectious diseases. 2024. doi: 10.1186/s12879-024-09537-0..,Yang,BMC infectious diseases,2024,2024/06/26,,,10.1186/s12879-024-09537-0,"PURPOSE: Since May 2022, Mpox has spread extensively outside of Africa, posing a serious threat to the health of people globally, and particularly to the men who have sex with men (MSM) population. Chongqing, a province in Southwest China, has relatively large MSM and people living with HIV (PLWH) populations, presenting conditions conducive to the wide dissemination of Mpox. In this study, we investigated the clinical characteristics of Mpox patients among MSM and PLWH in Chongqing, aiming to inform the development of targeted prevention, control, and treatment strategies for Mpox. METHOD: We evaluated the clinical characteristics, travel history, time of onset, distribution and number of skin lesions of Mpox patients admitted to the Chongqing Public Health Medical Center between September 2022 and October 2023. Meanwhile, a series of clinical samples were collected and the pathogen of interest was identified as Mpox virus using quantitative polymerase chain reaction (qPCR). The results were presented in the form of cycle thresholds (Ct), which help to approximate the quantification of viral load. RESULTS: As of October 11, 2023, the Chongqing Public Health Medical Center reported a total of nine Mpox virus infections. All the patients identified were male and belonged to the MSM population, among whom seven (77.8%) were living with HIV, and maintained a preserved immune system while achieving viral suppression via effective ART. We observed no discernible clinical differences between MSM with Mpox with or without HIV, and no fatalities were recorded. Viral loads were observed to be higher in samples taken from the skin than those from the throat, nasopharynx, blood, or semen. CONCLUSION: In this retrospective study, the clinical manifestations of MPXV infection appeared consistent among MSM patients, regardless of HIV status. Elevated MPXV viral loads in the skin and mucosal tissues, particularly at genital and anal sites, indicate that transmission is more likely to occur via direct physical contact as opposed to respiratory pathways or through exposure to bodily fluids.",Clinical features; HIV; Infection; Mpox; Viral load
38532346,Modelling the impact of human behavior using a two-layer Watts-Strogatz network for transmission and control of Mpox.,"Qiaojuan Jia, Ling Xue, Ran Sui, Junqi Huo",BMC infectious diseases. 2024. doi: 10.1186/s12879-024-09239-7..,Jia,BMC infectious diseases,2024,2024/03/26,,,10.1186/s12879-024-09239-7,"PURPOSE: This study aims to evaluate the effectiveness of mitigation strategies and analyze the impact of human behavior on the transmission of Mpox. The results can provide guidance to public health authorities on comprehensive prevention and control for the new Mpox virus strain in the Democratic Republic of Congo as of December 2023. METHODS: We develop a two-layer Watts-Strogatz network model. The basic reproduction number is calculated using the next-generation matrix approach. Markov chain Monte Carlo (MCMC) optimization algorithm is used to fit Mpox cases in Canada into the network model. Numerical simulations are used to assess the impact of mitigation strategies and human behavior on the final epidemic size. RESULTS: Our results show that the contact transmission rate of low-risk groups and susceptible humans increases when the contact transmission rate of high-risk groups and susceptible humans is controlled as the Mpox epidemic spreads. The contact transmission rate of high-risk groups after May 18, 2022, is approximately 20% lower than that before May 18, 2022. Our findings indicate a positive correlation between the basic reproduction number and the level of heterogeneity in human contacts, with the basic reproduction number estimated at 2.3475 (95% CI: 0.0749-6.9084). Reducing the average number of sexual contacts to two per week effectively reduces the reproduction number to below one. CONCLUSION: We need to pay attention to the re-emergence of the epidemics caused by low-risk groups when an outbreak dominated by high-risk groups is under control. Numerical simulations show that reducing the average number of sexual contacts to two per week is effective in slowing down the rapid spread of the epidemic. Our findings offer guidance for the public health authorities of the Democratic Republic of Congo in developing effective mitigation strategies.",Human behavior; Mitigation strategies; Mpox virus; Reproduction number; Two-layer network
36650445,A new and efficient enrichment method for metagenomic sequencing of Monkeypox virus.,"Pablo Aja-Macaya, Soraya Rumbo-Feal, Margarita Poza, Angelina Cañizares, Juan A Vallejo, Germán Bou",BMC genomics. 2023. doi: 10.1186/s12864-023-09114-w..,Aja-Macaya,BMC genomics,2023,2023/01/17,,,10.1186/s12864-023-09114-w,"BACKGROUND: The methodology described in previous literature for Monkeypox virus (MPXV) sequencing shows low efficiency when using metagenomic approaches. The aim of the present study was to evaluate a new fine-tuned method for extraction and enrichment of genomic MPXV DNA using clinical samples and to compare it to a non-enrichment metagenomic approach. RESULTS: A new procedure that allows sample enrichment in MPXV DNA, avoiding wasting the sequencing capacity in human DNA, was designed. This procedure consisted of host DNA depletion using a saponin/NaCl combination treatment and DNase, together with high g-force centrifugations. After typical quality control, samples using the enrichment method contained around 96% of reads not classified as human DNA, while the non-enrichment protocol showed around 5-10%. When reads not belonging to Orthopoxvirus were removed, enriched samples kept about 50% of the original read counts, while non-enriched ones kept only 2-7%. CONCLUSIONS: Results showed a very significant improvement in sequencing efficiency, increasing the number of reads belonging to MPXV, the depth of coverage and the trustworthiness of the consensus sequences. This, in turn, allows for more samples to be included in a single cartridge, reducing costs and time to diagnosis, which can be very important factors when dealing with a contagious disease.",Genome sequencing; Host DNA depletion; Human monkeypox (hMPX); Metagenomics; Monkeypox virus (MPXV); Viral surveillance
41324118,"Assessment of Knowledge, Attitude, and Practice Towards the Prevention of Monkeypox Among People of Bangladesh With at Least Primary Education: A Cross-Sectional Study.","Radwan Raquib, Proloy Chakraborty Tusher, Anisa Ahmed Chowdhury, Obaidul Islam, Jahid Hasan Tipu, Himel Talukder, Mohammod Misbah Uddin, Ahsan Raquib, Tilak Chandra Nath",Health science reports. 2025. doi: 10.1002/hsr2.71560..,Raquib,Health science reports,2025,2025/11/26,,,10.1002/hsr2.71560,"BACKGROUND AND AIMS: The recent emergence and rapid spread of monkeypox (Mpox) have become a global public health concern. Gaps in proper information dissemination can cause confusion and knowledge divergence among the general public, leading to difficulties in disease management. Therefore, this study aimed to assess the overall knowledge, attitude, and practice (KAP) regarding Mpox among the general population of Bangladesh to help implement optimal public health interventions. METHODS: A cross-sectional study was conducted using an online questionnaire survey to evaluate the KAP related to Mpox among the general population of Bangladesh. A total of 1025 KAP domains were registered during the survey, among which 938 were eligible for final analysis. Comparisons between different groups were performed using the Wilcoxon signed-rank and the Kruskal-Wallis test. Additionally, a multivariable logistic regression analysis was conducted to identify factors associated with williness to practice preventive behaviours against Mpox. RESULTS: Only 7.25% (68/938) of participants demonstrated good knowledge, 20.58% (193/938) had positive attitudes, and 25.05% (235/938) were willing to practice preventive measures toward Mpox prevention, indicating overall inadequate KAP levels. The Kruskal-Wallis test revealed statistically significant differences in knowledge scores based on education level (p value = 0.004), age group (p value = 0.008), and division (p value = 0.009). Similarly, significant variations in attitude scores were observed across areas of residence (p value = 0.003), education level (p value < 0.001), and age group (p value = 0.002). Furthermore, both univariate and multivariable logistic regression analyses identified gender, knowledge level, and attitude score as significant predictors of willingness to engage in preventive practices. CONCLUSION: The low KAP scores suggest an urgent need for mass awareness campaigns for Mpox prevention in Bangladesh. The findings of this study could assist policymakers in taking necessary steps to mitigate the potential public health burden associated with Mpox in the country.",Bangladesh; KAP; monkeypox; prevention and control; public health
38272237,Cross-species transmission and host range genes in poxviruses.,"Chen-Hui Yang, A-Ling Song, Ye Qiu, Xing-Yi Ge",Virologica Sinica. 2024. doi: 10.1016/j.virs.2024.01.007..,Yang,Virologica Sinica,2024,2024/01/23,,,10.1016/j.virs.2024.01.007,"The persistent epidemic of human mpox, caused by mpox virus (MPXV), raises concerns about the future spread of MPXV and other poxviruses. MPXV is a typical zoonotic virus which can infect human and cause smallpox-like symptoms. MPXV belongs to the Poxviridae family, which has a relatively broad host range from arthropods to vertebrates. Cross-species transmission of poxviruses among different hosts has been frequently reported and resulted in numerous epidemics. Poxviruses have a complex linear double-strand DNA genome that encodes hundreds of proteins. Genes related to the host range of poxvirus are called host range genes (HRGs). This review briefly introduces the taxonomy, phylogeny and hosts of poxviruses, and then comprehensively summarizes the current knowledge about the cross-species transmission of poxviruses. In particular, the HRGs of poxvirus are described and their impacts on viral host range are discussed in depth. We hope that this review will provide a comprehensive perspective about the current progress of researches on cross-species transmission and HRG variation of poxviruses, serving as a valuable reference for academic studies and disease control in the future.",Cross-species transmission; Host range gene (HRG); Host spectrum; Poxvirus
36319946,Monkeypox: Early estimation of basic reproduction number R0 in Europe.,"Francesco Branda, Massimo Pierini, Sandra Mazzoli",Journal of medical virology. 2022. doi: 10.1002/jmv.28270..,Branda,Journal of medical virology,2023,2022/11/09,,,10.1002/jmv.28270,"This world outbreak of Monkeypox (MPX) infections outside Africa emerged on May 2022 in Europe and spread worldwide with unique characteristics: inter-human contagion and infection in men without specific previous immunization, prevalently men-who-have-sex-with-men (MSM). Phylogenetic analysis confirmed a unique clade, the West African clade, subclade IIb. On August 30, WHO stated 48 895 laboratory confirmed cases from 101 different countries, of which 28 050 were in Europe. It has therefore become important to define new epidemiological indices. Starting from our new surveillance system EpiMPX open data, we defined an early R0 measure, using European ECDC confirmed cases from the epidemic start to the end of August 2022; our early R0 pooled median is 2.44, with high variability between countries. We observed the higher R0 in Portugal and Germany, followed by Italy, Spain, and France. Anyway, these high estimates refer to the MSM group rather than to the general population. Early estimation of R0 can be used to support the epidemiological understanding of transmission dynamics and contain MPX from spreading in naive populations and core groups with risk factors. MPX is in an evolving situation with much to learn and to do to combat the current epidemic outbreak.",Monkeypox; emerging viruses; public health; virus surveillance
38070288,Loop-mediated isothermal amplification coupled with nanoparticle-based lateral flow biosensor for monkeypox virus detection.,"Fei Xiao, Jin Fu, Xiaolan Huang, Nan Jia, Chunrong Sun, Zheng Xu, Hui Huang, Juan Zhou, Yi Wang",Talanta. 2023. doi: 10.1016/j.talanta.2023.125502..,Xiao,Talanta,2024,2023/12/01,,,10.1016/j.talanta.2023.125502,"Monkeypox virus (MPXV) infection is currently an evolving public health concern, highlighting an urgent need for early and rapid detection of MPXV. Here, we present a diagnostic test called MPXV-LAMP-LFB, which combines loop-mediated isothermal amplification (LAMP) and nanoparticle-based lateral flow biosensor (LFB) for the simple, sensitive and specific detection of MPXV and differentiation of its two clades. The MPXV-LAMP-LFB can be conducted at a heating block and the detection results can be visually indicated with the biosensor without any specialized apparatus. Two sets of LAMP primers targeting the D14L and ATI genes were designed for the Central and West African MPXV isolates, respectively. The optimal amplification condition was 64 °C for 40 min. Thus, the MPXV-LAMP-LFB test can be completed within 1 h, incorporating rapid DNA extraction (∼15 min), LAMP reaction (∼40 min) and result indicating (∼5 min). The MPXV-LAMP-LFB assay could detect down to 5 copies of plasmid template and 12.5 copies of pseudotyped virus in simulated blood samples. Furthermore, the MPXV-LAMP-LFB assay correctly identified all the positive controls and successfully avoided cross-reactivity with the non-MPXV pathogens or clinical samples, demonstrating its high specificity. Overall, the MPXV-LAMP-LFB test developed in this study showed great promise as a rapid, sensitive and accurate molecular tool for diagnosing MPXV infection.",Lateral flow biosensor; Loop-mediated isothermal amplification; MPXV infection; Monkeypox virus; Nanoparticle
37703247,Data-driven estimation of the instantaneous reproduction number and growth rates for the 2022 monkeypox outbreak in Europe.,"Fernando Saldaña, Maria L Daza-Torres, Maíra Aguiar",PloS one. 2023. doi: 10.1371/journal.pone.0290387..,Saldaña,PloS one,2023,2023/09/13,,,10.1371/journal.pone.0290387,"OBJECTIVE: To estimate the instantaneous reproduction number Rt and the epidemic growth rates for the 2022 monkeypox outbreaks in the European region. METHODS: We gathered daily laboratory-confirmed monkeypox cases in the most affected European countries from the beginning of the outbreak to September 23, 2022. A data-driven estimation of the instantaneous reproduction number is obtained using a novel filtering type Bayesian inference. A phenomenological growth model coupled with a Bayesian sequential approach to update forecasts over time is used to obtain time-dependent growth rates in several countries. RESULTS: The instantaneous reproduction number Rt for the laboratory-confirmed monkeypox cases in Spain, France, Germany, the UK, the Netherlands, Portugal, and Italy. At the early phase of the outbreak, our estimation for Rt, which can be used as a proxy for the basic reproduction number R0, was 2.06 (95% CI 1.63 - 2.54) for Spain, 2.62 (95% CI 2.23 - 3.17) for France, 2.81 (95% CI 2.51 - 3.09) for Germany, 1.82 (95% CI 1.52 - 2.18) for the UK, 2.84 (95% CI 2.07 - 3.91) for the Netherlands, 1.13 (95% CI 0.99 - 1.32) for Portugal, 3.06 (95% CI 2.48 - 3.62) for Italy. Cumulative cases for these countries present subexponential rather than exponential growth dynamics. CONCLUSIONS: Our findings suggest that the current monkeypox outbreaks present limited transmission chains of human-to-human secondary infection so the possibility of a huge pandemic is very low. Confirmed monkeypox cases are decreasing significantly in the European region, the decline might be attributed to public health interventions and behavioral changes in the population due to increased risk perception. Nevertheless, further strategies toward elimination are essential to avoid the subsequent evolution of the monkeypox virus that can result in new outbreaks.","[MeSH] Humans; [MeSH] Mpox, Monkeypox; [MeSH] Bayes Theorem; [MeSH] Europe; [MeSH] Disease Outbreaks; [MeSH] France"
38942168,"Potential determinants of the decline in mpox cases in Belgium: A behavioral, epidemiological and seroprevalence study.","Elise De Vos, Liesbeth Van Gestel, Isabel Brosius, Chris Kenyon, Bea Vuylsteke, Irith De Baetselier, Joachim Mariën, Eugene Bangwen, Simon Couvreur, Amaryl Lecompte, Dominique Van Beckhoven, Bart Hoorelbeke, Babs E Verstrepen, Luca M Zaeck, Rory D de Vries, Corine H Geurts van Kessel, Niel Hens, Kevin K Ariën, Koen Vercauteren, Marjan Van Esbroek, Christophe Van Dijck, Laurens Liesenborghs",International journal of infectious diseases : IJID : official publication of the International Society for Infectious Diseases. 2024. doi: 10.1016/j.ijid.2024.107132..,De,International journal of infectious diseases : IJID : official publication of the International Society for Infectious Diseases,2024,2024/06/26,,,10.1016/j.ijid.2024.107132,"OBJECTIVES: The 2022 mpox epidemic reached a peak in Belgium and the rest of Europe in July 2022, after which it unexpectedly subsided. This study investigates epidemiological, behavioral, and immunological factors behind the waning of the epidemic in Belgium. METHODS: We investigated temporal evolutions in the characteristics and behavior of mpox patients using national surveillance data and data from a prospective registry of mpox patients in the Institute of Tropical Medicine (Antwerp). We studied behavioral changes in the population at risk using a survey among HIV-preexposure prophylaxis (PrEP) users. We determined the seroprevalence of anti-orthopoxvirus antibodies among HIV-PrEP users across four-time points in 2022. RESULTS: Mpox patients diagnosed at the end of the epidemic had less sexual risk behavior compared to those diagnosed earlier: they engaged less in sex at mass events, had fewer sexual partners, and were less likely to belong to the sexual network's central group. Among HIV-PrEP users there were no notable changes in sexual behavior. Anti-orthopoxvirus seroprevalence did not notably increase before the start of national vaccination campaigns. CONCLUSION: The observed changes in group immunity and behavior in the population at greater risk of exposure to mpox seem unable to explain the waning of the mpox epidemic. A change in the profile of mpox patients might have contributed to the decline in cases.",Herd immunity-; Mpox; Multiple sexual partners; Seroepidemiologic studies; Sexual and gender minorities; Sexual behavior; Smallpox vaccination
41429130,"Maternal and neonatal outcomes after infection with monkeypox virus clade I during pregnancy in DR Congo: a pooled, prospective cohort study.","Emmanuel Hasivirwe Vakaniaki, Isaac Barhishindi, Ange Mubiala, Espoir Bwenge Malembaka, Lydia Braunack-Mayer, Bruce Nganga, Sabin Sabiti Nundu, Isabel Brosius, Stefanie Bracke, Eugene Bangwen, Elise De Vos, Robert Colebunders, Mireille Ngale, Gabriel Kayembe, Christian Tshongo, Ali Dilu, Celestin Tshimanga, Jean-Luc Biampata, Patrick Musole Bugeme, Nsengi Ntamabyaliro, Bruce Kirenga, Misaki Wayengera, Joseph Nelson Siewe Fodjo, David Lupande Mwenebitu, Anne W Rimoin, Tony Wawina-Bokalanga, Koen Vercauteren, Daniel Mukadi-Bamuleka, Jean-Jacques Muyembe-Tamfum, Susanne Krasemann, Jason Kindrachuk, Andrew S Azman, Veronique Nussenblatt, Ian Crozier, Lori E Dodd, Olivier Tshiani-Mbaya, Nicola Low, Patrick D M C Katoto, Placide Mbala-Kingebeni, Laurens Liesenborghs","Lancet (London, England). 2025. doi: 10.1016/S0140-6736(25)02309-8..",Vakaniaki,"Lancet (London, England)",2026,2025/12/19,,,10.1016/S0140-6736(25)02309-8,"BACKGROUND: Monkeypox virus (MPXV) has been linked to vertical transmission, but systematic data are scarce. We aimed to describe the sociodemographic, clinical, and virological characteristics and assess the frequency and determinants of adverse outcomes in pregnant women with MPXV clade I infection. METHODS: In this prospective cohort study, we pooled data from three cohort studies (MBOTE-SK, PREGMPOX, and Uvira mpox) and one randomised controlled trial (PALM007) conducted in the South Kivu, Maniema, and Sankuru provinces of DR Congo between Dec 29, 2022, and June 20, 2025. Pregnant women and adolescent girls with a PCR-confirmed diagnosis of mpox were followed up throughout hospitalisation for mpox, delivery, and until discharge during the postpartum period. We extracted data on sociodemographic characteristics, MPXV exposure, clinical and obstetric presentation, and laboratory results. In a univariable analysis, we examined factors associated with the following adverse outcomes: spontaneous or missed abortion (<20 weeks of gestation), stillbirth (≥20 weeks of gestation), preterm birth (<37 weeks of gestation), live birth of a neonate with macroscopic mpox-like lesions, early (first 7 days) neonatal death, congenital anomaly, or maternal death (during pregnancy or discharge postpartum). FINDINGS: We collected data from 89 pregnant women in the first (25 [28%]), second (31 [35%]), and third (33 [37%]) trimesters across all four studies: MBOTE-SK (36 [40%]), PREGMPOX (24 [27%]), PALM007 (25 [28%]), and Uvira mpox (four [4%]). All participants recovered from mpox; no maternal deaths were reported. During hospitalisation for mpox, fetal loss was reported in 17 (19%) women. Final pregnancy outcomes were known for 69 (78%) participants; adverse outcomes were reported in 35 (51%) women (95% CI 38-63), including fetal loss in 31 (45%; 95% CI 33-57; 16 [52%] spontaneous abortions, four [13%] missed abortions, and 11 [35%] stillbirths). Of the 38 live births, four neonates had congenital mpox-like lesions; one infant died a few hours after birth. No preterm births or congenital abnormalities were recorded. MPXV infection during the first trimester was associated with a higher risk of adverse pregnancy outcomes than during the second (risk ratio [RR] 0·6 [95% CI 0·4-0·9]) and third (0·2 [0·1-0·4]) trimesters (p=0·0008). Adverse outcomes were also associated with high viral load in skin lesions (PCR cycle threshold ≤30; RR 3·5 [95% CI 1·0-12·3]; p=0·045), direct sexual contact with the index case (1·6 [1·1-2·4]; p=0·026), positive HIV status (2·0 [1·4-2·9]; p=0·0002), and the presence of genital lesions (1·9 [1·1-3·2]; p=0·025). INTERPRETATION: MPXV clade I infection in pregnancy is associated with a high risk of fetal loss and congenital infection, particularly during the first trimester. Targeted preventive and clinical strategies are urgently needed to protect pregnant women and their infants in settings that are endemic and epidemic for mpox. FUNDING: The European and Developing Countries Clinical Trials Partnership, the Belgian Directorate-General Development Cooperation and Humanitarian Aid, the Swiss National Science Foundation, the Research Foundation-Flanders, the Gates Foundation, the Intramural Research Program of the National Institutes of Health, and the National Cancer Institute.","[MeSH] Humans; [MeSH] Female; [MeSH] Pregnancy; [MeSH] Prospective Studies; [MeSH] Infant, Newborn; [MeSH] Pregnancy Complications, Infectious; [MeSH] Democratic Republic of the Congo; [MeSH] Mpox, Monkeypox; [MeSH] Adult; [MeSH] Infectious Disease Transmission, Vertical; [MeSH] Adolescent; [MeSH] Pregnancy Outcome; [MeSH] Stillbirth; [MeSH] Young Adult; [MeSH] Monkeypox virus; [MeSH] Premature Birth; [MeSH] Abortion, Spontaneous"
38257804,"Evaluation of Stability, Inactivation, and Disinfection Effectiveness of Mpox Virus.","Yuwei Li, Shiyun Lv, Yan Zeng, Zhuo Chen, Fei Xia, Hao Zhang, Demiao Dan, Chunxia Hu, Yi Tang, Qiao Yang, Yaqi Ji, Jia Lu, Zejun Wang",Viruses. 2024. doi: 10.3390/v16010104..,Li,Viruses,2024,2024/01/11,,,10.3390/v16010104,"Mpox virus (MPXV) infections have increased in many countries since May 2022, increasing demand for diagnostic tests and research on the virus. To ensure personnel safety, appropriate and reliable measures are needed to disinfect and inactivate infectious samples; Methods: We evaluated the stability of infectious MPXV cultures stored at different temperatures and through freeze-thaw cycles. Heat physical treatment (56 °C, 70 °C, 95 °C), chemical treatment (beta-propiolactone (BPL)) and two commercialized disinfectants (Micro-Chem Plus (MCP) and ethanol) were tested against infectious MPXV cultures; Results: The results indicated that MPXV stability increases with lower temperatures. The MPXV titer was stable within three freeze-thaw cycles and only decreased by 1.04 log10 (lg) 50% cell culture infective dose (CCID50) per milliliter (12.44%) after twelve cycles. MPXV could be effectively inactivated at 56 °C for 40 min, 70 °C for 10 min, and 95 °C for 5 min. For BPL inactivation, a 1:1000 volume ratio (BPL:virus) could also effectively inactivate MPXV. A total of 2% or 5% MCP and 75% ethanol treated with MPXV for at least 1 min could reduce >4.25 lg; Conclusions: MPXV shows high stability to temperature and freeze-thaw. Heat and BPL treatments are effective for the inactivation of MPXV, while MCP and ethanol are effective for disinfection, which could help laboratory staff operate the MPXV under safer conditions and improve operational protocols.",BPL; MPXV; disinfection; heat; inactivation; stability
37174951,Internal Validation of a Real-Time qPCR Kit following the UNE/EN ISO/IEC 17025:2005 for Detection of the Re-Emerging Monkeypox virus.,"Antonio Martínez-Murcia, Aaron Navarro, Adrian Garcia-Sirera, Laura Pérez, Gema Bru","Diagnostics (Basel, Switzerland). 2023. doi: 10.3390/diagnostics13091560..",Martínez-Murcia,"Diagnostics (Basel, Switzerland)",2023,2023/04/26,,,10.3390/diagnostics13091560,"Human mpox is caused by the Monkeypox virus, a microorganism closely related to the Variola virus, both belonging to the Orthopoxvirus genus. Mpox had been considered a rare disease until a global outbreak occurred in 2022. People infected with the virus present similar symptoms to patients suffering smallpox and other rash illnesses, hindering diagnosis. The WHO indicated that no commercial PCR or serology kits are currently widely available. In the present study, the MPXV MONODOSE dtec-qPCR kit was validated following guidelines of the UNE/EN ISO/IEC 17025:2005. The parameters evaluated for the acceptance of the assay were in silico and in vitro specificity, quantitative phase analysis, reliability, and sensitivity. The assay passed validation criteria and yielded an efficiency of 95.8%, high repeatability, reproducibility, and a Limit of Detection and Quantification of at least 10 copies. Results from the validation of the MPXV dtec-qPCR kit were satisfactory. The use of the MONODOSE format (dehydrated single PCR-tubes, ready to use) provided considerable advantages allowing the detection of the Monkeypox virus to be accurately achieved. This detection kit may be considered a reliable, fast, simple, and universally available option.",Monkeypox virus; UNE/EN ISO/IEC 17025:2005; detection; qPCR; validation
41231142,Threshold dynamics and epidemic-informed machine learning for forecasting of mpox: A U.S. case study.,"S Nivetha, Parthasakha Das, Mini Ghosh","Chaos (Woodbury, N.Y.). 2025. doi: 10.1063/5.0299032..",Nivetha,"Chaos (Woodbury, N.Y.)",2025,2025/11/01,,,10.1063/5.0299032,"Mpox (monkeypox) is a re-emerging viral disease with increasingly sustained human transmission, particularly in previously unaffected regions. In this study, we develop a compartmental epidemic model that captures mpox transmission dynamics and incorporates a treatment function to assess the impact of medical interventions on disease progression and recovery. The model is calibrated using U.S. case data, with parameters estimated via the Trust Region Reflective optimization method to ensure close alignment with observed trends. We perform global sensitivity analysis using partial rank correlation coefficients to identify key parameters influencing transmission. The model's bifurcation structure is examined through the basic reproduction number RM0, revealing both forward and backward bifurcations that highlight threshold behavior and the potential for complex endemic dynamics. For real-time forecasting, we incorporate prior knowledge of mpox dynamics into machine learning models, ARNN (Autoregressive Neural Network), ARIMA (Autoregressive Integrated Moving Average), and LSTM (Long Short-Term Memory), achieving improved predictive accuracy over traditional methods. These epidemic-informed models benefit from mechanistic insights, enhancing their responsiveness to changing trends. Our results emphasize the importance of timely treatment, hygiene, and vaccination in mitigating mpox spread. The integrated modeling and the forecasting framework provide valuable tools for anticipating outbreaks and informing public health strategies.",[MeSH] Humans; [MeSH] Machine Learning; [MeSH] United States; [MeSH] Forecasting; [MeSH] Epidemics; [MeSH] Epidemiological Models
37861345,Comparison of clinical course of Mpox among HIV-negative and HIV-positive patients: A 2022 cohort of hospitalized patients in Central Europe.,"Jacek Kowalski, Iwona Cielniak, Ewelina Garbacz-Łagożna, Grażyna Cholewińska-Szymańska, Miłosz Parczewski",Journal of medical virology. 2023. doi: 10.1002/jmv.29172..,Kowalski,Journal of medical virology,2023,2023/10/01,,,10.1002/jmv.29172,"Mpox has become the most significant orthopoxviral infection among humans. Since May 2022, there has been a multicountry outbreak of mpox across six continents. Retrospective observational cohort study of 94 patients with probable or confirmed mpox of whom 86.2% were hospitalized in Hospital for Infectious Diseases in Warsaw, Poland between May 16 and October 30, 2022. Most patients were young (median age: 31, IQR: 25-43 years), predominantly (88.3%) Polish men who have sex with men exposed most commonly in Poland (82.7%), Spain (6.2%), or Germany (4.9%). The median observed mpox incubation period was 7 (IQR: 4-8) days with the median hospitalization time of 7 (range: 2-24, IQR: 5-11) days. History of sexually transmitted infections (STIs) was common in the group (previous syphilis or hepatitis C virus in 33.3% and 17.3%, respectively, 6.2% of early syphilis or gonorrhea). A significant proportion (n = 43, 45.7%) of mpox cases were people with human immunodeficiency virus (HIV), all except one were on stable and virologically effective (88.4% with HIV viral load <50 copies/mL) antiretroviral treatment. Chemsex was reported in 34.6% of hospitalized cases, more commonly among people with HIV (48.5% vs. 25.0%, p = 0.029). None of the mpox infected patients presented with advanced HIV infection. Despite the fact that 6.3% of cases presented with >50 skin lesions the course of the disease was self-limited with no severe cases or deaths. There were no significant clinical or laboratory differences or complication rates between patients with and without HIV coinfection. Epidemiological and clinical characteristics of mpox in Poland are similar to other countries, but there were no targeted, population oriented interventions or vaccination programs. Mpox diagnosis provided an opportunity to screen and diagnose other STIs. As Central European populations, including refugees from Ukraine, are largely unvaccinated against mpox access to preventive vaccinations and antiviral therapy should be maximized.",HIV infection; Poland; mpox; outbreak; year 2022
36580429,"Notes from the Field: Clinical and Epidemiologic Characteristics of Mpox Cases from the Initial Phase of the Outbreak - New York City, May 19-July 15, 2022.","Nang Thu Thu Kyaw, Naama Kipperman, Karen A Alroy, Jennifer Baumgartner, Addie Crawley, Eric Peterson, Amara Ross, Randal C Fowler, Victoria E Ruiz, Mindy Leelawong, Scott Hughes, Mirline Juste-Tranquille, Kevin Lovingood, Celia Deane Joe, Michele Chase, Amanda Shinall, Joel Ackelsberg, Camille Bergeron-Parent, Brittan Badenhop, Sally Slavinski, Vasudha Reddy, Ellen H Lee",MMWR. Morbidity and mortality weekly report. 2022. doi: 10.15585/mmwr.mm715152a3..,Kyaw,MMWR. Morbidity and mortality weekly report,2022,2022/12/30,,,10.15585/mmwr.mm715152a3,,"[MeSH] Humans; [MeSH] Disease Outbreaks; [MeSH] New York City; [MeSH] Mpox, Monkeypox"
40647697,Breaking Diagnostic Barriers: Vision Transformers Redefine Monkeypox Detection.,"Gelan Ayana, Beshatu Debela Wako, So-Yun Park, Jude Kong, Sahng Min Han, Soon-Do Yoon, Se-Woon Choe","Diagnostics (Basel, Switzerland). 2025. doi: 10.3390/diagnostics15131698..",Ayana,"Diagnostics (Basel, Switzerland)",2025,2025/07/03,,,10.3390/diagnostics15131698,"Background/Objective: The global spread of Monkeypox (Mpox) has highlighted the urgent need for rapid, accurate diagnostic tools. Traditional methods like polymerase chain reaction (PCR) are resource-intensive, while skin image-based detection offers a promising alternative. This study evaluates the effectiveness of vision transformers (ViTs) for automated Mpox detection. Methods: By fine-tuning a pre-trained ViT model on an Mpox lesion image dataset, a robust ViT-based transfer learning (TL) model was created. Performance was assessed relative to convolutional neural network (CNN)-based TL models and ViT models trained from scratch across key metrics: accuracy, precision, recall, F1-score, and area under the receiver operating characteristic curve (AUC). Furthermore, a transferability measure was utilized to assess the effectiveness of feature transfer to Mpox images. Results: The results show that the ViT model outperformed a CNN, achieving an AUC of 0.948 and an accuracy of 0.942 with a p-value of less than 0.05 across all metrics, highlighting its potential for accurate and scalable Mpox detection. Moreover, the ViT models yielded a better hypothesis margin-based transferability measure, highlighting its effectiveness in transferring useful learning weights to Mpox images. Gradient-weighted Class Activation Mapping (Grad-CAM) visualizations also confirmed that the ViT model attends to clinically relevant features, supporting its interpretability and reliability for diagnostic use. Conclusions: The results from this study suggest that ViT offers superior accuracy, making it a valuable tool for Mpox early detection in field settings, especially where conventional diagnostics are limited. This approach could support faster outbreak response and improved resource allocation in public health systems.",Mpox; detection; vision transformer
39044633,Quantifying the basic reproduction number and underestimated fraction of Mpox cases worldwide at the onset of the outbreak.,"Nicola Luigi Bragazzi, Sarafa Adewale Iyaniwura, Qing Han, Woldegebriel Assefa Woldegerima, Jude Dzevela Kong","Journal of the Royal Society, Interface. 2024. doi: 10.1098/rsif.2023.0637..",Bragazzi,"Journal of the Royal Society, Interface",2024,2024/07/24,,,10.1098/rsif.2023.0637,"In 2022, there was a global resurgence of mpox, with different clinical-epidemiological features compared with previous outbreaks. Sexual contact was hypothesized as the primary transmission route, and the community of men having sex with men (MSM) was disproportionately affected. Because of the stigma associated with sexually transmitted infections, the real burden of mpox could be masked. We quantified the basic reproduction number (R 0) and the underestimated fraction of mpox cases in 16 countries, from the onset of the outbreak until early September 2022, using Bayesian inference and a compartmentalized, risk-structured (high-/low-risk populations) and two-route (sexual/non-sexual transmission) mathematical model. Machine learning (ML) was harnessed to identify underestimation determinants. Estimated R 0 ranged between 1.37 (Canada) and 3.68 (Germany). The underestimation rates for the high- and low-risk populations varied between 25-93% and 65-85%, respectively. The estimated total number of mpox cases, relative to the reported cases, is highest in Colombia (3.60) and lowest in Canada (1.08). In the ML analysis, two clusters of countries could be identified, differing in terms of attitudes towards the 2SLGBTQIAP+ community and the importance of religion. Given the substantial mpox underestimation, surveillance should be enhanced, and country-specific campaigns against the stigmatization of MSM should be organized, leveraging community-based interventions.",Mpox; basic reproduction number; mathematical modelling; men having sex with men; sexually transmitted infections; underestimation
36829116,Possibility of mpox viral transmission and control from high-risk to the general population: a modeling study.,"Shiting Yang, Xiaohao Guo, Zeyu Zhao, Buasiyamu Abudunaibi, Yunkang Zhao, Jia Rui, Yao Wang, Wentao Song, Hongjie Wei, Tianmu Chen",BMC infectious diseases. 2023. doi: 10.1186/s12879-023-08083-5..,Yang,BMC infectious diseases,2023,2023/02/24,,,10.1186/s12879-023-08083-5,"BACKGROUND: Mpox is an emerging infectious disease that is now a global hazard. The strategies for preventing and controlling mpox should be further investigated in terms of transmission characteristics, infection risk among different populations, and ideal therapeutic approaches. METHODS: A multi-group dynamic model was used to quantify the transmissibility of mpox. We further analyzed the transmission risk from men who have sex with men (MSM) to non-MSM and evaluated the effects of three intervention measures, including community-based prevention, early detection, and vaccination. RESULTS: The median value of effective reproduction number (Reff) and probability of contact via a single contact (q) among MSM worldwide is 3.11 (interquartile range [IQR]: 2.82-5.57) and 2.15% (IQR: 1.95-3.84%). We found that the cumulative incidence rate of non-MSM is much lower than that of MSM (< 1/2048) when the possibility of infection (including the percentage of high-risk behaviors of contact degree [C] and q) was lowered to less than 1 in 100,000. When comparing the three intervention measures, if we want to control the cumulative incidence rate to 5.96 × 10-8 we need to increase the vaccine coverage to 81% or reduce the transmission rate factor (Cq) to 70% or shorten the transmission period to 74%. CONCLUSIONS: Mpox has high transmissibility in MSM, which required minimize the risk of infection and exposure to high-risk populations. Community prevention and control is the top priority of interventions to contain the spread of mpox.",Intervention; Mpox virus; SEIR model; Transmissibility
37671858,Sub-lineage B.1.6 of hMPXV in a global context: Phylogeny and epidemiology.,"Iris S Molina, Victor Jimenez-Vasquez, Wendy Lizarraga, Nieves Sevilla, Veronica Hurtado, Carlos Padilla-Rojas",Journal of medical virology. 2023. doi: 10.1002/jmv.29056..,Molina,Journal of medical virology,2023,2023/09/01,,,10.1002/jmv.29056,"During the 2022 COVID-19 pandemic, monkeypox emerged as a significant threat to global health. The virus responsible for the disease, the human monkeypox virus (hMPXV), underwent various genetic changes, resulting in the emergence of over a dozen distinct lineages, which could be identified by only a small number of unique mutations. As of January 25, 2023, genomic information of hMPXV generated had reached 4632 accessions in the GISAID database. In this study, we aimed to investigate the epidemiological and phylogenetic characteristics of the B.1.6 sub-lineage of hMPXV in Peru, compared with other circulating sub-lineages during the global outbreak. The B.1.6 sub-lineage, characterized by the 111029G>A mutation, was estimated to have emerged in June 2022 and was found mainly in Peru. Most cases (95.8%) were men with an average age of 33 years, and nearly half of the patients had HIV, of whom only 77.35% received antiretroviral therapy. Our findings revealed that the B.1.6, B.1.4, and B.1.2 sub-lineages were well represented and had a higher number of mutations despite having the lowest media substitution rates per site per year. Moreover, it was estimated that B.1.2 and B.1.4 appeared in February 2022 and were the first two sub-lineages to emerge. A mutation profile was also obtained for each sub-lineage, reflecting that several mutations had a pattern similar to the characteristic mutation. This study provides the first estimation of the substitution rate and ancestry of each monkeypox sub-lineage belonging to the 2022 outbreak. Based on our findings, continued genomic surveillance of monkeypox is necessary to understand better and track the evolution of the virus.",B.1.6 sub-lineage; global context; monkeypox; next-generation sequencing; substitution rate
38060123,Exploration and Retrieval of Virus-Related Molecular Data Using ExTaxsI: The Monkeypox Use Case.,"Alberto Brusati, Giulia Agostinetto, Antonia Bruno, Maurizio Casiraghi, Dario Pescini, Anna Sandionigi, Bachir Balech","Methods in molecular biology (Clifton, N.J.). 2024. doi: 10.1007/978-1-0716-3515-5_10..",Brusati,"Methods in molecular biology (Clifton, N.J.)",2024,2024/01/01,,,10.1007/978-1-0716-3515-5_10,"Retrieval and visualization of biological data are essential for understanding complex systems. With the increasing volume of data generated from high-throughput sequencing technologies, effective and optimized data visualization tools have become indispensable. This is particularly relevant in the COVID-19 postpandemic period, where understanding the diversity and interactions of microbial communities (i.e., viral and bacterial) constitutes an important asset to develop and plan suitable interventions.In this chapter, we show the usage and the potentials of ExTaxsI (Exploring Taxonomy Information) tool to retrieve viral biodiversity data stored in National Center for Biotechnology Information (NCBI) databases and create the related visualization. In addition, by integrating different functions and modules, the tool generates relevant types of visualization plots to facilitate the exploration of microbial biodiversity communities useful to deep dive into ecological and taxonomic relationships among different species and identify potential significant targets.Using the Monkeypox virus as a case study, this work points out significant perspectives on biological data visualization, which can be used to gain insights into the ecology, evolution, and pathogenesis of viruses. Accordingly, we show the potentiality of ExTaxsI to organize and describe the available/downloaded data in an easy, simple, and interpretable way allowing the user to interact dynamically with the visualization plots through specific filters, zoom, and explore functions.",Data integration; Data visualization; Database; Molecular data; Taxonomy; Viral biodiversity
37649257,"Clinical, epidemiological, and virological features of Mpox in Beijing, China - May 31-June 21, 2023.","Xiangfeng Dou, Fu Li, Zhenyong Ren, Daitao Zhang, Jia Li, Dan Li, Yulan Sun, Haoyuan Jin, Renqing Li, Weihong Li, Xin Zhang, Yang Yang, Lei Jia, Yu Han, Wai Li, Yang Pan, Wenjie Tan, Peng Yang, Quanyi Wang",Emerging microbes & infections. 2023. doi: 10.1080/22221751.2023.2254407..,Dou,Emerging microbes & infections,2023,2023/12/01,,,10.1080/22221751.2023.2254407,"The first locally acquired case in the Chinese mainland was reported on May 31, 2023, lagging behind other countries. In this study, we aimed to examine the early clinical and epidemiological characteristics of the earliest cases of Mpox in Beijing, China. Additionally, we investigated the sequence and transmission patterns of the Mpox virus (MPXV). We analyzed 37 reported cases of Mpox in Beijing from May 31, 2023 to June 21, 2023. The age range of the subjects was 24-51 years. Thirty-six cases (97.3%) were identified in men who have sex with men (MSM), and 19 cases (51.4%) tested positive for the human immunodeficiency virus. Thirty-three cases were symptomatic, while four were asymptomatic. Skin lesions were observed in 32 cases (97.0%), fever in 26 (78.8%), and swollen lymph nodes in 17 (51.5%). Rash typically appeared in the genital or perianal area 1-3 days before fever onset, with a minimum incubation period of 2 days. For individuals with skin rashes, the skin lesion samples showed 100% positivity and low Ct values. There were high oropharyngeal swab (75.8%) and blood (84.6%) positivity rates. All MPXV strains belonged to the B.1.3 branch of the West African lineage. These strains carried 76-86 nucleotide substitutions compared with the reference human MPXV genome, and genetic diversity was observed. Our findings provide the first insights into the landscape of early transmission of Mpox in Beijing and help inform policy formulation in the Chinese mainland.",China; MPXV; Mpox; men who have sex with men; next generation sequencing
37117161,Monkeypox virus quadrivalent mRNA vaccine induces immune response and protects against vaccinia virus.,"Ye Sang, Zhen Zhang, Fan Liu, Haitao Lu, Changxiao Yu, Huisheng Sun, Jinrong Long, Yiming Cao, Jierui Mai, Yiqi Miao, Xin Wang, Jiaxin Fang, Youchun Wang, Weijin Huang, Jing Yang, Shengqi Wang",Signal transduction and targeted therapy. 2023. doi: 10.1038/s41392-023-01432-5..,Sang,Signal transduction and targeted therapy,2023,2023/04/28,,,10.1038/s41392-023-01432-5,"Monkeypox has been declared a public health emergency by the World Health Organization. There is an urgent need for efficient and safe vaccines against the monkeypox virus (MPXV) in response to the rapidly spreading monkeypox epidemic. In the age of COVID-19, mRNA vaccines have been highly successful and emerged as platforms enabling rapid development and large-scale preparation. Here, we develop two MPXV quadrivalent mRNA vaccines, named mRNA-A-LNP and mRNA-B-LNP, based on two intracellular mature virus specific proteins (A29L and M1R) and two extracellular enveloped virus specific proteins (A35R and B6R). By administering mRNA-A-LNP and mRNA-B-LNP intramuscularly twice, mice induce MPXV specific IgG antibodies and potent vaccinia virus (VACV) specific neutralizing antibodies. Further, it elicits efficient MPXV specific Th-1 biased cellular immunity, as well as durable effector memory T and germinal center B cell responses in mice. In addition, two doses of mRNA-A-LNP and mRNA-B-LNP are protective against the VACV challenge in mice. And, the passive transfer of sera from mRNA-A-LNP and mRNA-B-LNP-immunized mice protects nude mice against the VACV challenge. Overall, our results demonstrate that mRNA-A-LNP and mRNA-B-LNP appear to be safe and effective vaccine candidates against monkeypox epidemics, as well as against outbreaks caused by other orthopoxviruses, including the smallpox virus.","[MeSH] Animals; [MeSH] Mice; [MeSH] Vaccinia virus; [MeSH] Monkeypox virus; [MeSH] Mpox, Monkeypox; [MeSH] Vaccines, Combined; [MeSH] Mice, Nude; [MeSH] COVID-19; [MeSH] Viral Proteins; [MeSH] Immunity"
39115209,Impact of COVID-19 and Mpox on Sexual Practices and Disease Mitigation Strategies Over Time Among Men Who Have Sex With Men Affiliated With Collective Sex Venues.,"Aniruddha Hazra, Laura K Rusie, Tasneem Wasanwala, Nirmalpal Sachdev, Taylor Guidry, Irina Tabidze, Supriya D Mehta",Sexually transmitted diseases. 2024. doi: 10.1097/OLQ.0000000000002063..,Hazra,Sexually transmitted diseases,2024,2024/08/08,,,10.1097/OLQ.0000000000002063,"BACKGROUND: The COVID-19 pandemic and subsequent multinational mpox outbreak significantly disrupted sexual health care delivery, particularly impacting men who have sex with men (MSM). This study investigated these public health emergencies in relation to perceptions, attitudes, and sexual practices among MSM affiliated with a collective sex venue (CSV). METHODS: Electronic surveys were sent to clientele of a high-volume CSV between June 2021 and November 2022 across 3 time periods defined as pre-Omicron, post-Omicron, and mpox. Data collection encompassed sociodemographics, health care access, sexually transmitted infection/HIV status, COVID-19 testing, and sexual behaviors. Multivariable regression analyses identified factors associated with self-reported COVID-19 testing and positivity, and mpox exposure. RESULTS: Among 1135 responses, demographics were largely cisgender MSM and predominantly White. Increased self-reported COVID-19 positivity was associated with having more sex partners and frequenting bathhouses for meeting sex partners. Confidence in COVID-19 mitigation strategies decreased post-Omicron. Factors linked to mpox exposure included younger age, increased sex partners, sexually transmitted infection positivity, and lower confidence in mitigation strategies. DISCUSSION: These findings underscore the intersectionality between sexual behaviors and public health responses to COVID-19 and mpox among MSM communities affiliated with a CSV. Decreased confidence in mitigation strategies and changes in sexual behaviors during public health emergencies underscore the need for targeted interventions and messaging. Collaboration between health departments and CSVs can facilitate responses to current and future public health threats and interventions.","[MeSH] Humans; [MeSH] Male; [MeSH] COVID-19; [MeSH] Adult; [MeSH] Homosexuality, Male; [MeSH] Sexual Behavior; [MeSH] SARS-CoV-2; [MeSH] Sexual Partners; [MeSH] Sexually Transmitted Diseases; [MeSH] Surveys and Questionnaires; [MeSH] Young Adult; [MeSH] Middle Aged; [MeSH] Adolescent; [MeSH] Sexual and Gender Minorities; [MeSH] Mpox, Monkeypox"
40475807,Methods for conducting a living evidence profile on mpox: An evidence map of the literature.,"Kusala Pussegoda, Tricia Corrin, Austyn Baumeister, Dima Ayache, Lisa Waddell",Cochrane evidence synthesis and methods. 2024. doi: 10.1002/cesm.12044..,Pussegoda,Cochrane evidence synthesis and methods,2024,2024/02/22,,,10.1002/cesm.12044,"BACKGROUND: In May of 2022, several cases of mpox were identified in multiple nonendemic countries and on July 23, 2022 the World Health Organization declared mpox a Public Health Emergency of International Concern. During the first six months of the outbreak there was an urgent need to have up-to-date synthesized evidence on mpox to inform public health decision-making. At this point, evidence is changing too quickly for traditional evidence synthesis methods, as systematic reviews were out-of-date before publication. This paper describes the framework developed to manage and maintain a living evidence profile (LEP) to systematically identify, classify and synthesize evidence on a broad range of mpox topics at a rapid pace as the outbreak unfolded. METHODS: The LEP framework was based on principles of evidence synthesis, risk assessment, priority epidemiological parameters for infectious disease modeling and consultation with experts. The framework consisted of a systematic search conducted twice weekly; study selection; categorization into pre-determined foci and data extraction; integration and synthesis of evidence; internal peer-review and dissemination to stakeholders. RESULTS: Between April 14 and December 15, 2022, 2287 citations were identified, 687 were primary research studies or surveillance reports on the 2022 mpox outbreak and 496 were included in the final LEP. Each study was mapped to one of 32 foci and evidence was narratively synthesized. From June to December 2022, 23 LEPs were produced (approximately weekly) along with a searchable database of extracted data of the mpox literature. They were disseminated globally to public health researchers and decision-makers to inform public health response efforts. CONCLUSIONS: The LEP framework is applicable to other public health emergencies when a rapid synthesis cycle is required because the evidence is evolving quickly. This efficient methodology for creating up-to-date summaries of the current evidence during the first few months of an outbreak or emergency supports public health decision-making and response activities.",evidence synthesis; literature surveillance; living evidence; living evidence profile; monkeypox; mpox
37625622,Development and validation of a nanoplate-based digital PCR assay for absolute MPXV quantification.,"Eliana Specchiarello, Fabrizio Carletti, Giulia Matusali, Isabella Abbate, Gabriella Rozera, Claudia Minosse, Elisabetta Petrivelli, Valeria Ferraioli, Roberta Sciamanna, Fabrizio Maggi",Journal of virological methods. 2023. doi: 10.1016/j.jviromet.2023.114802..,Specchiarello,Journal of virological methods,2023,2023/08/24,,,10.1016/j.jviromet.2023.114802,"Quantification of mpox virus (MPXV) across different human body anatomical sites can provide insights about the most likely transmission routes, so methods able to release absolute and exact quantitative values of MPXV DNA are crucial. Here, we optimized a new QIAcuity digital PCR (dPCR) protocol for the detection and quantification of MPXV DNA in clinical samples and assessed the performance of the assay by comparing the results obtained in 144 biological samples with those resulting from the use of an in-house real-time PCR (qPCR). Overall, the concordance between the two assays was 95%, with samples identified concordantly as MPXV DNA positive and having a mean number of copies per μl of 1708 (95% CI: 107-2830 copies/μl). The remaining samples gave discordant results, with 5 out of 7 detected with the QIAcuity dPCR assay but not with the in-house qPCR. MPXV DNA levels measured by QIAcuity dPCR were strongly correlated with the Ct values detected by in-house qPCR and with those detected by another dPCR assay previously developed in our laboratories. The QIAcuity dPCR assay may be a robust and easy-to-perform method for MPXV DNA quantification in several biological samples.",Digital PCR; MPXV; Mpox; Quantification
36950196,"Investigation of a mpox outbreak in Central African Republic, 2021-2022.","C Besombes, F Mbrenga, C Malaka, E Gonofio, L Schaeffer, X Konamna, B Selekon, J Namsenei-Dankpea, C Gildas Lemon, J Landier, C von Platen, A Gessain, J C Manuguerra, A Fontanet, E Nakouné","One health (Amsterdam, Netherlands). 2023. doi: 10.1016/j.onehlt.2023.100523..",Besombes,"One health (Amsterdam, Netherlands)",2023,2023/03/07,,,10.1016/j.onehlt.2023.100523,"Human monkeypox virus is spreading globally, and more information is required about its epidemiological and clinical disease characteristics in endemic countries. We report the investigation of an outbreak in November 2021 in Central African Republic (CAR). The primary case, a hunter, fell ill after contact with a non-human primate at the frontier between forest and savannah. The ensuing investigation in a small nearby town concerned two families and four waves of inter-human transmission, with 14 confirmed cases, 11 suspected cases and 17 non-infected contacts, and a secondary attack rate of 59.5% (25/42). Complications were observed in 12 of the 19 (63.2%) confirmed and suspected cases with available clinical follow-up data: eight cases of bronchopneumonia, two of severe dehydration, one corneal ulcer, one abscess, two cutaneous superinfections, and six cutaneous sequelae (cheloid scars, or depigmentation). There was one death, giving a case fatality ratio of 1/25 (4.0%) for confirmed and suspected cases. This outbreak, with the largest number of confirmed cases ever described in CAR, confirms the potential severity of the disease associated with clade I monkeypox viruses, and highlights the need for rapid control over virus circulation to prevent the further national and international spread of infection.",Central African Republic; Emerging infectious diseases; Monkeypox virus; Outbreak investigation; Surveillance; Zoonosis; mpox
37864849,Effectiveness of Modified Vaccinia Ankara-Bavaria Nordic Vaccination in a Population at High Risk of Mpox: A Spanish Cohort Study.,"Mario Fontán-Vela, Victoria Hernando, Carmen Olmedo, Ermengol Coma, Montse Martínez, David Moreno-Perez, Nicola Lorusso, María Vázquez Torres, José Francisco Barbas Del Buey, Javier Roig-Sena, Eliseo Pastor, Antònia Galmés Truyols, Francisca Artigues Serra, Rosa María Sancho Martínez, Pello Latasa Zamalloa, Olaia Pérez Martínez, Ana Vázquez Estepa, Amós José García Rojas, Ana Isabel Barreno Estévez, Alonso Sánchez-Migallón Naranjo, Jaime Jesús Pérez Martín, Pilar Peces Jiménez, Raquel Morales Romero, Jesús Castilla, Manuel García Cenoz, Marta Huerta Huerta, An Lieve Dirk Boone, María José Macías Ortiz, Virginia Álvarez Río, María Jesús Rodríguez Recio, María Merino Díaz, Belén Berradre Sáenz, María Teresa Villegas-Moreno, Aurora Limia, Asuncion Diaz, Susana Monge",Clinical infectious diseases : an official publication of the Infectious Diseases Society of America. 2024. doi: 10.1093/cid/ciad645..,Fontán-Vela,Clinical infectious diseases : an official publication of the Infectious Diseases Society of America,2024,2024/02/17,,,10.1093/cid/ciad645,"BACKGROUND: With more than 7500 cases reported since April 2022, Spain has experienced the highest incidence of mpox in Europe. From 12 July onward, the modified vaccinia Ankara-Bavaria Nordic (MVA-BN) smallpox vaccine was offered as pre-exposure prophylaxis for those receiving pre-exposure prophylaxis for human immunodeficiency virus (HIV-PrEP). Our aim was to assess the effectiveness of 1 dose of MVA-BN vaccine as pre-exposure prophylaxis against mpox virus (MPXV) infection in persons on HIV-PrEP. METHODS: National retrospective cohort study between 12 July and 12 December 2022. Individuals aged ≥18 years receiving HIV-PrEP as of 12 July with no previous MPXV infection or vaccination were eligible. Each day, we matched individuals receiving a first dose of vaccine and unvaccinated controls of the same age and region. We used a Kaplan-Meier estimator, calculated risk ratios (RR) and vaccine effectiveness (VE = [1 - RR]x100). RESULTS: We included 5660 matched pairs, with a median follow-up of 62 days (interquartile range, 24-97). Mpox cumulative incidence was 5.6 per 1000 (25 cases) in unvaccinated and 3.5 per 1000 (18 cases) in vaccinated. No effect was found during days 0-6 post-vaccination (VE, -38.3; 95% confidence interval [CI], -332.7 to 46.4), but VE was 65% at ≥7 days (95% CI, 22.9 to 88.0) and 79% at ≥14 days (95% CI, 33.3 to 100.0) post-vaccination. CONCLUSIONS: One dose of MVA-BN vaccine offered protection against mpox in most-at-risk population shortly after the vaccination. Further studies need to assess the VE of a second dose and the duration of protection over time.",MVA-BN vaccine; monkeypox; mpox; pre-exposure prophylaxis; vaccine effectiveness
36587754,The 2022 monkeypox outbreak: A UK military perspective.,"S D Woolley, M Dermont, M Adam, S J C Pallet, N Reece, N Hoysal, G Holden, K K Attridge, T E Fletcher, M K O'Shea, E J Hutley, E D Nicol, L E Lamb",Travel medicine and infectious disease. 2022. doi: 10.1016/j.tmaid.2022.102540..,Woolley,Travel medicine and infectious disease,2023,2022/12/30,,,10.1016/j.tmaid.2022.102540,"With the emergence of SARS-CoV-2 and now monkeypox, the UK Defence Medical Services have been required to provide rapid advice in the management of patients with airborne high consequence infectious diseases (A-HCID). The Defence Public Health Network (DPHN) cadre, consisting of closely aligned uniformed and civilian public health specialists have worked at pace to provide evidence-based recommendations on the clinical management, public health response and policy for monkeypox, with military medicine and pathology clinicians (primarily infectious disease physicians and medical microbiologists). Military environments can be complicated and nuanced requiring specialist input and advice to non-specialists as well as unit commanders both in the UK and overseas. DPHN and military infection clinicians have close links with the UK National Health Service (NHS) and the UK Health Security Agency (UKHSA), allowing for a dynamic two-way relationship that encompasses patient management, public health response, research and development of both UK military and national guidelines. This is further demonstrated with the Royal Air Force (RAF) Air Transport Isolator (ATI) capability, provided by Defence to support the UK Government and UKHSA. Military infectious disease clinicians are also embedded within NHS A-HCID units. In this manuscript we provide examples of the close interdisciplinary working of the DPHN and Defence clinicians in managing military monkeypox patients, co-ordinating the public health response, advising the Command and developing monkeypox policy for Defence through cross-government partnership. We also highlight the co-operation between civilian and military medical authorities in managing the current outbreak.",Military; Monkeypox
35840078,Phylogenomic analysis of the monkeypox virus (MPXV) 2022 outbreak: Emergence of a novel viral lineage?,"Nicolas Luna, Angie L Ramírez, Marina Muñoz, Nathalia Ballesteros, Luz H Patiño, Sergio Andres Castañeda, D Katterine Bonilla-Aldana, Alberto Paniz-Mondolfi, Juan David Ramírez",Travel medicine and infectious disease. 2022. doi: 10.1016/j.tmaid.2022.102402..,Luna,Travel medicine and infectious disease,2022,2022/07/13,,,10.1016/j.tmaid.2022.102402,"Monkeypox is a zoonotic disease with clinical manifestations similar to smallpox in humans. Since May 13, 2022, an increasing number of suspected and confirmed cases have been reported, affecting non-endemic regions across the globe. More strikingly, reports from the current outbreak reveal unique aspects regarding transmission dynamics and an unprecedented, rapidly expanding and sustained community transmission. As demonstrated through the still-ongoing COVID-19 pandemic, genomic surveillance has been an essential resource for monitoring and tracking the evolution of pathogens of public health relevance. Herein, we performed a phylogenomic analysis of available Monkeypox virus (MPXV) genomes to determine their evolution and diversity. Our analysis revealed that all MPXV genomes grouped into three monophyletic clades: two previously characterized clades and a newly emerging clade harboring genomes from the ongoing 2022 multi-country outbreak with 286 genomes comprising the hMPXV-1A clade and the newly classified lineages: A.1 (n = 6), A.1.1 (n = 1), A.2 (n = 3) and B.1 (n = 262), where lineage B.1 includes all MPXV genomes from the 2022 outbreak. Finally, it was estimated that B.1 lineage of this clade emerged in Europe on 03/02/2022 [95%CI = 11/13/2021 to 05/10/2022]. The exceptional surge of cases and the broader geographical expansion suggest multifactorial factors as drivers of the current outbreak dynamics. Such factors may include the cessation of smallpox vaccination and its potential spread across particular networks. Integrating pertinent epidemiological information with genomic surveillance information will help generate real-time data to help implement adequate preventive and control measures by optimizing public health decisions to mitigate this outbreak.",B.1 lineage; Monkeypox virus; Outbreak; Phylogenomic analysis
36720271,Real-world effectiveness of a single dose of mpox vaccine in males.,"Yael Wolff Sagy, Roy Zucker, Ariel Hammerman, Hila Markovits, Noa Gur Arieh, Wiessam Abu Ahmad, Erez Battat, Noga Ramot, Guy Carmeli, Avner Mark-Amir, Gal Wagner-Kolasko, Hadar Duskin-Bitan, Shlomit Yaron, Alon Peretz, Ronen Arbel, Gil Lavie, Doron Netzer",Nature medicine. 2023. doi: 10.1038/s41591-023-02229-3..,Wolff,Nature medicine,2023,2023/01/31,,,10.1038/s41591-023-02229-3,"The recent global outbreak of the monkeypox (mpox) virus in humans was declared a public health emergency by the World Health Organization in July 2022. The smallpox and mpox vaccine (JYNNEOS; Modified Vaccinia Ankara-Bavarian Nordic; MVA-BN), provided as a two-dose regimen, is currently the primary vaccine utilized against mpox. However, the efficacy of MVA-BN against mpox has never been demonstrated in clinical trials to date. Due to the limited supply of vaccines, the World Health Organization has recommended prioritizing the vaccination of high-risk groups. We evaluated the real-world effectiveness of a single, subcutaneous dose of MVA-BN in this observational, retrospective cohort study, which included the analysis of electronic health records of all members of Clalit Health Services eligible for the vaccine on 31 July 2022. We used a Cox proportional hazards regression model with time-dependent covariates to estimate the association between vaccination and mpox while adjusting for sociodemographic and clinical risk factors. In an analysis of 2,054 male individuals who met vaccine eligibility criteria, 1,037 (50%) were vaccinated during the study recruitment period and completed at least 90 d of follow-up. During the study period, 5 and 16 infections were confirmed in vaccinated and unvaccinated individuals, respectively. The adjusted vaccine effectiveness was estimated at 86% (95% confidence interval, 59-95%). Our results suggest that a single dose of subcutaneous MVA-BN in this high-risk cohort is associated with a significantly lower risk of MPXV infection.","[MeSH] Humans; [MeSH] Male; [MeSH] Mpox, Monkeypox; [MeSH] Retrospective Studies; [MeSH] Smallpox Vaccine; [MeSH] Vaccinia virus"
38376353,Bisbenzimide compounds inhibit the replication of prototype and pandemic potential poxviruses.,"Jerzy Samolej, Diogo Correa Mendonca, Nicole Upfold, Marion McElwee, Mariann Landsberger, Artur Yakimovich, Arvind H Patel, Blair L Strang, Jason Mercer",Microbiology spectrum. 2024. doi: 10.1128/spectrum.04072-23..,Samolej,Microbiology spectrum,2024,2024/02/20,,,10.1128/spectrum.04072-23,"We previously identified the bisbenzimide Hoechst 33342 (H42) as a potent multi-stage inhibitor of the prototypic poxvirus, the vaccinia virus (VACV), and several parapoxviruses. A recent report showed that novel bisbenzimide compounds similar in structure to H42 could prevent human cytomegalovirus replication. Here, we assessed whether these compounds could also serve as poxvirus inhibitors. Using virological assays, we show that these bisbenzimide compounds inhibit VACV spread, plaque formation, and the production of infectious progeny VACV with relatively low cell toxicity. Further analysis of the VACV lifecycle indicated that the effective bisbenzimide compounds had little impact on VACV early gene expression but inhibited VACV late gene expression and truncated the formation of VACV replication sites. Additionally, we found that bisbenzimide compounds, including H42, can inhibit both monkeypox and a VACV mutant resistant to the widely used anti-poxvirus drug TPOXX (Tecovirimat). Therefore, the tested bisbenzimide compounds were inhibitors of both prototypic and pandemic potential poxviruses and could be developed for use in situations where anti-poxvirus drug resistance may occur. Additionally, these data suggest that bisbenzimide compounds may serve as broad-activity antiviral compounds, targeting diverse DNA viruses such as poxviruses and betaherpesviruses.IMPORTANCEThe 2022 mpox (monkeypox) outbreak served as a stark reminder that due to the cessation of smallpox vaccination over 40 years ago, most of the human population remains susceptible to poxvirus infection. With only two antivirals approved for the treatment of smallpox infection in humans, the need for additional anti-poxvirus compounds is evident. Having shown that the bisbenzimide H33342 is a potent inhibitor of poxvirus gene expression and DNA replication, here we extend these findings to include a set of novel bisbenzimide compounds that show anti-viral activity against mpox and a drug-resistant prototype poxvirus mutant. These results suggest that further development of bisbenzimides for the treatment of pandemic potential poxviruses is warranted.",DNA replication; antiviral; mpox; vaccinia virus; viral transcription
38674608,Molecular Diagnosis of Human Monkeypox Virus during 2022-23 Outbreak: Preliminary Evaluation of Novel Real-Time Qualitative PCR Assays.,"Vanessa De Pace, Bianca Bruzzone, Valentina Ricucci, Alexander Domnich, Giulia Guarona, Giada Garzillo, Rexhina Qosja, Giulia Ciccarese, Antonio Di Biagio, Andrea Orsi, Giancarlo Icardi",Microorganisms. 2024. doi: 10.3390/microorganisms12040664..,De,Microorganisms,2024,2024/03/27,,,10.3390/microorganisms12040664,"In 2022-23, the human monkeypox virus (MPXV) caused a global outbreak in several non-endemic countries. Here, we evaluated the diagnostic performance of four real-time qualitative PCR assays for the laboratory diagnosis of mpox (monkeypox) monkeypox disease. From July to August 2022, 27 positive and 10 negative specimens (lesion, crust and exudate swabs) were tested in the laboratory of the Hygiene Unit of the San Martino Hospital (Genoa, Italy) by using home-made real-time PCR to detect MPXV generic G2R_G DNA. According to the manufacturer's instructions, we also retrospectively analyzed these specimens using RealCycler MONK-UX/-GX (Progenie Molecular), STANDARD M10 MPX/OPX (SD Biosensor), Novaplex MPXV (Seegene Inc.) and RealStar Orthopoxvirus PCR Kit 1.0 (Altona Diagnostics) assays, recognized as research-use-only tests. The diagnostic accuracy and sensitivity of these assays ranged from 97.3% (95% CI: 86.2-99.5%) to 100% (95% CI: 90.6-100%) and 96.3% (95% CI: 81.72-99.34%) to 100% (95% CI: 72.2-100%), respectively. The RealCycler MONK-UX and STANDARD M10 MPX/OPX did not detect one positive sample with a cycle threshold of 36. The overall specificity was 100% (95% CI: 72.2-100%), and Cohen's Kappa values ranged from 1 (95% CI: 0.67-1) to 0.93 (95% CI: 0.61-1). As they are highly accurate, reliable and user-friendly, these tests should be recommended for the routine or rapid laboratory discrimination of mpox from other rash illnesses.",diagnosis; monkeypox virus; real-time PCR
18252104,"Spectrum of infection and risk factors for human monkeypox, United States, 2003.","Mary G Reynolds, Whitni B Davidson, Aaron T Curns, Craig S Conover, Gregory Huhn, Jeffrey P Davis, Mark Wegner, Donita R Croft, Alexandra Newman, Nkolika N Obiesie, Gail R Hansen, Patrick L Hays, Pamela Pontones, Brad Beard, Robert Teclaw, James F Howell, Zachary Braden, Robert C Holman, Kevin L Karem, Inger K Damon",Emerging infectious diseases. 2007. doi: 10.3201/eid1309.070175..,Reynolds,Emerging infectious diseases,2007,2007/09/01,,,10.3201/eid1309.070175,"For the 2003 monkeypox virus (MPXV) outbreak in the United States, interhuman transmission was not documented and all case-patients were near or handled MPXV-infected prairie dogs. We initiated a case-control study to evaluate risk factors for animal-to-human MPXV transmission. Participants completed a questionnaire requesting exposure, clinical, and demographic information. Serum samples were obtained for analysis of immunoglobulin G (IgG) and IgM to orthopoxvirus. When data were adjusted for smallpox vaccination, case-patients were more likely than controls to have had daily exposure to a sick animal (odds ratio [OR] 4.0, 95% confidence interval [CI] 1.2-13.4), cleaned cages and bedding of a sick animal (OR 5.3, 95% CI 1.4-20.7), or touched a sick animal (OR 4.0, 95% CI 1.2-13.4). These findings demonstrate that human MPXV infection is associated with handling of MPXV-infected animals and suggest that exposure to excretions and secretions of infected animals can result in infection.","[MeSH] Adolescent; [MeSH] Adult; [MeSH] Animals; [MeSH] Case-Control Studies; [MeSH] Humans; [MeSH] Mpox, Monkeypox; [MeSH] Odds Ratio; [MeSH] Risk Factors; [MeSH] Sciuridae; [MeSH] United States"
37591706,Mpox vaccine acceptability among people experiencing homelessness in San Francisco - October-November 2022.,"Thomas D Filardo, Namrata Prasad, Caroline J Waddell, Neela Persad, Gerald J Pellegrini, Deborah Borne, Julia Janssen, Anamaría Bejarano, Grace E Marx, Emily Mosites",Vaccine. 2023. doi: 10.1016/j.vaccine.2023.07.068..,Filardo,Vaccine,2023,2023/08/15,,,10.1016/j.vaccine.2023.07.068,"Mpox has affected many communities in the United States (U.S.), including people experiencing homelessness (PEH). Mpox vaccination has been an important tool to disrupt transmission and protect communities at risk of infection. To better understand mpox vaccine knowledge and attitudes, we surveyed 273 PEH and people accessing homeless service sites in San Francisco. Among 64 participants previously offered mpox vaccination, 38 (59 %) had received the vaccine. Among 209 participants not previously offered mpox vaccination, 108 (52 %) reported they would receive the vaccine. Vaccine acceptance was higher among transgender female participants and among male participants who reported male sex partner preference (MSM). Half of participants who declined vaccination identified that perception of personal risk and vaccine education may increase their likelihood of receiving an mpox vaccine. Leveraging trusted information sources to provide risk communication and vaccine education may increase vaccine uptake among PEH.",Mpox; Mpox vaccination; People experiencing homelessness; Vaccine Hesitancy
39473039,A structural snapshot of the multiple working states of the Mpox virus helicase-primase D5.,"Yingying Guo, Renhong Yan",The FEBS journal. 2024. doi: 10.1111/febs.17292..,Guo,The FEBS journal,2025,2024/10/29,,,10.1111/febs.17292,"The Mpox virus (or Monkeypox virus, MPXV) uses its own encoded proteins to form a replication machine that replicates the viral genome in the host cell cytoplasm, making this machinery a key target for antiviral drug design. The D5 (also known as the OPG117 or E5) protein, a bi-functional helicase-primase enzyme, is crucial in the MPXV replication machinery and genome uncoating process. Recently, cryo-electron microscopy (cryo-EM) structures of D5 in multiple states have been determined. These structures have elucidated the full trajectory of the MPXV D5 helicase-primase as it moves along single-stranded DNA, providing unprecedented advancements in the molecular dynamics and unwinding mechanism. This structural snapshot describes the structural features of the D5 protein and dissects the broader implications of its pivotal role in MPXV replication.",D5 helicase–primase; Double‐strand DNA unwinding; Mpox virus; Viral DNA replication; cryo‐EM structure
41673239,Discovery of potential antiviral compounds and accelerating the therapeutic discovery against monkeypox virus.,"Faisal Ahmad, Afifa Navid, Muhammad Irfan, Fahad Nasser Almajhdi, Tajamul Hussain, Dilber Uzun Ozsahin, Hassan Ayaz, Yasir Waheed",Scientific reports. 2026. doi: 10.1038/s41598-026-39427-1..,Ahmad,Scientific reports,2026,2026/02/11,,,10.1038/s41598-026-39427-1,"Monkeypox virus is a zoonotic virus of the genus Orthopox viruses. It can be transmitted through direct or indirect contact with animals or infected ones. Owing similarity of pathogenesis with smallpox, the same drugs can be used for both viruses, but they are not specific and only help to relieve the symptoms only. Therefore, the absence of antiviral treatment or licensed vaccine highlights an urgent need, especially due to its rapid prevalence. The study screened the library of compounds to retrieve drug-like molecules that can act against monkeypox virus. The highly virulent target gene B8R having uniport ID Q3I8J0 was chosen. Targeting B8R is substantial for global health and can align with SDG 3 and awareness of disease management. The B8R was modelled via Artificial intelligence (AI) AlphaFold method and then exposed to a library of compounds. Complementary interactions in the active site were shown by molecular docking. The Complex-1 had the greatest binding affinity (–8.4 kcal/mol), followed by Complex-2 (–8.1 kcal/mol) and Complex-3 (–7.7 kcal/mol). After 125 ns, Complex-1 reached equilibrium at 7.5 Å RMSD, according to MD simulations, exhibiting stable ligand retention and reliable interactions with crucial residues Gly135 and Lys136. Complex-3 shown intermediate protein stability (6 Å RMSD) but notable ligand fluctuation (48 Å RMSF), while Complex-2 displayed increased protein RMSD (8 Å RMSD) and delayed ligand stabilisation (16 Å RMSF). These results were corroborated by PCA analysis, which showed that Complex-1 exhibits coherent structural development whereas Complex-2 and Complex-3 show scattered and compact trajectories, respectively. Complex-1 promise for Mpox viral inhibition was highlighted by the fact that it was the most stable and dynamically favourable contender overall. The N-terminal follows the folding trend. The insilico analysis not only proposed a potent compound but also provides deep insight into the behavior of protein. The proposed potent compound against this zoonotic virus can be helpful to combat the monkeypox virus by subjecting it further towards experimental investigation.",Drug designing; Homology modeling; MD simulation analysis; Molecular docking; Mpox virus
36447360,Risk profile and mode of transmission of Mpox: A rapid review and individual patient data meta-analysis of case studies.,"Rodrigo Núñez-Cortés, Joaquín Calatayud, José Francisco López-Gil, Ai Koyanagi, José Casaña, Rubén López-Bueno",Reviews in medical virology. 2022. doi: 10.1002/rmv.2410..,Núñez-Cortés,Reviews in medical virology,2023,2022/11/29,,,10.1002/rmv.2410,"Since May 2022, an outbreak of Mpox in non-endemic countries has become a potential public health threat. The objective of this rapid review was to examine the risk profile and modes of transmission of Mpox. PubMed, Web of Science, and Scopus were searched from inception through July 30 to collect case reports/series on patients with Mpox infection. For meta-analysis, data on the total number of participants and deaths by binary categories of exposure (age, sex, country, other co-infections or existing conditions, and mode of contagion) were used. A total of 62 studies (4659 cases) were included. Most cases came from Africa (84.3%), followed by Europe (13.9%). In 63.6% of the cases, the mode of contagion was human contact, while 22.8% of the cases were by animal contact, and 13.5% were unknown or not reported. The mortality rate was 6.5% throughout these studies. The risk of mortality was higher in the younger age group (risk difference: 0.19; 95% CI: 0.02-0.36), in cases with other co-infections or current chronic conditions (risk difference: 0.03; 95% CI: 0.01-0.05) and in the category of low- and middle-income countries (risk difference: 0.06; 95% CI: 0.05-0.08). There were no significant differences with respect to sex or mode of contagion. These results help to understand the major infection pathways and mortality risk profiles of Mpox and underscores the importance of preventing outbreaks in specific settings, especially in settings densely populated by children, such as day care centres and schools.",infections; mortality; orthopoxvirus; public health; viral Zoonoses
36851124,Epidemiologic Situation of HIV and Monkeypox Coinfection: A Systematic Review.,"Brando Ortiz-Saavedra, Elizbet S Montes-Madariaga, Cielo Cabanillas-Ramirez, Niza Alva, Alex Ricardo-Martínez, Darwin A León-Figueroa, Joshuan J Barboza, Aroop Mohanty, Bijaya Kumar Padhi, Ranjit Sah",Vaccines. 2023. doi: 10.3390/vaccines11020246..,Ortiz-Saavedra,Vaccines,2023,2023/01/22,,,10.3390/vaccines11020246,"The most recent monkeypox (Mpox) outbreak is mostly affecting men who have sex with men (MSM) who participate in high-risk sexual behaviors, which is typically the case among human immunodeficiency virus (HIV) carriers, according to clinical and epidemiological statistics. The objective of this research is to determine the epidemiological situation of HIV and smallpox co-infection. Until 1 October 2022, a thorough evaluation of the literature was conducted utilizing the databases PubMed, Embase, Scopus, and Web of Science. Studies were evaluated based on the criteria for selection. Fifty-three studies met the selection criteria. A total of 6345 confirmed cases of monkeypox were recorded, and 40.32% (n = 2558) of these cases also had HIV co-infection. In addition, 51.36% (n = 3259) of the men (91.44%; n = 5802), whose ages ranged from 18 to 71 years, exhibited MSM-specific sexual behaviors. Co-infection with these two viruses can be especially dangerous because it can exacerbate the symptoms of both diseases and make them more difficult to treat. People with HIV are more vulnerable to certain infections, including monkeypox, because their immune systems are weakened. Therefore, it is important that they take measures to prevent infection, such as avoiding contact with infected animals, risky behaviors, and maintaining good hygiene.",HIV; MSM; STIs; co-infection; monkeypox
36480479,"Reduced Risk for Mpox After Receipt of 1 or 2 Doses of JYNNEOS Vaccine Compared with Risk Among Unvaccinated Persons - 43 U.S. Jurisdictions, July 31-October 1, 2022.","Amanda B Payne, Logan C Ray, Matthew M Cole, Michelle Canning, Kennedy Houck, Hazel J Shah, Jennifer L Farrar, Nathaniel M Lewis, Amy Fothergill, Elizabeth B White, Leora R Feldstein, Lauren E Roper, Florence Lee, Jennifer L Kriss, Emily Sims, Ian H Spicknall, Yoshinori Nakazawa, Adi V Gundlapalli, Tom Shimabukuro, Adam L Cohen, Margaret A Honein, Jonathan Mermin, Daniel C Payne",MMWR. Morbidity and mortality weekly report. 2022. doi: 10.15585/mmwr.mm7149a5..,Payne,MMWR. Morbidity and mortality weekly report,2022,2022/12/09,,,10.15585/mmwr.mm7149a5,"As of October 28, 2022, a total of 28,244* monkeypox (mpox) cases have been reported in the United States during an outbreak that has disproportionately affected gay, bisexual, and other men who have sex with men (MSM) (1). JYNNEOS vaccine (Modified Vaccinia Ankara vaccine, Bavarian Nordic), administered subcutaneously as a 2-dose (0.5 mL per dose) series (with doses administered 4 weeks apart), was approved by the Food and Drug Administration (FDA) in 2019 to prevent smallpox and mpox disease (2); an FDA Emergency Use Authorization issued on August 9, 2022, authorized intradermal administration of 0.1 mL per dose, increasing the number of persons who could be vaccinated with the available vaccine supply† (3). A previous comparison of mpox incidence during July 31-September 3, 2022, among unvaccinated, but vaccine-eligible men aged 18-49 years and those who had received ≥1 JYNNEOS vaccine dose in 32 U.S. jurisdictions, found that incidence among unvaccinated persons was 14 times that among vaccinated persons (95% CI = 5.0-41.0) (4). During September 4-October 1, 2022, a total of 205,504 persons received JYNNEOS vaccine dose 2 in the United States.§ To further examine mpox incidence among persons who were unvaccinated and those who had received either 1 or 2 JYNNEOS doses, investigators analyzed data on 9,544 reported mpox cases among men¶ aged 18-49 years during July 31-October 1, 2022, from 43 U.S. jurisdictions,** by vaccination status. During this study period, mpox incidence (cases per 100,000 population at risk) among unvaccinated persons was 7.4 (95% CI = 6.0-9.1) times that among persons who received only 1 dose of JYNNEOS vaccine ≥14 days earlier and 9.6 (95% CI = 6.9-13.2) times that among persons who received dose 2 ≥14 days earlier. The observed distribution of subcutaneous and intradermal routes of administration of dose 1 among vaccinated persons with mpox was not different from the expected distribution. This report provides additional data suggesting JYNNEOS vaccine provides protection against mpox, irrespective of whether the vaccine is administered intradermally or subcutaneously. The degree and durability of such protection remains unclear. Persons eligible for mpox vaccination should receive the complete 2-dose series to optimize strength of protection†† (5).","[MeSH] Humans; [MeSH] Male; [MeSH] Homosexuality, Male; [MeSH] Sexual and Gender Minorities; [MeSH] United States; [MeSH] United States Food and Drug Administration; [MeSH] Mpox, Monkeypox; [MeSH] Smallpox Vaccine"
35973747,"Availability, scope and quality of monkeypox clinical management guidelines globally: a systematic review.","Eika Webb, Ishmeala Rigby, Melina Michelen, Andrew Dagens, Vincent Cheng, Amanda M Rojek, Dania Dahmash, Susan Khader, Keerti Gedela, Alice Norton, Muge Cevik, Erhui Cai, Eli Harriss, Samuel Lipworth, Robert Nartowski, Helen Groves, Peter Hart, Lucille Blumberg, Tom Fletcher, Shevin T Jacob, Louise Sigfrid, Peter W Horby",BMJ global health. 2022. doi: 10.1136/bmjgh-2022-009838..,Webb,BMJ global health,2022,2022/08/01,,,10.1136/bmjgh-2022-009838,"BACKGROUND: Monkeypox (MPX) is an important human Orthopoxvirus infection. There has been an increase in MPX cases and outbreaks in endemic and non-endemic regions in recent decades. We appraised the availability, scope, quality and inclusivity of clinical management guidelines for MPX globally. METHODS: For this systematic review, we searched six databases from inception until 14 October 2021, augmented by a grey literature search until 17 May 2022. MPX guidelines providing treatment and supportive care recommendations were included, with no exclusions for language. Two reviewers assessed the guidelines. Quality was assessed using the Appraisal of Guidelines for Research and Evaluation II tool. RESULTS: Of 2026 records screened, 14 guidelines were included. Overall, most guidelines were of low-quality with a median score of 2 out of 7 (range: 1-7), lacked detail and covered a narrow range of topics. Most guidelines focused on adults, five (36%) provided some advice for children, three (21%) for pregnant women and three (21%) for people living with HIV. Treatment guidance was mostly limited to advice on antivirals; seven guidelines advised cidofovir (four specified for severe MPX only); 29% (4/14) tecovirimat, and 7% (1/14) brincidofovir. Only one guideline provided recommendations on supportive care and treatment of complications. All guidelines recommended vaccination as post-exposure prophylaxis (PEP). Three guidelines advised on vaccinia immune globulin as PEP for severe cases in people with immunosuppression. CONCLUSION: Our results highlight a lack of evidence-based clinical management guidelines for MPX globally. There is a clear and urgent need for research into treatment and prophylaxis including for different risk populations. The current outbreak provides an opportunity to accelerate this research through coordinated high-quality studies. New evidence should be incorporated into globally accessible guidelines, to benefit patient and epidemic outcomes. A 'living guideline' framework is recommended. PROSPERO REGISTRATION NUMBER: CRD42020167361.","health policy; infections, diseases, disorders, injuries; systematic review"
35785793,"Demographic and clinical characteristics of confirmed human monkeypox virus cases in individuals attending a sexual health centre in London, UK: an observational analysis.","Nicolò Girometti, Ruth Byrne, Margherita Bracchi, Joseph Heskin, Alan McOwan, Victoria Tittle, Keerti Gedela, Christopher Scott, Sheel Patel, Jesal Gohil, Diarmuid Nugent, Tara Suchak, Molly Dickinson, Margaret Feeney, Borja Mora-Peris, Katrina Stegmann, Komal Plaha, Gary Davies, Luke S P Moore, Nabeela Mughal, David Asboe, Marta Boffito, Rachael Jones, Gary Whitlock",The Lancet. Infectious diseases. 2022. doi: 10.1016/S1473-3099(22)00411-X..,Girometti,The Lancet. Infectious diseases,2022,2022/07/01,,,10.1016/S1473-3099(22)00411-X,"BACKGROUND: Historically, human monkeypox virus cases in the UK have been limited to imported infections from west Africa. Currently, the UK and several other countries are reporting a rapid increase in monkeypox cases among individuals attending sexual health clinics, with no apparent epidemiological links to endemic areas. We describe demographic and clinical characteristics of patients diagnosed with human monkeypox virus attending a sexual health centre. METHODS: In this observational analysis, we considered patients with confirmed monkeypox virus infection via PCR detection attending open-access sexual health clinics in London, UK, between May 14 and May 25, 2022. We report hospital admissions and concurrent sexually transmitted infection (STI) proportions, and describe our local response within the first 2 weeks of the outbreak. FINDINGS: Monkeypox virus infection was confirmed in 54 individuals, all identifying as men who have sex with men (MSM), with a median age of 41 years (IQR 34-45). 38 (70%) of 54 individuals were White, 26 (48%) were born in the UK, and 13 (24%) were living with HIV. 36 (67%) of 54 individuals reported fatigue or lethargy, 31 (57%) reported fever, and ten (18%) had no prodromal symptoms. All patients presented with skin lesions, of which 51 (94%) were anogenital. 37 (89%) of 54 individuals had skin lesions affecting more than one anatomical site and four (7%) had oropharyngeal lesions. 30 (55%) of 54 individuals had lymphadenopathy. One in four patients had a concurrent STI. Five (9%) of 54 individuals required admission to hospital, mainly due to pain or localised bacterial cellulitis requiring antibiotic intervention or analgesia. We recorded no fatal outcomes. INTERPRETATION: Autochthonous community monkeypox virus transmission is currently observed among MSM in the UK. We found a high proportion of concomitant STIs and frequent anogenital symptoms, suggesting transmissibility through local inoculation during close skin-to-skin or mucosal contact, during sexual activity. Additional resources are required to support sexual health and other specialist services in managing this condition. A review of the case definition and better understanding of viral transmission routes are needed to shape infection control policies, education and prevention strategies, and contact tracing. FUNDING: None.","[MeSH] Adult; [MeSH] Demography; [MeSH] Homosexuality, Male; [MeSH] Humans; [MeSH] London; [MeSH] Male; [MeSH] Middle Aged; [MeSH] Mpox, Monkeypox; [MeSH] Monkeypox virus; [MeSH] Observational Studies as Topic; [MeSH] Sexual Behavior; [MeSH] Sexual Health; [MeSH] Sexual and Gender Minorities; [MeSH] Sexually Transmitted Diseases"
29982575,Effects of Treatment Delay on Efficacy of Tecovirimat Following Lethal Aerosol Monkeypox Virus Challenge in Cynomolgus Macaques.,"Andrew T Russo, Douglas W Grosenbach, Trevor L Brasel, Robert O Baker, Andrew G Cawthon, Erin Reynolds, Tara Bailey, Philip J Kuehl, Victoria Sugita, Krystle Agans, Dennis E Hruby",The Journal of infectious diseases. 2018. doi: 10.1093/infdis/jiy326..,Russo,The Journal of infectious diseases,2018,2018/09/22,,,10.1093/infdis/jiy326,"BACKGROUND: Tecovirimat (ST-246) is being developed as an antiviral therapeutic for smallpox for use in the event of an accidental or intentional release. The last reported case of smallpox was 1978 but the potential for use of variola virus for biowarfare has renewed interest in smallpox antiviral therapeutics. METHODS: Cynomolgus macaques were challenged with a lethal dose of monkeypox virus (MPXV) by aerosol as a model for human smallpox and treated orally with 10 mg/kg tecovirimat once daily starting up to 8 days following challenge. Monkeys were monitored for survival, lesions, and clinical signs of disease. Samples were collected for measurement of viremia by quantitative real-time polymerase chain reaction, and for white blood cell counts. RESULTS: Survival in animals initiating treatment up to 5 days postchallenge was 100%. In animals treated starting 6, 7, or 8 days following challenge, survival was 67%, 100%, and 50%, respectively. Treatment initiation up to 4 days following challenge reduced severity of clinical manifestations of infection. CONCLUSIONS: Tecovirimat treatment initiated up to 8 days following a lethal aerosol MPXV challenge improves survival and, when initiated earlier than 5 days after challenge, provides protection from clinical effects of disease, supporting the conclusion that it is a promising smallpox antiviral therapeutic candidate.","[MeSH] Aerosols; [MeSH] Animals; [MeSH] Benzamides; [MeSH] Female; [MeSH] Isoindoles; [MeSH] Macaca fascicularis; [MeSH] Male; [MeSH] Mpox, Monkeypox; [MeSH] Monkeypox virus; [MeSH] Time-to-Treatment; [MeSH] Phthalimides"
39465801,"Comprehending symmetry in epidemiology: A review of analytical methods and insights from models of COVID-19, Ebola, Dengue, and Monkeypox.","Siva Nanthini Shanmugam, Haewon Byeon",Medicine. 2024. doi: 10.1097/MD.0000000000040063..,Shanmugam,Medicine,2024,2024/10/11,,,10.1097/MD.0000000000040063,"The challenge of developing comprehensive mathematical models for guiding public health initiatives in disease control is varied. Creating complex models is essential to understanding the mechanics of the spread of infectious diseases. We reviewed papers that synthesized various mathematical models and analytical methods applied in epidemiological studies with a focus on infectious diseases such as Severe Acute Respiratory Syndrome Coronavirus-2, Ebola, Dengue, and Monkeypox. We address past shortcomings, including difficulties in simulating population growth, treatment efficacy and data collection dependability. We recently came up with highly specific and cost-effective diagnostic techniques for early virus detection. This research includes stability analysis, geographical modeling, fractional calculus, new techniques, and validated solvers such as validating solver for parametric ordinary differential equation. The study examines the consequences of different models, equilibrium points, and stability through a thorough qualitative analysis, highlighting the reliability of fractional order derivatives in representing the dynamics of infectious diseases. Unlike standard integer-order approaches, fractional calculus captures the memory and hereditary aspects of disease processes, resulting in a more complex and realistic representation of disease dynamics. This study underlines the impact of public health measures and the critical importance of spatial modeling in detecting transmission zones and informing targeted interventions. The results highlight the need for ongoing financing for research, especially beyond the coronavirus, and address the difficulties in converting analytically complicated findings into practical public health recommendations. Overall, this review emphasizes that further research and innovation in these areas are crucial for addressing ongoing and future public health challenges.","[MeSH] Humans; [MeSH] COVID-19; [MeSH] Hemorrhagic Fever, Ebola; [MeSH] Dengue; [MeSH] SARS-CoV-2; [MeSH] Epidemiological Models; [MeSH] Mpox, Monkeypox"
39657619,Efficacy of Laundry Practices in Eliminating Mpox Virus From Fabrics.,"Ana K Pitol, Siobhan Richards, Patrick Mirindi, Hibak O Mahamed, April Baller, Grant L Hughes, Sara E Beck",The Journal of infectious diseases. 2025. doi: 10.1093/infdis/jiae606..,Pitol,The Journal of infectious diseases,2025,2025/04/15,,,10.1093/infdis/jiae606,"BACKGROUND: The declaration of mpox as a public health emergency of international concern highlights the need for interventions to interrupt virus transmission, including transmission via fabrics. Current World Health Organization (WHO) guidance on clothes washing is based on a general consensus of virus inactivation; however, there is uncertainty about the efficacy of laundry detergents and disinfectants or the reduction of risk achieved by washing clothes for mpox virus (MPXV) specifically. METHODS: This study investigates the efficacy of manual washing for inactivating MPXV from clothes. Using a simulated washing method, we evaluated the efficacy of commonly used laundry products and high temperature water for inactivating MPXV on fabrics. Cotton and polyester fabrics were inoculated with MPXV for 1 minute, placed in a microcentrifuge tube containing water or water with test product for 20 minutes, with agitation every 5 minutes to simulate manual washing. RESULTS: Sodium hypochlorite, liquid sanitizer, and 2 powdered laundry detergents dissolved in room temperature water, as well as 70°C water alone, completely inactivated MPXV (>3 log10 reduction or >99.9% inactivation) on both cotton and polyester fabrics. CONCLUSIONS: Given the expected concentrations of MPXV on fabrics, the low transfer rate of viruses from porous surfaces to skin, the effective inactivation of laundry processes, and the expected doses required for infection, we expect the risk of transmission after laundering contaminated fabrics to be low. This study provides evidence to support WHO guidance for MPXV inactivation, reducing the viral load on fabrics to prevent the spread of mpox in both health care and household settings.",fabric disinfection; health care-associated infection; laundry; mpox; orthopoxvirus
39010029,Willingness to receive mpox vaccine among men who have sex with men: a systematic review and meta-analysis.,"Jiajia Liu, Siying Liu, Simin Yu, Xiaoyu Du, Jiaqi Hao, Ruixue Hui, Amos Buh, Wenjun Chen, Jia Chen",BMC public health. 2024. doi: 10.1186/s12889-024-19260-9..,Liu,BMC public health,2024,2024/07/15,,,10.1186/s12889-024-19260-9,"BACKGROUND: Since May 2022, mpox outbreaks have been occurring in non-mpox endemic areas, with the main population affected being men who have sex with men (MSM). Outbreak prevention and control depend not only on the effectiveness of vaccines but also on people's willingness to receive these vaccines. Currently, there is lack of synthesis on the overall rates and influence factors of MSMs' willingness to vaccinate against mpox. Therefore, we systematically reviewed studies that assessed the willingness of MSM to receive mpox vaccine. METHODS: Studies reporting mpox vaccination intentions among MSM were included by searching five databases (PubMed, Web of Science, EMBASE, CINAHL, and SCOPUS) from inception to May 12, 2024. The quality of the included literature was assessed using Joanna Briggs Institute's critical appraisal tool. The data analysis software is Stata17. The systematic review has been registered with Prospero (registration ID: CRD42023452357). RESULTS: Twenty cross-sectional studies were included in the review. Meta-analysis results showed that the pooled willingness rate of vaccinate against mpox was 77.0% (95% CI: 73-81%, I2 = 99.4%). According to subgroup analysis, study countries (P = 0.002), research sample size (P = 0.001), and whether participants were infected with HIV (P = 0.002) may be sources of heterogeneity. The results of the meta-analysis of influencing factors showed that more number of sexual partners (OR: 2.24, 95%CI: 1.86-2.69), pre-exposure prophylaxis use (OR: 6.04, 95%CI: 4.80-7.61), history of sexually transmitted infections (OR: 2.96, 95%CI: 2.33-3.76), confidence in the vaccine's effectiveness (OR: 2.79, 95%CI: 2.04-3.80) and safety (OR: 10.89, 95%CI: 5.22-22.72), fear of mpox infection (OR: 2.47, 95%CI: 2.11-2.89) and epidemics (OR: 2.87, 95%CI: 2.22-3.70), high mpox knowledge (OR: 2.35, 95%CI: 1.51-3.66), and the belief that people at high risk should be prioritized for vaccination (OR: 3.09, 95%CI: 1.40-6.84) were the facilitators of vaccine willingness. In addition, as a secondary outcome, meta-analysis results showed a pooled unwillingness rate of 16% (95% CI: 13-20%, I2 = 98.1%, 9 studies). CONCLUSION: Willingness to vaccinate mpox was high among MSM, but some participants still had negative attitudes towards vaccination. Therefore, the Ministry of Public Health should develop targeted and effective strategies against those influencing factors to prevent and manage mpox outbreaks.",Men who have sex with men; Meta-analysis; Mpox; Mpox virus; Systematic review; Vaccine
37294338,Risk factors for mortality and clinical presentation of monkeypox.,"Salma Triana-González, Cristina Román-López, Stefan Mauss, Ana Luz Cano-Díaz, José Antonio Mata-Marín, Edgar Pérez-Barragán, Ericka Pompa-Mera, Jesús Enrique Gaytán-Martínez","AIDS (London, England). 2023. doi: 10.1097/QAD.0000000000003623..",Triana-González,"AIDS (London, England)",2023,2023/06/08,,,10.1097/QAD.0000000000003623,"OBJECTIVES: To describe risk factors for mortality and clinical characteristics in patients with mpox infection at a reference hospital in Mexico. DESIGN: A prospective cohort study was conducted from September to December 2022 at Hospital de Infectología La Raza National Medical Center. METHODS: Study participants were patients that met operational definition of confirmed case of mpox according to WHO criteria. Information was obtained through a case report form that included epidemiological, clinical, and biochemical information. The follow-up period was from initial evaluation for hospitalization until discharge due to clinical improvement or death. Written informed consent was obtained from all participants. RESULTS: Seventy-two patients were included in the analysis, 64 of 72 (88.9%) were people with HIV (PWH). Of the total of patients 71 of 72 (98.6%) were male, with a median age of 32 years old [95% confidence interval (CI), interquartile range (IQR) 27-37]. Coinfection with sexually transmitted infections was reported in 30 of 72 (41.7%). The overall mortality was five of 72 (6.9%). The incidence of mortality rate in PWH was 6.3%. Median days from onset of symptoms to death from any cause during hospitalization was 50 days (95% CI, IQR 38-62). Risk factors for mpox mortality in the bivariate analysis were CD4 + cells count ≤100 cells/μl at the time of assessment RR 20 (95% CI, IQR 6.6-60.2) ( P < 0.001), absence of antiretroviral therapy RR 6.6 (95% CI, IQR 3.6-12.1) ( P = 0.001) and ≥50 skin lesions at presentation RR 6.4 (95% CI, IQR 2.6-15.7) ( P = 0.011). CONCLUSIONS: The clinical presentation between PWH and non-HIV patients was similar in this study, however, reported mortality was associated with advanced-HIV disease.","[MeSH] Humans; [MeSH] Male; [MeSH] Adult; [MeSH] Female; [MeSH] HIV Infections; [MeSH] Mpox, Monkeypox; [MeSH] Prospective Studies; [MeSH] Risk Factors; [MeSH] CD4-Positive T-Lymphocytes"
36396173,Understanding sexual transmission dynamics and transmission contexts of monkeypox virus: a mixed-methods study of the early outbreak in Belgium (May-June 2022).,"Jef Vanhamel, Valeska Laisnez, Laurens Liesenborghs, Isabel Brosius, Nicole Berens-Riha, Thibaut Vanbaelen, Chris Kenyon, Koen Vercauteren, Marie Laga, Naïma Hammami, Oriane Lambricht, Romain Mahieu, Amaryl Lecompte, Wim Vanden Berghe, Bea Vuylsteke",Sexually transmitted infections. 2022. doi: 10.1136/sextrans-2022-055601..,Vanhamel,Sexually transmitted infections,2023,2022/11/17,,,10.1136/sextrans-2022-055601,"OBJECTIVE: The available epidemiological and clinical evidence from the currently ongoing monkeypox (MPX) outbreak in non-endemic areas suggests an important factor of sexual transmission. However, limited information on the behaviour and experiences of individuals with an MPX infection has to date been provided. We aimed to describe the initial phase of the MPX outbreak in Belgium, and to provide a more in-depth description of sexual behaviour and transmission contexts. METHODS: We used routine national surveillance data of 139 confirmed MPX cases with date of symptom onset until 19 June 2022, complemented with 12 semistructured interviews conducted with a subsample of these cases. RESULTS: Sexualised environments, including large festivals and cruising venues for gay men, were the suspected exposure setting for the majority of the cases in the early outbreak phase. In-depth narratives of sexual behaviour support the hypothesis of MPX transmission through close physical contact during sex. Despite awareness of the ongoing MPX outbreak, low self-perceived risk of MPX acquisition and confusing initial signs and symptoms for other STIs or skin conditions delayed early detection of an MPX infection. In addition, we describe relevant contextual factors beyond individual behaviour, related to sexual networks, interpersonal interactions and health systems. Some of these factors may complicate early MPX detection and control efforts. CONCLUSION: Our results highlight the role of sexual contact and networks in the transmission of MPX during the early phase of the outbreak in Belgium. Risk communication messages should consistently and transparently state the predominant sexual transmission potential of MPX virus, and prevention and control measures must be adapted to reflect multilevel factors contributing to MPX transmission risk.",Behavioral Sciences; Epidemiology; QUALITATIVE RESEARCH; Sexual Behavior
38058459,Risk Factors for Hospitalization and Effect of Immunosuppression on Clinical Outcomes Among an Urban Cohort of Patients With Mpox.,"William M Garneau, Joyce L Jones, Gabriella M Dashler, Heba H Mostafa, Seth D Judson, Nathan Kwon, Matthew M Hamill, Elizabeth A Gilliams, David S Rudolph, Jeanne C Keruly, Amary Fall, Eili Y Klein, Bhakti Hansoti, Kelly A Gebo",Open forum infectious diseases. 2023. doi: 10.1093/ofid/ofad533..,Garneau,Open forum infectious diseases,2023,2023/12/05,,,10.1093/ofid/ofad533,"BACKGROUND: During the 2022 mpox outbreak most patients were managed as outpatients, but some required hospitalization. Uncontrolled human immunodeficiency virus (HIV) has been identified as a risk factor for severe mpox. METHODS: Patients with mpox diagnosed or treated within the Johns Hopkins Health System between 1 June and 15 December 2022 were included. The primary outcome of interest was risk of hospitalization. Demographic features, comorbid conditions, treatment, and clinical outcomes were determined. RESULTS: A total of 353 patients were tested or treated for mpox; 100 had mpox diagnosed or treated (median age, 35.3 years; 97.0% male; 57.0% black and 10.0% Hispanic; 46.0% people with HIV [PWH]). Seventeen patients (17.0%) required hospitalization, 10 of whom were PWH. Age >40 years, race, ethnicity, HIV status, insurance status, and body mass index >30 (calculated as weight in kilograms divided by height in meters squared) were not associated with hospitalization. Eight of 9 patients (88.9%) with immunosuppression were hospitalized. Immunosuppression was associated with hospitalization in univariate (odds ratio, 69.3 [95% confidence interval, 7.8-619.7]) and adjusted analysis (adjusted odds ratio, 94.8 [8.5-1060.1]). Two patients (11.8%) who were hospitalized required intensive care unit admission and died; both had uncontrolled HIV infection and CD4 T-cell counts <50/µL. Median cycle threshold values for the first positive mpox virus sample did not differ between those who were hospitalized and those who were not. CONCLUSIONS: Immunosuppression was a significant risk factor for hospitalization with mpox. PWH with CD4 T-cell counts <50/µL are at high risk of death due to mpox infection. Patients who are immunosuppressed should be considered for early and aggressive treatment of mpox, given the increased risk of hospitalization.",HIV/AIDS; Monkeypox virus; Mpox; antiviral agents; clinical outcomes
38561199,Separating the rash from the chaff: novel clinical decision support deployed during the mpox outbreak.,"Jacob E Lazarus, Chloe V Green, Michelle S Jerry, Lindsay Germaine, Dustin S McEvoy, Caitlin M Dugdale, Kristen M Hysell, Rebecca L Craig, Molly L Paras, Howard M Heller, Kevin L Ard, John S Albin, Hang Lee, Erica S Shenoy",Infection control and hospital epidemiology. 2024. doi: 10.1017/ice.2024.51..,Lazarus,Infection control and hospital epidemiology,2024,2024/04/02,,,10.1017/ice.2024.51,"A clinical decision support system, EvalMpox, was developed to apply person under investigation (PUI) criteria for patients presenting with rash and to recommend testing for PUIs. Of 668 patients evaluated, an EvalMpox recommendation for testing had a positive predictive value of 35% and a negative predictive value of 99% for a positive mpox test.","[MeSH] Adult; [MeSH] Female; [MeSH] Humans; [MeSH] Male; [MeSH] Middle Aged; [MeSH] Decision Support Systems, Clinical; [MeSH] Disease Outbreaks; [MeSH] Exanthema; [MeSH] Predictive Value of Tests; [MeSH] Mpox, Monkeypox"
38448821,Socio-demographic determinants of the knowledge of Monkeypox Virus among the general public: a cross-sectional study in a Tertiary Care Center in Nepal.,"Santa Kumar Das, Abhinav Bhattarai, Kiran Paudel, Sandesh Bhusal, Sangam Shah, Sakchhyam Timsina, Aastha Subedi, Sandhya Niroula, Najim Z Alshahrani, Sanjit Sah, Bijaya Kumar Padhi, Joshuan J Barboza, Alfonso J Rodriguez-Morales, Luis A Salas-Matta, D Katterine Bonilla-Aldana, Ranjit Sah",BMC infectious diseases. 2024. doi: 10.1186/s12879-024-09184-5..,Das,BMC infectious diseases,2024,2024/03/06,,,10.1186/s12879-024-09184-5,"BACKGROUND AND OBJECTIVE: Monkeypox virus (MPXV) is the causative agent of monkeypox's zoonotic infection and was declared a global emergency by the World Health Organization (WHO). Studies from different countries have shown insufficient knowledge among the general public on MPXV. This study aimed to assess the knowledge of the general public of Nepal on MPXV. METHODS: Three hundred people were interviewed in person in October 2022, and 282 complete responses were recorded. The questionnaire related to the knowledge of MPXV was derived from a previous study conducted among the general population of Saudi Arabia. Twenty-two questions were included that assessed the knowledge and attitude of Nepalese toward monkeypox. Statistical comparison between high and low knowledge was performed using Pearson's Chi-square test. Logistic regression models were deployed to establish the relationship between participants' knowledge and socio-demographic characteristics. RESULTS: Among the total respondents, 53.8% demonstrated high knowledge of monkeypox. People aged 18-25 years, unmarried people, and those living in urban areas had significantly higher levels of knowledge. Most respondents believed that MPXV is not a conspiracy or bioterrorism (63.1%) and agreed that it is likely to affect people's social and economic life as COVID-19 did (67.0%). The history of COVID-19 vaccination (aOR: 2.980; 95%CI: 1.227, 7.236) and the younger age (aOR: 2.975; 95%CI: 1.097, 8.069) were found to be significant determinants of the knowledge of the participants on monkeypox. CONCLUSION: We observed that most Nepalese populations had a high knowledge of monkeypox and that social media was the most valuable source of information.",Knowledge; MPXV; Monkey pox; Nepal; Population; Virus
39393385,Modelling vaccination approaches for mpox containment and mitigation in the Democratic Republic of the Congo.,"Alexandra Savinkina, Jason Kindrachuk, Isaac I Bogoch, Anne W Rimoin, Nicole A Hoff, Souradet Y Shaw, Virginia E Pitzer, Placide Mbala-Kingebeni, Gregg S Gonsalves",The Lancet. Global health. 2024. doi: 10.1016/S2214-109X(24)00384-X..,Savinkina,The Lancet. Global health,2024,2024/10/09,,,10.1016/S2214-109X(24)00384-X,"BACKGROUND: Mpox was first identified in the Democratic Republic of the Congo (DRC) in 1970. In 2023, a historic outbreak of mpox occurred in the country, continuing into 2024. Over 14 000 cases and 600 deaths were reported in 2023 alone, representing a major increase from previous outbreaks. The modified vaccinia Ankara vaccine (brand names JYNNEOS, Imvamune, and Imvanex) was used in the 2022 mpox outbreak in the USA and Europe. However, at the time of the study, vaccination had not been made available in the DRC. We aimed to inform policy and decision makers on the potential benefits of, and resources needed, for mpox vaccination campaigns in the DRC by providing counterfactual scenarios evaluating the short-term effects of various vaccination strategies on mpox cases and deaths, if such a vaccination campaign had been undertaken before the 2023-24 outbreak. METHODS: A dynamic transmission model was used to simulate mpox transmission in the DRC, stratified by age (<5, 5-15, and >15 years) and province. The model was used to simulate potential vaccination strategies, varying by age and region (endemic provinces, non-endemic provinces with historic cases, and all provinces) assessing the effect the strategies would have on deaths and cases in an epidemic year similar to 2023. In addition, we estimated the number of vaccine doses needed to implement each strategy. FINDINGS: Without vaccination, our model predicted 14 700 cases and 700 deaths from mpox over 365 days. Vaccinating 80% of all children younger than 5 years in endemic regions led to a 27% overall reduction in cases and a 43% reduction in deaths, requiring 10·5 million vaccine doses. Vaccinating 80% of all children younger than 5 years in all regions led to a 29% reduction in cases and a 43% reduction in deaths, requiring 33·1 million doses. Vaccinating 80% of children aged 15 years or younger in endemic provinces led to a 54% reduction in cases and a 71% reduction in deaths, requiring 26·6 million doses. INTERPRETATION: When resources are limited, vaccinating children aged 15 years or younger, or younger than 5 years, in endemic regions of the DRC would be the most efficient use of vaccines. Further research is needed to explore long-term effects of a one-time or recurrent vaccination campaign. FUNDING: Canadian Institutes of Health Research, Canadian International Development Research Centre, US Department of Defense (Defense Threat Reduction Agency, Mpox Threat Reduction Network), Global Affairs Canada (Weapons Threat Reduction Program), US Department for Agriculture (Agriculture Research Service, Non-Assistance Cooperative Agreement).","[MeSH] Humans; [MeSH] Democratic Republic of the Congo; [MeSH] Child, Preschool; [MeSH] Child; [MeSH] Adolescent; [MeSH] Infant; [MeSH] Mpox, Monkeypox; [MeSH] Disease Outbreaks; [MeSH] Vaccination; [MeSH] Adult; [MeSH] Young Adult; [MeSH] Models, Theoretical; [MeSH] Female; [MeSH] Male"
41886045,Genomic characterization and infectivity assessment of Monkeypox virus from the 2022 Croatian outbreak.,"Barbara Anđelić Dmitrović, Kristian Bodulić, Iva Duvančić, Stjepan Mitrović, Ivona Spudić, Ivan-Christian Kurolt",European journal of clinical microbiology & infectious diseases : official publication of the European Society of Clinical Microbiology. 2026. doi: 10.1007/s10096-026-05472-x..,Anđelić,European journal of clinical microbiology & infectious diseases : official publication of the European Society of Clinical Microbiology,2026,2026/03/26,,,10.1007/s10096-026-05472-x,,Croatia; Infectious Diseases; Mpox; Phylogeny; Whole Genome Sequencing
41712051,"Retrospective Study of Epidemiological and Clinical Characteristics of Mpox-HIV Coinfection in Men Who Have Sex with Men in Hangzhou, China.","Xinye Jin, Liangliang Huo, Lei Zhu, Jing Wang, Quan Jin, Mingyong Tao, Jiayun Wang, Renjie Huang, Yonghui Gong, Junfang Chen",AIDS and behavior. 2026. doi: 10.1007/s10461-026-05068-8..,Jin,AIDS and behavior,2026,2026/02/19,,,10.1007/s10461-026-05068-8,,CD4 + T cell count; Co-infection; HIV; MSM; Monkeypox
39371169,"First imported Cases of MPXV Clade Ib in Goma, Democratic Republic of the Congo: Implications for Global Surveillance and Transmission Dynamics.","Daniel Mukadi-Bamuleka, Eddy Kinganda-Lusamaki, Noella Mulopo-Mukanya, Adrienne Amuri-Aziza, Áine O'Toole, Brigitte Modadra-Madakpa, Guy Mutombo Ndongala, Emmanuel Hasivirwe Vakaniaki, Sydney Merritt, Cris Kacita, Gaston Lubambo Maboko, Jean-Claude Makangara-Cigolo, Michel Ngimba, Emmanuel Lokilo, Elisabeth Pukuta-Simbu, Gradi Luakanda, Tavia Bodisa-Matamu, Zephanie Paluku Kalimuli, Prince Akil-Bandali, Sifa Kavira, Daan Jansen, Adèle Kavira Kamaliro, Emile Muhindo-Milonde, Jeriel Mufungizi, Yves Birindwa Hamisi, Hugo Kavunga, Olivier Tshiani, Sabin S Nundu, Laurens Liesenborghs, Nicole A Hoff, Jean Nachega, Robert Shongo, Ahidjo Ayouba, Genay Pilarowski, Alain Kakule Mangolopa, Amos Kiuka Ebondo, Nicola Low, Souradet Y Shaw, Sam Wilkinson, Sofonias Kifle Tessema, Lorenzo Subissi, Eric Delaporte, Koen Vercauteren, Tony Wawina-Bokalanga, Anne W Rimoin, Martine Peeters, Nicholas Loman, Andrew Rambaut, Jean-Jacques Muyembe-Tamfum, Lisa E Hensley, Jason Kindrachuk, Placide Mbala-Kingebeni, Steve Ahuka-Mundeke",medRxiv : the preprint server for health sciences. 2024. doi: 10.1101/2024.09.12.24313188..,Mukadi-Bamuleka,medRxiv : the preprint server for health sciences,2024,2024/09/16,,,10.1101/2024.09.12.24313188,"The ongoing national mpox outbreak in the Democratic Republic of the Congo has resulted in more >30,000 suspected cases in the country from January 2023 to August 2024. While these historic case totals have been driven by primarily by zoonosis, the emergence of Clade Ib monkeypox virus (MPXV), which is connected to more sustained human-to-human transmission, has been associated with increasing public health impacts in eastern DRC. First identified in South Kivu province, Clade Ib MPXV has been identified in multiple non-endemic East African countries for the first time. In DRC, there have been concerns over broader Clade Ib expansion in the country that could further complicate containment and mitigation responses. Here, we report the first introductions of Clade Ib into North Kivu province, including within internal displacement camps, with suspected close contact transmission that includes non-intimate contacts and children. These findings demonstrate that mpox case investigations and community messaging campaigns should include considerations for non-sexual contact-mediated transmission of Clade Ib that includes children <15 years.",Goma; Monkeypox virus; Mpox; cross-border transmission; epidemic spread; phylogenetics; sexual transmission
37827188,"Main autopsy findings of visceral involvement by fatal mpox in patients with AIDS: necrotising nodular pneumonia, nodular ulcerative colitis, and diffuse vasculopathy.","Amaro Nunes Duarte-Neto, Ana Maria Gonçalves, Raissa Heloisa de Araujo Eliodoro, Wilker Dias Martins, Ingra Morales Claro, Ian Nunes Valença, Vitor Ribeiro Paes, Ralcyon Teixeira, Jaques Sztajnbok, Ivan Leonardo Avelino França E Silva, Luiz Antônio Ferreira Leite, Ceila Maria Sant'Ana Malaque, Luciana Marques Sansão Borges, Mario Peribanez Gonzalez, Luiz Alberto Costa Barra, Luiz Carlos Pereira Junior, Claudia Figueiredo Mello, Wladimir Queiroz, Angela Naomi Atomya, Sandra de Morais Fernezlian, Venâncio Avancini Ferreira Alves, Katia Ramos Moreira Leite, Cristiane Rubia Ferreira, Paulo Hilário Nascimento Saldiva, Thais Mauad, Luiz Fernando Ferraz da Silva, Nuno R Faria, Maria Cássia Jacinto Mendes Corrêa, Ester Cerdeira Sabino, Mirian Nacagami Sotto, Marisa Dolhnikoff",The Lancet. Infectious diseases. 2023. doi: 10.1016/S1473-3099(23)00574-1..,Duarte-Neto,The Lancet. Infectious diseases,2023,2023/10/09,,,10.1016/S1473-3099(23)00574-1,,"[MeSH] Humans; [MeSH] Colitis, Ulcerative; [MeSH] Autopsy; [MeSH] Acquired Immunodeficiency Syndrome; [MeSH] Mpox, Monkeypox; [MeSH] Pneumonia"
39258377,The Mpox outbreak is a public health emergency of international concern: Implications for mental health and global preparedness.,"Julio Torales, Iván Barrios, João Mauricio Castaldelli-Maia, Antonio Ventriglio",The International journal of social psychiatry. 2024. doi: 10.1177/00207640241280714..,Torales,The International journal of social psychiatry,2025,2024/09/11,,,10.1177/00207640241280714,"BACKGROUND: The Mpox, a zoonotic viral disease that has historically affected Central and West Africa, has been declared a Public Health Emergency of International Concern by the World Health Organization. Rapid transmission and recent dissemination in Africa may imply significant challenges to global health, including mental health. METHODS: We reviewed the mental health implications of the Mpox outbreak according to the published literature. We also discussed the psychological effects of the global spreading of this infection and public health preparedness strategies. Key areas of intervention may include the epidemiological surveillance, vaccine development, and mental health strategies. COMMENTS: The Mpox outbreak calls for a robust global preparedness to address potential health emergencies. Strengthening epidemiological surveillance, ensuring equitable vaccine distribution, and building resilient public health infrastructure are crucial. Additionally, addressing mental health consequences may require immediate, intermediate, and long-term strategies, including telepsychiatry, stress management training, and the integration of mental health into primary care.",Mpox; global preparedness; mental health; outbreak; public health emergency
39092792,Performance analysis of mathematical methods used to forecast the 2022 New York City Mpox outbreak.,"David Kaftan, Hae-Young Kim, Charles Ko, James S Howard, Prachi Dalal, Nao Yamamoto, R Scott Braithwaite, Anna Bershteyn",Journal of medical virology. 2024. doi: 10.1002/jmv.29791..,Kaftan,Journal of medical virology,2024,2024/08/01,,,10.1002/jmv.29791,"In mid-2022, New York City (NYC) became the epicenter of the US mpox outbreak. We provided real-time mpox case forecasts to the NYC Department of Health and Mental Hygiene to aid in outbreak response. Forecasting methodologies evolved as the epidemic progressed. Initially, lacking knowledge of at-risk population size, we used exponential growth models to forecast cases. Once exponential growth slowed, we used a Susceptible-Exposed-Infectious-Recovered (SEIR) model. Retrospectively, we explored if forecasts could have been improved using an SEIR model in place of our early exponential growth model, with or without knowing the case detection rate. Early forecasts from exponential growth models performed poorly, as 2-week mean absolute error (MAE) grew from 53 cases/week (July 1-14) to 457 cases/week (July 15-28). However, when exponential growth slowed, providing insight into susceptible population size, an SEIR model was able to accurately predict the remainder of the outbreak (7-week MAE: 13.4 cases/week). Retrospectively, we found there was not enough known about the epidemiological characteristics of the outbreak to parameterize an SEIR model early on. However, if the at-risk population and case detection rate were known, an SEIR model could have improved accuracy over exponential growth models early in the outbreak.",SEIR; epidemiology; forecasting; modeling; mpox; public health
36323407,Transmission dynamics of monkeypox in the United Kingdom: contact tracing study.,"Thomas Ward, Rachel Christie, Robert S Paton, Fergus Cumming, Christopher E Overton",BMJ (Clinical research ed.). 2022. doi: 10.1136/bmj-2022-073153..,Ward,BMJ (Clinical research ed.),2022,2022/11/02,,,10.1136/bmj-2022-073153,"OBJECTIVE: To analyse the transmission dynamics of the monkeypox outbreak in the UK, declared a Public Health Emergency of International Concern in July 2022. DESIGN: Contact tracing study, linking data on case-contact pairs and on probable exposure dates. SETTING: Case questionnaires from the UK Health Security Agency (UKHSA), United Kingdom. PARTICIPANTS: 2746 people with polymerase chain reaction confirmed monkeypox virus in the UK between 6 May and 1 August 2022. MAIN OUTCOME MEASURES: The incubation period and serial interval of a monkeypox infection using two bayesian time delay models-one corrected for interval censoring (ICC-interval censoring corrected) and one corrected for interval censoring, right truncation, and epidemic phase bias (ICRTC-interval censoring right truncation corrected). Growth rates of cases by reporting date, when monkeypox virus was confirmed and reported to UKHSA, were estimated using generalised additive models. RESULTS: The mean age of participants was 37.8 years and 95% reported being gay, bisexual, and other men who have sex with men (1160 out of 1213 reporting). The mean incubation period was estimated to be 7.6 days (95% credible interval 6.5 to 9.9) using the ICC model and 7.8 days (6.6 to 9.2) using the ICRTC model. The estimated mean serial interval was 8.0 days (95% credible interval 6.5 to 9.8) using the ICC model and 9.5 days (7.4 to 12.3) using the ICRTC model. Although the mean serial interval was longer than the incubation period for both models, short serial intervals were more common than short incubation periods, with the 25th centile and the median of the serial interval shorter than the incubation period. For the ICC and ICRTC models, the corresponding estimates ranged from 1.8 days (95% credible interval 1.5 to 1.8) to 1.6 days (1.4 to 1.6) shorter at the 25th centile and 1.6 days (1.5 to 1.7) to 0.8 days (0.3 to 1.2) shorter at the median. 10 out of 13 linked patients had documented pre-symptomatic transmission. Doubling times of cases declined from 9.07 days (95% confidence interval 12.63 to 7.08) on the 6 May, when the first case of monkeypox was reported in the UK, to a halving time of 29 days (95% confidence interval 38.02 to 23.44) on 1 August. CONCLUSIONS: Analysis of the instantaneous growth rate of monkeypox incidence indicates that the epidemic peaked in the UK as of 9 July and then started to decline. Short serial intervals were more common than short incubation periods suggesting considerable pre-symptomatic transmission, which was validated through linked patient level records. For patients who could be linked through personally identifiable data, four days was the maximum time that transmission was detected before symptoms manifested. An isolation period of 16 to 23 days would be required to detect 95% of people with a potential infection. The 95th centile of the serial interval was between 23 and 41 days, suggesting long infectious periods.","[MeSH] Male; [MeSH] Humans; [MeSH] Adult; [MeSH] Contact Tracing; [MeSH] Mpox, Monkeypox; [MeSH] Bayes Theorem; [MeSH] Homosexuality, Male; [MeSH] COVID-19; [MeSH] Sexual and Gender Minorities; [MeSH] United Kingdom"
38401556,"Paediatric, maternal, and congenital mpox: a systematic review and meta-analysis.","Nuria Sanchez Clemente, Charlotte Coles, Enny S Paixao, Elizabeth B Brickley, Elizabeth Whittaker, Tobias Alfven, Stephen Rulisa, Nelson Agudelo Higuita, Paul Torpiano, Priyesh Agravat, Emma V Thorley, Simon B Drysdale, Kirsty Le Doare, Jean-Jacques Muyembe Tamfum",The Lancet. Global health. 2024. doi: 10.1016/S2214-109X(23)00607-1..,Sanchez,The Lancet. Global health,2024,2024/02/21,,,10.1016/S2214-109X(23)00607-1,"BACKGROUND: Although mpox has been detected in paediatric populations in central and west Africa for decades, evidence synthesis on paediatric, maternal, and congenital mpox, and the use of vaccines and therapeutics in these groups, is lacking. A systematic review is therefore indicated to set the research agenda. METHODS: We conducted a systematic review and meta-analysis, searching articles in Embase, Global Health, MEDLINE, CINAHL, Web of Science, Scopus, SciELO, and WHO databases from inception to April 17, 2023. We included studies reporting primary data on at least one case of confirmed, suspected, or probable paediatric, maternal, or congenital mpox in humans or the use of third-generation smallpox or mpox vaccines, targeted antivirals, or immune therapies in at least one case in our population of interest. We included clinical trials and observational studies in humans and excluded reviews, commentaries, and grey literature. A pooled estimate of the paediatric case fatality ratio was obtained using random-effects meta-analysis. This study is registered with PROSPERO (CRD420223336648). FINDINGS: Of the 61 studies, 53 reported paediatric outcomes (n=2123 cases), seven reported maternal or congenital outcomes (n=32 cases), two reported vaccine safety (n=28 recipients), and three reported transmission during breastfeeding (n=4 cases). While a subset of seven observational studies (21 children and 12 pregnant individuals) reported uneventful treatment with tecovirimat, there were no randomised trials reporting safety or efficacy for any therapeutic agent. Among children, the commonest clinical features included rash (86 [100%] of 86), fever (63 [73%] of 86), and lymphadenopathy (40 [47%] of 86). Among pregnant individuals, rash was reported in 23 (100%) of 23; fever and lymphadenopathy were less common (six [26%] and three [13%] of 23, respectively). Most paediatric complications (12 [60%] of 20) arose from secondary bacterial infections. The pooled paediatric case fatality ratio was 11% (95% CI 4-20), I2=75%. Data from 12 pregnancies showed half resulted in fetal death. Research on vaccine and immune globulin safety remains scarce for children and absent for pregnant individuals. INTERPRETATION: Our review highlights critical knowledge gaps in the epidemiology, prevention, and treatment of mpox in children and pregnant individuals, especially those residing in endemic countries. Increased funding, international collaboration, and equitable research is needed to inform mpox control strategies tailored for at-risk communities in endemic countries. FUNDING: None. TRANSLATIONS: For the French, Spanish and Portuguese translations of the abstract see Supplementary Materials section.","[MeSH] Humans; [MeSH] Female; [MeSH] Pregnancy; [MeSH] Child; [MeSH] Child, Preschool; [MeSH] Infant; [MeSH] Infant, Newborn; [MeSH] Mpox, Monkeypox"
36271493,Evaluation and validation of an RT-PCR assay for specific detection of monkeypox virus (MPXV).,"Alberto Paniz-Mondolfi, Susana Guerra, Marina Muñoz, Nicolas Luna, Matthew M Hernandez, Luz H Patino, Jason Reidy, Radhika Banu, Paras Shrestha, Bernadette Liggayu, Audrey Umeaku, Feng Chen, Liyong Cao, Armi Patel, Ayman Hanna, Sunny Li, Andy Look, Nina Pagani, Randy Albrecht, Rebecca Pearl, Adolfo Garcia-Sastre, Dusan Bogunovic, Gustavo Palacios, Lucia Bonnier, Freddy Cera, Heidi Lopez, Yvette Calderon, Erick Eiting, Karr Mullen, Sangyoon Jason Shin, Luz Amarilis Lugo, Antonio E Urbina, Carlotta Starks, Tonny Koo, Patricia Uychiat, Avery Look, Harm van Bakel, Ana Gonzalez-Reiche, Adolfo Firpo Betancourt, David Reich, Carlos Cordon-Cardo, Viviana Simon, Emilia M Sordillo, Juan David Ramírez",Journal of medical virology. 2022. doi: 10.1002/jmv.28247..,Paniz-Mondolfi,Journal of medical virology,2023,2022/11/01,,,10.1002/jmv.28247,"Monkeypox virus (MPXV) is a zoonotic orthopoxvirus within the Poxviridae family. MPXV is endemic to Central and West Africa. However, the world is currently witnessing an international outbreak with no clear epidemiological links to travel or animal exposure and with ever-increasing numbers of reported cases worldwide. Here, we evaluated and validated a new, sensitive, and specific real-time PCR-assay for MPXV diagnosis in humans and compare the performance of this novel assay against a Food & Drug Administration-cleared pan-Orthopox RT-PCR assay. We determined specificity, sensitivity, and analytic performance of the PKamp™ Monkeypox Virus RT-PCR assay targeting the viral F3L-gene. In addition, we further evaluated MPXV-PCR-positive specimens by viral culture, electron microscopy, and viral inactivation assays. The limit of detection was established at 7.2 genome copies/reaction, and MPXV was successfully identified in 20 clinical specimens with 100% correlation against the reference method with 100% sensitivity and specificity. Our results demonstrated the validity of this rapid, robust, and reliable RT-PCR assay for specific and accurate diagnosis of MPXV infection in human specimens collected both as dry swabs and in viral transport media. This assay has been approved by NYS Department of Health for clinical use.",diagnosis; monkeypox virus; orthopoxvirus; real-time PCR
40555549,Assessment of healthcare workers' knowledge and attitudes toward mpox and acceptance of its vaccine: a health belief model-based analysis in the Gulf region.,"Mona Gamal Mohamed, Eman Abdelaziz Ahmed Dabou, Fatma M Ibrahim, Shaimaa Abdelsamad, Jibin Kunjavara, Kamaruddeen Mannethodi, Moayad Ahmad Wishah, Abdullah Y Shihab, Khaled Mohammed Al-Sayaghi, Hammad Ali Fadlalmola, Mohammed Musaed Al-Jabri",Osong public health and research perspectives. 2025. doi: 10.24171/j.phrp.2025.0113..,Mohamed,Osong public health and research perspectives,2025,2025/06/25,,,10.24171/j.phrp.2025.0113,"BACKGROUND: This study aimed to (1) assess healthcare workers' (HCWs) knowledge and attitudes toward mpox across 3 Gulf countries, and (2) examine factors influencing their acceptance of the mpox vaccine using the health belief model (HBM). This model evaluated perceptions related to susceptibility, severity, benefits, barriers, cues to action, and self-efficacy. Additionally, the study explored the impact of prior coronavirus disease 2019 (COVID-19) vaccination history on mpox vaccine acceptance. METHODS: A cross-sectional study was conducted among 764 HCWs from the United Arab Emirates (UAE), Saudi Arabia, and Qatar. Data were collected through a structured online questionnaire based on HBM constructs. Logistic regression and structural equation modeling were employed to analyze predictors of vaccine acceptance. RESULTS: Knowledge levels varied across the countries, with the highest proportion of good knowledge reported in the UAE (59%). UAE HCWs also demonstrated higher perceived susceptibility, perceived benefits, and intention to vaccinate compared to those in Saudi Arabia and Qatar (p<0.001). Receiving 4 doses of the COVID-19 vaccine was associated with greater acceptance of the mpox vaccine. Among the HBM constructs, perceived benefits and self-efficacy were identified as the strongest predictors of vaccine acceptance. Perceived barriers, such as fear of side effects and concerns about vaccine safety, were more prominent among HCWs in Saudi Arabia and Qatar. CONCLUSION: The HBM effectively explains the factors influencing mpox vaccine acceptance among Gulf HCWs. Targeted interventions that improve perceived benefits, reduce barriers, and improve self-efficacy may facilitate greater vaccine uptake and preparedness for emerging infectious diseases.",Attitude; Gulf region; Health belief model; Healthcare workers; Knowledge; Monkeypox vaccine; Vaccine acceptance
40388391,Uncovering the impact of infection routes on within-host MPXV dynamics: Insights from a mathematical modeling study.,"Qi Deng, Woldegebriel Assefa Woldegerima, Wenjing Zhang, Ali Asgary, Jude Dzevela Kong, Sarah Flicker, Nicholas H Ogden, James Orbinski, Nicola Luigi Bragazzi, Jianhong Wu",PLoS computational biology. 2025. doi: 10.1371/journal.pcbi.1013073..,Deng,PLoS computational biology,2025,2025/05/19,,,10.1371/journal.pcbi.1013073,"The unprecedented mpox outbreak in non-endemic regions during 2022-2023, which has seen a recent resurgence in late 2023-2024, poses a significant public health threat. Despite its global spread, the viral dynamics of mpox infection and the specific characteristics driving these outbreaks remain insufficiently explored. We develop mathematical models to examine the interactions between host immune responses and the virus across three distinct infection routes (intravenous, intradermal, and intrarectal). The models are calibrated using viral load data from macaques infected through each of these three infection routes. Subsequently, we calculate the infectiousness of each infected macaque, finding that the proportion of presymptomatic infectiousness is highest in those infected via sexual contact, followed by skin-to-skin contact. These observations demonstrate that close contact during sexual activity is a significant route of viral transmission, with presymptomatic spread playing a crucial role in the 2022-2023 multi-country outbreak and potentially also in the 2023-2024 multi-source outbreak. Leveraging model predictions and infectiousness data, we assess the impact of antiviral drugs on interventions against mpox infection. Model simulations suggest that early administration of antiviral drugs can reduce peak viral loads, even in individuals with compromised immunity, particularly in cases of infection through skin-to-skin and sexual contact. These results underscore the importance of initiating antiviral treatment as early as possible for mpox-infected patients with compromised immune systems, such as those who are HIV-positive.","[MeSH] Animals; [MeSH] Humans; [MeSH] Computational Biology; [MeSH] Disease Outbreaks; [MeSH] Macaca; [MeSH] Models, Biological; [MeSH] Viral Load; [MeSH] Mpox, Monkeypox"
38465911,Clinical features and outcomes of mpox in people with and without HIV: a national comparative study.,"Isaac Núñez, Santa E Ceballos-Liceaga, Alethse de la Torre, Gabriel García-Rodríguez, Irma López-Martínez, Hugo López-Gatell, Juan L Mosqueda-Gómez, Sergio Iván Valdés-Ferrer",Journal of acquired immune deficiency syndromes (1999). 2024. doi: 10.1097/QAI.0000000000003407..,Núñez,Journal of acquired immune deficiency syndromes (1999),2024,2024/03/04,,,10.1097/QAI.0000000000003407,"BACKGROUND: People who live with HIV (PWLH) have been one of the most affected groups during the current mpox outbreak. They are hypothesized to have a more severe clinical course than people without HIV but comparative data is scarce. We aimed to compare clinical features and outcomes of mpox in people with and without HIV in Mexico. SETTING: Country-wide study in Mexico. METHODS: We performed an observational study using nation-wide epidemiological data. We included all people with confirmed mpox diagnosed between May and November 2022 in Mexico. Clinical and sociodemographic characteristics were compared between people with and without HIV. Multivariable logistic regression models were preformed to determine the association between HIV, clinical features, and outcomes and reported with odds ratios (ORs) and 95% confidence intervals (95% CI). ORs for rare outcomes were interpreted as risk ratios. RESULTS: Among 3291 people with mpox, 59% were PWLH. PWLH had an increased risk of severe mpox (OR 2.6, 2.4-2.9) and death (OR 10.8, 9.7-11.9). They also had a higher risk of otalgia, proctitis, and urethritis. Eleven individuals died, of whom ten were PWLH. All deaths were directly attributed to mpox. CONCLUSION: People with HIV have a higher risk of severe mpox and death due to mpox.","[MeSH] Adolescent; [MeSH] Adult; [MeSH] Female; [MeSH] Humans; [MeSH] Male; [MeSH] Middle Aged; [MeSH] Young Adult; [MeSH] Disease Outbreaks; [MeSH] HIV Infections; [MeSH] Mexico; [MeSH] Mpox, Monkeypox"
42043948,Psychometric evaluation of the monkey pox fear scale in the Turkish general population.,"Merve İnan-Budak, Ali Mertcan Köse","Psychology, health & medicine. 2026. doi: 10.1080/13548506.2026.2661321..",İnan-Budak,"Psychology, health & medicine",2026,2026/04/27,,,10.1080/13548506.2026.2661321,"We assessed the psychometric properties of the monkeypox fear scale (MFS) and examined the psychological impact of MPOX on the Turkish population. Data were collected from 635 participants via an online survey between September 2024 and February 2025. To evaluate the constructed validity, we performed exploratory factor analysis (EFA) and confirmatory factor analysis (CFA) using diagonally weighted least squares (DWLS) estimation. Internal consistency was verified through Cronbach's alpha coefficients. Furthermore, we employed Structural Equation Modeling (SEM) to determine the predictive roles of PHQ-9, GAD-7, perceived helplessness (PH), perceived self-efficacy (PSE), and WHO-5 on MFS sub-dimensions. The MFS demonstrated a robust two-factor structure: emotional and physiological fears. Model fit indices indicated an excellent fit (X2/df = 2.49, CFI = 0.99, RMSEA = 0.048, SRMR = 0.056). While clinical symptoms (PHQ-9 and GAD-7) correlated with MFS, they did not yield significant direct paths in the structural model (p > 0.05). Instead, we identified perceived helplessness, perceived self-efficacy, and psychological well-being as the primary direct predictors of MPOX fear. The MFS is a valid and reliable instrument for the Turkish context. Our findings suggest that at this stage of the outbreak, MPOX fear is governed by cognitive appraisals of control - specifically self-efficacy and helplessness - rather than pre-existing clinical distress.",Mpox fear; perceived control; psychometric validation; self-efficacy; structural equation modeling
38443914,Expressions of pandemic fatigue on digital platforms: a thematic analysis of sentiment and narratives for infodemic insights.,"Becky K White, Atsuyoshi Ishizumi, Lucy Lavery, Amy Wright, Tom Foley, Rhys O'Neill, Kimberly Rambaud, Ravi Shankar Sreenath, Cristiana Salvi, Ryoko Takahashi, Marcelo D'Agostino, Tim Nguyen, Sylvie Briand, Tina D Purnat",BMC public health. 2024. doi: 10.1186/s12889-024-17718-4..,White,BMC public health,2024,2024/03/05,,,10.1186/s12889-024-17718-4,"BACKGROUND: The infodemic accompanying the COVID-19 pandemic has led to an overwhelming amount of information, including questions, concerns and misinformation. Pandemic fatigue has been identified as a concern from early in the pandemic. With new and ongoing health emergencies in 2022, it is important to understand how pandemic fatigue is being discussed and expressed by users on digital channels. This study aims to explore and report on key narrative themes associated with expressions of pandemic fatigue by users on digital platforms. METHODS: This paper describes the collection of publicly available data over a 3-month period from multiple online sources using the Meltwater and CrowdTangle platforms to source data from Twitter, Facebook, Instagram, YouTube, TikTok, Pinterest, Product Reviews, Twitch, blogs & forums. A comprehensive search strategy was developed and tested. A total of 1,484,042 social media posts were identified during the time-period that included the defined search terms for pandemic fatigue. These data were initially sorted by highest levels of engagement and from this dataset, analysts reviewed the identified posts to isolate and remove irrelevant content and identify dominant narratives. A thematic analysis was carried out on these narratives to identify themes related to expression of pandemic fatigue. Two researchers reviewed the data and themes. RESULTS: The thematic analysis of narratives identified six main themes relating to expression of pandemic fatigue, and one theme of counter narratives against pandemic fatigue. Data volume increased concurrent with the time of the mpox emergency announcement. Emergent themes showed the different ways users expressed pandemic fatigue and how it was interlaced with issues of trust, preventative measure acceptance and uptake, misinformation, and being overwhelmed with multiple or sustained emergencies. CONCLUSIONS: This paper has identified the different ways users express pandemic fatigue on digital channels over a 3-month period. Better understanding the implications of the information environment on user's perceptions, questions, and concerns regarding pandemic and more broadly emergency fatigue is vital in identifying relevant interventions and, in the longer term, strengthening the global architecture for health emergency preparedness, prevention, readiness and resilience, as evidenced in this paper. There are clear pathways for further research, including incorporating additional languages and reviewing these themes over longer time periods.",Infodemic; Mpox; Pandemic fatigue; COVID-19; Preparedness; Prevention
41206825,"Navigating the Mpox Outbreak: Insights on Vaccination Decisions and Psychosocial Impacts Among Gay, Bisexual, and Other Men Who Have Sex with Men in Los Angeles.","Elizabeth A Yonko, Connor G Wright, Lauren Rabbottini, Kiana Aminzadeh, Kenneth H Mayer, Katie B Biello, Matthew J Mimiaga",AIDS and behavior. 2025. doi: 10.1007/s10461-025-04916-3..,Yonko,AIDS and behavior,2026,2025/11/09,,,10.1007/s10461-025-04916-3,"The 2022 mpox outbreak significantly impacted gay, bisexual, and other men who have sex with men (MSM) in the U.S., with Los Angeles representing nearly 40% of California cases. Limited data exist on how MSM living with and without HIV navigated the outbreak and their decision-making regarding vaccination. Between November 2023 and March 2024, we conducted a mixed-methods study with 21 cisgender MSM in Los Angeles who completed a semi-structured interview and quantitative survey. Recruitment prioritized diversity in mpox vaccination history, HIV status, race, and ethnicity. Interviews were recorded, transcribed, and analyzed using thematic content analysis; surveys were analyzed using descriptive statistics. Participants had a mean age of 40 years; 33% were living with HIV; 48% identified as Black/African American or mixed-race, 38% White; nearly half identified as Hispanic/Latinx (48%); 57% reported receiving at least one mpox vaccine dose, and 38% reported two doses for maximum protection. Knowledge about mpox transmission, prevention, treatment, and outcomes varied. Participants self-reported hearing that mpox could be transmitted by skin-skin contact (76%), kissing (67%), engaging in oral sex (67%), and contact with semen (33%); 62% had heard there was a treatment for mpox, 14% thought that mpox was not curable, and 48% believed that mpox was likely to cause death. Psychosocial impacts were prominent at both individual and community levels, including fear and distress. Mpox vaccination was motivated by fear and a desire for protection, facilitated by accessible venues and peer influence. Barriers included initially poor availability of vaccine and the specific eligibility criteria requirements for vaccination early on in the epidemic. Logistical challenges, such as long wait times (> 2 h), work hours, lack of transportation, mistrust in research, and confusing initial rollout also presented unique barriers. LGBTQ+ community-based organizations and peer networks were the primary trusted source of mpox-related information. Most initially adopted risk reduction behaviors but generally viewed the mpox response more favorably than COVID-19 due to time differences in vaccine availability. Post-vaccination, many resumed pre-outbreak activities, feeling more prepared for future outbreaks despite some lingering concerns. Findings underscore varied mpox knowledge and significant psychosocial impacts, reminiscent of the early HIV epidemic. Key facilitators and barriers to vaccination highlight the critical reliance on LGBTQ+ community-based organizations and peer networks for sources of trustworthy information. Providing referrals to mental health counseling and other forms of support during vaccination is recommended.",COVID-19; Gay and bisexual men; HIV; MSM; Men who have sex with men; Mixed methods; Monkeypox; Mpox; Mpox vaccination
40583904,A robust comprehensive immunoinformatics approach for designing a potential multi-epitope based vaccine against a reiterated monkeypox virus.,"Khalid Hasan Raj, Emam Hossain, Hasnat Zahin, Abdullah Al Noman, Abdullah Al Saba, Mohammad Sayem, Tahirah Yasmin, A H M Nurun Nabi",Biochemistry and biophysics reports. 2025. doi: 10.1016/j.bbrep.2025.102075..,Raj,Biochemistry and biophysics reports,2025,2025/06/12,,,10.1016/j.bbrep.2025.102075,"Mpox, a viral disease, caused by the monkeypox virus (MPXV) has been a public health emergency of international concern since 2024. The absence of any mpox-specific treatment or vaccine, along with the emergence of new variants like Clade Ib, underscores the urgent need for targeted vaccine development. To address the challenge, this study employed reverse vaccinology and immunoinformatics approaches to design a multi-epitope vaccine against MPXV. The vaccine construct includes four Linear B lymphocyte (LBL), nine Cytotoxic T lymphocyte (CTL), and seven Helper T lymphocyte (HTL) epitopes. LBL epitopes were selected from six membrane glycoproteins of the virus and the T-cell epitopes were selected from the experimentally validated conserved epitopes of the similar orthopoxviruses. These epitopes were combined with appropriate linkers and adjuvants to enhance structural flexibility, immunogenicity, and potency. The engineered vaccine underwent rigorous evaluation, considering physicochemical properties, structural integrity, population coverage, and immune system response through simulation. The 3D structure of the vaccine was predicted, optimized, and docking analysis revealed robust interactions with the human Toll-like receptor 2 and 4 (TLR-2 and TLR-4), supported by highly negative HADDOCK scores and low RMSD values. The stability of the vaccine construct and its stable interaction with TLR-2 and TLR-4 were confirmed by molecular dynamics (MD) simulation. Additionally, the immune simulation results showed that the vaccination significantly increased IgM levels during the primary response, while IgG subtypes as well as combined IgM and IgG levels nearly doubled in the secondary and tertiary responses. In silico expression in Escherichia coli (E. coli) further confirmed its potential for production. Overall, this study presents a highly immunogenic and promising vaccine candidate against MPXV that demands experimental validation for clinical application.",B cell epitope; Immunoinformatics; Monkey pox; Multi-epitope vaccine; T cell epitope
38555782,Tracking diarrhea viruses and mpox virus using the wastewater surveillance network in Hong Kong.,"Xiawan Zheng, Keyue Zhao, Bingjie Xue, Yu Deng, Xiaoqing Xu, Weifu Yan, Chao Rong, Kathy Leung, Joseph T Wu, Gabriel M Leung, Malik Peiris, Leo L M Poon, Tong Zhang",Water research. 2024. doi: 10.1016/j.watres.2024.121513..,Zheng,Water research,2024,2024/03/24,,,10.1016/j.watres.2024.121513,"The wastewater surveillance network successfully established for COVID-19 showed great potential to monitor other infectious viruses, such as norovirus, rotavirus and mpox virus. In this study, we established and validated detection methods for these viruses in wastewater. We developed a supernatant-based method to detect RNA viruses from wastewater samples and applied it to the monthly diarrhea viruses (norovirus genogroup I & II, and rotavirus) surveillance in wastewater treatment plants (WWTPs) at a city-wide level for 16 months. Significant correlations were observed between the diarrhea viruses concentrations in wastewater and detection rates in faecal specimens by clinical surveillance. The highest norovirus concentration in wastewater was obtained in winter, consistent with the seasonal pattern of norovirus outbreak in Hong Kong. Additionally, we established a pellet-based method to monitor DNA viruses in wastewater and detected weak signals for mpox virus in wastewater from a WWTP serving approximately 16,700 people, when the first mpox patient in Hong Kong was admitted to the hospital within the catchment area. Genomic sequencing provided confirmatory evidence for the validity of the results. Our findings emphasized the efficacy of the wastewater surveillance network in WWTPs as a cost-effective tool to track the transmission trend of diarrhea viruses and to provide sensitive detection of novel emerging viruses such as mpox virus in low-prevalence areas. The developed methods and surveillance results provide confidence for establishing robust wastewater surveillance programs to control infectious diseases in the post-pandemic era.",Mpox virus; Norovirus; RT-qPCR; Rotavirus; Wastewater surveillance
36533765,"When a neglected tropical disease goes global: early estimates from the Monkeypox outbreak, the first 1,054 cases.",Matteo Riccò,Acta bio-medica : Atenei Parmensis. 2022. doi: 10.23750/abm.v93i6.13306..,Riccò,Acta bio-medica : Atenei Parmensis,2022,2022/12/16,,,10.23750/abm.v93i6.13306,"Monkeypox virus (MPXV), genus Orthopoxvirus, is a large double-stranded DNA virus (200-250 nm), that is evolutionarily related to human variola virus (VARV) (1), and causes a clinical syndrome quite similar to smallpox, with a generally less severe outcome (1,2). MPXV has a wide range of hosts and reservoirs in wild animals, and since 1970 has been commonly acknowledged as a human pathogen, endemic to Central and Western African countries through two distinctive clades (2,3). Central African clade (CAC) is responsible of the majority of 20,000 incident cases of the last decade, with a case-fatality-ratio of 7-10%, compared to < 4% for Western African clade (WAC) (4). In 2003, the importation of infected pests (Cynomys spp, i.e. ""prairie dogs"") to United Stated resulted in the first MPXV-WAC outbreak out of Africa, involving a total of 81 human cases, with no documented deaths (5). In the next decade, the spreading of the MPVX-WAC to Nigeria, has then resulted in multiple travel-related cases in non-endemic countries (4,6). Since May 7th, 2022, an unprecedented outbreak of MPXV-WAC infections with around 1,051 documented cases (Table 1) is occurring across Europe (89.7% of cases), Americas (10.7%), and Australia (0.6%), mostly occurring in subjects with no established travel link to endemic areas (7-13). Reported cases are mostly characterized by mild clinical features (Table 2) (7,9,10,12,13), with no deaths and some specificities. First of all, skin lesions are inconsistently pronounced in number, size and density, being possibly confounded with chickenpox (7,13). Similarly, cervical lymphadenopathy, previously acknowledged as a nearly constant clinical sign, has been reported by less than 20% of incident cases (7,9,13), with an increased prevalence of inguinal lymph node involvement (35.3% to 48.1%) (7,9,13), anal and genital ulcers (18.5% to 57%) (9,10,13). As some cases have been initially reported in men having sex with men (9,14), with a relatively high prevalence of HIV seropositivity (9,10), reporting risky sexual behaviors and multiple sexual partners (9,10,12), and having a documented epidemiologic link with high-risk settings in Madrid and Lisbon areas, and mass gatherings in Antwerp (Belgium), and Gran Canaria (Canary Islands, Spain) (8,9,12,14), such specificities have been initially explained through a presumptive sextually-related transmission. However, labelling the current outbreak as a sort of ""gay"" disease is not only improper and discriminating, but also scientifically inaccurate (9). First, most of reported cases remain outside a clear and well-defined chain of transmission (9,10,12). Second, the earliest symptom onset clearly ranged between April 20th and April 29th, anticipating all of the aforementioned mass gatherings (9,12). Third, 3 of recent US cases were linked to travel-associated cases from Nigeria reported in 2018 and 2019 (15). In other words, the current MPXV-WAC outbreak has been introduced in Western Hemisphere by several, distinctive episodes that have largely anticipated the initial hypotheses. As its containment of appears, to date, particularly difficult to achieve MPXV-WAC could profit of this outbreak to eventually evolve into a global pathogen (3,14), corroborating a decade of disregarded warning from International Health authorities (2,3).","[MeSH] Male; [MeSH] Animals; [MeSH] Humans; [MeSH] Mpox, Monkeypox; [MeSH] Travel; [MeSH] Travel-Related Illness; [MeSH] Monkeypox virus; [MeSH] Sciuridae; [MeSH] Disease Outbreaks; [MeSH] Nigeria"
37078655,Diagnosing viral encephalitis and emerging concepts.,"Heather Y F Yong, Daniel M Pastula, Ronak K Kapadia",Current opinion in neurology. 2023. doi: 10.1097/WCO.0000000000001155..,Yong,Current opinion in neurology,2023,2023/04/17,,,10.1097/WCO.0000000000001155,"PURPOSE OF REVIEW: This review offers a contemporary clinical approach to the diagnosis of viral encephalitis and discusses recent advances in the field. The neurologic effects of coronaviruses, including COVID-19, as well as management of encephalitis are not covered in this review. RECENT FINDINGS: The diagnostic tools for evaluating patients with viral encephalitis are evolving quickly. Multiplex PCR panels are now in widespread use and allow for rapid pathogen detection and potentially reduce empiric antimicrobial exposure in certain patients, while metagenomic next-generation sequencing holds great promise in diagnosing challenging and rarer causes of viral encephalitis. We also review topical and emerging infections pertinent to neuroinfectious disease practice, including emerging arboviruses, monkeypox virus (mpox), and measles. SUMMARY: Although etiological diagnosis remains challenging in viral encephalitis, recent advances may soon provide the clinician with additional tools. Environmental changes, host factors (such as ubiquitous use of immunosuppression), and societal trends (re-emergence of vaccine preventable diseases) are likely to change the landscape of neurologic infections that are considered and treated in clinical practice.","[MeSH] Humans; [MeSH] COVID-19; [MeSH] COVID-19 Testing; [MeSH] Encephalitis, Viral; [MeSH] Nervous System Diseases"
41572172,Hospitalization rate and patterns of clinical reasons among Mpox-confirmed cases: a systematic review and meta-analysis.,"Altaseb Beyene Kassaw, Addis Alem, Melese Shenkut Abebe, Amare Abera Tareke, Gosa Mankelkl, Alemu Gedefie, Ebrahim Msaye Assefa, Mekonnen Belete, Hussen Abdu, Zeleke Geto, Gashaw Abebe",BMC infectious diseases. 2026. doi: 10.1186/s12879-026-12602-5..,Kassaw,BMC infectious diseases,2026,2026/01/22,,,10.1186/s12879-026-12602-5,"BACKGROUND: Mpox, caused by the monkeypox virus, has recently re-emerged as a global public health concern. The hospitalization rates and the reasons for mpox-confirmed patients remain inconsistently reported, with prior studies using different case definitions and reasons for admission. In light of these inconsistencies and the resurgence of the mpox threat, this systematic review and meta-analysis aimed to provide an updated assessment of the hospitalization rate and clinical reasons among mpox-confirmed patients. METHODS: Online database searches, including PubMed, Hinari, CINHAL, EMBASE, Google, and Google Scholar, as well as manual searches from national and international reporting websites, were conducted. Studies were included if they reported on laboratory-confirmed mpox cases with or without hospitalization reasons. Data extraction followed a standardized protocol, and the quality of the included studies was assessed using the Joanna Briggs Institute critical appraisal tool. A meta-analysis was performed to pool the effect sizes. A random effect model was used to estimate the pooled effect sizes. Heterogeneity among the included studies was assessed using Cochran’s Q test and I2 statistics. Subgroup analysis, sensitivity analysis, and meta-regression were carried out to identify the source of heterogeneity. A funnel plot and Egger’s test were used to assess publication bias. RESULT: Among the 441 studies identified, 45 that fulfilled the eligibility criteria were included for the final analysis, consisting of 25,367 mpox confirmed study participants and 1606 hospitalized cases. The pooled hospitalization rate across the included studies was 8.0% (95% CI: 6.0, 11.0) with significant heterogeneity. Subgroup analysis by region revealed that the highest pooled rate of hospitalization was observed in Africa, and the lowest was in Europe. A significant publication bias was detected, and a trim-and-fill analysis identified nine missing studies. After adjusting for these, the pooled hospitalization rate for mpox increased slightly to 10.5% (95% CI: 8.3, 12.8). Of the total included studies, 34 studies involving 792 confirmed mpox patients reported clinical reasons for hospitalization, and 15 clinical reasons were analyzed. The most common reasons were unspecified severe pain (46.0%), followed by non-anogenital cellulitis/cutaneous bacterial superinfection (38.8%) and genital edema with or without phimosis/paraphimosis (34.9%). Significant heterogeneity was also observed across several hospitalization reasons. CONCLUSION: Hospitalization among mpox-confirmed patients was relatively low, and the most common clinical reasons for admission were unspecified severe pain, followed by bacterial infections of the skin. The study highlights the need for improved pain management, infection control, and early intervention to reduce hospital admissions. It also calls for standardized hospitalization criteria and reporting to improve comparisons across studies that aid clinicians and public health authorities in the management of mpox outbreaks. SUPPLEMENTARY INFORMATION: The online version contains supplementary material available at 10.1186/s12879-026-12602-5.",Hospitalization; Mpox; Systematic review
39504058,[Descriptive study of events allegedly attributable to mpox vaccination in Brazil in 2023].,"Roberta Mendes Abreu Silva, Carla Dinamerica Kobayashi, Adriano Ferreira Martins, Ana Catarina de Melo Araújo, Paulo Henrique Santos Andrade, Martha Elizabeth Brasil da Nóbrega, Cibelle Mendes Cabral, Monica Brauner de Moraes, Felipe Daniel Cardoso, Thayssa Neiva da Fonseca Victer, Amanda Krummenauer, Rodrigo Otávio Pereira Sayago Soares, Eder Gatti Fernandes, Jadher Percio",Cadernos de saude publica. 2024. doi: 10.1590/0102-311XPT006624..,Silva,Cadernos de saude publica,2024,2024/11/04,,,10.1590/0102-311XPT006624,"This study describes the surveillance and safety actions of the mpox (Jynneos) vaccine in Brazil, from 2022 to 2023. A descriptive study of mpox cases and events supposedly attributable to vaccination and/or immunization for Jynneos vaccine, recorded in the information systems, was conducted. Absolute and relative frequencies and reporting coefficients of events supposedly attributable to vaccination and/or immunization per 1,000 administered doses were calculated. A total of 9,596 cases of mpox were registered and 49,000 doses of vaccine were distributed, of which 14,395 (31%) were administered and 65 events supposedly attributable to vaccination and/or immunization (4.5 per 1,000 administered doses) were notified. All events supposedly attributable to vaccination and/or immunization were non-serious, and 22 (33.8%) cases had product-related reactions. Results are within the expected frequency; however, the number of administered doses may not have been sufficient to detect rare or unusual events. Continued surveillance is necessary to ensure vaccination effectiveness and safety, especially among groups at higher risk for the disease.","[MeSH] Adolescent; [MeSH] Adult; [MeSH] Child; [MeSH] Child, Preschool; [MeSH] Female; [MeSH] Humans; [MeSH] Infant; [MeSH] Male; [MeSH] Middle Aged; [MeSH] Young Adult; [MeSH] Adverse Drug Reaction Reporting Systems; [MeSH] Brazil; [MeSH] Vaccination; [MeSH] Mpox, Monkeypox; [MeSH] Smallpox Vaccine"
40178288,Bispecific antibodies targeting MPXV A29 and B6 demonstrate efficacy against MPXV infection.,"Mengjun Li, Jiayin Chen, Fungxiang Wang, Jiahua Kuang, Yun Peng, Sadia Asghar, Wei Zhao, Yang Yang, Chenguang Shen",Journal of virology. 2025. doi: 10.1128/jvi.02320-24..,Li,Journal of virology,2025,2025/04/03,,,10.1128/jvi.02320-24,"Recently, the monkeypox virus (MPXV) outbreak was once again declared by the World Health Organization as a global health emergency, and currently, there is no specific drug against MPXV. During the replication cycle, MPXV produces two distinct forms of viral particles: extracellular enveloped virus (EEV), released via exocytosis, and intracellular mature virus (IMV), expelled through host cell lysis. A29 and B6 proteins are membrane proteins found on the IMV and EEV viral particles, respectively. This study designed two different bispecific antibodies (bsAbs) targeting specific antigens of the MPXV: the developed bsAb 9F8-3A1 targets two non-competitive binding epitopes on the MPXV protein A29, while bsAb 9F8-7C9 targets different antigen-binding epitopes on both A29 and B6. The in vitro and in vivo characterization assays demonstrated that the bsAbs provided complete protection against three poxvirus strains: vaccinia virus (VACV) Tiantan, VACV Western Reserve (VACV WR), and MPXV, surpassing the efficacy of all the parental monoclonal antibodies. Notably, the bsAb 9F8-7C9 exhibited the most effective antiviral activity. In vivo pharmacokinetic experiments showed that these two bsAbs have long half-lives in rhesus macaques. In conclusion, this study successfully developed two bispecific antibodies that target different epitopes, providing crucial insights for the development of decent antiviral drugs against MPXV and other orthopoxviruses.IMPORTANCEMpox is a viral zoonotic disease caused by MPXV infection. Since 2022, cases of mpox have been reported in non-endemic countries. The number of infections and deaths continues to rise, posing a serious threat to global health and safety. Currently, there are no specific treatments for mpox, making the development of effective therapeutic options urgent. In recent years, antibody-based drugs have been extensively studied for the treatment of various significant human viruses. However, there is a lack of research on therapeutic monoclonal antibodies for mpox, particularly in the development and application of bsAbs. In this context, we have designed effective bsAbs that demonstrate high antiviral activity both in vitro and in vivo. This research provides a theoretical foundation for the development of specific therapeutic agents for mpox and offers new approaches for clinical treatment, which is crucial for controlling the current outbreak.",MPXV; antiviral activity; bispecific antibody; non-competitive epitopes
41446169,Discovery and Characterization of a Hydroxypyridone-3-carboxamide Analog as an Antiviral Lead against Orthopoxviruses.,"Anil Pant, Ajit Jagtap, Jiashu Xie, Djamal Brahim Belhaouari, Wei Xie, Jacob P Mahoney, Lara Dsouza, Ziyue Wang, Zeinab R Aboezz, Tibor Farkas, Zhengqiang Wang, Zhilong Yang",bioRxiv : the preprint server for biology. 2025. doi: 10.64898/2025.12.18.695249..,Pant,bioRxiv : the preprint server for biology,2025,2025/12/21,,,10.64898/2025.12.18.695249,"Orthopoxviruses remain a persistent global health concern due to the ongoing circulation of mpox, the possibility of the re-emergence of smallpox, and the threats posed by many poxviruses that infect animals and/or humans. The limited availability of antiviral drugs, the unproven efficacy in humans, and the emergence of resistant mutants underscore the need for new and better therapeutics. In this study, we identify and characterize ZW-2038, a hydroxypyridone-3-carboxamide analog, as an antiviral compound against vaccinia virus (VACV), monkeypox virus (MPXV), and cowpox virus (CPXV). Discovered through a focused in-house small-molecule screen, ZW-2038 exhibited low micromolar potency and high selectivity in primary human fibroblasts. The compound also reduced viral replication under physiomimetic conditions including human and monkey intestinal organoids (enteroids) and ex vivo mouse lung tissue models. Mechanistically, ZW-2038 suppresses VACV DNA replication and downstream post-replicative gene expression, albeit without inhibiting MPXV resolvase (Mpr) in vitro. These findings, along with in vitro safety profiling and mice pharmacokinetics studies, characterize ZW-2038 as a promising yet suboptimal antiviral lead against orthopoxviruses warranting future development.",Antiviral; Enteroids; Hydroxypyridone-3-carboxamide; Mpox; Organoids; Orthopoxvirus; ex vivo lung tissue
37836685,In Vitro Affinity Maturation of Nanobodies against Mpox Virus A29 Protein Based on Computer-Aided Design.,"Haiyang Yu, Guanchao Mao, Zhipeng Pei, Jinfeng Cen, Wenqi Meng, Yunqin Wang, Shanshan Zhang, Songling Li, Qingqiang Xu, Mingxue Sun, Kai Xiao","Molecules (Basel, Switzerland). 2023. doi: 10.3390/molecules28196838..",Yu,"Molecules (Basel, Switzerland)",2023,2023/09/28,,,10.3390/molecules28196838,"Mpox virus (MPXV), the most pathogenic zoonotic orthopoxvirus, caused worldwide concern during the SARS-CoV-2 epidemic. Growing evidence suggests that the MPXV surface protein A29 could be a specific diagnostic marker for immunological detection. In this study, a fully synthetic phage display library was screened, revealing two nanobodies (A1 and H8) that specifically recognize A29. Subsequently, an in vitro affinity maturation strategy based on computer-aided design was proposed by building and docking the A29 and A1 three-dimensional structures. Ligand-receptor binding and molecular dynamics simulations were performed to predict binding modes and key residues. Three mutant antibodies were predicted using the platform, increasing the affinity by approximately 10-fold compared with the parental form. These results will facilitate the application of computers in antibody optimization and reduce the cost of antibody development; moreover, the predicted antibodies provide a reference for establishing an immunological response against MPXV.",A29 protein; MPXV; in vitro affinity maturation; nanobody
41002724,Surveillance of Mpox Cases in Mexico: Epidemiological Patterns During the 2022-2023 National Outbreak.,"Juan M Bello-López, Dulce M Razo Blanco-Hernández, Miguel Á Loyola-Cruz, Clemente Cruz-Cruz, Oscar Sosa-Hernández, Nayeli G Nieto-Velázquez, Georgina Victoria-Acosta, Adriana Jiménez, Laura Delgado-Balbuena, Luis G Zárate-Sánchez, Paulina Carpinteyro-Espín, Enzo Vásquez-Jiménez, Adolfo López-Ornelas, Graciela Castro-Escarpulli, Araceli Rojas-Bernabé, María C Tamayo-Ordóñez, Yahaira de J Tamayo-Ordóñez, Francisco A Tamayo-Ordóñez, Benjamín A Ayil-Gutiérrez, Omar A García-Hernández, Benito Hernández-Castellanos, Julio C Castañeda-Ortega, Claudia C Calzada-Mendoza, Emilio M Durán-Manuel","Diseases (Basel, Switzerland). 2025. doi: 10.3390/diseases13090288..",Bello-López,"Diseases (Basel, Switzerland)",2025,2025/09/01,,,10.3390/diseases13090288,"BACKGROUND: Mpox is an emerging zoonotic disease, caused by the monkeypox virus (MPXV). Since its discovery, it has been considered endemic in Central and West Africa. Mpox is of global significance as of May 2022, due to the report of simultaneous outbreaks in more than 70 countries where the disease was not endemic. The global spread of mpox has shown the importance of maintaining active surveillance for emerging zoonotic diseases, many of which can cross borders. OBJECTIVE: The aim of this study was to analyse mpox cases and national incidence in Mexico related to the global outbreak. METHODS: Epidemiological data (confirmed cases and incidence of MPXV infection) were obtained from the morbidity yearbook of the General Directorate of Epidemiology of the Mexican Ministry of Health. The information was analysed for the construction of epidemic curves, distribution of cases by age and sex and quartiles of geographical incidence. RESULTS: A total of 4081 cumulative confirmed cases were recorded with a peak and national incidence of 1191 and 1.87, respectively, in September 2022. The distribution of cases by age and sex showed that males were more prevalent (above 95%) in the 25-44 years age group compared to females. Finally, geographical analysis showed that cosmopolitan and population-concentrated states had the highest incidence, clustered in the top quartile. The 2022 mpox outbreak in Mexico was consistent with other countries as reported in the international literature, with most cases occurring among exposed individuals in cosmopolitan cities. CONCLUSIONS: The need for active surveillance of emerging diseases, access to specific diagnostics and implementation of vaccination strategies is analysed and discussed.",Mexico; confirmed case; epidemiology; mpox; outbreak
41495385,Behavior change and infection induced immunity led to the decline of the 2022 Mpox outbreak in Berlin.,"Nils Gubela, Hee-Yeong Kim, Nikolay Lunchenkov, Daniel Stern, Janine Michel, Andreas Nitsche, Axel J Schmidt, Ulrich Marcus, Max von Kleist",Communications medicine. 2026. doi: 10.1038/s43856-025-01340-5..,Gubela,Communications medicine,2026,2026/01/06,,,10.1038/s43856-025-01340-5,"BACKGROUND: Mpox denotes a viral zoonosis caused by the Orthopoxvirus monkeypox (MPXV), which is endemic in West and Central Africa. In spring 2022, notable outbreaks of MPXV clade IIb were recorded in several high-income countries, predominantly affecting men who have sex with men (MSM). At the peak of the outbreak, over 200 new mpox cases per week were reported in Berlin, which constitutes one of the largest MSM population in Europe. Within the same year, the outbreak significantly declined, and it is unclear which factors contributed to this rapid decrease. METHODS: To investigate the concomitant effects of sexual contact networks, transient contact reductions and the effect of infection- vs. vaccine-derived immunity on the 2022 mpox outbreak, we calibrated an agent-based model with epidemic, vaccination, contact- and behavioral data. RESULTS: Our results indicate that vaccination has a marginal effect on the epidemic decline. Rather, a combination of infection-induced immunity of high-contact individuals, as well as transient behavior changes reduce the number of susceptible individuals below the epidemic threshold. However, the 2022 mpox vaccination campaign, together with infection-derived immunity may contribute to herd-immunity in the Berlin MSM population against ongoing clade I mpox outbreaks. Demographic changes and immune waning may deteriorate this herd immunity over time. CONCLUSIONS: These findings highlight that, in addition to vaccination, timely and clear communication of transmission routes may trigger spontaneous protective behavior within key populations; underscoring the importance of targeted sexual health education as a core component of outbreak response.",
41181398,"Kenya's national burden of monkeypox: a public health emergency, a review.","Christian Tague, Isaac Isiko, Amos Kipkorir Langat, Saad Maqbool, Maliha Khalid, Innocent Mufungizi, Maher Ali Rusho, Hermann Yokolo, Adolphe Karegeya, Calvin R Wei, Joshua Ekouo, Dujardin Makeda, Mc Juan Muco Mugisha, Aymar Akilimali",Annals of medicine and surgery (2012). 2025. doi: 10.1097/MS9.0000000000003825..,Tague,Annals of medicine and surgery (2012),2025,2025/09/01,,,10.1097/MS9.0000000000003825,"Infection with Orthopoxvirus Mpox is steadily becoming a public health menace in Kenya. This review seeks to provide insight into the disease's epidemiology, clinical-attendance, preventive mechanisms, surveillance efforts, and the associated challenges within the health system in the country. Initial outbreaks were recorded in July 2024 among long-haul drivers in Taita Taveta County; the occupational risks and border-crossing activities posed significant threats. Of particular note is the fact that approximately 77% of the 13 confirmed cases (n = 10) occurred within the subset of international transporters, which accounts for a seemingly astounding 10% prevalence among this population. As of October 2024, Mpox cases have been reported in five counties, with a total of 47 confirmed cases and 3 deaths. Age distribution shows that 62% of cases occurred in individuals aged 25-45 years, with a male predominance of 81%. There is a great need for preventive hygiene education, as well as vaccination; however, the public's access to vaccines and knowledge about them remains scarce. The surveillance system as well as case management has insufficient funding, inadequate diagnostic, and trained health personnel resources strangle these systems. More robust healthcare infrastructure, such as isolation facilities and laboratory capacity, as well as fostering regional collaborations with WHO, requires advocacy along with adopting a One Health strategy encompassing human, animal, and environmental health.",Kenya; Mpox; epidemiology; prevention; public health
39758126,Metallo-supramolecular complexes enantioselectively target monkeypox virus RNA G-quadruplex and bolster immune responses against MPXV.,"Jie Yang, Geng Qin, Baoying Huang, Hualong Song, Jiewei Sun, Miles Postings, Peter Scott, Chuanqi Zhao, Chunyu Wang, Wenjie Tan, Jinsong Ren, Xiaogang Qu",National science review. 2024. doi: 10.1093/nsr/nwae388..,Yang,National science review,2025,2024/10/30,,,10.1093/nsr/nwae388,"The Mpox virus (MPXV) has emerged as a formidable orthopoxvirus, posing an immense challenge to global public health. An understanding of the regulatory mechanisms of MPXV infection, replication and immune evasion will benefit the development of novel antiviral strategies. Despite the involvement of G-quadruplexes (G4s) in modulating the infection and replication processes of multiple viruses, their roles in the MPXV life cycle remain largely unknown. Here, we found a highly conservative and stable G4 in MPXV that acts as a positive regulatory element for viral immunodominant protein expression. Furthermore, by screening 42 optically pure chiral metal complexes, we identified the Λ enantiomer of a pair of chiral helical compounds that can selectively target mRNA G4 and enhance expression of the 39-kDa core protein encoded by the MPXV A5L gene. Mechanistically, RNA G4-specific helicase DHX36 inhibits A5L protein expression by unwinding G4s. In contrast, MH3 Λ enhanced mRNA stability by specifically targeting G4 structures and subsequently increased protein expression. Furthermore, given the pivotal role of the 39-kDa core protein in activating immune responses and facilitating virion maturation, modulation of MPXV G4 folding by MH3 Λ exhibited inhibitory effects on MPXV replication through enhancing the immune response. Our findings underscore the critical involvement of G4 in the MPXV life cycle and offer potential avenues for developing antiviral drugs that target G4.",G-quadruplex; Mpox virus; chirality; ligand binding; supramolecular chemistry
40718062,Trans-Cannabitriol as a Dual Inhibition of MPOX Adhesion Receptors L1R and E8L: An In Silico Perspective.,"Hanane Abbou, Razana Zegrari, Zainab Gaouzi, Lahcen Belyamani, Ilhame Bourais, Rachid Eljaoudi",Bioinformatics and biology insights. 2025. doi: 10.1177/11779322251355315..,Abbou,Bioinformatics and biology insights,2025,2025/07/23,,,10.1177/11779322251355315,"The re-emergence of monkeypox virus (MPXV) as a global public health concern highlights the urgent need for novel therapeutic strategies targeting viral proteins essential for infection. This study investigates the inhibitory potential of Trans-Cannabitriol (trans-CBT), a minor cannabinoid, against MPXV proteins L1R, H3L, and E8L using an integrative in silico framework. Homology modeling was employed to generate 3D structures of these proteins, followed by molecular docking and 1 µs molecular dynamics (MD) simulations. The trans-CBT demonstrated strong binding affinities for L1R (-10.76 kcal/mol) and E8L (-8.531 kcal/mol), with weaker interactions observed for H3L (-5.739 kcal/mol). Four MD simulations of 1 µs revealed that trans-CBT stabilizes L1R by reducing its flexibility and solvent exposure, potentially inhibiting viral entry into host cells. In contrast, trans-CBT increased the flexibility and conformational changes of E8L, possibly impairing its function in viral attachment and pathogenesis. ADMET and target prediction analyses further supported its drug-likeness and safety, with the absence of strong CB1/CB2 binding suggesting that trans-CBT may exert its antiviral effects independently of classical cannabinoid pathways. These findings provide insights into the diverse mechanisms of action of trans-CBT on MPXV proteins and underscore its potential as a broad-spectrum antiviral agent. While promising, further experimental validation and optimization are necessary to assess the real-world applicability of trans-CBT in combating MPXV infections. This work contributes to the expanding field of cannabinoid-derived antivirals and highlights the importance of exploring under-investigated phytochemicals for therapeutic applications.",Trans-cannabitriol; antiviral drug discovery; minor cannabinoids; molecular dynamics simulations; monkeypox virus
38238407,GrowthPredict: A toolbox and tutorial-based primer for fitting and forecasting growth trajectories using phenomenological growth models.,"Gerardo Chowell, Amanda Bleichrodt, Sushma Dahal, Amna Tariq, Kimberlyn Roosa, James M Hyman, Ruiyan Luo",Scientific reports. 2024. doi: 10.1038/s41598-024-51852-8..,Chowell,Scientific reports,2024,2024/01/18,,,10.1038/s41598-024-51852-8,"Simple dynamic modeling tools can help generate real-time short-term forecasts with quantified uncertainty of the trajectory of diverse growth processes unfolding in nature and society, including disease outbreaks. An easy-to-use and flexible toolbox for this purpose is lacking. This tutorial-based primer introduces and illustrates GrowthPredict, a user-friendly MATLAB toolbox for fitting and forecasting time-series trajectories using phenomenological dynamic growth models based on ordinary differential equations. This toolbox is accessible to a broad audience, including students training in mathematical biology, applied statistics, and infectious disease modeling, as well as researchers and policymakers who need to conduct short-term forecasts in real-time. The models included in the toolbox capture exponential and sub-exponential growth patterns that typically follow a rising pattern followed by a decline phase, a common feature of contagion processes. Models include the 1-parameter exponential growth model and the 2-parameter generalized-growth model, which have proven useful in characterizing and forecasting the ascending phase of epidemic outbreaks. It also includes the 2-parameter Gompertz model, the 3-parameter generalized logistic-growth model, and the 3-parameter Richards model, which have demonstrated competitive performance in forecasting single peak outbreaks. We provide detailed guidance on forecasting time-series trajectories and available software ( https://github.com/gchowell/forecasting_growthmodels ), including the full uncertainty distribution derived through parametric bootstrapping, which is needed to construct prediction intervals and evaluate their accuracy. Functions are available to assess forecasting performance across different models, estimation methods, error structures in the data, and forecasting horizons. The toolbox also includes functions to quantify forecasting performance using metrics that evaluate point and distributional forecasts, including the weighted interval score. This tutorial and toolbox can be broadly applied to characterizing and forecasting time-series data using simple phenomenological growth models. As a contagion process takes off, the tools presented in this tutorial can help create forecasts to guide policy regarding implementing control strategies and assess the impact of interventions. The toolbox functionality is demonstrated through various examples, including a tutorial video, and the examples use publicly available data on the monkeypox (mpox) epidemic in the USA.",
39540239,Emerging and re-emerging viral exanthems among children: what a physician should know.,"Anuradha Bishnoi, Apoorva Sharma, Hitaishi Mehta, Keshavamurthy Vinay",Transactions of the Royal Society of Tropical Medicine and Hygiene. 2025. doi: 10.1093/trstmh/trae087..,Bishnoi,Transactions of the Royal Society of Tropical Medicine and Hygiene,2025,2025/01/03,,,10.1093/trstmh/trae087,"Viral exanthems can present with diverse morphologies of rash, including macular, maculopapular, papular, urticarial and vesicular, or sometimes a combination of these. There has been an increasing trend towards emerging and re-emerging viral exanthems in recent years, the cause of which is multifactorial, including changing environmental conditions and altered host-vector-agent interaction. The significant temperature variations brought on by climate change and ever-increasing international travel has modified the host-agent interactions, and many re-emerging viral illnesses are now presenting with atypical presentations, including an increased frequency of affliction across broader age groups and heightened manifestations often posing as 'great imitators' mimicking a myriad of other dermatoses. Although final diagnosis often relies on serological and molecular tests, certain cutaneous clues can help arrive at a probable clinical diagnosis and help the clinicians order specific and relevant investigations, especially in resource-poor settings where access to laboratory diagnostic tests is likely to be limited. In this review we explore the changing disease dynamics of common viral infections, especially in resource-poor settings, including coronavirus disease 2019, chikungunya, hand-foot-and-mouth disease and some newly emerging ones like mpox (previously referred to as monkeypox), and highlight recent developments in our understanding of the clinical variations seen in their presentations.",COVID-19; HFMD; chikungunya; emerging viral infections; hand-foot-and-mouth disease; monkey pox
37167010,MpoxRadar: a worldwide MPXV genomic surveillance dashboard.,"Ferdous Nasri, Kunaphas Kongkitimanon, Alice Wittig, Jorge Sánchez Cortés, Annika Brinkmann, Andreas Nitsche, Anna-Juliane Schmachtenberg, Bernhard Y Renard, Stephan Fuchs",Nucleic acids research. 2023. doi: 10.1093/nar/gkad325..,Nasri,Nucleic acids research,2023,2023/07/05,,,10.1093/nar/gkad325,"The mpox virus (MPXV) is mutating at an exceptional rate for a DNA virus and its global spread is concerning, making genomic surveillance a necessity. With MpoxRadar, we provide an interactive dashboard to track virus variants on mutation level worldwide. MpoxRadar allows users to select among different genomes as reference for comparison. The occurrence of mutation profiles based on the selected reference is indicated on an interactive world map that shows the respective geographic sampling site in customizable time ranges to easily follow the frequency or trend of defined mutations. Furthermore, the user can filter for specific mutations, genes, countries, genome types, and sequencing protocols and download the filtered data directly from MpoxRadar. On the server, we automatically download all MPXV genomes and metadata from the National Center for Biotechnology Information (NCBI) on a daily basis, align them to the different reference genomes, generate mutation profiles, which are stored and linked to the available metainformation in a database. This makes MpoxRadar a practical tool for the genomic survaillance of MPXV, supporting users with limited computational resources. MpoxRadar is open-source and freely accessible at https://MpoxRadar.net.","[MeSH] Databases, Factual; [MeSH] Genome, Viral; [MeSH] Genomics; [MeSH] Software; [MeSH] Monkeypox virus"
41086112,CircRNA vaccine encoding a chimeric immunogen of B6 and M1 demonstrates robust immune responses against MPXV.,"Jiahao Wu, Wei Rou, Zhengrong Gao, Xu Ma, Haoyi Ding, Tingting Zheng, Lei Wang, Lu Zhao, Kai Yang, Xiaoyu Li, Yongfeng Qiao, Shihua Li, Xiao Qu, Chunbo Dong, Guocan Yu, Jikui Deng, Han Wang, Hangping Yao, Haidong Wang, George Fu Gao, Zhida Liu",Cell reports. 2025. doi: 10.1016/j.celrep.2025.116432..,Wu,Cell reports,2025,2025/10/12,,,10.1016/j.celrep.2025.116432,"The mpox outbreak has been declared a Public Health Emergency of International Concern on two occasions, with the status remaining effective, highlighting the urgency of this global health crisis. Developing safe and effective vaccines specifically targeting the MPXV is therefore critical. Our current study presents a bivalent circular RNA (circRNA) vaccine encoding a chimeric immunogen comprising the tandem fusion of MPXV extracellular enveloped virions antigen B6 and intracellular mature virions antigen M1 (CircRNAB6M1). The B6M1 chimeric immunogen preserves the conformation of the major neutralizing epitopes derived from both antigens. Furthermore, the CircRNAB6M1 vaccine elicits potent neutralizing antibodies against both MPXV and VACV, while also inducing antigen-specific T cell responses. Notably, the CircRNAB6M1 vaccine confers complete protection to immunized mice against the lethal VACV challenge. Collectively, these findings identify promising immunogen candidates for developing next-generation circRNA vaccines against the MPXV and other orthopoxviruses.",CP: Immunology; CP: Microbiology; chimeric immunogen; circular RNA vaccine; monkeypox virus; neutralization; protection
42062233,"Structural Modification of Tranilast against Poxvirus Based on α, β-Unsaturated Acrylamide Covalent Warhead and Confirmation of the Targets and Mode of Action.","Yanan Ni, Fan Liu, Xican Ma, Xintong Zhang, Mengyi Xu, Hu Li, Qionglu Duan, Runze Meng, Zonggen Peng, Zhiyun Wu, Zhihui Yu, Xinyi Li, Jingyang Zhu, Weijin Huang, Yinghong Li, Danqing Song",Journal of medicinal chemistry. 2026. doi: 10.1021/acs.jmedchem.6c00193..,Ni,Journal of medicinal chemistry,2026,2026/04/30,,,10.1021/acs.jmedchem.6c00193,"The recurrent mpox outbreak has raised widespread global concern, yet specific antiviral therapies remain unavailable. Based on the α, β-unsaturated acrylamide covalent warhead of tranilast (TRA), we designed and synthesized 24 new TRA derivatives and evaluated their anti-orthopoxvirus activity using a VTT-Fluc assay. Compound 8l exhibited the most potent antipoxvirus activity and moderate activity against monkeypox clade IIb, with EC50 values of 6.1 and 47.1 μM, respectively, significantly outperformed TRA. In a VTT-Fluc nude mouse model, oral administration of 8l at 90 mg/kg achieved an 88.2% viral inhibition rate. Mechanistic studies revealed 8l exerted dual-target inhibition by acting on viral A17L and mRNA methyltransferase, thereby blocking membrane fusion and intracellular biosynthesis. The acrylamide warhead in 8l forms covalent adducts with serine residues of both targets via Michael addition. This work provides a promising covalent lead and identifies potential targets for the development of broad-spectrum anti-orthopoxvirus agents.",
40400498,Antiviral Activity of the Acyclic Nucleoside Phosphonate Prodrug LAVR-289 against Poxviruses and African Swine Fever Virus.,"Elie Marcheteau, Estelle Mosca, Gaelle Frenois-Veyrat, Sandrine Kappler-Gratias, Laetitia Boutin, Sokunthea Top, Thomas Mathieu, Cyril Colas, Patrick Favetta, Tony Garnier, Peggy Barbe, Mathilde Keck, Daniel Gillet, Alicia Mas, Ali Alejo, Yinyi Yu, Karoly Toth, Getahun Abate, Vincent Roy, Janet Skerry, Kelly S Wetzel, Joshua D Shamblin, Joseph W Golden, Rekha G Panchal, Eric M Mucker, Rajini Mudhasani, Luigi A Agrofoglio, Frederic Iseni, Franck Gallardo",ACS infectious diseases. 2025. doi: 10.1021/acsinfecdis.5c00169..,Marcheteau,ACS infectious diseases,2025,2025/05/22,,,10.1021/acsinfecdis.5c00169,"Poxviruses are double-stranded DNA viruses including relevant zoonotic pathogens with high morbidity and potential biological warfare threats. Although African swine fever virus belongs to the Asfarviridae family and is not strictly classified as a Poxviridae member, both fall within the same class of Pokkesviricetes that replicate in the cytoplasm. Among compounds targeting these viruses, acyclic nucleoside phosphonate (ANP) prodrugs are promising inhibitors of viral DNA polymerases. However, some limitations related to their toxicity and the rapid emergence of resistance highlight the need for new antiviral molecules. In this study, we tested a new ANP called LAVR-289. This product effectively inhibits viral replication by targeting a specific domain in the poxvirus DNA polymerase. Using monkeypox virus models, the subcutaneous or oral administration of LAVR-289 demonstrated protective efficacy in infected animals without toxicity. Its in vivo half-life, long on-the-shelf stability and broad-spectrum efficacy make LAVR-289 a promising candidate for further development and stockpiling as a medical countermeasure against dsDNA virus outbreaks. LAVR-289 can be positioned in the context of recurrent viral epidemics, bioterrorism risk, and the emergence of resistant strains in the population.",African swine fever virus; LAVR-289; MPXV; Mpox; One Health; acyclic nucleoside phosphonate prodrug; antiviral; poxvirus; viral DNA polymerase inhibitor
39279674,"Mpox challenges in a clinical setting: patterns of skin lesions, diagnostic clues, and long-term consequences.","Andrei Tanasov, George-Sorin Tiplica",International journal of dermatology. 2024. doi: 10.1111/ijd.17477..,Tanasov,International journal of dermatology,2024,2024/09/16,,,10.1111/ijd.17477,,Mpox; Mpox challenges; Mpox diagnostic clues; Mpox long‐term consequences; Mpox skin lesions; clinical setting; dermoscopy; scar; viral disease
36017480,Prevention and Treatment of Monkeypox: A Step-by-Step Guide for Healthcare Professionals and General Population.,"Lokesh Goyal, Kunal Ajmera, Ramesh Pandit, Trupti Pandit",Cureus. 2022. doi: 10.7759/cureus.28230..,Goyal,Cureus,2022,2022/08/21,,,10.7759/cureus.28230,"The World Health Organization (WHO) recently declared the monkeypox virus a Public Health Emergency of International Concern (PHEIC). As the cases of the COVID-19 pandemic start to get under control, we have seen the monkeypox virus, found predominantly in Africa, spread in non-endemic countries worldwide. In the 1970s, after the smallpox virus eradication and the vaccine's discontinuation, the monkeypox virus infection started to gain attention. The first United States outbreak happened in 2003; since then, more sporadic cases of monkeypox have gained media attention. With cases spreading worldwide, without epidemiological links with outbreaks among men who have sex with men (MSM), it warrants urgent public health control measures to contain the spread of the monkeypox virus and investigate the underlying pathophysiology, including genetic modification of the virus. This review highlights the epidemiology, transmission, pathogenesis, clinical manifestation, diagnosis, prevention, and management of the current human monkeypox virus infection.",lgbtq+; monkeypox prevention; monkeypox rash; monkeypox transmission; monkeypox treatment; monkeypox virus; msm; prevention; public policy
38076410,Wastewater analysis of Mpox virus in a city with low prevalence of Mpox disease: an environmental surveillance study.,"Jeremiah Oghuan, Carlos Chavarria, Scout R Vanderwal, Anna Gitter, Akpevwe Amanda Ojaruega, Carlos Monserrat, Cici X Bauer, Eric L Brown, Sara Javornik Cregeen, Jennifer Deegan, Blake M Hanson, Michael Tisza, Hector I Ocaranza, John Balliew, Anthony W Maresso, Janelle Rios, Eric Boerwinkle, Kristina D Mena, Fuqing Wu",Lancet regional health. Americas. 2023. doi: 10.1016/j.lana.2023.100639..,Oghuan,Lancet regional health. Americas,2023,2023/11/24,,,10.1016/j.lana.2023.100639,"BACKGROUND: Tracking infectious diseases at the community level is challenging due to asymptomatic infections and the logistical complexities of mass surveillance. Wastewater surveillance has emerged as a valuable tool for monitoring infectious disease agents including SARS-CoV-2 and Mpox virus. However, detecting the Mpox virus in wastewater is particularly challenging due to its relatively low prevalence in the community. In this study, we aim to characterize three molecular assays for detecting and tracking the Mpox virus in wastewater from El Paso, Texas, during February and March 2023. METHODS: In this study, a combined approach utilizing three real-time PCR assays targeting the C22L, F3L, and F8L genes and sequencing was employed to detect and track the Mpox virus in wastewater samples. The samples were collected from four sewersheds in the City of El Paso, Texas, during February and March 2023. Wastewater data was compared with reported clinical case data in the city. FINDINGS: Mpox virus DNA was detected in wastewater from all the four sewersheds, whereas only one Mpox case was reported during the sampling period. Positive signals were still observed in multiple sewersheds after the Mpox case was identified. Higher viral concentrations were found in the pellet than in the supernatant of wastewater. Notably, an increasing trend in viral concentration was observed approximately 1-2 weeks before the reporting of the Mpox case. Further sequencing and epidemiological analysis provided supporting evidence for unreported Mpox infections in the city. INTERPRETATION: Our analysis suggests that the Mpox cases in the community is underestimated. The findings emphasize the value of wastewater surveillance as a public health tool for monitoring infectious diseases even in low-prevalence areas, and the need for heightened vigilance to mitigate the spread of Mpox disease for safeguarding global health. FUNDING: Center of Infectious Diseases at UTHealth, the University of Texas System, and the Texas Epidemic Public Health Institute. The content of this paper is solely the responsibility of the authors and does not necessarily represent the official views of these funding organizations.",City of El Paso; Early detection; Low prevalence; Mpox virus; Wastewater-based epidemiology
36874154,Characteristics of confirmed mpox cases among clinical suspects: A prospective single-centre study in Belgium during the 2022 outbreak.,"Matilde Hens, Isabel Brosius, Nicole Berens-Riha, Jasmine Coppens, Liesbeth Van Gestel, Jojanneke Rutgers, Chris Kenyon, Patrick Soentjens, Saskia van Henten, Stefanie Bracke, Thibaut Vanbaelen, Leen Vandenhoven, Emmanuel Bottieau, Koen Vercauteren, Marjan Van Esbroeck, Laurens Liesenborghs, Christophe Van Dijck",New microbes and new infections. 2023. doi: 10.1016/j.nmni.2023.101093..,Hens,New microbes and new infections,2023,2023/02/09,,,10.1016/j.nmni.2023.101093,"BACKGROUND: The presentation of mpox clade IIb during the 2022 outbreak overlaps with a range of other diseases. Understanding the factors associated with mpox is important for clinical decision making. METHODS: We described the characteristics of mpox patients who sought care at Belgian sexual health clinic. Furthermore we compared their characteristics to those of patients with a clinical suspicion of mpox but who tested negative on polymerase chain reaction. RESULTS: Between May 23 and September 20, 2022, 155 patients were diagnosed with mpox, and 51 patients with suspected symptoms tested negative. All mpox patients self-identified as men and 148/155 (95.5%) as gay or bisexual MSM. Systemic symptoms were present in 116/155 (74.8%) patients. All but 10 patients (145/155, 93.5%) presented with skin lesions. Other manifestations were lymphadenopathy (72/155, 46.5%), proctitis (50/155, 32.3%), urethritis (12/155, 7.7%), tonsillitis (2/155, 1.3%). Complications involved bacterial skin infection (13/155, 8.4%) and penile oedema with or without paraphimosis (4/155, 2.6%). In multivariable logistic regression models, the presence of lymphadenopathy (OR 3.79 95% CI 1.44-11.49), skin lesions (OR 4.35 95% CI 1.15-17.57) and proctitis (OR 9.41 95% CI 2.72-47.07) were associated with the diagnosis of mpox. There were no associations with age, HIV status, childhood smallpox vaccination, number of sexual partners and international travel. CONCLUSIONS: The presence of proctitis, lymphadenopathies and skin lesions should increase clinical suspicion of mpox in patients with compatible symptoms.",Belgium; Case series; HIV; Mpox; Mpox PCR CT values; Smallpox vaccination
6249508,"Human monkeypox, 1970-79.","J G Breman, Kalisa-Ruti, M V Steniowski, E Zanotto, A I Gromyko, I Arita",Bulletin of the World Health Organization. 1980.,Breman,Bulletin of the World Health Organization,1980,1980/01/01,,,,"Increasing attention has been given to human monkeypox since the achievement of global smallpox eradication. Monkeypox, which was first described in Central Africa in 1970, resembles smallpox clinically but differs from it epidemiologically. Forty-seven cases of human monkeypox have occurred since 1970 in 5 Central and West African countries; 38 of these cases have been reported from Zaire. The evolution of the illness and the sequelae of monkeypox and smallpox are the same; monkeypox has a case-fatality rate of about 17%. Children below 10 years of age comprise 83% of the cases. All cases have occurred in tropical rainforest areas and clustering of cases has been observed in certain zones within countries and within families. Person-to-person spread may have occurred in 4 cases; the secondary attack rate among susceptible, very close family members was 7.5% (3 cases/40 contacts) and among all susceptible contacts was 3.3% (4 cases/123 contacts)-much lower than the 25-40% secondary attack rate that occurs with smallpox. Although the low transmission rate and the low frequency of disease indicate that monkeypox is not a public health problem, more data are needed.Whilst many animals near human monkeypox cases have been demonstrated to have orthopoxvirus antibodies, the natural reservoir(s) and the vector(s) of monkeypox virus are unknown. Studies are in progress to identify the natural cycle of monkeypox virus and to define better the clinical and epidemiological features of this disease.","[MeSH] Adolescent; [MeSH] Adult; [MeSH] Africa, Central; [MeSH] Child; [MeSH] Child, Preschool; [MeSH] Female; [MeSH] Humans; [MeSH] Infant; [MeSH] Male; [MeSH] Monkeypox virus; [MeSH] Population Surveillance; [MeSH] Poxviridae; [MeSH] Poxviridae Infections"
6304185,Human monkeypox.,"Z Jezek, A I Gromyko, M V Szczeniowski","Journal of hygiene, epidemiology, microbiology, and immunology. 1983.",Jezek,"Journal of hygiene, epidemiology, microbiology, and immunology",1983,1983/01/01,,,,"Human monkeypox, occurring in the tropical rainforest of west and central Africa, is regarded as the most important orthopoxvirus infection for epidemiological surveillance during the post-smallpox era. This disease, first recognized in Zaïre in 1970 resembles smallpox clinically but differs epidemiologically. Clinical features, their evolution and sequelae of monkeypox could be compared with discrete ordinary or modified type of smallpox. A case-fatality rate of 14% has been observed but some cases can be exceedingly mild or atypical and may easily remain undetected and unreported. Pronounced lymphadenopathy has been the only clinical feature found commonly in monkeypox but not in smallpox. Fifty-seven cases of human monkeypox have occurred since 1970, in the tropical rainforests in six west and central African countries, the majority of them (45) being reported from Zaïre. The disease appears to be more frequent in dry season. Children below ten years of age comprise 84% of the cases. Smallpox vaccination protects against monkeypox. Clusters of cases have been observed in certain areas within countries and within affected households. Human-to-human spread has possibly occurred seven times. No cases of possible tertiary spread were observed. The secondary attack rate among susceptible close household contacts was 10%, among all susceptible contacts 5%. This is much lower than that occurring with smallpox, which is between 25-40%. The limited avidity of monkeypox virus for human beings indicates that monkeypox is probably a zoonosis, although the animal reservoir(s) have not yet been identified. The low transmissibility, resulting in low frequency of disease in man indicates that monkeypox is not a public health problem. Human monkeypox has been a relatively newly recognized disease. Studies are in progress to identify the natural cycle of monkeypox virus and to define better its clinical and epidemiological characteristics. Special surveillance is maintained in endemic areas with the aim to provide assurance that in spite of waning immunity of the human population following cessation of the smallpox vaccination, the disease does not constitute a potential danger to man.","[MeSH] Adolescent; [MeSH] Adult; [MeSH] Africa, Central; [MeSH] Africa, Western; [MeSH] Animals; [MeSH] Child; [MeSH] Child, Preschool; [MeSH] Democratic Republic of the Congo; [MeSH] Diagnosis, Differential; [MeSH] Female; [MeSH] Humans; [MeSH] Infant; [MeSH] Male; [MeSH] Monkeypox virus; [MeSH] Poxviridae Infections; [MeSH] Seasons; [MeSH] Smallpox; [MeSH] Zoonoses"
37700987,A Narrative Review on the Monkeypox Virus: An Ongoing Global Outbreak Hitting the Non-Endemic Countries.,"Hira Nisar, Omer Saleem, Fnu Sapna, Sunder Sham, Raja Sandeep Perkash, Nfn Kiran, Fnu Anjali, Ansa Mehreen, Bebu Ram",Cureus. 2023. doi: 10.7759/cureus.43322..,Nisar,Cureus,2023,2023/08/11,,,10.7759/cureus.43322,"Monkeypox is a rare zoonotic DNA with lineage from the Poxviridae family, Chordopoxvirinae subfamily, and Orthopoxvirus genus. With a previous history of controlled and contained occasional outbreaks of the virus, currently, a widely erupted outbreak of monkeypox with progressively rising numbers has been reported since May 2022 in multiple countries of the western hemisphere that are not historically endemic for this infection, particularly the United Kingdom and European Union countries. We have written a comprehensive review article to help clinicians better understand the disease. The global cessation of smallpox vaccination has been hypothesized to cause the rise in monkeypox infections in recent years. Monkeypox, like any other viral infection, commences with prodromal symptoms; a maculopapular rash with centrifugal distribution usually follows. Polymerase chain reaction (PCR) confirms the diagnosis. Transmission in humans is possible through infected animals or humans. In the ongoing 2022 outbreak, the monkeypox virus has been undergoing novel mutations at an alarming rate. Treatment options for monkeypox are an area that still requires extensive research, and the utility of certain antiviral medications in treating monkeypox infection is currently being explored but is still controversial and debatable.",dna virus; infection; monkeypox; orthopox virus; outbreak; review; zoonosis
36874830,Monkeypox: New epidemic or fake news? Study of psychological and social factors associated with fake news attitudes of monkeypox in Italy.,"Filippo Maria Nimbi, Guido Giovanardi, Roberto Baiocco, Annalisa Tanzilli, Vittorio Lingiardi",Frontiers in psychology. 2023. doi: 10.3389/fpsyg.2023.1093763..,Nimbi,Frontiers in psychology,2023,2023/02/17,,,10.3389/fpsyg.2023.1093763,"OBJECTIVE: Starting from May 2022, a growing number of monkeypox cases have been identified in several countries in Europe and the United States. To date, information on social reaction to the news circulating about monkeypox is limited. Assessing psychological and social elements related to the tendency to misinterpret monkeypox information is urgent and useful in setting up tailored education and prevention programs for specific populations. The present study aims to explore the association of selected psychological and social variables to monkeypox attitudes as fake news. METHODS: Three hundred and thirty-three participants (212 women, 110 men, and 11 other genders) from the general Italian population completed nine self-report measures. RESULTS: Results showed that people that were more likely to believe that monkeypox was a hoax were: older, heterosexual, politically conservative, and more religious. Moreoverm they were more likely to show more negative attitudes toward gay men, higher levels of sexual moralism, less knowledge and fear about monkeypox, no previous infections of COVID-19, lower number of COVID-19 vaccine doses, and being closer to no-vax theories. On the psychological side, participants that were more likely to believe that the monkeypox was a hoax were associated with lower levels of epistemic trust and order traits, with higher levels of epistemic mistrust, close-mindedness, and ability to process emotions. A full mediation model which explores the relationships between the main variables related to fake news attitudes toward monkeypox was tested, reporting good fit indices. CONCLUSION: Results from the current study could be helpful to improve the effectiveness of health communication, design targeted education, and support people to engage in healthier behaviors.","COVID-19; epistemic trust; fake news; health; hoax, credulity; mentalized affectivity; monkeypox"
36147131,Is there a need to be worried about the new monkeypox virus outbreak? A brief review on the monkeypox outbreak.,"Nour Shaheen, Rehab Adel Diab, Mostafa Meshref, Ahmed Shaheen, Abdelraouf Ramadan, Sheikh Shoib",Annals of medicine and surgery (2012). 2022. doi: 10.1016/j.amsu.2022.104396..,Shaheen,Annals of medicine and surgery (2012),2022,2022/08/19,,,10.1016/j.amsu.2022.104396,"The Monkeypox virus (MPXV) is a double-stranded DNA virus related to the orthopoxvirus genus in the family of poxviridae. MPXV is endemic in central and Western African countries. There have been several outbreaks of MPXV in non-endemic countries since it was discovered in 1958 in lab monkeys. The current spread of MPXV is different from previous outbreaks, raising concerns about its potential to cause pandemics around the world. In order to reduce the spread of the disease, several countries imposed different preventive measures. The MPXV virus is believed to be transmitted either through wild animals, such as rodents or through infected individuals. Every year, Africa experiences a few thousand cases, mostly in the west and central regions. The number of cases outside Africa has previously been limited to a handful associated with travel to Africa or with the importation of infected animals. In this narrative review, we will discuss the clinical diagnosis, transmission, distribution, treatment, and prevention of the recent monkeypox outbreak around the world.",Homosexuality; Monkeypox diagnosis; Monkeypox outbreak; Monkeypox treatment; Monkeypox virus
12149352,Outbreaks of disease suspected of being due to human monkeypox virus infection in the Democratic Republic of Congo in 2001.,"Hermann Meyer, Mathilde Perrichot, Markus Stemmler, Petra Emmerich, Herbert Schmitz, Francis Varaine, Robert Shungu, Florimond Tshioko, Pierre Formenty",Journal of clinical microbiology. 2002. doi: 10.1128/JCM.40.8.2919-2921.2002..,Meyer,Journal of clinical microbiology,2002,2002/08/01,,,10.1128/JCM.40.8.2919-2921.2002,"Seven outbreaks of disease characterized by a pustular rash and suspected to have been caused by human monkeypox virus were investigated. The outbreaks occurred between February and August 2001 in the province of Equateur in the Democratic Republic of Congo. The outbreaks involved a total of 31 persons and caused five deaths. Specimens from 14 patients were available and were analyzed by electron microscopy, virus isolation, and PCR assays specific for monkeypox virus and varicella-zoster virus. We provide evidence that two outbreaks were indeed caused by monkeypox virus (16 cases, with four deaths), that in two outbreaks both monkeypox and varicella-zoster virus were involved (seven cases, with one death), and that two outbreaks were cases of chickenpox caused by infection with varicella-zoster virus (six cases, with no deaths). In one outbreak, no evidence for either monkeypox or chickenpox was found (two cases, with no deaths).","[MeSH] Adult; [MeSH] Animals; [MeSH] Child, Preschool; [MeSH] Democratic Republic of the Congo; [MeSH] Disease Outbreaks; [MeSH] Female; [MeSH] Humans; [MeSH] Infant; [MeSH] Male; [MeSH] Microscopy, Electron; [MeSH] Monkeypox virus; [MeSH] Polymerase Chain Reaction; [MeSH] Poxviridae Infections; [MeSH] Virus Cultivation"
36032515,Repositioning potentials of smallpox vaccines and antiviral agents in monkeypox outbreak: A rapid review on comparative benefits and risks.,"Md Rabiul Islam, Md Jamal Hossain, Arpira Roy, A H M Nazmul Hasan, Md Ashrafur Rahman, Mohammad Shahriar, Mohiuddin Ahmed Bhuiyan",Health science reports. 2022. doi: 10.1002/hsr2.798..,Islam,Health science reports,2022,2022/08/23,,,10.1002/hsr2.798,"BACKGROUND AND AIMS: There is a sought for vaccines and antiviral agents as countermeasures for the recent monkeypox outbreak. Here, we aimed to review and discuss the repurposing potentials of smallpox vaccines and drugs in monkeypox outbreaks based on their comparative benefits and risks. Therefore, we conducted this rapid review and discussed the repurposing potentials of smallpox vaccines and drugs in monkeypox infection. METHODS: Here, we searched Google Scholar and PubMed for relevant information and data. We found many articles that have suggested the use of smallpox vaccines and antiviral drugs in monkeypox outbreaks according to the study findings. We read the relevant articles to extract information. RESULTS: According to the available documents, we found two replication-competent and one replication-deficient vaccinia vaccines were effective against Orthopoxvirus. However, the healthcare authorities have authorized second-generation live vaccina virus vaccines against Orthopoxvirus in many countries. Smallpox vaccine is almost 85% effective in preventing monkeypox infection as monkeypox virus, variola virus, and vaccinia virus are similar. The United States and Canada have approved a replication-deficient third-generation smallpox vaccine for the prevention of monkeypox infection. However, the widely used second-generation smallpox vaccines contain a live virus and replicate it into the human cell. Therefore, there is a chance to cause virus-induced complications among the vaccinated subjects. In those circumstances, the available Orthopoxvirus inhibitors might be a good choice for treating monkeypox infections as they showed similar efficacy in monkeypox infection in different animal model clinical trials. Also, the combined use of antiviral drugs and vaccinia immune globulin can enhance significant effectiveness in immunocompromised subjects. CONCLUSION: Repurposing of these smallpox vaccines and antiviral agents might be weapons to fight monkeypox infection. Also, we recommend further investigations of smallpox vaccines and Orthopoxvirus inhibitors in a human model study to explore their exact role in human monkeypox infections.",antiviral agents; brincidofovir; cidofovir; drug repositioning; monkeypox; tecovirimat
36668911,Detection of Monkeypox Virus according to The Collection Site of Samples from Confirmed Cases: A Systematic Review.,"Darwin A León-Figueroa, Joshuan J Barboza, Hortencia M Saldaña-Cumpa, Emilly Moreno-Ramos, D Katterine Bonilla-Aldana, Mario J Valladares-Garrido, Ranjit Sah, Alfonso J Rodriguez-Morales",Tropical medicine and infectious disease. 2022. doi: 10.3390/tropicalmed8010004..,León-Figueroa,Tropical medicine and infectious disease,2022,2022/12/22,,,10.3390/tropicalmed8010004,"Due to the rapid evolution of the monkeypox virus, the means by which the monkeypox virus is spread is subject to change. Therefore, the present study aims to analyze the detection of the monkeypox virus according to the collection site of samples from confirmed monkeypox cases. A systematic literature review was performed using PubMed, Scopus, Web of Science, and Embase databases until 5 October 2022. A total of 1022 articles were retrieved using the search strategy. After removing duplicates (n = 566) and examining by title, abstract, and full text, 65 studies reporting monkeypox case reports were included with a detailed description of risk factors, sexually transmitted infections (STIs), site of monkeypox virus-positive specimens, location of skin lesions, and diagnostic test. A total of 4537 confirmed monkeypox cases have been reported, of which 98.72% of the cases were male with a mean age of 36 years, 95.72% had a sexual behavior of being men who have sex with men, and 28.1% had human immunodeficiency virus (HIV). The most frequent locations of lesions in patients diagnosed with monkeypox were: 42.85% on the genitalia and 37.1% in the perianal region. All confirmed monkeypox cases were diagnosed by reverse transcriptase polymerase chain reaction (RT-PCR), and the most frequent locations of samples collected for diagnosis that tested positive for monkeypox virus were: 91.85% from skin lesions, 20.81% from the oropharynx, 3.19% from blood, and 2.43% from seminal fluid. The disease course of the cases with monkeypox was asynchronous, with no severe complications, and most patients did not report specific treatment but simply followed a symptomatic treatment.",monkeypox; monkeypox virus; orthopoxvirus; samples; systematic review
37035497,Analyzing an Emerging Pandemic on Twitter: Monkeypox.,"Lauren N Cooper, Alexander P Radunsky, John J Hanna, Zachary M Most, Trish M Perl, Christoph U Lehmann, Richard J Medford",Open forum infectious diseases. 2023. doi: 10.1093/ofid/ofad142..,Cooper,Open forum infectious diseases,2023,2023/03/18,,,10.1093/ofid/ofad142,"BACKGROUND: Social media platforms like Twitter provide important insights into the public's perceptions of global outbreaks like monkeypox. By analyzing tweets, we aimed to identify public knowledge and opinions on the monkeypox virus and related public health issues. METHODS: We analyzed English-language tweets using the keyword ""monkeypox"" from 1 May to 23 July 2022. We reported gender, ethnicity, and race of Twitter users and analyzed tweets to identify predominant sentiment and emotions. We performed topic modeling and compared cohorts of users who self-identify as LGBTQ+ (an abreviation for lesbian, gay, bisexual, transgender, queer, and/or questioning) allies versus users who do not, and cohorts identified as ""bots"" versus humans. RESULTS: A total of 48 330 tweets were written by LGBTQ+ self-identified advocates or allies. The mean sentiment score for all tweets was -0.413 on a -4 to +4 scale. Negative tweets comprised 39% of tweets. The most common emotions expressed were fear and sadness. Topic modeling identified unique topics among the 4 cohorts analyzed. CONCLUSIONS: The spread of mis- and disinformation about monkeypox was common in our tweet library. Various conspiracy theories about the origins of monkeypox, its relationship to global economic concerns, and homophobic and racial comments were common. Conversely, many other tweets helped to provide information about monkeypox vaccines, disease symptoms, and prevention methods. Discussion of rising monkeypox case numbers globally was also a large aspect of the conversation. CONCLUSIONS: We demonstrated that Twitter is an effective means of tracking sentiment about public healthcare issues. We gained insight into a subset of people, self-identified LGBTQ+ allies, who were more affected by monkeypox.",Twitter; monkeypox; pandemic; social media; topic modeling
41666422,Mpox in US Immigration and Customs Enforcement Detention Facilities during 2022 Global Outbreak.,"Carlo Foppiano Palacios, Mark A Travassos",The American journal of tropical medicine and hygiene. 2026. doi: 10.4269/ajtmh.25-0297..,Foppiano,The American journal of tropical medicine and hygiene,2026,2026/01/06,,,10.4269/ajtmh.25-0297,"US Immigration and Customs Enforcement (ICE) detention centers are hot spots for infectious disease spread, as manifested during the COVID-19 pandemic. Mpox cases among ICE detainees during the 2022 global outbreak were investigated and a Freedom of Information Act request for mpox testing data from January to November 2022 was submitted, focusing on demographic and clinical information. Seven detainees across five facilities in Texas, Arizona, and New Jersey were tested. Two detainees tested positive, revealing a 28.6% positivity rate. One detainee received antiviral treatment. Overall, few migrant detainees have been evaluated for mpox. The limited number of mpox tests suggest that additional cases of mpox may have been missed. Adequate resources for mpox testing, treatment, and prevention within detention facilities are critical to limit spread among migrants.",[MeSH] Humans; [MeSH] COVID-19; [MeSH] Disease Outbreaks; [MeSH] Male; [MeSH] SARS-CoV-2; [MeSH] Adult; [MeSH] Female; [MeSH] Middle Aged; [MeSH] Emigration and Immigration; [MeSH] United States; [MeSH] Texas; [MeSH] Arizona; [MeSH] New Jersey
36248009,[Monkeypox in central africa. About two strains isolated in Central African Republic].,"V M A Herve, L Belec, G Yayah, A J Georges",Medecine et maladies infectieuses. 2005. doi: 10.1016/S0399-077X(89)80242-2..,Herve,Medecine et maladies infectieuses,1989,2005/05/26,,,10.1016/S0399-077X(89)80242-2,"Two cases of pediatric Monkeypox with viral isolation are reported. These are respectively 8 and 6 years old black children, originated from the rainy forest in the south of the Central African Republic (CAR). Monkeypox is known to be endemic in this area, but is not responsible for public health concerns, 10 years after Smallpox has disappeared. Intensive previous Smallpox immunization campaigns, are considered responsibles for cross protection against Monkeypox and Tanapox. Animal reservoir is not yet identified, while interhuman transmission is weak as shown by the absence of secondary cases.",Central African Republic; Equatorial Forest; Forêt équatoriale; Monkeypox; République Centrafricaine
41220607,"Characterization of mpox transmission in the household, the role of children, the impact on pregnancy, and the association with lactation: a study protocol.","Ferdinand Nsengimana, Raoul Kamadjeu, Manassé Nimpagaritse, Eric Kezakarayagwa, Jonas Ngendakumana, Rémy Nimubona, Alain Yombouno, Godefroid Kamwenubusa, Rose Nkiko, Nestor Nkengurutse, Ndriakita Solonionjanirina, Hamady Ba, Beifith Kouak Tiyab, Liliane Nkengurutse, Edna Moturi, Dionis Nizigiyimana, Mame Selbee Diouf, France Begin, Joseph Nyandwi",The Pan African medical journal. 2025. doi: 10.11604/pamj.supp.2025.50.1.47419..,Nsengimana,The Pan African medical journal,2025,2025/04/10,,,10.11604/pamj.supp.2025.50.1.47419,"To address key knowledge gaps regarding mpox transmission and its effects on vulnerable populations, UNICEF commissioned an operational research study within the framework of the mpox outbreak response in Burundi. Through enhanced surveillance, this study, to be implemented by the Burundi National Institute of Public Health, will estimate mpox´s household transmission characteristics, including secondary attack rates and essential transmission parameters. The study will also evaluate the burden of mpox among children, its impact on pregnancy and pregnancy outcomes, and its association with breastfeeding, with the aim to generate data to optimize the mpox public health emergency response in Burundi and other affected regions.",Burundi; Mpox; breast milk; household transmission; pregnancy outcomes; secondary attack rate; transmission dynamic
41484529,Mpox Vaccination and Willingness to Participate in Mpox Vaccine Research Among Sexual and Gender Minority Adults with and Without HIV in the United States.,"Hannah Yellin, Sydney Bornstein, Marc Siegel, Manya Magnus",Prevention science : the official journal of the Society for Prevention Research. 2026. doi: 10.1007/s11121-025-01871-2..,Yellin,Prevention science : the official journal of the Society for Prevention Research,2026,2026/01/04,,,10.1007/s11121-025-01871-2,"Vaccination played a critical role in controlling the 2022 mpox outbreak in the United States, yet only a quarter of eligible individuals are estimated to be fully vaccinated. Using mixed methods, we analyzed cross-sectional data collected from 60 sexual and gender minority people with and without HIV (PWH and PWOH) in August 2022. We investigated willingness to receive an mpox vaccine and to participate in mpox vaccine research, as well as actual vaccine uptake and experiences, and compared results by HIV status. Two-thirds of participants (66.7%) had received at least one dose of the mpox vaccine, including 61.5% of PWH and 70.6% of PWOH. PWH and PWOH had similarly high levels of willingness to receive an mpox vaccine. In open-ended responses, participants described personal and societal benefits of vaccination and had positive attitudes towards vaccines. Despite high vaccine acceptance and uptake, satisfaction with the vaccine rollout was low. A majority of unvaccinated participants who had tried to get the vaccine reported that they were unable to access it. Willingness to participate in mpox vaccine research was lower than willingness to receive a vaccine, though still moderately high. Some participants expressed uncertainty about research participation, concerns about safety, and negative attitudes toward research in general. PWH were more willing to participate in an mpox vaccine trial than were PWOH; however, this difference was not statistically significant. These results can inform future mpox research, vaccine rollout, and community engagement for vaccine trial recruitment.",Mpox; Service access; Sexual and gender minority health; Survey data; Vaccines
39773708,Navigating the fear: assessing nursing students' concerns and preventive practices in response to Monkeypox in Egypt.,"Shaimaa Mohamed Amin, Doaa El Demerdash, Mona Metwally El-Sayed, Tasneem Ragab Ahmed Salama, Mohamed Gamal Elsehrawy, Mohamed Hussein Ramadan Atta",BMC nursing. 2025. doi: 10.1186/s12912-024-02589-2..,Amin,BMC nursing,2025,2025/01/07,,,10.1186/s12912-024-02589-2,"BACKGROUND: Monkeypox has emerged as a global health concern, necessitating preventive measures and awareness among healthcare students. Understanding nursing students' fears, concerns, and preventive practices regarding Monkeypox can help improve preparedness and response strategies. AIM: This study aimed to assess the levels of fear, concerns, and preventive practices related to monkeypox among nursing students at Beni Suef University, Egypt, during the 2024-2025 academic year. METHODS: A cross-sectional descriptive design was employed, involving 505 nursing students systematically randomized recruited. Data collection utilized three validated tools: the Monkeypox Fear Scale, Monkeypox Concern Scale, and Monkeypox Preventive Practices Scale. Reliability was confirmed with Cronbach's alpha values ranging from 0.87 to 0.94. Data analysis included descriptive statistics, Spearman correlation, and multiple linear regression using SPSS Version 23. RESULTS: Most (56.2%) students rarely worried about Monkeypox infection, though 49.2% reported anxiety influenced by media coverage. High preventive practices were noted, with 60.6% frequently practicing hygiene measures. A strong positive correlation between Monkeypox concern and fear (r = 0.646, p < 0.001) and a moderate positive correlation between Monkeypox concern and preventive practices (r = 0.229, p = 0.001). Fear was also significantly correlated with preventive practices (r = 0.432, p < 0.001). Multiple linear regression analysis (R² = 0.216, F = 22.633, p < 0.001) revealed that fear was a strong positive predictor of preventive practices, while Monkeypox concern had a positive but non-significant effect (B = 0.138, p = 0.156). Age was not a significant predictor (B = 0.251, p = 0.637), whereas family income showed a significant negative association (B = -1.885, p = 0.010). CONCLUSION: The study revealed moderate fear and concerns among nursing students, with generally high adherence to preventive practices. IMPLICATION: Findings suggest the need for targeted health education programs to address monkeypox-related concerns and enhance preventive measures, thus improving nursing students' readiness to respond to emerging health threats.",Concerns; Cross-sectional study; Egypt; Fear; Health education; Monkeypox; Nursing students; Preventive practices
37200559,Monkeypox in Syria: Highlighting an awareness issue.,"Sarya Swed, Hidar Alibrahim, Haidara Bohsas, Ahmed Aljabali, Mohammad Badr Almoshantaf, Bisher Sawaf, Sheikh Shoib, Muhammad Mainuddin Patwary, Ebraheem Albazee, Ka Yiu Lee, Amr Farwati, Mohammed Najdat Seijari, Wael Hafez, Amine Rakab",IJID regions. 2023. doi: 10.1016/j.ijregi.2023.04.008..,Swed,IJID regions,2023,2023/04/20,,,10.1016/j.ijregi.2023.04.008,"BACKGROUND: The World Health Organization (WHO) verified 780 cases of monkeypox across 27 countries between 13 May 2022 and 2 June 2022. The aim of our study was to assess the level of awareness of human monkeypox virus among Syrian medical students, general practitioners, medical residents, and specialists. METHODS: A cross-sectional online survey was performed in Syria between May 2 and September 8, 2022. The survey consisted of 53 questions within the following three categories: demographic information, work-related details, and monkeypox knowledge. RESULTS: In total, 1257 Syrian healthcare workers and medical students were enrolled in our study. The animal host and incubation time for monkeypox were correctly identified by just 2.7% and 33.3% of responders, respectively. Sixty percent of the study sample thought that the symptoms of monkeypox and smallpox are identical. No statistically significant associations were found between predictor variables and knowledge regarding monkeypox (p-value > 0.05). CONCLUSION: Education and awareness regarding monkeypox vaccinations are of paramount importance. It is essential that clinical doctors are adequately aware of this disease, in order to avoid an uncontrolled situation, as experienced with COVID-19.",Awareness; Cross sectional; Healthcare workers; Monkeypox; Syria
40660543,A bibliometric analysis of Mpox research based on Web of Science platform.,"Qunjiao Yan, Lei Wang",Medicine. 2025. doi: 10.1097/MD.0000000000043329..,Yan,Medicine,2025,2025/07/11,,,10.1097/MD.0000000000043329,"Mpox is still a public health emergency of international concern. A bibliometric and knowledge mapping analysis were performed to systematically examine the Mpox research landscape. Mpox-related literature was retrieved from the core collection of the Web of Science database. This study conducts a statistical analysis of related publications, examining the distribution patterns across publication years, category, journals, institutions, and authors. And CiteSpace, VOSviewer, and data-information-knowledge-wisdom were used to extract information about countries/regions, institutions, authors, category, and keywords to identify and analyze the research hotspots and trends in this field. A total of 3401 Mpox-related articles were retrieved, and since 2022, the volume of literature has increased sharply. The United States was the main publishing country, with the highest number of publications and citations. Infectious diseases and virology were the main research disciplines. Two major cooperation clusters had emerged, centered on China and the U.S., with the U.S.-led research cluster showing a multi-theme parallel advancement in thematic research. The United States Centers for Disease Control and Prevention was the most prolific institution, and its affiliated researcher Damon IK is the most productive author. Viruses-Basel has the highest number of publications. The epidemiology and public health regulation, genetic evolution, and transmission mechanism, pathogenesis and host immunity, drug research, and vaccine effectiveness were the main research topics. The study of Mpox transmission mechanism combined with ecology and artificial intelligence-based diagnostic methods are emerging research directions. Bibliometric analysis of Mpox studies enables researchers to efficiently identify research landscapes and emerging trends, providing critical references for countries to effectively allocate research priorities and identify collaborative partners, offering valuable insights for formulating epidemic containment strategies.",Mpox; bibliometrics; knowledge map; public health; visual analysis
42050447,Secondary attack rates after mpox exposure in multiple settings during the 2022-2024 pandemic: a systematic review.,"Aiman El-Saed, Sarah Al-Fayez, Kholod AlAmeer, Mohammed Al Zunitan, Fatmah Othman, Fayssal Farahat, Tom Fletcher, Tochi Okwor, Hibak Mahamed, Hannah Hamilton Hurwitz, Victoria Willet, Majid M Alshamrani, April Baller",BMC infectious diseases. 2026. doi: 10.1186/s12879-026-13410-7..,El-Saed,BMC infectious diseases,2026,2026/04/28,,,10.1186/s12879-026-13410-7,"BACKGROUND: Estimating secondary attack rates is essential for assessing the spread potential of mpox during an outbreak. The objective of the study was to assess secondary attack rates after mpox exposure in multiple settings worldwide. METHODS: A systematic review was conducted for studies published between May 2022 and September 2024 and reporting mpox exposure data. The levels and types of exposure were defined as per the study description. RESULTS: A total of 62 studies including 8712 mpox exposures were included. Out of 8712 exposures, 239 were associated with mpox infection (secondary attack rate of 2.74%). The rates were highest in household setting (4.02%), intermediate in congregate/community setting (2.50%), and lowest in healthcare setting (0.81%). The rates were highest in the African region (8.00%), intermediate in the European region (4.23%), and lowest in the American region (1.10%). Clade data were available in 17 (27.42%) studies; mainly clade IIb (15 studies) and to less extent clades Ia and Ib (one study each). Secondary attack rates were higher among individuals reporting sexual contact (11.35%) compared with non-sexual contact (1.34%, p < 0.001). Non-sexual contact exposures (83.17%) were more frequent (p < 0.001) than sexual contact exposures (13.66%, p < 0.001). CONCLUSIONS: The overall mpox secondary attack rate in the published data from the 2022-2024 multi-country outbreak is relatively low (< 3%). While exposures involving non-sexual contact were more prevalent in all settings, sexual contact was responsible for the majority of secondary infections in household and congregate/community settings. The findings may guide mpox preventive and control activities in different settings. CLINICAL TRIAL: Not applicable.",Clade; Exposure; Mpox; Secondary attack rate; Systematic review
36532347,Epidemiology-based analysis of the risks and elimination strategies of the monkeypox outbreak in 2022.,"Ji-Ming Chen, Rui-Xu Chen, Huan-Yu Gong, Meng-Meng Zhao, Yu-Fei Ji, Ming-Hui Sun, Guo-Hui Li, Su-Mei Tan, Gui-Hong Zhang, Ji-Wang Chen",Frontiers in veterinary science. 2022. doi: 10.3389/fvets.2022.1064766..,Chen,Frontiers in veterinary science,2022,2022/11/30,,,10.3389/fvets.2022.1064766,"Human monkeypox, caused by monkeypox virus, has spread unprecedentedly to more than 100 countries since May 2022. Here we summarized the epidemiology of monkeypox through a literature review and elucidated the risks and elimination strategies of this outbreak mainly based on the summarized epidemiology. We demonstrated that monkeypox virus became more contagious and less virulent in 2022, which could result from the fact that the virus entered a special transmission network favoring close contacts (i.e., sexual behaviors of men who have sex with men outside Africa) and the possibility that the virus accumulated a few adaptive mutations. We gave the reasons to investigate whether cattle, goats, sheep, and pigs are susceptible to monkeypox virus and whether infection with monkeypox virus could be latent in some primates. We listed six potential scenarios for the future of the outbreak (e.g., the outbreak could lead to endemicity outside Africa with increased transmissibility or virulence). We also listed multiple factors aiding or impeding the elimination of the outbreak. We showed that the control measures strengthened worldwide after the World Health Organization declared the outbreak a public health emergency of international concern (PHEIC) could eliminate the outbreak in 2022. We clarified eight strategies, i.e., publicity and education, case isolation, vaccine stockpiling, risk-based vaccination or ring vaccination, importation quarantine, international collaboration, and laboratory management, for the elimination of the outbreak.",elimination; epidemiology; monkeypox; outbreak; prediction; risk
41023733,Gaps in the global health research landscape for mpox: an analysis of research activities and existing evidence.,"Rodrigo Furst, Emilia Antonio, Marieke de Swart, Isabel Foster, Johannes Paolo Cerrado, Zaharat Kadri-Alabi, Susan Khader Ibrahim, Lauren Ashley, Duduzile Ndwandwe, Louise Sigfrid, Alice Norton",BMC medicine. 2025. doi: 10.1186/s12916-025-04350-1..,Furst,BMC medicine,2025,2025/09/29,,,10.1186/s12916-025-04350-1,"BACKGROUND: Since December 2022, human cases of mpox in the Democratic Republic of the Congo (DRC) have risen at unprecedented rates. We identified a need for systematic mapping of the active research landscape and evidence, assessing their alignment with both local and global research priorities, to inform urgently needed research investments to support response efforts. METHODS: We conducted a mapping review of global research funding and international clinical trial registries and established a systematic rapid research needs appraisals platform to identify existing evidence gaps on mpox research. We analysed the alignment of these to established research categories and both local and globally identified mpox-specific research priorities. RESULTS: We identified 124 ongoing mpox research grants, 79 registered trials and 415 published studies. Most grants (85.0%, n = 105/124), clinical trials (49.3%, n = 39/79) and primary studies (57.7%, n = 205/355) were conducted in high-income countries, with most evidence published in response to the 2022 clade II global mpox outbreaks. Research funding has been focussed on vaccine and therapeutic pre-clinical development. Key gaps remain in both ongoing research and evidence relating to clinical characterisation among populations at risk, clinical trials on effective medical countermeasures specific to clade I, social sciences, health systems research, and healthcare and community protection. CONCLUSIONS: Our findings highlight persistent research gaps related to mpox clade Ib, particularly the limited knowledge on its characteristics and a lack of ongoing efforts to develop effective medical countermeasures, posing a risk to control efforts. Aligning research and investments to locally and globally identified research priorities and evidence gaps will help support national, regional and international responses to prevent transmission and improve outcomes.",Mpox; Research funding; Research gaps; Research prioritisation
36573234,Treatment of ocular-involving monkeypox virus with topical trifluridine and oral tecovirimat in the 2022 monkeypox virus outbreak.,"Brittany Perzia, Despoina Theotoka, Katie Li, Emily Moss, Mitchelle Matesva, Mohsain Gill, Mercy Kibe, Jessica Chow, Stephanie Green",American journal of ophthalmology case reports. 2022. doi: 10.1016/j.ajoc.2022.101779..,Perzia,American journal of ophthalmology case reports,2023,2022/12/13,,,10.1016/j.ajoc.2022.101779,"PURPOSE: To report a case of ocular involving monkeypox infection in the United States during the 2022 outbreak, and to review the literature regarding its clinical manifestations and management known to date. OBSERVATIONS: A 36-year-old man with well controlled HIV presented to the emergency department with anal pain, diffuse rash, right eye pain, and right eye redness after he tested positive for monkeypox one week prior. Ocular examination showed bilateral periorbital vesicular lesions, right eye conjunctival injection, and a single white plaque on his right medial bulbar conjunctiva. Macular, vesicular, and pustular lesions were noted throughout his body, including the genital and perianal region. His ocular and systemic symptoms completely resolved after treatment with a ten-day course of 1% trifluridine and moxifloxacin drops in both eyes, as well as two weeks of oral tecovirimat. CONCLUSION AND IMPORTANCE: In July of 2022, monkeypox virus was declared a global health emergency by the World Health Organization; however, there are no standard guidelines for monkeypox treatment. Data on its clinical presentation and course, especially pertaining to ocular manifestations, is limited. We highlight the importance of recognizing ophthalmic manifestations of monkeypox virus and a possible therapeutic approach to help guide the management of these patients.","ART, Antiretroviral therapy; CDC, Centers for Disease Control and Prevention; Conjunctival lesion; Conjunctivitis; MPV, Monkeypox virus; Monkeypox virus; OCT, Optical coherence tomography; OD, right eye; OS, left eye; OSSN, Ocular surface squamous neoplasia; OU, both eyes; Ocular manifestations; PCP, Primary care physician; STI, Sexually transmitted infection; VIG, Vaccinia immune globulin"
41050464,Mpox in pregnancy: Clinical management and preparedness for a clade I outbreak.,"Jennifer Bisland, Paul T-Y Ayuk",Case reports in women's health. 2025. doi: 10.1016/j.crwh.2025.e00710..,Bisland,Case reports in women's health,2025,2025/04/22,,,10.1016/j.crwh.2025.e00710,,Clade I; Clade II; Infection; Mpox; Orthopoxvirus; Pandemic; Pregnancy
37288174,Clinical and Epidemiological Interventions for Monkeypox Management in Children: A Systematic Review.,"Viral Maru, Usama Bin Ghaffar, Anurag Rawat, Mohammed Yunus, Akshayraj K Langaliya, Shubhangi Vyas, Dhaval Mehta, Akshaya Ojha",Cureus. 2023. doi: 10.7759/cureus.38521..,Maru,Cureus,2023,2023/05/04,,,10.7759/cureus.38521,"This review aims to compile the available literature on monkeypox, identify risk factors for developing the disease, and recommend effective preventative methods to reduce the number of reported cases and fatalities in children and pregnant women. In seeking out pertinent studies on monkeypox virus in children and pregnant women, we searched the literature using the databases Cochrane Library, Google Scholar, PubMed, EMBASE, Web of Science, and Scopus up to 1st February 2023. This study analyzed data from case studies of monkeypox in children and pregnant women. Clinical data and test findings of monkeypox patients less than 18 years old and pregnant women were analyzed. The Newcastle-Ottawa Scale was used to do the quality evaluation. Our record examination spanned the years 1985 to 2023 and found 17 children and five pregnant female patients treated with monkeypox in various hospitals/community centers. Zaire, Gabon, Chicago, Sierra Leone, Central African Republic, Northern DR Congo, Liberia, Cameroon, the Democratic Republic of the Congo, the United Kingdom, the Netherlands, and Florida all contributed to the 14 studies analyzed. There were no studies identified for meta-analysis of selected case studies of hospitalized children and pregnant women who were diagnosed with monkeypox. The incidence, prevalence, clinical characteristics, diagnosis, management, prevention, vaccinations, infant care, and care for expectant mothers are all discussed in this systematic review of monkeypox in children. Our research findings may provide a foundation for further focused research and the development of related recommendations or guidelines.",a systematic review; children; intervention; management; monkey pox
40858338,"Mpox containment strategies in China, 2022-2023: from preparedness to legal management.","Weijing Shang, Jun Yan, Hongbin Zhang, Wannian Liang, Jue Liu, Min Liu",BMJ global health. 2025. doi: 10.1136/bmjgh-2025-019279..,Shang,BMJ global health,2025,2025/08/26,,,10.1136/bmjgh-2025-019279,"WHO declared mpox a Public Health Emergency of International Concern on 23 July 2022. China experienced the first imported case in September 2022, the first local case in May 2023, indigenous clustered outbreaks in June to August 2023 and finally has achieved routine management since September 2023. We designed a conceptual framework through literature review and theoretical underpinnings according to the risk management theory and Chinese mpox control practice, with the strategy and measures evolution of the mpox control in China over time from the stages of risk preparedness, emergency response and management, to routine report and management. Overall, China proactively takes strategies and measures ranging from risk preparedness to emergency response of imported cases, and finally controls the cross-border importation and local outbreaks of mpox. Notably, risk management was performed in the whole process of mpox response through HIV/AIDS service system. The imported case in September 2022 did not cause local transmission or aggregated outbreaks. The indigenous cases and clustered outbreaks in June 2023 did not result in three-generation transmission. Since September 2023, less than 100 cases per month and zero aggregated outbreaks were reported nationwide. As of 31 December 2023, the cumulative incidence per million population in China (1.202) was much lower than that in some European and American countries, such as Spain (161.780), Germany (45.633) and the USA (93.340). China has maintained a low mpox incidence rate through early surveillance, mandatory case reporting and prompt treatment. These measures effectively curbed large-scale transmission among high-risk groups. Additionally, the country's vast population size creates a larger denominator, which may further contribute to the lower observed prevalence. However, China still faces challenges, including low case linkage (<15%), under-reporting due to privacy concerns and unclear infection sources in 94 of 99 aggregated outbreaks. Thus, how to accurately trace infection sources and manage close contacts is a significant obstacle in China. Additionally, how to address stigmatisation and rapidly develop vaccines and medicines remains a problem to be solved in China. In summary, China demonstrates a practical example of mpox risk management, which may provide valuable experience for the other countries and regions with mpox epidemics.",Control strategies; Public Health
40592441,Assessing the influence of HIV on the spread of Mpox disease.,"Arsène Jaurès Ouemba Tassé, Yibetal Terefe, Jean Lubuma",Mathematical biosciences. 2025. doi: 10.1016/j.mbs.2025.109499..,Ouemba,Mathematical biosciences,2025,2025/06/29,,,10.1016/j.mbs.2025.109499,"Mpox, originating primarily in African rodents, has led to human outbreaks over recent years. This study presents a mathematical model for Mpox, distinguishing between individuals with and without HIV who are susceptible. We explore scenarios involving both rodent-to-human transmission and those without it. In the absence of this transmission route, the model undergoes a backward bifurcation, suggesting that reducing the basic reproduction number below one would not eliminate the disease unless further control strategies are used. With the account of rodent-to-human transmission, if Mpox is endemic in the rodent population, a unique interior equilibrium, globally asymptotically stable, exists, requiring targeted interventions like quarantine or vaccination for people with HIV (PWH) for disease control. Model validation using USA case data (May 2022-July 2024) shows that both human-to-human and rodent-to-human transmissions prevail in the population, but the disease is not endemic. Projections indicate that the outbreak will be overcome by May 2027, with a total of 35,811 cases. We design a nonstandard finite difference (NSFD) scheme which is dynamically consistent with respect to the qualitative properties of the continuous model. Numerical simulations demonstrate that reducing the recruitment rate of PWH is essential, and rodent-to-human transmission is identified as highly influential in increasing the number of Mpox cases.",Model calibration; Mpox; Nonstandard finite difference scheme; People infected with HIV; Stability of Equilibria; Target reproduction number
36249992,Monkeypox 2022 Identify-Isolate-Inform: A 3I Tool for frontline clinicians for a zoonosis with escalating human community transmission.,"Kristi L Koenig, Christian K Beÿ, Aileen M Marty","One health (Amsterdam, Netherlands). 2022. doi: 10.1016/j.onehlt.2022.100410..",Koenig,"One health (Amsterdam, Netherlands)",2022,2022/06/24,,,10.1016/j.onehlt.2022.100410,"Monkeypox 2022, a zoonotic virus similar to smallpox, presented as a rapidly escalating human outbreak with community transmission outside endemic regions of Africa. In just over one month of detection, confirmed cases escalated to over 3300, with reports of patients in at least 43 non-African nations. Mechanisms of transmission in animals and the reservoir host remain uncertain; spread from humans to wild or domestic animals risks the creation of new endemic zones. While initial cases were reported in men who have sex with men (MSM), monkeypox is not considered a sexually transmitted infection. Anyone with close contact with an infected person, aerosolized infectious material (e.g., from shaken bedsheets), or contact with fomites or infected animals is at risk. In humans, monkeypox typically presents with a non-specific prodromal phase followed by a classic rash with an incubation period of 5-21 days (usually 6-13 days). The prodrome may be subclinical, and the monkeypox virus may be transmissible from person-to-person before observed symptom onset. Most clinicians are unfamiliar with monkeypox. Information is rapidly evolving, producing an urgent need for immediate access to clear, concise, fact-based, and actionable information for frontline healthcare workers in prehospital, emergency departments/hospitals, and acute care/sexual transmitted infection clinics. This paper provides a novel Identify-Isolate-Inform (3I) Tool for the early detection and management of patients under investigation for monkeypox 2022. Patients are identified as potentially exposed or infected after an initial assessment of risk factors and signs/symptoms. Management of exposed patients includes consideration of quarantine and post-exposure prophylaxis with a smallpox vaccine. For infectious patients, providers must immediately don personal protective equipment and isolate patients. Healthcare workers must report suspected and confirmed cases in humans or animals to public health authorities. This innovative 3I Tool will assist emergency, primary care, and prehospital clinicians in effectively managing persons with suspected or confirmed monkeypox.",3I; Climate change; Clinical; Identify-isolate-inform; Monkeypox; Orthopox virus; Outbreak; Prodrome; Quarantine; Rash; Smallpox; Transmission; Worldwide; Zoonotic virus
37312961,MonDiaL-CAD: Monkeypox diagnosis via selected hybrid CNNs unified with feature selection and ensemble learning.,Omneya Attallah,Digital health. 2023. doi: 10.1177/20552076231180054..,Attallah,Digital health,2023,2023/06/04,,,10.1177/20552076231180054,"OBJECTIVE: Recently, monkeypox virus is slowly evolving and there are fears it will spread as COVID-19. Computer-aided diagnosis (CAD) based on deep learning approaches especially convolutional neural network (CNN) can assist in the rapid determination of reported incidents. The current CADs were mostly based on an individual CNN. Few CADs employed multiple CNNs but did not investigate which combination of CNNs has a greater impact on the performance. Furthermore, they relied on only spatial information of deep features to train their models. This study aims to construct a CAD tool named ""Monkey-CAD"" that can address the previous limitations and automatically diagnose monkeypox rapidly and accurately. METHODS: Monkey-CAD extracts features from eight CNNs and then examines the best possible combination of deep features that influence classification. It employs discrete wavelet transform (DWT) to merge features which diminishes fused features' size and provides a time-frequency demonstration. These deep features' sizes are then further reduced via an entropy-based feature selection approach. These reduced fused features are finally used to deliver a better representation of the input features and feed three ensemble classifiers. RESULTS: Two freely accessible datasets called Monkeypox skin image (MSID) and Monkeypox skin lesion (MSLD) are employed in this study. Monkey-CAD could discriminate among cases with and without Monkeypox achieving an accuracy of 97.1% for MSID and 98.7% for MSLD datasets respectively. CONCLUSIONS: Such promising results demonstrate that the Monkey-CAD can be employed to assist health practitioners. They also verify that fusing deep features from selected CNNs can boost performance.",Monkeypox disease; computer-aided diagnosis; deep learning; ensemble classification; feature selection
41451739,"A syndemic approach to tackling the complexities of mpox, COVID-19 resurgence and seasonal wildfires in Greece.","Islam Kourampi, Christos Tsagkaris",Eastern Mediterranean health journal = La revue de sante de la Mediterranee orientale = al-Majallah al-sihhiyah li-sharq al-mutawassit. 2025. doi: 10.26719/2025.31.10.538..,Kourampi,Eastern Mediterranean health journal = La revue de sante de la Mediterranee orientale = al-Majallah al-sihhiyah li-sharq al-mutawassit,2025,2025/12/07,,,10.26719/2025.31.10.538,,COVID-19; Greece; epidemic; health emergency; mpox; natural disaster; syndemic; wildfire
36147163,Monkeypox: Potentially another pandemic or a mere hoax?,"Sajeel Saeed, Haroon Shabbir, Jawad Basit, Mohammad Ebad Ur Rehman",Annals of medicine and surgery (2012). 2022. doi: 10.1016/j.amsu.2022.104364..,Saeed,Annals of medicine and surgery (2012),2022,2022/08/18,,,10.1016/j.amsu.2022.104364,"Monkeypox is a vesicular, pustular illness caused by an orthopox virus. It has remained endemic to the Central and West African regions for the past four decades, with only a few outbreaks outside these regions. It is mainly transmitted by direct skin to skin with an infected individual who has developed pustules. Recently there have been major outbreaks in about fourteen countries of the world, and over nine hundred people have been infected. This short summary gives a review about the epidemiology, history, virulence, symptoms and prevention of Monkeypox, while addressing a major question that the general public has right now: ""Will Monkeypox turn into the next global pandemic?"".",
5303409,Smallpox and monkeypox in non-human primates.,"I Arita, D A Henderson",Bulletin of the World Health Organization. 1968.,Arita,Bulletin of the World Health Organization,1968,1968/01/01,,,,"In considering global eradication of smallpox the absence of an animal reservoir is important. Present knowledge of experimental infection of non-human primates with variola virus and of a related virus infection in monkeys, termed monkeypox, is examined.From the literature review and the results of a survey of captive monkeys in 26 major biological institutions it is concluded that outbreaks of supposed smallpox and monkeypox are not frequent and that man may be comparatively insusceptible to monkeypox. A natural reservoir of smallpox in non-human primates is thought to be unlikely although further studies are warranted since the survey reveals that certain species of monkeys can be infected with smallpox and that infected monkeys can transmit infection to others.",[MeSH] Animals; [MeSH] Hominidae; [MeSH] Monkey Diseases; [MeSH] Smallpox; [MeSH] Vaccinia virus
36345492,Monkeypox Virus Infections.,Kurt D Reed,Perspectives in medical virology. 2006. doi: 10.1016/S0168-7069(06)16007-3..,Reed,Perspectives in medical virology,2006,2006/11/28,,,10.1016/S0168-7069(06)16007-3,"Monkeypox is an uncommon viral zoonosis caused by the monkeypox virus (MPV), a member of the genus Orthopoxvirus. MPV is a large, complex, double-stranded DNA virus of the chordopoxvirus family. MPV is endemic in central and western Africa and is a classic zoonosis acquired through contact with infected rodents and squirrels. Observational studies of human monkeypox in central and western Africa have revealed that MPV infection has an incubation period of 10-14 days and a period of infectivity during the first week of rash. MPV enters the body through skin abrasions, the upper respiratory tract mucosa, or by ingestion. During primary viremia, the virus migrates to regional lymph nodes and then disseminates throughout the body. Vaccination with vaccinia virus (smallpox vaccine) is highly protective (around 85%) against MPV infection. Post-exposure smallpox vaccination is indicated for persons who are at high risk of MPV infection, including those investigating animal or human monkeypox cases, health care workers caring for infected patients, and laboratory workers who handle specimens that may contain MPV.",
37189603,A Transfer Learning Approach for Clinical Detection Support of Monkeypox Skin Lesions.,"Maram Fahaad Almufareh, Samabia Tehsin, Mamoona Humayun, Sumaira Kausar","Diagnostics (Basel, Switzerland). 2023. doi: 10.3390/diagnostics13081503..",Almufareh,"Diagnostics (Basel, Switzerland)",2023,2023/04/21,,,10.3390/diagnostics13081503,"Monkeypox (MPX) is a disease caused by monkeypox virus (MPXV). It is a contagious disease and has associated symptoms of skin lesions, rashes, fever, and respiratory distress lymph swelling along with numerous neurological distresses. This can be a deadly disease, and the latest outbreak of it has shown its spread to Europe, Australia, the United States, and Africa. Typically, diagnosis of MPX is performed through PCR, by taking a sample of the skin lesion. This procedure is risky for medical staff, as during sample collection, transmission and testing, they can be exposed to MPXV, and this infectious disease can be transferred to medical staff. In the current era, cutting-edge technologies such as IoT and artificial intelligence (AI) have made the diagnostics process smart and secure. IoT devices such as wearables and sensors permit seamless data collection while AI techniques utilize the data in disease diagnosis. Keeping in view the importance of these cutting-edge technologies, this paper presents a non-invasive, non-contact, computer-vision-based method for diagnosis of MPX by analyzing skin lesion images that are more smart and secure compared to traditional methods of diagnosis. The proposed methodology employs deep learning techniques to classify skin lesions as MPXV positive or not. Two datasets, the Kaggle Monkeypox Skin Lesion Dataset (MSLD) and the Monkeypox Skin Image Dataset (MSID), are used for evaluating the proposed methodology. The results on multiple deep learning models were evaluated using sensitivity, specificity and balanced accuracy. The proposed method has yielded highly promising results, demonstrating its potential for wide-scale deployment in detecting monkeypox. This smart and cost-effective solution can be effectively utilized in underprivileged areas where laboratory infrastructure may be lacking.",IoT; artificial intelligence; computer-aided diagnosis; deep learning; monkeypox; skin lesion detection; transfer learning
41654382,Tecovirimat hepatotoxicity in a man with Mpox infection.,"Diana Ruiz-Cabrera, Francisco Montoya, Joaquín Sáez-Peñataro, José Riera, Pablo Manuel Vargas, Ester López-Suñé, María López-Pont, Marina Martinez-Illán, Alba Catala, Montse Tuset, Irene Fuertes, Xavier Forns, Jose Luis Blanco",Enfermedades infecciosas y microbiologia clinica (English ed.). 2026. doi: 10.1016/j.eimce.2026.503030..,Ruiz-Cabrera,Enfermedades infecciosas y microbiologia clinica (English ed.),2026,2026/02/01,,,10.1016/j.eimce.2026.503030,"INTRODUCTION: In the context of the global Mpox outbreak from 2022 to 2024, tecovirimat has been widely used for Mpox treatment, initially demonstrating good tolerance and low toxicity. However, recent studies suggest limited efficacy in reducing Mpox lesions. METHODS: We present the first reported case of significant hepatocellular injury associated with tecovirimat in a patient with Mpox. Pharmacovigilance databases were reviewed to identify any previously reported cases and a literature review was conducted to support the plausibility of this adverse drug reaction. RESULTS: A 53-year-old man without HIV infection presented with Mpox involving mucocutaneous lesions and suspected encephalitis. Forty-eight hours after initiating tecovirimat, a two-fold increase in liver enzymes was observed. After one week, peak values were recorded: AST 881U/L, ALT 656U/L, and LDH 1011U/L. By the third week, thrombocytopenia (nadir 106,000/mm3) and prolonged prothrombin time (lowest value 55.3%) developed, consistent with moderate liver injury per the US DILIN severity index. Tecovirimat was discontinued on day 7 due to suspected drug-induced liver injury. A thorough evaluation ruled out alternative causes of hepatic damage. Following discontinuation, liver function tests gradually improved, and by week six post-initiation, complete resolution of hepatocellular injury and liver dysfunction was achieved without sequelae. CONCLUSIONS: This case highlights the need for caution when prescribing tecovirimat, particularly given its uncertain clinical efficacy, and stresses the importance of close monitoring for potential hepatotoxic effects.",Hepatotoxicidad; Hepatotoxicity; Mpox; Tecovirimat
37154755,Whole-Genome Sequence of a Human Monkeypox Virus Strain Detected in Egypt.,"Wael H Roshdy, Rabeh El-Shesheny, Yassmin Moatasim, Mina N Kamel, Shaymaa Showky, Mokhtar Gomaa, Amel Naguib, Nancy El Guindy, Manal Fahim, Mohamed Khalifa, Ramy Galal, Mohamed Hassany, Ahmed Kandeil, Mohamed A Ali, Amr Kandeel",Microbiology resource announcements. 2023. doi: 10.1128/mra.00006-23..,Roshdy,Microbiology resource announcements,2023,2023/05/08,,,10.1128/mra.00006-23,"Monkeypox virus has recently been detected in multiple countries. Two cases of monkeypox virus were reported in Egypt as part of an ongoing international outbreak. We report the whole-genome sequence of a monkeypox virus that was retrieved from the first confirmed case in Egypt. The virus was fully sequenced on the Illumina platform, and phylogenetic analysis demonstrated that the current monkeypox strain is closely related to clade IIb, which caused recent multicountry outbreaks.",
40934520,"Mpox Among Pregnant Women and Their Infants in the U.S. Outbreak, 2022-2023.","Nicole M Roth, Hailee M Hutcherson, K Meryl Davis, Khue Nguyen, Hanvit Oh, Suzanne M Newton, Varsha Neelam, Emily O Olsen, Anthony Merriweather, Teri' Willabus, Umme-Aiman Halai, Grace Lee, Joyce Chou, Erin Ricketts, Kathryn Aveni, Amanda Shinall, Ayomide Sokale, Marco Tori, Rose Devasia, Andrea M McCollum, Victoria Shelus, Patricia A Yu, Yon Yu, Van T Tong, Alison Fountain, Dana Meaney-Delman",Obstetrics and gynecology. 2025. doi: 10.1097/AOG.0000000000006072..,Roth,Obstetrics and gynecology,2026,2025/09/12,,,10.1097/AOG.0000000000006072,"OBJECTIVE: To describe pregnancy and treatment outcomes among pregnant and recently pregnant women with mpox and their infants reported during the clade II mpox outbreak in the United States. METHODS: Maternal, pregnancy, and infant outcomes related to mpox were monitored through the use of the enhanced methods of SET-NET (Surveillance for Emerging Threats to Mothers and Babies Network), a pregnant woman-infant-linked surveillance program. Thirteen state and local health departments collected data on pregnant or recently pregnant women with laboratory-confirmed mpox reported during August 1-December 31, 2022. Demographics, maternal health history, laboratory results, treatment, and pregnancy and infant outcomes were abstracted from medical records and linked data sources such as birth certificate data and Investigational New Drug registries. RESULTS: Twenty-six pregnant or recently pregnant women with mpox in the United States were reported to the Centers for Disease Control and Prevention. Trimester of infection was known for 23 women: six (24.0%) infections occurred in the first trimester, nine (36.0%) in the second trimester, and eight (32.0%) in the third trimester. Among 23 pregnant women with known outcome, 19 had live births, three of whom delivered preterm, and four had pregnancy losses. Fourteen pregnant women received tecovirimat to treat mpox under an Investigational New Drug protocol with no adverse effects reported. Two neonates were diagnosed with mpox within 2 weeks of life; in these cases, the mothers tested positive for mpox at 2 and 12 days after delivery. Both neonates received tecovirimat, and one neonate also received vaccinia immune globulin intravenous. No adverse effects were reported after neonatal tecovirimat administration except for a suspected drug-related rash in one neonate. The association between tecovirimat and outcomes could not be evaluated because of insufficient sample size. CONCLUSION: In this descriptive report of pregnant and recently pregnant women with clade II mpox, there were no adverse maternal outcomes. Two neonates were diagnosed with mpox among 23 pregnancies with known outcomes. There were no reported adverse events related to tecovirimat administration in pregnant mothers.","[MeSH] Humans; [MeSH] Female; [MeSH] Pregnancy; [MeSH] United States; [MeSH] Adult; [MeSH] Pregnancy Complications, Infectious; [MeSH] Infant, Newborn; [MeSH] Disease Outbreaks; [MeSH] Young Adult; [MeSH] Pregnancy Outcome"
36147218,The band-aid sign: A clue to monkeypox diagnosis in susceptible populations.,"Jesús García-Silva, Petunia Clavo Escribano",JAAD international. 2022. doi: 10.1016/j.jdin.2022.08.007..,García-Silva,JAAD international,2022,2022/08/24,,,10.1016/j.jdin.2022.08.007,,band-aids; clinical pearl; diagnosis; epidemic; monkeypox; sexually transmitted diseases
27191380,Extended Human-to-Human Transmission during a Monkeypox Outbreak in the Democratic Republic of the Congo.,"Leisha Diane Nolen, Lynda Osadebe, Jacques Katomba, Jacques Likofata, Daniel Mukadi, Benjamin Monroe, Jeffrey Doty, Christine Marie Hughes, Joelle Kabamba, Jean Malekani, Pierre Lokwa Bomponda, Jules Inonga Lokota, Marcel Pie Balilo, Toutou Likafi, Robert Shongo Lushima, Benoit Kebela Ilunga, Frida Nkawa, Elisabeth Pukuta, Stomy Karhemere, Jean-Jacques Muyembe Tamfum, Beatrice Nguete, Emile Okitolonda Wemakoy, Andrea M McCollum, Mary G Reynolds",Emerging infectious diseases. 2016. doi: 10.3201/eid2206.150579..,Nolen,Emerging infectious diseases,2016,2016/06/01,,,10.3201/eid2206.150579,"A >600% increase in monkeypox cases occurred in the Bokungu Health Zone of the Democratic Republic of the Congo during the second half of 2013; this increase prompted an outbreak investigation. A total of 104 possible cases were reported from this health zone; among 60 suspected cases that were tested, 50 (48.1%) cases were confirmed by laboratory testing, and 10 (9.6%) tested negative for monkeypox virus (MPXV) infection. The household attack rate (i.e., rate of persons living with an infected person that develop symptoms of MPXV infection) was 50%. Nine families showed >1 transmission event, and >6 transmission events occurred within this health zone. Mean incubation period was 8 days (range 4-14 days). The high attack rate and transmission observed in this study reinforce the importance of surveillance and rapid identification of monkeypox cases. Community education and training are needed to prevent transmission of MPXV infection during outbreaks.",Africa; Democratic Republic of the Congo; animal diseases; incubation; monkeypox; monkeypox virus; orthopoxvirus; transmission; viruses; zoonosis
35990781,Reverse zoonosis and monkeypox: Time for a more advanced global surveillance system for emerging pathogens.,"Arya Afrooghe, Amirmasoud Rayati Damavandi, Elham Ahmadi",New microbes and new infections. 2022. doi: 10.1016/j.nmni.2022.101013..,Afrooghe,New microbes and new infections,2022,2022/07/16,,,10.1016/j.nmni.2022.101013,,Emerging pathogens; global surveillance; monkeypox; pandemic preparedness; reverse zoonosis
36218112,Artificial intelligence (AI) in Monkeypox infection prevention.,"Mitesh Patel, Malvi Surti, Mohd Adnan",Journal of biomolecular structure & dynamics. 2022. doi: 10.1080/07391102.2022.2134214..,Patel,Journal of biomolecular structure & dynamics,2023,2022/10/11,,,10.1080/07391102.2022.2134214,"Monkeypox is a possible public health concern that requires appropriate attention in order to prevent the spread of the disease. Currently, artificial intelligence (AI) is making a significant impact on precision medicine, reshaping and integrating the large amount of data derived from multiomics analyses and revolutionizing the deep-learning strategies. There has been a significant progress in the use of AI to detect, screen, diagnose, and classify diseases, characterize virus genomes, assess biomarkers for prognostic and predictive purposes, and develop follow-up strategies. Hence, it is possible to use AI for the identification of disease clusters, cases monitoring, forecasting the future outbreak, determining mortality risk, diagnosing, managing, and identifying patterns for studying disease trends. AI may also be utilized to assist gene therapy and other therapies that we are not currently able to use in healthcare. It is possible to combine pharmacology and gene therapy with regenerative medicine with the help of AI. It will directly benefit the public in overcoming fear and panic of health risks. Therefore, AI can be an effective weapon to fight against Monkeypox infection, and may prove to be an invaluable future tool in improving the clinical management of patients. Key Points: Emergence and spread of the Monkeypox virus is a new public health crisis; threatening the world. This opinion piece highlights the urgently required information for immediate delivery of solutions on controlling and monitoring the spread of Monkeypox infection through Artificial IntelligenceCommunicated by Ramaswamy H. Sarma.",Artificial intelligence; Monkeypox infection; epidemic; infectious diseases; outbreak
41674777,"Monkeypox in Healthcare Settings: A Narrative Review of Transmission, Exposure, and Protection Among Healthcare Workers.","Haseeb Mehmood Qadri, Saad Abdullah Dar, Amara Gondal, Hafiz Sohail Ahmad, Maira Jabbar Chaudhry, Salamat Ali, Shiza Rashid, Saqiba Khan, Syeda Gul E Zehra Zaidi, Nusrat Fatima",Cureus. 2026. doi: 10.7759/cureus.101286..,Mehmood,Cureus,2026,2026/01/11,,,10.7759/cureus.101286,"Monkeypox, caused by an Orthopoxvirus, poses a significant occupational risk to healthcare workers due to their frequent contact with infected patients and contaminated materials. This risk is increased by potential lapses in infection control protocols in hospitals, such as a lack of personal protective equipment (PPE), improper hand hygiene, and other issues, making hospitals a key site for occupational transmission of monkeypox. The objective of the study was to evaluate monkeypox transmission among healthcare workers and identify critical preventive strategies. A comprehensive literature search was conducted using PubMed, focusing on case reports and series published between 2000 and 2024. Eight studies comprising seven case reports and one case series, documenting a total of nine patients, were selected based on predefined inclusion criteria. Data regarding transmission routes, risk factors, and preventive measures were extracted and analyzed. The primary mode of monkeypox transmission among healthcare workers was percutaneous exposure, notably from needlestick injuries during the care of patients with active lesions. Fomite exposure accounted for 22.22% (2) of cases, highlighting the risk posed by contaminated surfaces and medical equipment. Respiratory transmission was suspected in some cases, though conclusive evidence remains limited. Key risk factors included inadequate use of PPE and breaches in infection control protocols. Post-exposure vaccination was administered to 33.33% (3) of patients, and post-exposure medication was given to 66.66% (6) of patients. Although respiratory transmission is not evident, asymptomatic or mildly symptomatic individuals may contribute to disease transmission. This highlights the need for improved surveillance and enhanced infection control protocols, including PPE utilization, hand hygiene, and avoidance of needlestick injuries. Post-exposure vaccination and antiviral treatment of exposed individuals effectively curb the spread of monkeypox.",hand hygiene; health personnel; humans; monkeypox; needlestick injuries; vaccination
40924172,Mpox Awareness and Vaccine Acceptability Among Transgender Women and Men Who Have Sex With Men in India: Predictors and Implications for Outbreak Preparedness.,"Venkatesan Chakrapani, Aleena Sebastian, Julian Lamborlem Roy Jyrwa, Jasvir Kaur, Ruban Nelson, Murali Shunmugam, Mahalingam Periasamy, Viraj V Patel",Sexually transmitted diseases. 2025. doi: 10.1097/OLQ.0000000000002242..,Chakrapani,Sexually transmitted diseases,2026,2025/09/09,,,10.1097/OLQ.0000000000002242,"BACKGROUND: Men who have sex with men (MSM) and transgender women (TGW) are at elevated mpox risk; vaccination can greatly reduce that risk. We assessed mpox awareness and vaccine acceptability among MSM and TGW. METHODS: In 2022, hybrid-mode (offline/online) surveys were administered among 250 MSM and 251 TGW in Chennai, India. Robust Poisson regression models were used to identify predictors of mpox awareness and vaccine acceptability. RESULTS: Participants' mean age was 29.1 years; the mean monthly income was 192 in US dollars. More than half (54.5%) had a college/diploma degree, 29% of MSM and 90% of TGW reported engaging in sex work in the past month, and 49% of MSM and 86% of TGW reported inconsistent condom use with male partners. Overall, 59% had heard of mpox; 37% knew of its high burden among MSM/TGW. Vaccine acceptability was 36.7% (MSM, 53.6%; TGW, 19.9%). Mpox awareness was predicted by higher education (prevalence rate ratio [PRR], 1.18; P = 0.04), online recruitment (PRR, 1.28; P = 0.01), preexposure prophylaxis awareness (PRR, 1.30; P < 0.001), and more nonregular male sexual partners (PRR, 1.03 per 10-partner increment; P = 0.01). Mpox vaccine acceptability was positively associated with awareness about high mpox burden among MSM/TGW (PRR, 1.31; P = 0.04) and online recruitment mode (PRR, 1.52; P = 0.001), but negatively with depression (PRR, 0.68; P = 0.02) and inconsistent condom use (PRR, 0.68; P = 0.002). Transgender women were less willing than MSM (PRR, 0.43; P < 0.001). CONCLUSIONS: Suboptimal mpox awareness and vaccine acceptability among MSM and TGW highlight key vulnerabilities. Tailored, nonstigmatizing educational interventions delivered via community-based organizations, online platforms, and HIV services are needed to address informational and psychosocial barriers. For preparedness, enhancing equitable vaccine access and clinical vigilance may help strengthening India's mpox response.","[MeSH] Humans; [MeSH] Male; [MeSH] Adult; [MeSH] India; [MeSH] Transgender Persons; [MeSH] Female; [MeSH] Health Knowledge, Attitudes, Practice; [MeSH] Homosexuality, Male; [MeSH] Young Adult; [MeSH] Patient Acceptance of Health Care; [MeSH] Surveys and Questionnaires; [MeSH] Disease Outbreaks; [MeSH] Adolescent; [MeSH] Vaccination; [MeSH] Sexual and Gender Minorities; [MeSH] Sexual Partners; [MeSH] Sexually Transmitted Diseases"
41209600,"Mitigating the surge of mpox in Africa: capacity building through public outreach, sample and case management training for healthcare workers and veterinarians.","Michael Onyebuchi Iroezindu, Abdulwasiu Bolaji Tiamiyu, Zahra Folasade Parker, Danielle Bartolanzo, Edward Abayomi Akinwale, Melanie Diane McCauley, Lateefat Kikeloma Amao, Adeyinka Jeremy Adedeji, Usman Oladipo Adekanye, Fengming Hu, Chinelo Chidiogo Ekweremadu, Odianosen Ehiakhamen, Ikenna Onoh, Oladipo Ogunbode, Afolabi Akinpelu, Adama Ahmad, Adefunke Oladipo-Opashina, Petra Prins, Mihret Amare, Mamadou Bhoye Keita, Kaba Kourouma, Nathan Anelechi Elvis Okeji, Laura Chittenden, Kayvon Modjarrad, Trevor Adam Crowell, Natalie Denise Collins",The Pan African medical journal. 2025. doi: 10.11604/pamj.supp.2025.50.1.44476..,Iroezindu,The Pan African medical journal,2025,2025/04/09,,,10.11604/pamj.supp.2025.50.1.44476,"The global mpox outbreak and the current surge in Africa underscore the need for innovative epidemic preparedness/response strategies. We describe a comprehensive One Health capacity-building program for mpox response/control for healthcare workers (HCWs) and veterinarians in West Africa. The study design entailed prospective pre- and post-intervention assessments during a train-the-trainer program. Between March and October 2022, four mpox workshops were conducted for HCWs and veterinarians in Nigeria and Guinea. Additionally, two step-down trainings were conducted in Nigeria. Training modules comprised didactic and practical sessions on human and veterinary mpox epidemiology and management. Participants' knowledge of mpox was assessed with self-administered pre- and post-training questionnaires. A 5-point Likert scale was used to capture participants' feedback on eight training outcome parameters. Wilcoxon signed-rank test was used to assess differences between pre-training and post-training scores. Of all participants (152), 146 participants (96.1%) completed all training components, including 104 HCWs (71.2%) and 42 veterinarians (28.8%). Participants' median age (interquartile range, IQR) was 43.0 (36.0-49.0) years, with 99 males (67.8%). Participant scores on mpox knowledge assessments improved from pre-training to post-training (median 55.0% [IQR 45.0-60.0%] to 80.0% [70.0-90.0%], p<0.001). High post-training satisfaction was observed: 83.3% (85/102) strongly agreed that ""I am satisfied with the training event,"" while 64.1% (66/103) strongly agreed that ""training quality and content met my expectations."" Median scores improved during step-down trainings (N=66) from 65.0% (55.0-75.0%) at pre-training to 85.0% (75.0- 90.0%) post-training, p<0.0001. The train-the-trainer program successfully achieved its objectives and could serve as a model for regional/global mpox epidemic preparedness/response.",Epidemic; One Health; case management; mpox; public outreach
36250860,Complete Genome Sequence of Monkeypox Virus Strain MPXV-ROK-P1-2022 Isolated from the First Monkeypox Patient in the Republic of Korea.,"Chi-Hwan Choi, Jin Sun No, Jin-Won Kim, Minji Lee, Hwachul Shin, Myung-Min Choi, Hwajung Yi, Gi-Eun Rhie",Microbiology resource announcements. 2022. doi: 10.1128/mra.00853-22..,Choi,Microbiology resource announcements,2022,2022/10/17,,,10.1128/mra.00853-22,"We report the complete genome sequence of the monkeypox virus strain MPXV-ROK-P1-2022, isolated from the first patient diagnosed with monkeypox in the Republic of Korea in June 2022. The virus was fully sequenced on the Illumina MiSeq instrument, and the phylogenetic tree showed that the strain belongs to lineage B.1.1.",
36014051,Human Monkeypox: A Comprehensive Narrative Review and Analysis of the Public Health Implications.,"Francesco Di Gennaro, Nicola Veronese, Claudia Marotta, Jae Il Shin, Ai Koyanagi, Andrea Silenzi, Mario Antunes, Annalisa Saracino, Davide Fiore Bavaro, Pinar Soysal, Francesco Vladimiro Segala, Laurie Butler, Eugenio Milano, Mario Barbagallo, Yvonne Barnett, Christopher Parris, Emanuele Nicastri, Damiano Pizzol, Lee Smith",Microorganisms. 2022. doi: 10.3390/microorganisms10081633..,Di,Microorganisms,2022,2022/08/12,,,10.3390/microorganisms10081633,"Recently, numerous cases of monkeypox were reported from several non-endemic countries in Europe, North America, and Oceania, suggesting an unusual and alarming public health issue, particularly considering that the disease is not directly related to human or animal travels. Attention is currently being drawn to this phenomenon since more than 70% of the global population is no longer vaccinated against smallpox. Indeed, the smallpox vaccination also confers some indirect degree of protection against other poxviruses, including monkeypox. We performed a narrative review to describe the existing literature with regard to monkeypox using the MEDLINE, EMBASE, and Scopus databases. This review aims to provide updated evidence of findings on the epidemiology, clinical features, diagnosis, management, and prevention of monkeypox, also considering the concurrent zoonotic pandemic caused by the COVID-19 coronavirus, SARS-CoV-2.",epidemiology; monkeypox (MPX); smallpox; zoonotic pandemic
36557740,Ophthalmic Features and Implications of Poxviruses: Lessons from Clinical and Basic Research.,"Tolulope Fashina, Ye Huang, Joanne Thomas, Christopher D Conrady, Steven Yeh",Microorganisms. 2022. doi: 10.3390/microorganisms10122487..,Fashina,Microorganisms,2022,2022/12/15,,,10.3390/microorganisms10122487,"Amidst the ongoing monkeypox outbreak, global awareness has been directed towards the prevention of viral transmission and case management, with the World Health Organization declaring the outbreak a public health emergency of international concern. Monkeypox virus is one of several species in the Orthopoxvirus genus, with other species of the genus including the variola, cowpox, mousepox, camelpox, raccoonpox, skunkpox, and volepox viruses. Although the nomenclature of these species is based on the animal host from which they were originally isolated, transmission from animals to humans has been reported with several species. The progression of disease, following an incubation period, typically consists of a prodromal phase with systemic flu-like symptoms. Various organ systems may be affected in addition to the formation of pathognomonic skin lesions. As monkeypox poses a continued public health concern, the ophthalmic sequelae of monkeypox virus, especially those leading to vision loss, warrant consideration as well. This review provides a comprehensive summary of the ophthalmic implications of poxviruses in clinical and laboratory settings reported in the literature, as well as areas of unmet need and future research.",camelpox; ectromelia; emerging infectious diseases; monkeypox; orthopoxvirus; poxvirus; raccoonpox; skunkpox; smallpox; vaccinia; volepox
2845688,[Human monkey pox: its clinico-epidemiological characteristics].,"Z Jezek, L N Khodakevich, M V Szczeniowski","Zhurnal mikrobiologii, epidemiologii i immunobiologii. 1988.",Jezek,"Zhurnal mikrobiologii, epidemiologii i immunobiologii",1988,1988/06/01,,,,"During the course of the smallpox eradication programme, a new eruptive disease clinically resembling smallpox was discovered in Zaire. The disease, which was named monkeypox after the virus, is a zoonosis occurring sporadically in countries of western and central Africa with tropical rain forest. The studies carried out in Zaire from 1980 through 1985 showed that monkeypox affects mainly children in relatively small remote villages whose population has traditionally frequent contacts with wild animals. Apart from the wildlife, the virus can be transmitted from man to man, but among other sources of infection sick persons did not exceed 20%. Presumed human transmission has occurred in 38 out of 61 outbreaks of human monkeypox and only once reached the third and once the fourth generation; the transmission in all affected villages under observation has extinguished itself. Considering the sporadic and relatively rare occurrence of the disease and expected complications following the immunization with vaccinia which protects from monkeypox, introduction of mass vaccination in the areas at risk is hardly justified at present.","[MeSH] Africa, Central; [MeSH] Africa, Western; [MeSH] Age Factors; [MeSH] Democratic Republic of the Congo; [MeSH] Disease Reservoirs; [MeSH] Humans; [MeSH] Monkeypox virus; [MeSH] Poxviridae Infections; [MeSH] Seasons; [MeSH] Sex Factors; [MeSH] Smallpox"
40005722,Early Diagnosis and Monitoring of Adaptive Immune Response in a Cohort of Mild Mpox Patients During the 2022 Wave.,"Sara Caldrer, Silvia Accordini, Annalisa Donini, Natasha Gianesini, Andrea Matucci, Antonio Mori, Cristina Mazzi, Maddalena Cordioli, Evelina Tacconelli, Niccolò Ronzoni, Andrea Angheben, Chiara Piubelli, Federico Gobbi, Concetta Castilletti",Microorganisms. 2025. doi: 10.3390/microorganisms13020355..,Caldrer,Microorganisms,2025,2025/02/06,,,10.3390/microorganisms13020355,"UNLABELLED: Our study wanted to describe the kinetics of serological and adaptive immune responses in mpox patients. METHODS: Fourteen patients with laboratory-confirmed mpox were tested at different time points after the symptom onset. An immunofluorescence assay was performed to evaluate the seroconversion kinetics of specific IgA, IgM, and IgG. Moreover, the characterization of the adaptive immunological profile of T- and B-cells was performed. RESULTS: The antibody kinetics revealed the faster and more effective seroconversion of specific IgA than IgM. Moreover, we detected an increase in Active memory B cells and CD8+ cells in the early phases of infection, and a reduction in CD4+ T-cells in the mpox patients with respect to the controls and found the presence of higher levels of Treg cells in the HIV+ patients in the early phase of infection. CONCLUSION: Our data highlight the relevance of specific IgA testing early after the symptom onset, suggesting a possible role as a marker in early diagnosis, especially in close contact subjects. Furthermore, the different maturation states of effector cells in HIV+ patients, together with high Treg levels, may lead us to better understand the role of MPXV-HIV co-infection and identify potential cellular markers to monitor the excessive immune activation involved in mpox disease progression.",HIV; IgA levels; Treg; antibody kinetics; cellular immunity; mpox; non-endemic countries
37346461,Weighing in on monkeypox against the criteria of public health emergency.,Emmanuel Lamptey,"Global health journal (Amsterdam, Netherlands). 2023. doi: 10.1016/j.glohj.2023.04.003..",Lamptey,"Global health journal (Amsterdam, Netherlands)",2023,2023/04/23,,,10.1016/j.glohj.2023.04.003,"The monkeypox, a viral zoonotic disease usually found in forest areas of Central and Western Africa, has spread worldwide through new modes of transmission little understood. The WHO on 23 July 2022, declared the virus a Public Health Emergency of International Concern (PHEIC).The declaration has stirred criticism from leading scientists that the criteria for PHEIC as defined by International Health Regulation have not been met and it is non-transparent and contradictory. This paper reviews the criteria of PHEIC and weighs the rationales behind the declaration to increase the clarity of the WHO's decision, justifications, and legitimacy in the ongoing outbreak.",Emergencies; Monkeypox; Public health
36467797,Monkeypox virus: A new etiology for reactive lymphocytes in peripheral blood.,"Jared Neeley, Sarah Glogowski, Weina Chen",EJHaem. 2022. doi: 10.1002/jha2.601..,Neeley,EJHaem,2022,2022/10/26,,,10.1002/jha2.601,,Monkeypox virus; reactive lymphocytes
41481337,Severe Cutaneous Mpox: Necrotic Ulcer and Diffuse Rash in a Patient Living With Human Immunodeficiency Virus.,"Marlaena Nooney, Shuai Li, Nicholas Mielke, Rima El-Herte",The American Journal of dermatopathology. 2026. doi: 10.1097/DAD.0000000000003214..,Nooney,The American Journal of dermatopathology,2026,2026/01/02,,,10.1097/DAD.0000000000003214,,Mpox; case report; dermatopathology; human immunodeficiency virus (HIV) infection; public health emergency
41165353,In Critical Condition: The Urgent Need to Support Mpox Therapeutic and Diagnostic Pipelines.,"Carmen Perez Casas, Jessica Burry, Nathalie Strub-Wourgaft, Emmanuel Agogo, Hanesh Chi, Sophie Crettaz, Devy Emperador, Kavi Ramjeet, Bastien Schyrr, Romain Wyss, Emily Bass, Mosoka Papa Fallah",Clinical infectious diseases : an official publication of the Infectious Diseases Society of America. 2026. doi: 10.1093/cid/ciaf529..,Perez,Clinical infectious diseases : an official publication of the Infectious Diseases Society of America,2026,2026/02/25,,,10.1093/cid/ciaf529,"Despite 2 public health emergency declarations, limited progress has been made in the development of essential medical countermeasures for mpox, including therapeutics and point-of-care (POC) diagnostics. We analyzed mpox diagnostics registered in a public database in December 2022 and January 2025. The number of tests increased; however, independent validation lagged behind. While the World Health Organization has granted emergency use listing to 2 POC molecular tests, there are no independently validated antigen rapid diagnostic tests (AgRDTs) essential for decentralized detection. The therapeutics pipeline has shown minimal progress since 2022. Of 17 clinical trials, 14 evaluated direct-acting antivirals; 86% focused solely on tecovirimat, a drug that shows safety but not efficacy with documented resistance concerns. Key vulnerable populations, including children, pregnant women, and people with human immunodeficiency virus, remain absent from studies despite higher mortality rates. Our pipeline analysis revealed a fundamental mismatch between available countermeasures and actual needs, particularly in low-resource settings.",mpox; outbreak preparedness; public health emergencies; rapid point-of-care diagnostics; therapeutics
41194012,Modeling the 2022 mpox outbreak with a mechanistic network model.,"Emma G Crenshaw, Jukka-Pekka Onnela",BMC infectious diseases. 2025. doi: 10.1186/s12879-025-11731-7..,Crenshaw,BMC infectious diseases,2025,2025/11/05,,,10.1186/s12879-025-11731-7,"BACKGROUND: The 2022 outbreak of mpox affected more than 80,000 individuals worldwide, most of whom were gay, bisexual, and other men who have sex with men (GBMSM) who likely contracted the disease through close contact during sex. Given the unprecedented number of mpox infections and the new route of infection, there was substantial uncertainty about how best to manage the outbreak. METHODS: We implemented a dynamic agent-based network model to simulate the spread of mpox in a United States-based GBMSM population. This model allowed us to implement data-informed dynamic network evolution to simulate realistic disease spreading and behavioral adaptations. RESULTS: We found that behavior change, the reduction in one-time partnerships, and widespread vaccination are effective in preventing the transmission of mpox, and that earlier vaccination and behavior adaptation has a greater effect, even when only a high-activity portion of the population participates. With no vaccination or behavior adaptation, 16% of the population was infected (25th percentile, 75th percentiles of simulations: 15.3%, 16.6%). With vaccination and behavior change in only the 25% of GBMSM most likely to have a one-time partner, cumulative infections were reduced by 30%, or a total reduction in nearly 500 infections (mean: 11.3%, [Formula: see text] and [Formula: see text]: 9.4%, 13.4%). Earlier vaccination and behavior adaptation further reduce cumulative infections; beginning vaccination a year before the outbreak results in only 2.6% of GBMSM being infected, averting 1300 infections or nearly 13% of the total population in our model. We also show that sustained partnerships drive the early outbreak, while one-time partnerships drive transmission after the first initial weeks. The median effective reproductive number, [Formula: see text], at [Formula: see text] days is 1.40 for casual partnerships, 1.00 for main, and 0.35 for one-time. By [Formula: see text], the median [Formula: see text] for one-time partnerships more than tripled to 1.47, while it decreases for casual and main partnerships: 0.37 and 0.19, respectively. CONCLUSION: With the ability to model individuals' behavior, mechanistic networks are particularly well suited to studying sexually transmitted infections, the spread and control of which are often governed by individual-level action. Our results contribute valuable insights into the role of different outbreak mitigation strategies and relationship types in mpox transmission dynamics.",GBMSM; Mpox; Network modeling; Simulation
37842498,The Changing Global Epidemiology of Re-emerging Human Monkeypox Virus Infection: A Systematic Review.,"Sunder Sham, Fnu Sapna, Fnu Anjali, Sanjay Kumar, Vivek Podder, Soumya Jaladi, Ahmed Bendari, Reham Al-Refai, Manal M Baloch, Mohammed Abdelwahed, Nfn Kiran, Saroja Devi Geetha, Hansini Laharwani",Cureus. 2023. doi: 10.7759/cureus.45123..,Sham,Cureus,2023,2023/09/12,,,10.7759/cureus.45123,"Human monkeypox virus (MPVX) infection represents an emerging zoonotic disease caused by an orthopoxvirus, resulting in a condition reminiscent of smallpox. More recent developments have witnessed a notable surge in global MPVX outbreaks, eliciting significant concerns. We aimed to investigate the epidemiological factors of the emerging human monkeypox virus infection, including the number of suspected, confirmed, and fatal cases, as well as the risk factors for contracting monkeypox infection. We performed a systematic review of peer-reviewed literature by following the Preferred Reporting Items for Systematic Reviews and Meta-Analyses (PRISMA) guidelines. An electronic database search (PubMed, Wiley Online Library, and Science Direct) was undertaken. For monkeypox-related studies, we included 25 peer-reviewed articles from 2018 and 2022, and data were extracted on the current evidence on the cases and the risk factors for MPVX infection, to develop public health advisories. Our reports show a rapid rise of MPVX cases in the highly endemic African regions after the 1970s, spread to other countries, and an increase in the median age from young children to young adults. The cessation of smallpox vaccination might have been one of the factors responsible for these findings. As of 2022, the genomic sequences of ten MPVX strains associated with the recent countrywide outbreak have been determined. While the West African Clade has been primarily implicated in the recent viral surge, data were insufficient to determine which mutation contributed to increased transmissibility. In the Democratic Republic of the Congo (DRC), sleeping on the floor was significantly associated with contracting MPVX, while eating or processing of animal foods was not a significant risk factor. In the United States, cleaning the cages and bedding of sick animals, touching infected animals, and daily exposure to sick animals were associated with an increased probability of contracting the MPVX infection. Recent global outbreaks and the rising incidence of MPVX infections among young adults in the endemic zones might be a result of the cessation of the smallpox vaccine. The increased risk associated with exposure to sick animals or sleeping on the floor suggests high infectivity from animal excretions. Increasing awareness, strict surveillance, and contact tracing can help contain global outbreaks. The ring vaccination approach for exposed individuals is another potential disease containment strategy. Future studies should investigate measures for rapid laboratory diagnosis, maintaining lab safety, and transmissibility.",infections; monkeypox outbreak; monkeypox virus; outbreak and pandemic; vaccine
38675767,A Quadrivalent mRNA Immunization Elicits Potent Immune Responses against Multiple Orthopoxviral Antigens and Neutralization of Monkeypox Virus in Rodent Models.,"Caixia Su, Sha Li, Yang Wen, Xiya Geng, Quanyi Yin, Yun Wang, Yelin Xiong, Zhihua Liu",Vaccines. 2024. doi: 10.3390/vaccines12040385..,Su,Vaccines,2024,2024/04/05,,,10.3390/vaccines12040385,"The global outbreak of the 2022 monkeypox virus infection of humans and the 2023 documentation of a more virulent monkeypox in the Democratic Republic of the Congo raised public health concerns about the threat of human-to-human transmission of zoonotic diseases. Currently available vaccines may not be sufficient to contain outbreaks of a more transmissible and pathogenic orthopoxvirus. Development of a safe, effective, and scalable vaccine against orthopoxviruses to stockpile for future emergencies is imminent. In this study, we have developed an mRNA vaccine candidate, ALAB-LNP, expressing four vaccinia viral antigens A27, L1, A33, and B5 in tandem in one molecule, and evaluated the vaccine immunogenicity in rodent models. Immunization of animals with the candidate mRNA vaccine induced a potent cellular immune response and long-lasting antigen-specific binding antibody and neutralizing antibody responses against vaccinia virus. Strikingly, the sera from the vaccine-immunized mice cross-reacted with all four homologous antigens of multiple orthopoxviruses and neutralized monkeypox virus in vitro, holding promise for this mRNA vaccine candidate to be used for protection of humans from the infection of monkeypox and other orthopoxvirus.",MPXV; cross immunogenicity; mRNA vaccine; orthopoxvirus; vaccinia
37866584,Crystal structure of mRNA cap (guanine-N7) methyltransferase E12 subunit from monkeypox virus and discovery of its inhibitors.,"De-Ping Wang, Rong Zhao, Hao-Feng Wang, Mei-Yue Wang, Wen-Shu Hu, Meng-Meng Lin, Wen Shu, Yao-Jun Sun, Ji-Min Cao, Wen Cui, Xin Zhou",International journal of biological macromolecules. 2023. doi: 10.1016/j.ijbiomac.2023.127565..,Wang,International journal of biological macromolecules,2023,2023/10/20,,,10.1016/j.ijbiomac.2023.127565,"In July 2022, the World Health Organization announced monkeypox as a public health emergency of international concern (PHEIC), and over 85,000 global cases have been reported currently. However, preventive and therapeutic treatments for the monkeypox virus (MPXV) remain limited. MPXV mRNA cap N7 methyltransferase (MTase) is composed of two subunits (E1 C-terminal domain (E1CTD) and E12) which are essential for the replication of MPXV. Here, we solved a 2.16 Å crystal structure of E12. We also docked the D1CTD of the vaccinia virus (VACV) corresponding to the E1CTD in MPXV with E12 and found critical residues at their interface. These residues were further used for drug screening. After virtual screening, the top 347 compounds were screened out and a list of top 20 potential MPXV E12 inhibitors were discovered, including Rutin, Quercitrin, Epigallocatechin, Rosuvastatin, 5-hydroxy-L-Tryptophan, and Deferasirox, etc., which were potential E12 inhibitors. Taking the advantage of the previously unrecognized special structure of MPXV MTase composing of E1CTD and E12 heterodimer, we screened for inhibitors targeting MTase for the first time based on the interface between the heterodimer of MPXV MTase. Our study may provide insights into the development of anti-MPXV drugs.",Crystal structure; Inhibitors; Monkeypox virus; N7-methyltransferase E12 subunit; Virtual screening
35952,Monkeypox virus and whitepox viruses.,"S S Marennikova, E M Shelukhina, N N Maltseva",Acta virologica. 1978.,Marennikova,Acta virologica,1978,1978/11/01,,,,,[MeSH] Culture Techniques; [MeSH] Genetic Variation; [MeSH] Monkeypox virus; [MeSH] Poxviridae; [MeSH] Smallpox; [MeSH] Variola virus; [MeSH] Virus Replication
36960970,Fatal Case of Progressive Mpox in a Patient with AIDS-Viral Enteropathy and Malabsorption Demanding the Use of Full Parenteral ARV and Endovenous Cidofovir.,"João Caria, Francisco Vara-Luiz, Inês Maia, Anneke Joosten, Luís Val-Flores, Hélder Pinheiro, Diana Póvoas, Nuno Germano, Fernando Maltez",Infectious disease reports. 2023. doi: 10.3390/idr15020018..,Caria,Infectious disease reports,2023,2023/03/16,,,10.3390/idr15020018,"We report a fatal case of disseminated mpox infection that progressed over more than three months in an HIV-infected patient with acquired immunodeficiency syndrome (AIDS). Mucocutaneous, pleuropulmonary, central nervous system, and gastrointestinal involvement was documented. This course of disease resembles progressive vaccinia, a formerly reported disease caused by uncontrolled replication of smallpox vaccination orthopoxviruses in immunosuppressed patients. Severe small bowel involvement jeopardized normal oral tecovirimat and antiretroviral therapy absorption. This problem prompted the use of full parenteral antiretrovirals and endovenous cidofovir. Although a remarkable decrease in HIV viral load occurred in six days, mpox infection continued to progress, and the patient died of septic shock. This case offers new clinical insights on the presentation of severe disease in AIDS patients. Moreover, this case alerts for the need for prompt therapy initiation in patients at risk of ominous clinical progression.",AIDS; HIV; cidofovir; enteropathy; fatal; mpox; progressive; tecovirimat
39083797,Preventive behavior intention for a viral outbreak among college students: The case of Mpox.,"Morgan E Ellithorpe, Robyn B Adams",Journal of American college health : J of ACH. 2024. doi: 10.1080/07448481.2024.2378312..,Ellithorpe,Journal of American college health : J of ACH,2025,2024/07/31,,,10.1080/07448481.2024.2378312,"OBJECTIVE: Examine college students' behavior intention to reduce viral outbreak transmission in the context of Mpox, and what preventive messaging strategies would be most effective in future transmissible disease outbreaks based on the Reasoned Action Approach (RAA). PARTICIPANTS: Undergraduates at a mid-Atlantic U.S. University. METHODS: An online survey (n = 266) conducted at the height of the recent Mpox outbreak in the U.S., asked about five target behaviors to reduce Mpox transmission, including RAA determinants for each behavior. RESULTS: Highest intention was safe sex practices, lowest were vaccination and sexual abstinence, and sharing dishes and fabrics were in between. RAA determinants differed by target behavior, although attitudes were significantly positively associated with intention for all five behaviors. CONCLUSIONS: College students are potentially open to preventative behaviors to reduce viral transmission during an outbreak. However, specific target behavior matters and messaging should focus on differing RAA determinants depending on target behavior.",Behavioral intention; preventive behavior; reasoned action; viral outbreak
6259807,Intragenomic sequence transposition in monkeypox virus.,"J J Esposito, C D Cabradilla, J H Nakano, J F Obijeski",Virology. 1981. doi: 10.1016/0042-6822(81)90495-5..,Esposito,Virology,1981,1981/03/01,,,10.1016/0042-6822(81)90495-5,,"[MeSH] Base Sequence; [MeSH] DNA Replication; [MeSH] DNA Restriction Enzymes; [MeSH] DNA, Viral; [MeSH] Genes, Viral; [MeSH] Monkeypox virus; [MeSH] Nucleic Acid Hybridization; [MeSH] Poxviridae; [MeSH] Recombination, Genetic; [MeSH] Virus Replication"
40229847,Setting-based surveillance and One Health in the Mpox response.,"Marc K Yambayamba, Simon Rüegg",One health outlook. 2025. doi: 10.1186/s42522-025-00149-5..,Yambayamba,One health outlook,2025,2025/04/15,,,10.1186/s42522-025-00149-5,"The resurgence of Mpox (MPXV) provides an opportunity to reflect on global health responses, particularly the lessons from previous outbreaks like Ebola and COVID-19. Although Mpox has been endemic in parts of Africa since the 1970s, it only gained global attention after spreading beyond Africa, highlighting the geopolitical dimension of global health. Like Ebola, Mpox is a zoonotic disease that affects both humans and animals, but the focus of the response has often been on human health, neglecting the broader social-ecological factors that influence disease transmission. A more holistic, ""One Health"" approach, integrating human, animal, and environmental health can help better understand the complex interactions that contribute to outbreaks. This would include surveillance of the social-ecological systems where spillover occurs and greater engagement with local communities to build trust and improve response efforts. A setting-based surveillance system, focusing on both humans and animals in their environments, would enable more accurate and efficient outbreak or pandemic prevention. Additionally, the involvement of non-health professionals, such as social scientists and community leaders, is essential for fostering locally driven, culturally sensitive response strategies. Strengthening one health systems and expanding healthcare to include animals and plants could also enhance agroecological and ecosystem resilience.",
10326294,Re-emergence of monkeypox in Africa: a review of the past six years.,"D L Heymann, M Szczeniowski, K Esteves",British medical bulletin. 1998. doi: 10.1093/oxfordjournals.bmb.a011720..,Heymann,British medical bulletin,1998,1998/01/01,,,10.1093/oxfordjournals.bmb.a011720,"Human monkeypox was first identified in 1970 in the Democratic Republic of the Congo. Extensive studies of this zoonotic infection in the 1970s and 1980s indicated a largely sporadic disease with a minority of cases resulting from person-to-person transmission, rarely beyond two generations. In August 1996, an unusually large outbreak of human monkeypox was reported, and cases continued through 1997 with peak incidence in August 1996, March 1997 and August 1997. Preliminary results from the field investigations in 1997 suggest a new epidemiological pattern where a majority of secondary cases result from person-to-person transmission, and a clinically milder disease. But there is preliminary laboratory evidence of a simultaneous outbreak of varicella in the same geographic region which will undoubtedly modify these preliminary results. Since smallpox was eradicated and vaccinia vaccination terminated in this region, the population of susceptible individuals has grown. The use of vaccination to protect the population at risk, however, must take into account HIV prevalence and the risk of generalized vaccinia when using vaccinia vaccine in populations where HIV is known to be present.",[MeSH] Africa; [MeSH] Democratic Republic of the Congo; [MeSH] Disease Outbreaks; [MeSH] Humans; [MeSH] Monkeypox virus; [MeSH] Poxviridae Infections
41876173,[A randomized control study of precise health education about mpox in men who have sex with men based on internet platforms].,"Y Y Jiang, C Zhou, M N Tan, Y K Xu, L He, Y P Yao, D H Luo, J Xia, S S Jiang, W Dong, J Xu",Zhonghua liu xing bing xue za zhi = Zhonghua liuxingbingxue zazhi. 2026. doi: 10.3760/cma.j.cn112338-20250701-00447..,Jiang,Zhonghua liu xing bing xue za zhi = Zhonghua liuxingbingxue zazhi,2026,2026/03/10,,,10.3760/cma.j.cn112338-20250701-00447,"Objective: To conduct precise health education about mpox in men who have sex with men (MSM) based on internet platforms and evaluate its performance on the improvement of the mpox related knowledge awareness level in this population. Methods: In January 2025, a randomized controlled study was conducted in MSM recruited through the ""Sunshine Test"" WeChat official account of the Hangzhou Coastal Public Welfare Social Organization. By using a random number table, the MSM were divided into education group and control group at ratio of 1∶1, and all of them completed a baseline electronic questionnaire. Based on the baseline survey results, the MSM in the education group were further divided into 3 awareness level groups, i.e. high awareness level group (≥12 correct answers), medium awareness level group (9-11 correct answers), and low awareness level group (≤8 correct answers). Tailored educational materials were delivered at different frequencies to conduct precise health education for one month. Finally, mpox knowledge awareness level were compared between the two groups. Results: A total of 360 MSM were included in data analysis, including 176 in the education group and 184 in the control group. In the baseline survey, the proportions of MSM with high awareness level in the education group and in control group were 46.0% and 46.7%, respectively, the difference was not significant. After the precise health education, the proportions of the MSM with high awareness levelin the education group and control group were 84.7% and 58.7%, respectively, the difference was significant (P<0.001). Conclusions: The awareness level of mpox related knowledge was relatively low in MSM. The internet-based precision health education can rapidly improve the awareness level of mpox related knowledge in MSM.","[MeSH] Humans; [MeSH] Male; [MeSH] Health Education; [MeSH] Homosexuality, Male; [MeSH] Internet; [MeSH] Surveys and Questionnaires; [MeSH] Health Knowledge, Attitudes, Practice; [MeSH] Adult; [MeSH] Young Adult"
41209601,[Not Available].,"Alex Stéphane Ndjip Ndjock, Steve Roland Souga, Michaela Josee Meli, Alice Ketchaji, Hans Makembe Mossi, Ingrid Cecile Djuikoue, Camille Paulin Franc Ntolo, Ernest Tambo, Andre Bita Fouda",The Pan African medical journal. 2025. doi: 10.11604/pamj.supp.2025.50.1.45474..,Ndjock,The Pan African medical journal,2025,2025/04/11,,,10.11604/pamj.supp.2025.50.1.45474,"The 2022 global mpox outbreak highlighted the critical importance of public health emergency preparedness. Although mpox is not a new disease, its sudden emergence and rapid spread in many countries, including Cameroon, raised numerous concerns about the ability of health systems to respond effectively. This study aimed to assess the level of preparedness of health districts in the Littoral Region of Cameroon in the event of a potential mpox outbreak, to identify strengths, weaknesses, and priority areas for intervention. We conducted a descriptive cross-sectional study in the health districts of the Littoral Region of Cameroon from August to September 2024. A grid for evaluating preparedness for a potential mpox outbreak was developed and administered to the district health management teams. This tool was based on the Integrated Disease Surveillance and Response (IDSR) technical guidelines. Data collected were analyzed using Microsoft Excel 2016. A total of 17 health districts were surveyed. Regarding their level of preparedness, 5 districts (29%) showed insufficient preparedness (Nkondjock, Loum, Manoka, Ndom, Pouma); 3 districts (17%) had limited preparedness (Boko, Manjo, Dibombari); 7 districts (41%) had an average level of preparedness (Bangue, Edea, Logbaba, Ngambe, Yabassi, Njombe Penja, Nkongsamba); and only 2 districts (11%) demonstrated good preparedness (Newbell, Mbanga). No district in the region reached the optimal level of preparedness. Significant disparities were observed among the districts, with preparedness scores ranging from 0.16 (Nkondjock) to 3.21 (Newbell). Epidemiological surveillance and laboratory capacity had the highest preparedness level (average preparedness score of 3.01), in contrast to case management (insufficient preparedness score of 1.07). The main barriers to preparedness included the absence of a specific mpox response plan, inadequate allocation of financial and material resources, insufficient diagnostic and laboratory confirmation capacity, lack of clinical management protocols, limited training of health personnel on case management, and absence of a risk communication plan. The health districts in the Littoral Region of Cameroon generally exhibited a limited level of preparedness. Several obstacles to preparedness were identified. To prevent a potential mpox outbreak, it is essential to strengthen district-level preparedness, particularly in coordination and response management, case management, risk communication and community engagement, and prevention and control measures, while adopting a differentiated approach that accounts for disparities between districts.",Assessment; Cameroon; Littoral Region; epidemic; health districts; mpox
38922308,Identification of the VP37 pocket of monkeypox virus as a promising target for pan-orthopoxvirus inhibitors through virtual screening and antiviral assays.,"Shuting Huo, Leyun Wu, Baoying Huang, Nan Liu, Jiewei Sun, Fei Ye, Yao Deng, Jing Chen, Likun Gong, Weiliang Zhu, Zhijian Xu, Wenjie Tan",Emerging microbes & infections. 2024. doi: 10.1080/22221751.2024.2373309..,Huo,Emerging microbes & infections,2024,2024/07/15,,,10.1080/22221751.2024.2373309,,"[MeSH] Animals; [MeSH] Humans; [MeSH] Antiviral Agents; [MeSH] Drug Evaluation, Preclinical; [MeSH] Molecular Docking Simulation; [MeSH] Monkeypox virus; [MeSH] Orthopoxvirus"
6207310,Monoclonal antibodies to a monkeypox virus polypeptide determinant.,"L F Roumillat, J L Patton, M L Davis",Journal of virology. 1984. doi: 10.1128/JVI.52.1.290-292.1984..,Roumillat,Journal of virology,1984,1984/10/01,,,10.1128/JVI.52.1.290-292.1984,"Three monkeypox virus (MPV) antibody-secreting murine monoclones were characterized as being of the immunoglobulin G1 isotype, gave a 4+ reaction in the indirect fluorescent-antibody test, gave a positive reaction in the enzyme immunoassay, and did not neutralize MPV. These monoclonal antibodies were determined by the sodium dodecyl sulfate-polyacrylamide gel electrophoresis transblot method to react to a 15,500-molecular-weight MPV polypeptide. This reactivity could not be removed by adsorption to a vaccinia virus-infected cell suspension. The three monoclonal antibodies were specific for MPV when tested against epidemiologically unrelated isolates of cowpox virus, variola virus, vaccinia virus, and MPV.","[MeSH] Animals; [MeSH] Antibodies, Monoclonal; [MeSH] Cell Line; [MeSH] Electrophoresis, Polyacrylamide Gel; [MeSH] Epitopes; [MeSH] Monkeypox virus; [MeSH] Poxviridae; [MeSH] Viral Proteins"
40662600,Visit Types and Linkage to HIV Prevention Among Individuals Seeking Mpox Vaccination in an Urban Specialized Sexual Health Clinic.,"Palak Shah, Christine Germain, Kevin L Ard, Robert A Parker, Ingrid V Bassett, Jana Jarolimova",Sexually transmitted diseases. 2025. doi: 10.1097/OLQ.0000000000002222..,Shah,Sexually transmitted diseases,2026,2025/07/15,,,10.1097/OLQ.0000000000002222,Individuals attending mpox vaccine-only visits at a sexually transmitted infection clinic were more likely to be new patients with high socioeconomic status and identify as White than those vaccinated during non-mpox-related visits. A small number received HIV preexposure prophylaxis or testing following vaccination; this may represent a missed opportunity for HIV prevention.,[MeSH] Humans; [MeSH] HIV Infections; [MeSH] Male; [MeSH] Adult; [MeSH] Female; [MeSH] Ambulatory Care Facilities; [MeSH] Pre-Exposure Prophylaxis; [MeSH] Vaccination; [MeSH] Urban Population; [MeSH] Young Adult; [MeSH] Sexual Health; [MeSH] Sexually Transmitted Diseases; [MeSH] Adolescent; [MeSH] Middle Aged
38801671,In-silico approach to characterize the structure and function of a hypothetical protein of Monkeypox virus exploring Chordopox-A20R domain-containing protein activity.,"Md Iqbal Hosen, Md Easin Mia, Md Nur Islam, Most Ummay Salma Khatun, Tanvir Hossain Emon, Md Anwar Hossain, Farzana Akter, Md Abdul Kader, Sadia Hossain Jeba, Asm Faisal, Md Abunasar Miah",Antiviral therapy. 2024. doi: 10.1177/13596535241255199..,Hosen,Antiviral therapy,2024,2024/06/01,,,10.1177/13596535241255199,"Background: Monkeypox has emerged as a noteworthy worldwide issue due to its daily escalating case count. This illness presents diverse symptoms, including skin manifestations, which have the potential to spread through contact. The transmission of this infectious agent is intricate and readily transfers between individuals.Methods: The hypothetical protein MPXV-SI-2022V502225_00135 strain of monkeypox underwent structural and functional analysis using NCBI-CD Search, Pfam, and InterProScan. Quality assessment utilized PROCHECK, QMEAN, Verify3D, and ERRAT, followed by protein-ligand docking, visualization, and a 100-nanosecond simulation on Schrodinger Maestro.Results: Different physicochemical properties were estimated, indicating a stable molecular weight (49147.14) and theoretical pI (5.62) with functional annotation tools predicting the target protein to contain the domain of Chordopox_A20R domain. In secondary structure analysis, the helix coil was found to be predominant. The three-dimensional (3D) structure of the protein was obtained using a template protein (PDB ID: 6zyc.1), which became more stable after YASARA energy minimization and was validated by quality assessment tools like PROCHECK, QMEAN, Verify3D, and ERRAT. Protein-ligand docking was conducted using PyRx 9.0 software to examine the binding and interactions between a ligand and a hypothetical protein, focusing on various amino acids. The model structure, active site, and binding site were visualized using the CASTp server, FTsite, and PyMOL. A 100 nanosecond simulation was performed with ligand CID_16124688 to evaluate the efficiency of this protein.Conclusion: The analysis revealed significant binding interactions and enhanced stability, aiding in drug or vaccine design for effective antiviral treatment and patient management.",Chordopox_A20R domain-containing protein; Monkeypox virus etc; hypothetical protein; in-silico characterization
40546713,Mpox lesion counting with semantic and instance segmentation methods.,"Bohan Jiang, Andrew J McNeil, Yihao Liu, David W House, Placide Mbala-Kingebeni, Olivier Tshiani Mbaya, Tyra Silaphet, Lori E Dodd, Edward W Cowen, Veronique Nussenblatt, Tyler Bonnett, Ziche Chen, Inga Saknite, Benoit M Dawant, Eric R Tkaczyk","Journal of medical imaging (Bellingham, Wash.). 2025. doi: 10.1117/1.JMI.12.3.034506..",Jiang,"Journal of medical imaging (Bellingham, Wash.)",2025,2025/06/19,,,10.1117/1.JMI.12.3.034506,"PURPOSE: Mpox is a viral illness with symptoms similar to smallpox. A key clinical metric to monitor disease progression is the number of skin lesions. Manually counting mpox skin lesions is labor-intensive and susceptible to human error. APPROACH: We previously developed an mpox lesion counting method based on the UNet segmentation model using 66 photographs from 18 patients. We have compared four additional methods: the instance segmentation methods Mask R-CNN, YOLOv8, and E2EC, in addition to a UNet++ model. We designed a patient-level leave-one-out experiment, assessing their performance using F 1 score and lesion count metrics. Finally, we tested whether an ensemble of the networks outperformed any single model. RESULTS: Mask R-CNN model achieved an F 1 score of 0.75, YOLOv8 a score of 0.75, E2EC a score of 0.70, UNet++ a score of 0.81, and baseline UNet a score of 0.79. Bland-Altman analysis of lesion count performance showed a limit of agreement (LoA) width of 62.2 for Mask R-CNN, 91.3 for YOLOv8, 94.2 for E2EC, and 62.1 for UNet++, with the baseline UNet model achieving 69.1. The ensemble showed an F 1 score performance of 0.78 and LoA width of 67.4. CONCLUSIONS: Instance segmentation methods and UNet-based semantic segmentation methods performed equally well in lesion counting. Furthermore, the ensemble of the trained models showed no performance increase over the best-performing model UNet, likely because errors are frequently shared across models. Performance is likely limited by the availability of high-quality photographs for this complex problem, rather than the methodologies used.",comparative study; deep learning; dermatology; ensemble methods; lesion counting; mpox
40793794,A study of flavonoid inhibitors against Monkeypox H1 phosphatase.,"Hwa Young Kim, Mi-Sun Kim, Dong Hae Shin",Journal of enzyme inhibition and medicinal chemistry. 2025. doi: 10.1080/14756366.2025.2535585..,Kim,Journal of enzyme inhibition and medicinal chemistry,2025,2025/08/12,,,10.1080/14756366.2025.2535585,"Poxviruses regulate their replication cycle through host phosphorylation pathways, with dual-specific phosphatase H1(DUSP-H1) playing a key role in immune evasion by dephosphorylating STAT1 and inhibiting interferon(IFN) responses. Given its high conservation across orthopoxviruses, it represents a promising antiviral target. This study screened a flavonoid library against DUSP-H1 from monkeypox virus (mDUSP-H1) using a malachite green-based phosphatase assay, identifying Myricetin, (-)-Gallocatechin, Cupressuflavone, (-)-Epigallocatechin gallate, Baicalein, and Herbacetin as potent mDUSP-H1 inhibitors (IC50: 7.07-14.05 μM). Docking analysis revealed key hydrogen bonding interactions between 5,7-hydroxyl groups of the hydroxyflavone backbone and Asp79 and Arg116 of mDUSP-H1, respectively. Additional interactions with Ser23 via the 3'-hydroxyl group seems to enhance binding and effectively blocking the enzyme's active site. These findings align with previous studies on tyrosine phosphatase inhibitors, supporting flavonoids as broad-spectrum viral phosphatase inhibitors. Further structural and pharmacokinetic studies will aid in developing optimised antiviral therapies against monkeypox, variola, and cowpox viruses.",Dual-specific phosphatase; docking analysis; flavonoids; monkeypox virus; phosphatase inhibitors
22992766,Role of oxygenation in hypothermic machine perfusion of kidneys from heart beating donors.,"Anja Gallinat, Andreas Paul, Patrik Efferz, Bastian Lüer, Sandra Swoboda, Dieter Hoyer, Thomas Minor",Transplantation. 2012. doi: 10.1097/TP.0b013e318266401c..,Gallinat,Transplantation,2012,2012/10/27,,,10.1097/TP.0b013e318266401c,"UNLABELLED: Dynamic preservation of organ grafts by hypothermic machine perfusion (HMP) has regained broader interest to provide better outcome after transplantation. One pivotal aspect still under debate is the role of oxygenation during HMP. The present study investigates functional and molecular aspects of active oxygenation during HMP of kidneys from heart beating donors. METHODS: Kidneys were retrieved from Landrace pigs (25-30 kg body weight) and preserved by pulsatile HMP for 21 hr. All kidneys were randomly assigned to either anoxic perfusion (MPanox) or active oxygenation of the perfusate (MPox). All grafts were then autotransplanted, and the remaining native kidney was removed at the same time. Renal integrity and function was evaluated during perfusion and for 1 week after the transplantation and the removal of the remaining native kidney. RESULTS: Oxygenation during HMP resulted in lower endischemic vascular resistance and slightly elevated free radical-mediatedtissue injury during HMP. After reperfusion, radical mediated lipid peroxidation was twofold higher in the MPanox group. Renal clearance of creatinine was found significantly better during the first 2 days after transplantation after MPanox than after MPox. Molecular expression of erythropoietin was increased threefold to baseline levels after MPanox, indicating renal hypoxia during preservation, but was remained unchanged after MPox. Gene expression of sodium-glucose transporter reflected similar functional outcome in both groups. Fractional excretion of Na(+), proteinuria, or serum levels of lactate dehydrogenase were similar in both groups. CONCLUSION: The present data do not support the use of active oxygenation during hypothermic perfusion of kidneys from donors with intact circulation.","[MeSH] Animals; [MeSH] Creatinine; [MeSH] Erythropoietin; [MeSH] Hypothermia, Induced; [MeSH] Kidney; [MeSH] Kidney Transplantation; [MeSH] Lipid Peroxidation; [MeSH] Organ Preservation; [MeSH] Oxygen; [MeSH] Perfusion; [MeSH] Superoxides; [MeSH] Swine; [MeSH] Tissue Donors"
40130288,"Differential replication, pathology, and immune response of clade IIb mpox virus in C57BL/6 and BALB/c mice.","Meimei Duan, Xiangmei Zhang, Xian Tang, Zhuohuan Li, Wenqi Huang, Qi Chen, Mingxia Zhang, Lin Cheng, Zheng Zhang",Emerging microbes & infections. 2025. doi: 10.1080/22221751.2025.2479043..,Duan,Emerging microbes & infections,2025,2025/07/14,,,10.1080/22221751.2025.2479043,"We have previously established a clade IIb mpox virus (MPXV) pathogenic BALB/c mouse model for developing mpox countermeasures. Here, we comprehensively investigated the susceptibility of BALB/c and C57BL/6 mice to MPXV and found that Clade IIb MPXV was capable of rapid replication in the lungs of both mouse strains, thus triggering similar dynamic pathological changes and antibody responses. However, C57BL/6 mice, compared to BALB/c mice, seem less susceptible to MPXV, evidenced by no significant weight loss, lower viral load, faster viral clearance, and earlier pathological improvement, as well as weaker antibody response. Interestingly, C57BL/6 stat1-/- mice intranasally infected with MPXV displayed a significant body weight loss, indicating the crucial role of innate immunity in the susceptibility to MPXV. The C57BL/6 model mimics clinical characteristics of asymptomatic or mildly symptomatic patients with mild mpox, which will be beneficial for exploring MPXV infection, transmission, pathogenesis, and immune responses.",BALB/c; C57BL/6; MPXV; clade IIb; mouse model; pathological feature
39965890,Two-Dimensional Nanozyme-Catalyzed Colorimetric CRISPR Assay for the Microfluidic Detection of Monkeypox Virus.,"Hong Chen, Xiaodan Cheng, Yunxiang Wang, Ning Han, Liyan Liu, Hongjuan Wei, Zhijie Tu, Zhixia Gu, Rui Song, Shengqi Wang, Zhen Rong",Analytical chemistry. 2025. doi: 10.1021/acs.analchem.4c05570..,Chen,Analytical chemistry,2025,2025/02/18,,,10.1021/acs.analchem.4c05570,"The recent monkeypox epidemic outbreaks worldwide highlight the urgent need for fast and precise diagnostic solutions, especially in resource-limited settings. Here, a two-dimensional nanozyme-catalyzed colorimetric CRISPR assay for the microfluidic detection of the monkeypox virus (MPXV) was established. We utilized graphene oxide as a substrate for the adsorption of gold seeds and the deposition of a porous Pt shell to prepare high-performance two-dimensional GO@Pt nanomaterials. The viral nucleic acids released from clinical samples initiated a single-step recombinase polymerase amplification-CRISPR/Cas13a for the trans-cleavage of ssRNA reporters labeled with FAM and biotin. These reporters can be recognized by FAM antibody-conjugated GO@Pt nanozymes and streptavidin-coated magnetic beads. The formed sandwich immunocomplexes can catalyze the oxidation of a colorless 3,3',5,5'-tetramethylbenzidine substrate with a distinct color change. The proposed GO@Pt-catalyzed colorimetric CRISPR assay exhibited a limit of detection of 1 copy/μL of MPXV in 60 min. Forty clinical samples, including rash fluid swabs and oral swabs, were tested with 100% agreement with the real-time PCR. These results indicate the excellent potential of GO@Pt-catalyzed colorimetric CRISPR for the sensitive and accurate testing of MPXV under resource-constrained conditions.",[MeSH] Humans; [MeSH] Benzidines; [MeSH] Catalysis; [MeSH] Colorimetry; [MeSH] Gold; [MeSH] Graphite; [MeSH] Limit of Detection; [MeSH] Microfluidic Analytical Techniques; [MeSH] Nanostructures; [MeSH] Platinum; [MeSH] Monkeypox virus
14688573,A case of severe monkeypox virus disease in an American child: emerging infections and changing professional values.,"Michael G Anderson, Lawrence D Frenkel, Scott Homann, Jennifer Guffey",The Pediatric infectious disease journal. 2003. doi: 10.1097/01.inf.0000101821.61387.a5..,Anderson,The Pediatric infectious disease journal,2003,2003/12/01,,,10.1097/01.inf.0000101821.61387.a5,Monkeypox virus disease is a rare zoonosis that until recently was limited to Central Africa. We describe the clinical features of the third child in the United States reported with this newly emerging infection. This child was part of a large cluster of individuals in the Midwest infected by prairie dogs that had contracted the virus when housed with infected small mammals imported from Africa. The differential and laboratory diagnoses and the difficulty finding physicians and nurses to care for this patient are discussed.,"[MeSH] Child; [MeSH] Cidofovir; [MeSH] Cytosine; [MeSH] Dose-Response Relationship, Drug; [MeSH] Drug Administration Schedule; [MeSH] Female; [MeSH] Follow-Up Studies; [MeSH] Humans; [MeSH] Monkeypox virus; [MeSH] Organophosphonates; [MeSH] Organophosphorus Compounds; [MeSH] Poxviridae Infections; [MeSH] Risk Assessment; [MeSH] Severity of Illness Index; [MeSH] Treatment Outcome"
41714652,"Mpox in people living with and without HIV, including people on PrEP, during a multistate outbreak in Spain in 2022.","Aina March-Yagüe, Diana Toledo, Asunción Díaz, Pere Godoy, Olaia Pérez-Martínez, Carles Pericas, Alonso Sanchez-Migallon, María Dolores Chirlaque, Jesús Ospina, María Grau, Francisco Roig, Angela Domínguez",Scientific reports. 2026. doi: 10.1038/s41598-026-37209-3..,March-Yagüe,Scientific reports,2026,2026/02/20,,,10.1038/s41598-026-37209-3,"UNLABELLED: Spain reported the highest cumulative incidence of mpox in Europe during the 2022 outbreak, which disproportionately affected people living with HIV (PLWH) and HIV-negative individuals using pre-exposure prophylaxis (PrEP). We conducted a multicentre cross-sectional study to analyze epidemiological, clinical, and disease progression characteristics of mpox among PLWH, HIV-negative individuals, and PrEP user cases and non-user cases in Spain. Data were collected from June 2022 to January 2023, including 1,158 men aged ≥ 18 years; 35.3% were PLWH and 42.7% of HIV-negative individuals were PrEP users. Adjusted OR and the 95% CI were calculated by multivariate logistic regression analysis. More frequently PLWH than HIV-negative cases were having sex only with men (aOR = 10.92;3.76–31.69), chemsex (aOR = 2.02;1.38–2.97), another type of immunosuppression (aOR = 2.57;1.07–6.21) and non-anogenital and non-oral exanthems (aOR = 1.64;1.23–2.19). More frequent in PLWH compared to PrEP user cases were lower education levels (aOR = 23.21;2.87–187.52), fever (aOR = 1.42;0.98–2.06), non-anogenital and non-oral exanthems (aOR = 2.40;1.67–3.45) and another type of immunosuppression (aOR = 9.32;1.16–75.16) and more frequent in PrEP user cases than in non-PrEP user cases were risk factors related to sexual activity and concurrent sexually transmitted infections. PLWH did not experience more severe mpox than HIV-negative persons. These findings underscore the need for tailored prevention and clinical approaches. SUPPLEMENTARY INFORMATION: The online version contains supplementary material available at 10.1038/s41598-026-37209-3.",Clinical characteristics; Epidemiology; HIV; Mpox; Outbreak; PrEP
36345424,The current Monkeypox outbreak: Updates and concerns.,"Abdurrahman Najeeb, Youssef M Eltalkhawy, Omnia Reda",Journal of Taibah University Medical Sciences. 2022. doi: 10.1016/j.jtumed.2022.08.001..,Najeeb,Journal of Taibah University Medical Sciences,2023,2022/08/26,,,10.1016/j.jtumed.2022.08.001,"Since 1958 witnessed the detection of Monkeypox virus in monkeys, no human infection was encountered until 1970. Afterwards, zoonotic transmission was the rule near African rainforests, mainly in DRC. Most cases occurred in children who weren't immunized against smallpox. Since 2003 and the first human infection in the USA, research was accelerated. Two clades were identified with different virulence, demographic distribution and transmissibility. The mean age of infection increased with waning smallpox vaccine immunity. Mild febrile prodrome can precede lymphadenopathy, which doesn't occur in smallpox. Homogenous crops of lesions appear in stages until scabs fall and contagiosity ends. However, since May outbreak, cases started to appear in non-endemic areas, human transmission increased and was linked to close sexual contact especially in MSM community. Lesions were found mainly perioral, at genitals and perianal. Newer system for nomenclature was suggested in which there are 3 viral clades and the responsible clade for the outbreak is clade 3 (lineage B.1). About 50 mutations were detected compared with the strains isolated 4 years ago. Gene loss and APOBEC3 may be related to accelerated mutation rate which may accelerate human transmission. Previous mistakes in failure to allocate available vaccines to control the disease in previously endemic areas should be avoided and rapid ring vaccination of potential contacts and those at risk should be a priority. Case isolation, contact isolation or tracing for an incubation period, standard measures for airborne infections and safe sex should be implanted in the light of the current uncertainty.",Africa; Control; Diagnosis; Monkeypox; Prevention; Transmission
41277010,"Characteristics of Inpatient Admission for Mpox Infection Control Isolation at 2 Large New York City Health Systems, 2022-2023.","Madeline A DiLorenzo, Anthony Lo Piccolo, David Scott Butler, Kathryn Jano, Angelie Oberoi, Aakib Mansuri, Mikhail Nauth, Simona Bratu, Jeanne Sullivan Meissner, Mary M K Foote, Vikramjit Mukherjee, Radu Postelnicu, Justin Chan","Public health reports (Washington, D.C. : 1974). 2025. doi: 10.1177/00333549251385983..",DiLorenzo,"Public health reports (Washington, D.C. : 1974)",2026,2025/11/23,,,10.1177/00333549251385983,"We investigated the proportion of mpox hospitalizations for medical indications versus infection control isolation at New York University Langone Health and NYC Health + Hospitals from May 1, 2022, through April 28, 2023. We reviewed the electronic medical records of people with a positive mpox nucleic acid amplification test independently. We collected demographic and clinical data on those who met our inclusion criteria, and we stratified patients by medical indication or infection control isolation based on their reason for hospitalization. This observational cohort study included 66 patients admitted for mpox, of whom 8 (12.1%) were admitted primarily for infection control isolation and 58 (87.9%) were admitted primarily for medical indications. Those hospitalized primarily for isolation (vs medical indications) were significantly less likely to have a private residence (25.0% vs 79.3%; P < .001). Those hospitalized for medical indications (vs isolation) were significantly more likely to be HIV positive (63.8% vs 12.5%; P = .006), to have secondary bacterial infections (65.5% vs 25.0%; P = .03), and to receive antibiotics (81.0% vs 25.0%; P < .001). We found no significant differences in the median cumulative length of stay per patient or the proportion of tecovirimat receipt between the 2 groups. While the small size of the isolation cohort was a limitation of this analysis, our findings argue for increased capacity for community-based isolation, which may reduce the use of hospital admissions primarily for infection control isolation in future outbreaks.",disease outbreaks; emerging infectious diseases; hospitalization; infection control; mpox
39837628,Officials confirm sixth case of clade Ib mpox in England.,Elisabeth Mahase,BMJ (Clinical research ed.). 2025. doi: 10.1136/bmj.r132..,Mahase,BMJ (Clinical research ed.),2025,2025/01/21,,,10.1136/bmj.r132,,
39448228,"Mpox risk to Europe ""low"" says EU official, but virus and bird flu need monitoring.",Elisabeth Mahase,BMJ (Clinical research ed.). 2024. doi: 10.1136/bmj.q2240..,Mahase,BMJ (Clinical research ed.),2024,2024/10/24,,,10.1136/bmj.q2240,,
36707219,Dimie Ogoina-Nigeria's expert in mpox.,Tony Kirby,The Lancet. Infectious diseases. 2023. doi: 10.1016/S1473-3099(23)00018-X..,Kirby,The Lancet. Infectious diseases,2023,2023/02/01,,,10.1016/S1473-3099(23)00018-X,,
36723992,New Report on Mpox Cases Leading Up to 2022 Global Outbreak.,Howard Larkin,JAMA. 2023. doi: 10.1001/jama.2023.0744..,Larkin,JAMA,2023,2023/02/21,,,10.1001/jama.2023.0744,,
40481203,Skyrocketing mpox outbreak in Sierra Leone raises fears of wider spread.,Max Kozlov,Nature. 2025. doi: 10.1038/d41586-025-01805-6..,Kozlov,Nature,2025,2025/06/01,,,10.1038/d41586-025-01805-6,,Diseases; Public health; Virology
41635305,AI-assisted identification of a novel Orthopoxvirus inhibitor targeting F13.,"Junwen Luan, Annan Ming, Wenbo Zhao, Liyuan Zhang, Leiliang Zhang",Biosafety and health. 2025. doi: 10.1016/j.bsheal.2024.12.002..,Luan,Biosafety and health,2025,2025/01/05,,,10.1016/j.bsheal.2024.12.002,"Treatment of mpox virus (MPXV) is crucial for public health. However, research into drugs for MPXV has fallen behind, particularly in anticipation of sudden outbreaks. This study aimed to identify new inhibitors of Orthopoxvirus using artificial intelligence (AI)-assisted methods. We explored AlphaFold v2.0 to simulate the F13 protein structures of MPXV, vaccinia virus (VACV), and variola virus (VARV). Utilizing MOE2019 software, we identified amino acid binding sites suitable for small molecule docking, focusing on a phosphodiesterase active site pocket in F13. Our efforts led to the identification of JCS-2022, a promising new inhibitor that exhibited docking similarities with the known anti-poxvirus drug tecovirimat. In vitro experiments demonstrated that JCS-2022 had a half maximal effective concentration (EC50) of 0.05430 μmol/L (μM), comparable to tecovirimat's EC50 of 0.04794 μM. At a dosage of 1.6 μM, JCS-2022 significantly reduced VACV plaque size, indicating effective inhibition of extracellular enveloped virus (EEV) formation. Immunofluorescence analysis confirmed a reduction in VACV-induced actin tail formation. Our findings suggest that JCS-2022 is a strong candidate for development as a small molecule inhibitor against Orthopoxvirus, highlighting the potential of AI-assisted methods in accelerating drug discovery for infectious diseases.",Artificial intelligence (AI); F13; Mpox; Tecovirimat; mpox virus (MPXV)
41939777,Safety and efficacy of major antiviral and immune therapies in pregnancy for maternal viral infections: evidence synthesis of maternal and neonatal outcomes.,"Sirwan Sleman, Omed I Abid, Barham J Abdullah, Zaniar A Abass, Masood B Ameen",Frontiers in medicine. 2026. doi: 10.3389/fmed.2026.1762439..,Sleman,Frontiers in medicine,2026,2026/03/20,,,10.3389/fmed.2026.1762439,"Antiviral safety and efficacy in pregnancy. Summarizing the key findings visually in a single high-impact figure. This will integrate pathogens, antivirals, maternal and neonatal outcomes, and evidence certainty.Flowchart titled ""Graphical Abstract: Antiviral Safety & Efficacy in Pregnancy"" summarizes evidence for antiviral treatments by infection. Green boxes (oseltamivir, acyclovir/valacyclovir, TDF/lamivudine, ART) indicate decreased maternal disease and no increase in congenital anomalies or preterm birth for influenza, HSV/VZV, HBV, and HIV. Yellow boxes for COVID-19 (paxlovid/remdesivir) show decreased maternal hospitalization with no proven risk to the fetus. Red boxes (tecovirimat for mpox, favipiravir for hemorrhagic fevers) highlight insufficient data or increased maternal risk with potential increase in congenital anomalies or preterm birth. Arrows indicate treatment progression and outcomes.",COVID-19; antiviral therapy; hepatitis B; herpesvirus; influenza; maternal viral infections; mpox; neonatal viral infections
36345398,Monkeypox in the UK: All you need to know.,Clare Wilson,New scientist (1971). 2018. doi: 10.1016/S0262-4079(18)31781-0..,Wilson,New scientist (1971),2018,2018/10/06,,,10.1016/S0262-4079(18)31781-0,,
37005160,An Ulcer by Any Other Name: Non-herpes and Non-syphilis Ulcerative Sexually Transmitted Infections.,"Ronnie M Gravett, Jeanne Marrazzo",Infectious disease clinics of North America. 2023. doi: 10.1016/j.idc.2023.02.005..,Gravett,Infectious disease clinics of North America,2023,2023/03/31,,,10.1016/j.idc.2023.02.005,"The myriad presentations of ulcerative sexually transmitted infections, other than genital herpes and syphilis, challenge even the most astute clinician given the considerable overlap in clinical presentation and lack of widely available diagnostic resources, such as nucleic acid testing, to confirm the diagnosis. Even so, case prevalence is relatively low, and incidence of chancroid and granuloma inguinale are declining. These diseases still cause substantial morbidity and increased chance for HIV acquisition, and with the recent advent of mpox as a cause, it remains imperative to identify and treat accurately.",Chancroid; Donovanosis; Genital ulcer disease; Lymphogranuloma venereum; Mpox virus; Ulcer
36198825,The monkeypox virus is mutating. Are scientists worried?,Max Kozlov,Nature. 2022. doi: 10.1038/d41586-022-03171-z..,Kozlov,Nature,2022,2022/10/05,,,10.1038/d41586-022-03171-z,,Diseases; Genomics; Public health; Virology
37504202,Diagnosis of Monkeypox Disease Using Transfer Learning and Binary Advanced Dipper Throated Optimization Algorithm.,"Amal H Alharbi, S K Towfek, Abdelaziz A Abdelhamid, Abdelhameed Ibrahim, Marwa M Eid, Doaa Sami Khafaga, Nima Khodadadi, Laith Abualigah, Mohamed Saber","Biomimetics (Basel, Switzerland). 2023. doi: 10.3390/biomimetics8030313..",Alharbi,"Biomimetics (Basel, Switzerland)",2023,2023/07/16,,,10.3390/biomimetics8030313,"The virus that causes monkeypox has been observed in Africa for several years, and it has been linked to the development of skin lesions. Public panic and anxiety have resulted from the deadly repercussions of virus infections following the COVID-19 pandemic. Rapid detection approaches are crucial since COVID-19 has reached a pandemic level. This study's overarching goal is to use metaheuristic optimization to boost the performance of feature selection and classification methods to identify skin lesions as indicators of monkeypox in the event of a pandemic. Deep learning and transfer learning approaches are used to extract the necessary features. The GoogLeNet network is the deep learning framework used for feature extraction. In addition, a binary implementation of the dipper throated optimization (DTO) algorithm is used for feature selection. The decision tree classifier is then used to label the selected set of features. The decision tree classifier is optimized using the continuous version of the DTO algorithm to improve the classification accuracy. Various evaluation methods are used to compare and contrast the proposed approach and the other competing methods using the following metrics: accuracy, sensitivity, specificity, p-Value, N-Value, and F1-score. Through feature selection and a decision tree classifier, the following results are achieved using the proposed approach; F1-score of 0.92, sensitivity of 0.95, specificity of 0.61, p-Value of 0.89, and N-Value of 0.79. The overall accuracy of the proposed methodology after optimizing the parameters of the decision tree classifier is 94.35%. Furthermore, the analysis of variation (ANOVA) and Wilcoxon signed rank test have been applied to the results to investigate the statistical distinction between the proposed methodology and the alternatives. This comparison verified the uniqueness and importance of the proposed approach to Monkeypox case detection.",biological mechanism; deep learning; dipper throated optimization; feature selection; monkeypox detection; transfer learning
38419271,Natural compounds inhibit Monkeypox virus methyltransferase VP39 in silico studies.,"Quynh Mai Thai, Huong T T Phung, Ngoc Quynh Anh Pham, Jim-Tong Horng, Phuong-Thao Tran, Nguyen Thanh Tung, Son Tung Ngo",Journal of biomolecular structure & dynamics. 2024. doi: 10.1080/07391102.2024.2321509..,Thai,Journal of biomolecular structure & dynamics,2025,2024/02/28,,,10.1080/07391102.2024.2321509,"VP39, an essential 2'-O-RNA methyltransferase enzyme discovered in Monkeypox virus (MPXV), plays a vital role in viral RNA replication and transcription. Inhibition of the enzyme may prevent viral replication. In this context, using a combination of molecular docking and molecular dynamics (MDs) simulations, the inhibitory ability of NCI Diversity Set VII natural compounds to VP39 protein was investigated. It should be noted that the computed binding free energy of ligand via molecular docking and linear interaction energy (LIE) approaches are in good agreement with the corresponding experiments with coefficients of R=0.72 and 0.75, respectively. NSC 319990, NSC 196515 and NSC 376254 compounds were demonstrated that can inhibit MPVX methyltransferase VP39 protein with the similar affinity compared to available inhibitor sinefungin. Moreover, nine residues involving Gln39, Gly68, Gly72, Asp95, Arg97, Val116, Asp138, Arg140 and Asn156 may be argued that they play an important role in binding process of inhibitors to VP39.",LIE; MPVX; NCI; VP39; docking
39922668,Comprehensive response to mpox in Pakistan.,"Massab Umair, Muhammad Salman","Lancet (London, England). 2025. doi: 10.1016/S0140-6736(25)00040-6..",Umair,"Lancet (London, England)",2025,2025/02/08,,,10.1016/S0140-6736(25)00040-6,,
41632719,The mpox epidemic is not over: Reducing disproportionate burden in Africa and persistent global risk require a sustained response.,"Dieudonné Mwamba Kazadi, Rosamund F Lewis, Pierre Akilimali, Danny Kalala, Maria Van Kerkhove, Chikwe Ihekweazu",PLoS medicine. 2026. doi: 10.1371/journal.pmed.1004893..,Kazadi,PLoS medicine,2026,2026/02/03,,,10.1371/journal.pmed.1004893,"While global interest in mpox may be waning, outbreaks, illness, and death continue across Africa and the world. Ending transmission requires a sustained global response that moves beyond reactive measures.",[MeSH] Humans; [MeSH] Africa; [MeSH] Epidemics; [MeSH] Global Health; [MeSH] Disease Outbreaks
37030520,Rapid evolving cutaneous lesions on the hand: A diagnostic challenge.,"Yanfei Li, Xu Li, Shuang Wu, Qiri Mu, Lin Ma",Travel medicine and infectious disease. 2023. doi: 10.1016/j.tmaid.2023.102572..,Li,Travel medicine and infectious disease,2023,2023/04/07,,,10.1016/j.tmaid.2023.102572,,Mpox; Orf virus; Poxvirus; Virus; Zoonotic
35720796,Trend and enhanced surveillance of Monkeypox during COVID-19 pandemic in Nigeria.,"Lateefat Kikelomo Amao, David Idowu Olatunji, Gordon Igbodo, Solomon Chieloka Okoli, Ifeanyichukwu Amaechi, Muhammad Isa Goni, Odianosen Ehiakhamen, Olaolu Aderinola, Adesola Ogunleye, Oladipo Ogunbode, Adesola Adeleye, Tajudeen Arowolo, Kabiru Suleman, Abubakar Hassan, Mohammed Usman Yelwa, Nsikak Inam, Afolabi Akinpelu, Fahad Muhammad, Kola Jinadu, Ikenna Onoh, Jessica Akinrogbe, Elsie Ilori, Abaye Biobelu, Ikwuogu Richard, Ifeoma Nwadiuto, Oyaba Demebons, Ogbue Nwakaego, Emmanuel Owhodar, John Oladejo, Evaezi Okpokoro, Chikwe Ihekweazu",Journal of public health in Africa. 2022. doi: 10.4081/jphia.2022.2184..,Amao,Journal of public health in Africa,2022,2022/05/25,,,10.4081/jphia.2022.2184,"Monkeypox (MPX) is a viral zoonosis with lesions like smallpox. Though rare in Nigeria, sporadic outbreaks have been reported in 17 states since September 2017. Unfortunately, the COVID-19 pandemic has further reduced surveillance and reporting of MPX disease. This study seeks to assess the effect of an enhanced surveillance approach to detect MPX cases and measure the cumulative incidence of MPX in priority states in Nigeria. We identified three priority states (Rivers, Delta and Bayelsa) and their Local Government Areas (LGAs) based on previous disease incidence. We also identified, trained, and incentivized community volunteers to conduct active case searches over three months (January to March 2021). We supported case investigation of suspected cases and followed up on cases in addition to routine active surveillance for MPX in health facilities and communities. Weekly and monthly follow-up was carried out during the same period. Out of the three states, 30 hotspots LGAs out of the 56 LGAs (54%) were engaged for enhanced surveillance. We trained three state supervisors, 30 LGA surveillance facilitators and 600 Community informants across the three priority states. Overall, twenty-five (25) suspected cases of MPX were identified. Out of these, three (12%) were confirmed as positive. Enhanced surveillance improved reporting of MPX diseases in hotspots LGAs across the priority states. Extension of this surveillance approach alongside tailored technical support is critical intra and post-pandemic.",COVID-19; Enhanced Surveillance; Monkeypox; Nigeria; Zoonosis
37116237,Proteomics-based vaccine targets annotation and design of subunit and mRNA-based vaccines for Monkeypox virus (MPXV) against the recent outbreak.,"Yifan Jin, Addeela Fayyaz, Ayesha Liaqat, Abbas Khan, Abdulrahman Alshammari, Yanjing Wang, Ruo-Xu Gu, Dong-Qing Wei",Computers in biology and medicine. 2023. doi: 10.1016/j.compbiomed.2023.106893..,Jin,Computers in biology and medicine,2023,2023/04/10,,,10.1016/j.compbiomed.2023.106893,"Monkeypox Virus (MPXV) is a growing public health threat with increasing cases and fatalities globally. To date, no specific vaccine or small molecule therapeutic choices are available for the treatment of MPXV disease. In this work, we employed proteomics and structural vaccinology approaches to design mRNA and multi-epitopes-based vaccines (MVC) against MPXV. We first identified ten proteins from the whole proteome of MPXV as potential vaccine targets. We then employed structural vaccinology approaches to map potential epitopes of these proteins for B cell, cytotoxic T lymphocytes (CTL), and Helper T lymphocytes (HTL). Finally, 9 CTL, 6 B cell, and 5 HTL epitopes were joined together through suitable linkers to construct MVC (multi-epitope vaccine) and mRNA-based vaccines. Molecular docking, binding free energy calculation, and in silico cloning revealed robust interaction of the designed MVC with toll-like receptor 2 (TLR2) and efficient expression in E. Coli K12 strain. The immune simulation results revealed that the antigen titer after the injection reached to the maximum level on the 5th day and an abrupt decline in the antigen titer was observed upon the production of IgM, IgG and IgM + IgG, dendritic cells, IFN-gamma, and IL (interleukins), which suggested the potential of our designed vaccine candidate for inducing an immune response against MPXV.",Immune simulation; Monkeypox; Multi-epitopes; Vaccines; mRNA
41599062,UV-C Irradiation Effectiveness on Mpox-Virus-Contaminated Surfaces.,"Anna Gidari, Samuele Sabbatini, Carlo Pallotto, Sabrina Bastianelli, Sara Pierucci, Chiara Busti, Giulia Proietti, Alessia Lai, Giuseppe Vittorio De Socio, Daniela Francisci","Pathogens (Basel, Switzerland). 2026. doi: 10.3390/pathogens15010078..",Gidari,"Pathogens (Basel, Switzerland)",2026,2026/01/10,,,10.3390/pathogens15010078,"INTRODUCTION: Mpox virus (MpoxV), an emerging zoonotic pathogen, has recently caused global concern due to increasing outbreaks beyond its traditional endemic regions. While transmission primarily occurs via close contact, fomites are also suspected of contributing. This study aims to evaluate the effectiveness of UV-C irradiation on MpoxV-contaminated surfaces. METHODS: the virucidal activity of UV-C (254 nm) irradiation on MpoxV applied to plastic, glass, and stainless-steel surfaces was assessed. Using a viral stock of 2.49 × 105 TCID50/mL, the samples were exposed to increasing UV-C doses. Viral titers were quantified through TCID50 and plaque assays. RESULTS: A UV-C dose of 6.34 mJ/cm2 achieved a >2-log reduction of viral load, below the detection limit (31.6 TCID50/mL), on all tested surfaces. EC90 values were determined as 3.33 mJ/cm2 (plastic), 0.81 mJ/cm2 (stainless steel), and 1.98 mJ/cm2 (glass). No viable virus was detectable post-treatment at these doses on plastic and stainless steel while the titer was significantly reduced on glass. CONCLUSIONS: UV-C irradiation at low doses effectively inactivated MpoxV on various fomites. These findings support UV-C as a rapid and effective environmental disinfection strategy in healthcare and community settings to prevent indirect transmission of MpoxV.",Mpox; UV-C; glass; plastic; steel; surfaces
40804923,LAMPOX: A Portable and Rapid Molecular Diagnostic Assay for the Epidemic Clade IIb Mpox Virus Detection.,"Anna Rosa Garbuglia, Mallory Draye, Silvia Pauciullo, Daniele Lapa, Eliana Specchiarello, Florence Nazé, Pascal Mertens","Diagnostics (Basel, Switzerland). 2025. doi: 10.3390/diagnostics15151959..",Garbuglia,"Diagnostics (Basel, Switzerland)",2025,2025/08/04,,,10.3390/diagnostics15151959,"The global spread of Mpox virus (MPXV) underscores the urgent need for rapid, field-deployable diagnostic tools, especially in low-resource settings. We evaluated a loop-mediated isothermal amplification (LAMP) assay, termed LAMPOX, developed by Coris BioConcept. The assay was tested in three formats-two liquid versions and a dried, ready-to-use version-targeting only the ORF F3L (Liquid V1) or both the ORF F3L and N4R (Liquid V2 and dried) genomic regions. Analytical sensitivity and specificity were assessed using 60 clinical samples from confirmed MPXV-positive patients. Sensitivity on clinical samples was 81.7% for Liquid V1 and 88.3% for Liquid V2. The dried LAMPOX assay demonstrated a sensitivity of 88.3% and a specificity of 100% in a panel of 112 negative controls, with most positive samples detected in under 7 min. Additionally, a simplified sample lysis protocol was developed to facilitate point-of-care use. While this method showed slightly reduced sensitivity compared to standard DNA extraction, it proved effective for samples with higher viral loads. The dried format offers key advantages, including ambient-temperature stability and minimal equipment needs, making it suitable for point-of-care testing. These findings support LAMPOX as a promising tool for rapid MPXV detection during outbreaks, especially in resource-limited settings where traditional PCR is impractical.",LAMP (loop-mediated isothermal amplification); Mpox; comparative analysis; molecular diagnostics; point of care (POC)
202224,Poxvirus hosts and reservoirs. Brief review.,D Baxby,Archives of virology. 1977. doi: 10.1007/BF01319903..,Baxby,Archives of virology,1977,1977/01/01,,,10.1007/BF01319903,,[MeSH] Animal Diseases; [MeSH] Animals; [MeSH] Disease Reservoirs; [MeSH] Humans; [MeSH] Monkeypox virus; [MeSH] Poxviridae; [MeSH] Poxviridae Infections; [MeSH] Vaccinia virus; [MeSH] Variola virus
41792577,Maternal and Pediatric Use of Vaccines for Mpox: A Living Systematic Review and Meta-analysis of Safety and Effectiveness.,"Agustín Ciapponi, Jamile Ballivian, Mabel Berrueta, Juan M Sambade, Noelia Castellana, Ariel Bardach, Martin Brizuela, Julieta Caravario, Daniel Comande, Esteban Couto, Agustina Mazzoni, Edward Parker, Florencia Salva, Katharina Stegelmann, Xu Xiong, Andy Stergachis, Flor M Munoz, Pierre Buekens",Drug safety. 2026. doi: 10.1007/s40264-026-01657-7..,Ciapponi,Drug safety,2026,2026/03/06,,,10.1007/s40264-026-01657-7,"BACKGROUND: Mpox is a re-emerging zoonotic infection caused by an Orthopoxvirus closely related to smallpox. The 2022-23 global outbreak prompted rapid use of vaccinia-based vaccines, historically developed for smallpox and those of the latest generation used for mpox prevention. Assessing their safety and effectiveness in pregnant persons and children is critical to guide policies protecting populations at an elevated risk of severe illness. OBJECTIVE: This study assessed the safety and effectiveness of mpox and historical smallpox vaccines, administered during pregnancy and childhood. METHODS: We conducted a living systematic review and meta-analysis (PROSPERO CRD42024591322/CRD42024586205) following Cochrane, World Health Organization, and Preferred Reporting Items for Systematic reviews and Meta-Analyses (PRISMA) standards. We searched biweekly across major databases, trial registries, preprints, and gray literature (inception to September 2025) for studies evaluating the safety and effectiveness of vaccinia-based smallpox vaccines, including historical (first- and second-generation) and modern (third-generation) vaccines, in maternal and pediatric populations. Reviewers independently conducted study selection, data extraction, and risk-of-bias assessment. Meta-analyses employed random-effects models, and results are presented through an interactive dashboard and a living platform. RESULTS: We included 27 clinical studies (1949-2025), involving 1,406,771 children/adolescents (eight studies) and 11,482 pregnant persons (19 studies). Most maternal data came from first-generation vaccines (Lister, Finnish, Dryvax, APSV). These vaccines were not associated with an increased risk of spontaneous abortion (risk ratio [RR] 1.02, 95% confidence interval [CI] 0.70-1.48), stillbirth (RR 1.02, 95% CI 0.70-1.48), or preterm birth (RR 1.08, 95% CI 0.78-1.50), but were linked to a higher risk of congenital anomalies (RR 1.25, 95% CI 1.01-1.54). Fifty-two fetal vaccinia cases were reported globally up to 1978, with none since. Evidence on second- (ACAM2000) and third-generation (MVA-BN) non-replicating vaccines remains limited. In children, serious adverse events were rare, and MVA-BN caused only mild self-limiting reactions. No study assessed vaccine effectiveness in pregnant persons, while limited pediatric data suggested possible protection after post-exposure prophylaxis. CONCLUSIONS: Vaccinia-based vaccines appear generally safe in pregnancy and children. However, evidence on the safety and effectiveness of third-generation mpox vaccines is still scarce. High-quality prospective studies and strengthened pharmacovigilance are urgently needed to inform policy and clinical decision making.",
40914436,Remarkable photodynamic activity of tetra-cationic porphyrins against Vaccinia virus and Monkeypox virus.,"Gilneia da Rosa, Paulo Henrique Hümmelgen Silva, José Valter Joaquim Silva Júnior, Micheli Mainardi Pillat, Bernardo Almeida Iglesias, Rudi Weiblen, Eduardo Furtado Flores",Antiviral research. 2025. doi: 10.1016/j.antiviral.2025.106279..,da,Antiviral research,2025,2025/09/04,,,10.1016/j.antiviral.2025.106279,"In this context, we evaluated the photodynamic effects of four cationic tetra-(pyridyl)porphyrins against Vaccinia virus Western Reserve (VACV WR) and Monkeypox virus (MPXV). The porphyrins were initially analyzed for cytotoxicity to Vero cells by MTT assay and the maximal non-cytotoxic concentrations were used in virucidal assays. For virucidal assays, VACV-WR (107.5 TCID50/mL) and MPXV suspensions (106.97 TCID50/mL) were incubated with porphyrins, exposed (or not) to white light conditions at 45 min. Aliquots of virus suspensions were collected and quantitated, comparing the titers with those of virus suspensions not exposed to porphyrins and/or to light. Porphyrins 4-PtTPyP, 3-H2TMeP and 4-H2TMeP exhibited light-dependent activity and completely inactivated VACV-WR and MPXV after 5, 30 and 45 min of light exposure, respectively. In contrast, derivative 3-PtTPyP inactivated the viruses even in the absence of white light exposure, a light-independent virucidal activity. Virucidal assays were performed in the presence/absence of ROS scavengers. Ascorbic acid (AA) was the only capable of completely inhibiting photodynamic inactivation by the three porphyrins. This indicates a type II photodynamic mechanism by singlet oxygen (1O2). These results demonstrated photodynamic inactivation of poxviruses by tetra-cationic porphyrins, supporting their potential use - especially 4-PtTPyP - for virus inactivation in many applications. These results also pave the way for testing porphyrin in PDT of poxvirus-induced cutaneous lesions. In addition, our data validated the use of VACV as a in vitro model for targeted MPXV virucidal testing.",Cationic porphyrins; Photodynamic therapy; Poxviridae; Virus inactivation
23142251,Susceptibility of monkeypox virus aerosol suspensions in a rotating chamber.,"Daniel Verreault, Stephanie Z Killeen, Rachel K Redmann, Chad J Roy",Journal of virological methods. 2012. doi: 10.1016/j.jviromet.2012.10.009..,Verreault,Journal of virological methods,2013,2012/11/06,,,10.1016/j.jviromet.2012.10.009,"Viral aerosols can have a major impact on public health and on the dynamics of infection. Once aerosolized, viruses are subjected to various stress factors and their integrity and potential of infectivity can be altered. Empirical characterization is needed in order to predict more accurately the fate of these bioaerosols both for short term and long term suspension in the air. Here the susceptibility to aerosolization of the monkeypox virus (MPXV), associated with emerging zoonotic diseases, was studied using a 10.7 L rotating chamber. This chamber was built to fit inside a Class three biological safety cabinet, specifically for studying airborne biosafety level three (BSL3) microorganisms. Airborne viruses were detected by culture and quantitative polymerase chain reaction (qPCR) after up to 90 h of aging. Viral concentrations detected dropped by two logs for culture analysis and by one log for qPCR analysis within the first 18 h of aging; viral concentrations were stable between 18 and 90 h, suggesting a potential for the MPXV to retain infectivity in aerosols for more than 90 h. The rotating chamber used in this study maintained viral particles airborne successfully for prolonged periods and could be used to study the susceptibility of other BSL3 microorganisms.",[MeSH] Aerosols; [MeSH] Microbial Viability; [MeSH] Monkeypox virus; [MeSH] Real-Time Polymerase Chain Reaction; [MeSH] Time Factors; [MeSH] Viral Load
36343384,"Orthopoxvirus Seroprevalence and Infection Susceptibility in France, Bolivia, Laos, and Mali.","Léa Luciani, Nathanaël Lapidus, Abdennour Amroun, Alessandra Falchi, Chanthala Souksakhone, Mayfong Mayxay, Audrey Dubot-Pérès, Paola Mariela Saba Villarroel, Issa Diarra, Ousmane Koita, Pierre Gallian, Xavier de Lamballerie",Emerging infectious diseases. 2022. doi: 10.3201/eid2812.221136..,Luciani,Emerging infectious diseases,2022,2022/11/07,,,10.3201/eid2812.221136,"To determine a demographic overview of orthopoxvirus seroprevalence, we tested blood samples collected during 2003-2019 from France (n = 4,876), Bolivia (n = 601), Laos (n = 657), and Mali (n = 255) for neutralizing antibodies against vaccinia virus. In addition, we tested 4,448 of the 4,876 samples from France for neutralizing antibodies against cowpox virus. We confirmed extensive cross-immunity between the 2 viruses. Seroprevalence of antibodies was <1% in Bolivia, <5% in Laos, and 17.25% in Mali. In France, we found low prevalence of neutralizing antibodies in persons who were unvaccinated and vaccinated for smallpox, suggesting immunosenescence occurred in vaccinated persons, and smallpox vaccination compliance declined before the end of compulsory vaccination. Our results suggest that populations in Europe, Africa, Asia, and South America are susceptible to orthopoxvirus infections, which might have precipitated the emergence of orthopoxvirus infections such as the 2022 spread of monkeypox in Europe.",Bolivia; France; Laos; Mali; Orthopoxvirus; cowpox virus; monkeypox virus; seroprevalence; sexually transmitted infections; vaccinia virus; viruses; zoonoses
221811,Save the smallpox virus?,J D DeWeese,The New England journal of medicine. 1979. doi: 10.1056/NEJM197907263010414..,DeWeese,The New England journal of medicine,1979,1979/07/26,,,10.1056/NEJM197907263010414,,[MeSH] Humans; [MeSH] Monkeypox virus; [MeSH] Poxviridae Infections; [MeSH] Variola virus
40021299,Mpox vaccination strategies in DR Congo - Author's reply.,Gregg S Gonsalves,The Lancet. Global health. 2025. doi: 10.1016/S2214-109X(25)00004-X..,Gonsalves,The Lancet. Global health,2025,2025/03/01,,,10.1016/S2214-109X(25)00004-X,,
30123790,"Evolution of a Disease Surveillance System: An Increase in Reporting of Human Monkeypox Disease in the Democratic Republic of the Congo, 2001-2013.","Nicole A Hoff, Reena H Doshi, Brian Colwell, Benoit Kebela-Illunga, Patrick Mukadi, Mathias Mossoko, D'Andre Spencer, Jean-Jacque Muyembe-Tamfum, Emile Okitolonda-Wemakoy, Jamie Lloyd-Smith, Anne W Rimoin",International journal of tropical disease & health. 2017. doi: 10.9734/IJTDH/2017/35885..,Hoff,International journal of tropical disease & health,2017,2017/08/28,,,10.9734/IJTDH/2017/35885,"OBJECTIVE: Evaluating the effectiveness of a surveillance system, and how it improves over time has significant implications for disease control and prevention. In the Democratic Republic of Congo (DRC), the Integrated Disease Surveillance and Response (IDSR) was implemented to estimate the burden of disease, monitor changes in disease occurrence, and inform resource allocation. For this effort we utilized national passive surveillance data from DRC's IDSR to explore reporting trends of human monkeypox (MPX) from 2001 to 2013. METHODS: We obtained surveillance data on MPX cases occurring between January 2001 and December 2013 from the DRC Ministry of Health (MoH). Phases of the surveillance system, yearly trends in reporting and estimated incidence for MPX were analyzed using SAS v9.2 and Health Mapper. RESULTS: Between 2001 and 2013, three discrete surveillance phases were identified that described the evolution of the surveillance system. Overall, an increase in suspected MPX cases was reported, beyond what would be expected from simply an improved reporting system. When restricting the analysis to the ""stable phase,"" national estimated incidence increased from 2.13 per 100,000 in 2008 to 2.84 per 100,000 in 2013. CONCLUSIONS: The reported increase in MPX, based on an evolving surveillance system, is likely to be a true increase in disease occurrence rather than simply improvements to the surveillance system. Further analyses should provide critical information for improved prevention and control strategies and highlight areas of improvement for future data collection efforts.",Democratic Republic of Congo; Monkeypox; disease trends; passive surveillance
40651484,Mpox in Africa: funding cuts and delayed global actions fuelling new epicentres.,Victor Saidi Mithi,The Lancet. Global health. 2025. doi: 10.1016/S2214-109X(25)00241-4..,Mithi,The Lancet. Global health,2025,2025/07/09,,,10.1016/S2214-109X(25)00241-4,,
22999097,Orthopoxvirus species and strain differences in cell entry.,"Zain Bengali, P S Satheshkumar, Bernard Moss",Virology. 2012. doi: 10.1016/j.virol.2012.08.044..,Bengali,Virology,2012,2012/09/20,,,10.1016/j.virol.2012.08.044,"Vaccinia virus (VACV) enters cells by a low pH endosomal route or by direct fusion with the plasma membrane. We previously found differences in entry properties of several VACV strains: entry of WR was enhanced by low pH, reduced by bafilomycin A1 and relatively unaffected by heparin, whereas entry of IHD-J, Copenhagen and Elstree were oppositely affected. Since binding and entry modes may have been selected by specific conditions of in vitro propagation, we now examined the properties of three distinct, recently isolated cowpox viruses and a monkeypox virus as well as additional VACV and cowpox virus strains. The recent isolates were more similar to WR than to other VACV strains, underscoring the biological importance of endosomal entry by orthopoxviruses. Sequence comparisons, gene deletions and gene swapping experiments indicated that viral determinants, other than or in addition to the A26 and A25 ""fusion-suppressor"" proteins, impact entry properties.",[MeSH] Animals; [MeSH] Cell Line; [MeSH] Chlorocebus aethiops; [MeSH] Cowpox virus; [MeSH] Endosomes; [MeSH] Glycosaminoglycans; [MeSH] HeLa Cells; [MeSH] Heparin; [MeSH] Humans; [MeSH] Hydrogen-Ion Concentration; [MeSH] Macrolides; [MeSH] Monkeypox virus; [MeSH] Open Reading Frames; [MeSH] Orthopoxvirus; [MeSH] Species Specificity; [MeSH] Vaccinia virus; [MeSH] Virus Internalization
40033911,2024 Mpox outbreak response: Drawing a tailored roadmap for improving hospital preparedness and worker awareness in India.,"Sanchita Chakraborty, Abhijit Poddar","Indian journal of dermatology, venereology and leprology. 2025. doi: 10.25259/IJDVL_1901_2024..",Chakraborty,"Indian journal of dermatology, venereology and leprology",2025,2025/01/01,,,10.25259/IJDVL_1901_2024,,
24841633,Simple technique for in field samples collection in the cases of skin rash illness and subsequent PCR detection of orthopoxviruses and varicella zoster virus.,"Catherine Dumont, Leonid M Irenge, Edmond K Magazani, Daniel Garin, Jean-Jacques T Muyembe, Mostafa Bentahir, Jean-Luc Gala",PloS one. 2014. doi: 10.1371/journal.pone.0096930..,Dumont,PloS one,2014,2014/05/19,,,10.1371/journal.pone.0096930,"BACKGROUND: In case of outbreak of rash illness in remote areas, clinically discriminating monkeypox (MPX) from severe form of chickenpox and from smallpox remains a concern for first responders. OBJECTIVE: The goal of the study was therefore to use MPX and chickenpox outbreaks in Democratic Republic of Congo (DRC) as a test case for establishing a rapid and specific diagnosis in affected remote areas. METHODS: In 2008 and 2009, successive outbreaks of presumed MPX skin rash were reported in Bena Tshiadi, Yangala and Ndesha healthcare districts of the West Kasai province (DRC). Specimens consisting of liquid vesicle dried on filter papers or crusted scabs from healing patients were sampled by first responders. A field analytical facility was deployed nearby in order to carry out a real-time PCR (qPCR) assay using genus consensus primers, consensus orthopoxvirus (OPV) and smallpox-specific probes spanning over the 14 kD fusion protein encoding gene. A PCR-restriction fragment length polymorphism was used on-site as backup method to confirm the presence of monkeypox virus (MPXV) in samples. To complete the differential diagnosis of skin rash, chickenpox was tested in parallel using a commercial qPCR assay. In a post-deployment step, a MPXV-specific pyrosequencing was carried out on all biotinylated amplicons generated on-site in order to confirm the on-site results. RESULTS: Whereas MPXV proved to be the agent causing the rash illness outbreak in the Bena Tshiadi, VZV was the causative agent of the disease in Yangala and Ndesha districts. In addition, each on-site result was later confirmed by MPXV-specific pyrosequencing analysis without any discrepancy. CONCLUSION: This experience of rapid on-site dual use DNA-based differential diagnosis of rash illnesses demonstrates the potential of combining tests specifically identifying bioterrorism agents and agents causing natural outbreaks. This opens the way to rapid on-site DNA-based identification of a broad spectrum of causative agents in remote areas.","[MeSH] Chickenpox; [MeSH] DNA, Viral; [MeSH] Exanthema; [MeSH] Herpesvirus 3, Human; [MeSH] Humans; [MeSH] Monkeypox virus; [MeSH] Orthopoxvirus; [MeSH] Polymerase Chain Reaction; [MeSH] Variola virus"
198638,Structural polypeptides of several strains of orthopoxvirus.,"M Arita, I Tagaya",Microbiology and immunology. 1977. doi: 10.1111/j.1348-0421.1977.tb00298.x..,Arita,Microbiology and immunology,1977,1977/01/01,,,10.1111/j.1348-0421.1977.tb00298.x,,"[MeSH] Electrophoresis, Polyacrylamide Gel; [MeSH] Molecular Weight; [MeSH] Monkeypox virus; [MeSH] Poxviridae; [MeSH] Vaccinia virus; [MeSH] Variola virus; [MeSH] Viral Proteins"
36276923,Monkeypox threat could worsen.,Jason Arunn Murugesu,New scientist (1971). 2022. doi: 10.1016/S0262-4079(22)01835-8..,Murugesu,New scientist (1971),2022,2022/10/14,,,10.1016/S0262-4079(22)01835-8,"A more deadly variant of the virus is circulating in the Democratic Republic of the Congo, and there are fears it could go global, reports Jason Arunn Murugesu.",
37509664,Repurposing Anti-Dengue Compounds against Monkeypox Virus Targeting Core Cysteine Protease.,"Mohd Imran, Abida, Nawaf M Alotaibi, Hamdy Khamees Thabet, Jamal Alhameedi Alruwaili, Lina Eltaib, Ahmed Alshehri, Ahad Amer Alsaiari, Mehnaz Kamal, Abdulmajeed Mohammed Abdullah Alshammari",Biomedicines. 2023. doi: 10.3390/biomedicines11072025..,Imran,Biomedicines,2023,2023/07/18,,,10.3390/biomedicines11072025,"The monkeypox virus (MPXV) is an enveloped, double-stranded DNA virus belonging to the genus Orthopox viruses. In recent years, the virus has spread to countries where it was previously unknown, turning it into a worldwide emergency for public health. This study employs a structural-based drug design approach to identify potential inhibitors for the core cysteine proteinase of MPXV. During the simulations, the study identified two potential inhibitors, compound CHEMBL32926 and compound CHEMBL4861364, demonstrating strong binding affinities and drug-like properties. Their docking scores with the target protein were -10.7 and -10.9 kcal/mol, respectively. This study used ensemble-based protein-ligand docking to account for the binding site conformation variability. By examining how the identified inhibitors interact with the protein, this research sheds light on the workings of the inhibitors' mechanisms of action. Molecular dynamic simulations of protein-ligand complexes showed fluctuations from the initial docked pose, but they confirmed their binding throughout the simulation. The MMGBSA binding free energy calculations for CHEMBL32926 showed a binding free energy range of (-9.25 to -9.65) kcal/mol, while CHEMBL4861364 exhibited a range of (-41.66 to -31.47) kcal/mol. Later, analogues were searched for these compounds with 70% similarity criteria, and their IC50 was predicted using pre-trained machine learning models. This resulted in identifying two similar compounds for each hit with comparable binding affinity for cysteine proteinase. This study's structure-based drug design approach provides a promising strategy for identifying new drugs for treating MPXV infections.",cysteine proteinase; in silico methods; molecular docking; molecular dynamic simulations; monkeypox virus
41793344,Human Behavior and the Containment of Mpox Outbreaks.,"Saurabh RamBihariLal Shrivastava, Prateek Sudhakar Bobhate",Indian journal of public health. 2026. doi: 10.4103/ijph.ijph_1331_24..,Shrivastava,Indian journal of public health,2026,2026/03/07,,,10.4103/ijph.ijph_1331_24,,
41654377,MPox virus transmission to healthcare worker in Europe.,"Barbara Burgos-Blasco, Noemi Cabello-Clotet, Vicente Estrada, David Díaz-Valle",Enfermedades infecciosas y microbiologia clinica (English ed.). 2026. doi: 10.1016/j.eimce.2026.503039..,Burgos-Blasco,Enfermedades infecciosas y microbiologia clinica (English ed.),2026,2026/02/01,,,10.1016/j.eimce.2026.503039,,
40118088,"Mpox vaccination: a dose of protection, but is it enough?","Angelo Roberto Raccagni, Silvia Nozza",The Lancet. Infectious diseases. 2025. doi: 10.1016/S1473-3099(25)00082-9..,Raccagni,The Lancet. Infectious diseases,2025,2025/03/18,,,10.1016/S1473-3099(25)00082-9,,
41366359,Correction: MPOX outbreak in Africa: the urgent need for local manufacturing of the vaccine and decolonized health systems.,"Adanze Nge Cynthia, Gordon Takop Nchanji",BMC public health. 2025. doi: 10.1186/s12889-025-25762-x..,Cynthia,BMC public health,2025,2025/12/09,,,10.1186/s12889-025-25762-x,,
6291794,"Surveillance of orthopoxvirus infections, and associated research, in the period after smallpox eradication.","I Arita, A Gromyko",Bulletin of the World Health Organization. 1982.,Arita,Bulletin of the World Health Organization,1982,1982/01/01,,,,"In 1980, the World Health Assembly declared the global eradication of smallpox and recommended the universal discontinuation of smallpox vaccination; nevertheless, it recommended that surveillance and research on orthopoxvirus infections should continue. By early 1982, all except 8 countries in the world had stopped routine vaccination programmes and all except 1 no longer required an international certificate of smallpox vaccination for travellers. Since 1978, as a result of continuing active surveillance, 176 smallpox rumours have been investigated in 60 countries. Two of these concerned the two laboratory-associated cases that occurred in the United Kingdom in 1978; all the others were false alarms. Special surveillance programmes for human monkeypox have been developed in West and Central Africa. The number of laboratories retaining variola virus stocks has been reduced to four. Investigations to determine the identity and origin of the six known isolates of ""whitepox"" virus have continued. Research on mapping of variola DNA and on monoclonal antibodies against certain orthopoxvirus antigens is continuing. All these measures are aimed at ensuring that the achievement of smallpox eradication is permanent.","[MeSH] DNA, Viral; [MeSH] Humans; [MeSH] Monkeypox virus; [MeSH] Population Surveillance; [MeSH] Poxviridae; [MeSH] Poxviridae Infections; [MeSH] Smallpox; [MeSH] Vaccination; [MeSH] Variola virus"
18546853,[Anti-vaccinia monoclonal antibodies cross-reactive with monkey pox virus and their application].,"Noritoshi Kitamoto, Shigeru Morikawa, Masayuki Saijo, Yoji Kato, Tomoyuki Tanaka",Kansenshogaku zasshi. The Journal of the Japanese Association for Infectious Diseases. 2008. doi: 10.11150/kansenshogakuzasshi1970.82.224..,Kitamoto,Kansenshogaku zasshi. The Journal of the Japanese Association for Infectious Diseases,2008,2008/05/01,,,10.11150/kansenshogakuzasshi1970.82.224,,"[MeSH] Animals; [MeSH] Antibodies, Monoclonal; [MeSH] Cross Reactions; [MeSH] Mice; [MeSH] Monkeypox virus; [MeSH] Vaccinia"
36284773,Africa and monkeypox vaccinations: A call for action.,"Ramadan Abdelmoez Farahat, Basant E Katamesh, Ziad A Memish",New microbes and new infections. 2022. doi: 10.1016/j.nmni.2022.101037..,Farahat,New microbes and new infections,2022,2022/10/21,,,10.1016/j.nmni.2022.101037,,
40966111,First Mpox emergency in Africa: Confronting the dual challenge of outbreak management and vaccine scarcity.,"Bashar Haruna Gulumbe, Abdulrakib Abdulrahim, Munkaila Tirmizhi Abubakar",Tropical doctor. 2025. doi: 10.1177/00494755251378823..,Gulumbe,Tropical doctor,2026,2025/09/18,,,10.1177/00494755251378823,,
36830816,"Oral Brincidofovir Therapy for Monkeypox Outbreak: A Focused Review on the Therapeutic Potential, Clinical Studies, Patent Literature, and Prospects.","Mohd Imran, Mohammed Kanan Alshammari, Mandeep Kumar Arora, Amit Kumar Dubey, Sabya Sachi Das, Mehnaz Kamal, Abdulaziz Saad Abdulrahman Alqahtani, Mohammed Ahmed Yahya Sahloly, Ahmed Hammad Alshammari, Hessah Mohammed Alhomam, Aeshah Mousa Mahzari, Abida, Ali A Rabaan, Tafadzwa Dzinamarira",Biomedicines. 2023. doi: 10.3390/biomedicines11020278..,Imran,Biomedicines,2023,2023/01/19,,,10.3390/biomedicines11020278,"The monkeypox disease (MPX) outbreak of 2022 has been reported in more than one hundred countries and is becoming a global concern. Unfortunately, only a few treatments, such as tecovirimat (TCV), are available against MPX. Brincidofovir (BCV) is a United States Food and Drug Administration (USFDA)-approved antiviral against smallpox. This article reviews the potential of BCV for treating MPX and other Orthopoxvirus (OPXVs) diseases. The literature for this review was collected from PubMed, authentic websites (USFDA, Chimerix), and freely available patent databases (USPTO, Espacenet, and Patentscope). BCV (a lipophilic derivative of cidofovir) has been discovered and developed by Chimerix Incorporation, USA. Besides smallpox, BCV has also been tested clinically for various viral infections (adenovirus, cytomegalovirus, ebola virus, herpes simplex virus, and double-stranded DNA virus). Many health agencies and reports have recommended using BCV for MPX. However, no health agency has yet approved BCV for MPX. Accordingly, the off-label use of BCV is anticipated for MPX and various viral diseases. The patent literature revealed some important antiviral compositions of BCV. The authors believe there is a huge opportunity to create novel, inventive, and patentable BCV-based antiviral therapies (new combinations with existing antivirals) for OPXVs illnesses (MPX, smallpox, cowpox, camelpox, and vaccinia). It is also advised to conduct drug interaction (food, drug, and disease interaction) and drug resistance investigations on BCV while developing its combinations with other medications. The BCV-based drug repurposing options are also open for further exploration. BCV offers a promising opportunity for biosecurity against OPXV-based bioterrorism attacks and to control the MPX outbreak of 2022.",CMX001; Orthopoxvirus; brincidofovir; cidofovir; monkeypox; patent; smallpox
39521500,Mpox surveillance: the need for enhanced testing and genomic epidemiology.,Jeremy R Wang,"Lancet (London, England). 2024. doi: 10.1016/S0140-6736(24)02386-9..",Wang,"Lancet (London, England)",2024,2024/11/09,,,10.1016/S0140-6736(24)02386-9,,
40921877,Anti-M1R/B6R antibody characterization and bispecific design for enhanced orthopoxvirus protection.,"Runchu Zhao, Lili Wu, Yi Zhang, Jianrong Ma, Dezhi Liu, Yuxuan Zheng, Tianxiang Kong, Renyi Ma, Zhengrong Gao, Yan Chai, Yuanlang Liu, Yi Tian, Yunxiang Xia, Yongzhi Hou, Jiahan Lu, Zhe Cong, Baoying Huang, Wenjie Tan, Jing Xue, George F Gao, Qihui Wang",EMBO molecular medicine. 2025. doi: 10.1038/s44321-025-00299-z..,Zhao,EMBO molecular medicine,2025,2025/09/08,,,10.1038/s44321-025-00299-z,"The global outbreak of the mpox in humans, caused by the mpox virus (MPXV), underscores the urgent need for safe and effective therapeutics. In this study, we characterized the dominant MPXV immunogens, M1R and B6R, by sequencing monoclonal antibodies (MAbs) from the immunized mice and analyzing their epitopes and functions through in vitro and in vivo assessments of binding and antiviral activities. Several broadly effective anti-M1R and anti-B6R neutralizing MAbs were identified and they exhibited enhanced antiviral effects against MPXV or vaccinia virus (VACV) when used in antibody cocktail and bispecific antibody designs. Notably, the VH-CH1 switch region-inserting format of bispecific antibodies exhibited robust protective efficacy against VACV in a mouse model. Collectively, our study characterized the epitope and functional maps of anti-M1R and anti-B6R MAbs and developed promising broad-spectrum antibody candidates for the treatment of MPXV and other orthopoxvirus infections.",Animal Protection; B6R; Bispecific Antibody; M1R; Mpox Virus (MPXV)
40672506,Roles of community and sexual contacts as drivers of clade I mpox outbreaks.,"Hiroaki Murayama, Toshiaki R Asakura, Borame L Dickens, Dorothy Boyle, Jen Han Foo, Shihui Jin, Patrick K Mukadi, Keisuke Ejima, Sung-Mok Jung, Akihiro Nishi, Kiesha Prem, Audry M Wakamba, Diafuka Saila-Ngita, David Niyukuri, Akira Endo",medRxiv : the preprint server for health sciences. 2025. doi: 10.1101/2024.10.15.24315554..,Murayama,medRxiv : the preprint server for health sciences,2025,2025/07/08,,,10.1101/2024.10.15.24315554,"Initial investigation into the emerging mpox outbreak of novel clade Ib in eastern Democratic Republic of the Congo has identified signs of sustained human-to-human transmission and epidemiological links to sexual contacts involving female sex workers (FSWs)1, which have not been observed in previous clade Ia outbreaks. Using mathematical models incorporating age-dependent contact patterns, we quantified the role of frequent sexual interactions as opposed to community contacts in clade Ib's dynamics and found that this additional mode of transmission could explain its increased outbreak potential compared with clade Ia. As with the globally-circulating clade IIb, transmitted predominantly among men who have sex with men2, our findings reinforce the importance of protecting key population groups, specifically FSWs for clade Ib, in controlling ongoing mpox outbreaks.",
36200239,Residual Humoral Immunity Sustained Over Decades in a Cohort of Vaccinia-Vaccinated Individuals.,"Conrad E Z Chan, Steven K K Wong, Nurhidayah Binte M Yazid, Oon Tek Ng, Kalisvar Marimuthu, Monica Chan, Hwee Siew Howe, Yee-Sin Leo, Bernard P Leung, Shawn S Vasoo, Barnaby E Young",The Journal of infectious diseases. 2023. doi: 10.1093/infdis/jiac409..,Chan,The Journal of infectious diseases,2023,2023/04/18,,,10.1093/infdis/jiac409,"Serological testing of Singaporeans who received childhood smallpox vaccination found anti-vaccinia IgG binding and neutralizing activity indicating long-term humoral immunity. There was correlation between IgG and neutralizing titers indicating IgG could be used as a surrogate marker for humoral immunity. In 2019, Singapore experienced a case of imported monkeypox. As with smallpox, disease can be prevented through vaccination, which was mandatory for Singaporean infants until 1981. However, the degree of residual immunity in older vaccinated Singaporeans remains unknown. Sera from individuals born 1946-1984 were therefore tested and those born prior to 1981 were found to have higher anti-vaccinia IgG and neutralizing activity titers. This suggests that protective humoral immunity remains, which could reduce disease severity in an orthopoxvirus outbreak. Correlation between IgG and neutralizing titers was observed indicating that serology could be used as a surrogate marker for immunity.",monkeypox; smallpox; vaccinia
4335449,"Induction, course, and transmissibility of monkeypox in the baboon (Papio cynocephalus).","R L Heberling, S S Kalter",The Journal of infectious diseases. 1971. doi: 10.1093/infdis/124.1.33..,Heberling,The Journal of infectious diseases,1971,1971/07/01,,,10.1093/infdis/124.1.33,,"[MeSH] Animals; [MeSH] Animals, Laboratory; [MeSH] Antibody Formation; [MeSH] Complement Fixation Tests; [MeSH] Haplorhini; [MeSH] Hemagglutination Inhibition Tests; [MeSH] Hemolytic Plaque Technique; [MeSH] Monkey Diseases; [MeSH] Papio; [MeSH] Poxviridae; [MeSH] Poxviridae Infections"
37362629,Cutaneous findings of fulminant monkeypox in a patient with HIV/AIDS.,"Boraan Abdulkarim, Iesha L Ticknor, Ashlynn R Torres, Taha O Mohammed, Jonathan S Rees, Mohsen Baghchechi, Brian N Streams",JAAD case reports. 2023. doi: 10.1016/j.jdcr.2023.05.027..,Abdulkarim,JAAD case reports,2023,2023/06/01,,,10.1016/j.jdcr.2023.05.027,,
40021298,Mpox vaccination strategies in DR Congo.,"Elisabeth Paul, Garrett W Brown, Samuel Lwamushi Makali, Valéry Ridde, David Bell",The Lancet. Global health. 2025. doi: 10.1016/S2214-109X(25)00047-6..,Paul,The Lancet. Global health,2025,2025/03/01,,,10.1016/S2214-109X(25)00047-6,,
40091762,Long-term scarring after Monkeypox virus infection in 40 men who have sex with men.,"Juliette Salvia Prats, Vincent Bérot, Agathe Nouchi, Justin Destoop, Elise Ouedraogo, Camille Aubron-Olivier, Valérie Pourcher, Gentiane Monsel, Romain Palich",Journal of the European Academy of Dermatology and Venereology : JEADV. 2025. doi: 10.1111/jdv.20643..,Salvia,Journal of the European Academy of Dermatology and Venereology : JEADV,2025,2025/03/17,,,10.1111/jdv.20643,,
39537539,Vaccination trends and recent therapeutics to encounter resurgence of monkeypox.,"Nawal Fatima, Muhammad Ahmad, Ishtiaq Ahmed, Mohammed Hussen Bule",European journal of internal medicine. 2024. doi: 10.1016/j.ejim.2024.11.004..,Fatima,European journal of internal medicine,2025,2024/11/12,,,10.1016/j.ejim.2024.11.004,,
36778612,"Stigma, Discrimination, and Psychological Distress among the LGBTQ Community in Times of Monkeypox Outbreak-A Wake-up Call.","Mohit Shukla, Tushar Kanta Panda, Bala Shanthi Nikketha, Jayakumar Christy, Dinakaran Damodharan",Indian journal of psychological medicine. 2022. doi: 10.1177/02537176221139658..,Shukla,Indian journal of psychological medicine,2023,2022/11/29,,,10.1177/02537176221139658,,
41067236,Household transmission of mpox in Africa: limited in adults but more prevalent in children.,"Oriol Mitjà, Michael Marks",The Lancet. Infectious diseases. 2025. doi: 10.1016/S1473-3099(25)00503-1..,Mitjà,The Lancet. Infectious diseases,2026,2025/10/06,,,10.1016/S1473-3099(25)00503-1,,
40953575,Monkeypox virus-HIV co-infections in Sierra Leone.,"Elin Hoffmann Dahl, Darlinda F Jiba, Esther C Casas, Sylvie Jonckheere, Agnes Dama, Htet Aung Kyi, Agnes Bangura, Sulaiman Lakoh",The Lancet. Infectious diseases. 2025. doi: 10.1016/S1473-3099(25)00542-0..,Hoffmann,The Lancet. Infectious diseases,2025,2025/09/12,,,10.1016/S1473-3099(25)00542-0,,
37701354,The emergence of mpox in Pakistan: An urgent call for preparedness and response.,"Sanila Mughal, Hadiya Javed, Muhammad Hasanain",Health science reports. 2023. doi: 10.1002/hsr2.1556..,Mughal,Health science reports,2023,2023/09/10,,,10.1002/hsr2.1556,,
187818,A-type inclusion markers of wild white and other variola-related poxviruses.,"Y Ichihashi, T Kitamura",Japanese journal of medical science & biology. 1976. doi: 10.7883/yoken1952.29.221..,Ichihashi,Japanese journal of medical science & biology,1976,1976/08/01,,,10.7883/yoken1952.29.221,,"[MeSH] Animals; [MeSH] Chick Embryo; [MeSH] Haplorhini; [MeSH] HeLa Cells; [MeSH] Humans; [MeSH] Inclusion Bodies, Viral; [MeSH] Monkeypox virus; [MeSH] Poxviridae; [MeSH] Smallpox; [MeSH] Vaccinia virus; [MeSH] Variola virus"
39312930,Mpox global emergency: strengthening African leadership.,"Ibrahim Abubakar, Julius Lutwama, Catherine Kyobutungi, Osman Sankoh","Lancet (London, England). 2024. doi: 10.1016/S0140-6736(24)02068-3..",Abubakar,"Lancet (London, England)",2024,2024/09/20,,,10.1016/S0140-6736(24)02068-3,,
36586639,Emerging adjuvants for intradermal vaccination.,Xinyuan Chen,International journal of pharmaceutics. 2022. doi: 10.1016/j.ijpharm.2022.122559..,Chen,International journal of pharmaceutics,2023,2022/12/28,,,10.1016/j.ijpharm.2022.122559,"The majority of vaccines have been delivered into the muscular tissue. Skin contains large amounts of antigen-presenting cells and has been recognized as a more immunogenic site for vaccine delivery. Intradermal delivery has been approved to improve influenza vaccine efficacy and spare influenza vaccine doses. In response to the recent monkeypox outbreak, intradermal delivery has been also approved to stretch the limited monkeypox vaccine doses to immunize more people at risk. Incorporation of vaccine adjuvants is promising to further increase intradermal vaccine efficacy and spare more vaccine doses. Yet, intradermal vaccination is associated with more significant local reactions than intramuscular vaccination. Thus, adjuvants suitable to boost intradermal vaccination need to have a good local safety without inducing overt local reactions. This review introduces currently approved adjuvants in licensed human vaccines and their relative reactogenicity for intradermal delivery and then introduces emerging chemical and physical adjuvants with a good local safety to boost intradermal vaccination. The rational to develop physical adjuvants, the types of physical adjuvants, and the unique advantages of physical adjuvants to boost intradermal vaccination are also introduced in this review.",Chemical adjuvant; Intradermal vaccination; Laser adjuvant; Local reactogenicity; Physical adjuvant; Radiofrequency adjuvant
18572748,Specific inhibition of orthopoxvirus replication by a small interfering RNA targeting the D5R gene.,"Solenne Vigne, Raphaële Germi, Sophie Duraffour, Sylvie Larrat, Graciela Andrei, Robert Snoeck, Daniel Garin, Jean-Marc Crance",Antiviral therapy. 2008.,Vigne,Antiviral therapy,2008,2008/01/01,,,,"BACKGROUND: Concerns about the potential use of smallpox in bioterrorism have stimulated interest in the development of novel antiviral treatments. Currently, there are no effective therapies against smallpox and new treatment strategies are greatly needed. METHODS: In this study, specifically designed small interfering RNAs (siRNAs), targeting five proteins essential for orthopoxvirus replication, were investigated for their ability to inhibit vaccinia virus strain Western Reserve (VACVWR) replication. RESULTS: Among these siRNAs, 100 nM siD5R-2, an siRNA targeting the D5 protein, decreased VACVWR replication up to 90% when used either prophylactically or therapeutically in human lung carcinoma A549 cells. This siRNA induced a striking concentration-dependent inhibition of VACVWR replication and a prolonged prophylactic antiviral effect that lasted for 72 h, at a concentration of 100 nM. Confocal microscopy of Alexa-siD5R-2-treated VACVWR-infected cells confirmed a decrease in viral replication. Furthermore, siD5R-2 was shown to specifically reduce the D5R mRNA and protein expression using real-time reverse transcriptase-PCR and western blotting analysis, without inducing interferon-13 in A549 cells. We also demonstrated the antiviral potency of siD5R-2 against different pathogenic orthopoxviruses, such as cowpox and monkeypox viruses, which were inhibited up to 70% at the lowest concentration (1 nM) tested. Finally, siD5R-2 showed antiviral effects in VACVWR-infected human keratinocyte and fibroblast cell cultures. CONCLUSIONS: These results suggest that siD5R-2 could be a potential candidate to treat poxvirus infections.","[MeSH] Blotting, Western; [MeSH] Cell Line, Tumor; [MeSH] Cowpox virus; [MeSH] Down-Regulation; [MeSH] Fibroblasts; [MeSH] Fluorescent Antibody Technique; [MeSH] Gene Expression Regulation, Viral; [MeSH] Genetic Therapy; [MeSH] Humans; [MeSH] Interferon-beta; [MeSH] Keratinocytes; [MeSH] Monkeypox virus; [MeSH] Orthopoxvirus; [MeSH] Poxviridae Infections; [MeSH] RNA Interference; [MeSH] RNA, Messenger; [MeSH] RNA, Small Interfering; [MeSH] Reverse Transcriptase Polymerase Chain Reaction; [MeSH] Time Factors; [MeSH] Transfection; [MeSH] Vaccinia virus; [MeSH] Viral Proteins; [MeSH] Virus Replication"
40190182,CRATS: a one-pot CRISPR-Cas12b and RPA combined assay with a temperature switchcong for highly sensitive detection of monkeypox virus.,"Guangxi Yu, Yue Wang, Yukang Chen, Jiangyuan Liu, Hongtao Kang, Xiaodong Luan, Song Gao, Pei Wang",Acta biochimica et biophysica Sinica. 2025. doi: 10.3724/abbs.2025016..,Yu,Acta biochimica et biophysica Sinica,2025,2025/04/02,,,10.3724/abbs.2025016,,
39562787,Next-generation mpox vaccines: efficacy of mRNA-1769 compared to modified vaccinia virus Ankara in non-human primates.,"Leonie Mayer, Leonie M Weskamm, Marylyn M Addo",Signal transduction and targeted therapy. 2024. doi: 10.1038/s41392-024-02058-x..,Mayer,Signal transduction and targeted therapy,2024,2024/11/20,,,10.1038/s41392-024-02058-x,,
35994201,Correction to: Prevention and Treatment of Monkeypox.,"John G Rizk, Giuseppe Lippi, Brandon M Henry, Donald N Forthal, Youssef Rizk",Drugs. 2022. doi: 10.1007/s40265-022-01767-3..,Rizk,Drugs,2022,2022/08/01,,,10.1007/s40265-022-01767-3,,
40450846,Nanotechnology-driven enhancement and modulation of immune responses in monkeypox and respiratory syncytial virus nanovaccine research.,"Adelina-Gabriela Niculescu, Andrei-Mihai Dumitrascu, Anıl Tevfik Koçer, Pelin Pelit Arayıcı, Selcen Arı Yuka, Sinem Koçer, Cem Bülent Üstündağ, Alexandru Mihai Grumezescu, Corneliu Ovidiu Vrancianu, Mara Madalina Mihai, Mihaela Paun, Mariana Carmen Chifiriuc","Colloids and surfaces. B, Biointerfaces. 2025. doi: 10.1016/j.colsurfb.2025.114829..",Niculescu,"Colloids and surfaces. B, Biointerfaces",2025,2025/05/29,,,10.1016/j.colsurfb.2025.114829,"The global health landscape continues to face significant challenges from emerging and re-emerging viral pathogens, notably Monkeypox virus (MPXV) and Respiratory Syncytial Virus (RSV). Traditional vaccine approaches often fall short in providing robust and long-lasting immunity against these evolving threats. Nanotechnology offers transformative potential in this regard, enabling precise modulation and enhancement of immune responses through innovative nanovaccine platforms. This review delves into the latest advancements in nanotechnology-driven vaccine research targeting MPXV and RSV, focusing on the unique capabilities of nanoparticles (NPs) to optimize antigen delivery, stabilize vaccine formulations, and modulate immune responses. For MPXV, promising approaches include mRNA-lipid nanoparticles, antigen-conjugated nanoscaffolds, and virosome- or liposome-based nanovaccines, each demonstrating enhanced antigen stability and potent immunogenicity in preclinical models. RSV nanovaccine development leverages diverse nanoplatforms, such as nanocages, virus-like particles, elastin-like polypeptides, mRNA-lipid NPs, and self-aggregating lipopeptides, enabling precise antigen presentation and robust mucosal and systemic immunity. We highlight how these nanoparticle-based vaccines mimic viral structures, facilitating targeted interactions with antigen-presenting cells, optimizing antigen presentation, and promoting strong cellular and humoral immune responses. Despite these advances, clinical translation remains a challenge, with no approved MPXV or RSV nanovaccines currently available. Critical barriers include the need for further characterization of NP safety and immunogenicity, scalable manufacturing, and the identification of key viral antigens for effective targeting. This review underscores the immense potential of nanotechnology to revolutionize vaccine development against MPXV and RSV, offering insights into current challenges and future directions for the field. The integration of nanotechnology in vaccine research holds promise for more effective, durable, and accessible prophylactic solutions, addressing urgent global health needs.","Antigen/adjuvant delivery; Immune modulation; Monkeypox virus; Nanoparticles; Nanovaccines, mRNA-lipid nanoparticles; Respiratory syncytial virus"
38716102,Detection of monkeypox virus based on a convenient and sensitive single-step RPA-CRISPR/Cas12a strategy.,"Tao Yu, Zhen Rong, Zhixia Gu, Hongjuan Wei, Yunxiang Wang, Rui Song, Shengqi Wang, Shumei Wang",RSC advances. 2024. doi: 10.1039/d4ra02049a..,Yu,RSC advances,2024,2024/05/07,,,10.1039/d4ra02049a,"The global outbreak of monkeypox virus (MPXV) has highlighted the need for rapid molecular diagnostics techniques. In this study, a single-step recombinase polymerase amplification (RPA)-CRISPR/Cas12a system was developed for rapid and sensitive detection of MPXV. The limit of detection of this assay was 1 copy per μL of extracted nucleic acids. A heating lysis method was integrated to further simplify the sample processing workflow and shorten the assay time to 40 min from sample to result. The reaction mixture can be lyophilized to improve its accessibility in resource-limited settings. The analysis results of the proposed single-step RPA-CRISPR/Cas12a assay for clinical MPXV positive and negative samples were 100% consistent with standard PCR assay. These results demonstrate the feasibility and efficiency of this method for rapid and accurate MPXV detection in real-world settings, showcasing its potential utility in urgent and practical settings.",
40373661,Causes and consequences of the emergence of monkeypox as a global public health concern.,"Hasnat Ahmad Bilal, Muhammad Ahmad, Ishtiaq Ahmed, Muhammad Imran Arshad, Mohammed Hussen Bule",Journal of infection and public health. 2025. doi: 10.1016/j.jiph.2025.102805..,Bilal,Journal of infection and public health,2025,2025/04/30,,,10.1016/j.jiph.2025.102805,,
39078813,"Evaluating automatic annotation of lexicon-based models for stance detection of M-pox tweets from May 1st to Sep 5th, 2022.","Nicholas Perikli, Srimoy Bhattacharya, Blessing Ogbuokiri, Zahra Movahedi Nia, Benjamin Lieberman, Nidhi Tripathi, Salah-Eddine Dahbi, Finn Stevenson, Nicola Bragazzi, Jude Kong, Bruce Mellado",PLOS digital health. 2024. doi: 10.1371/journal.pdig.0000545..,Perikli,PLOS digital health,2024,2024/07/30,,,10.1371/journal.pdig.0000545,"Manually labeling data for supervised learning is time and energy consuming; therefore, lexicon-based models such as VADER and TextBlob are used to automatically label data. However, it is argued that automated labels do not have the accuracy required for training an efficient model. Although automated labeling is frequently used for stance detection, automated stance labels have not been properly evaluated, in the previous works. In this work, to assess the accuracy of VADER and TextBlob automated labels for stance analysis, we first manually label a Twitter, now X, dataset related to M-pox stance detection. We then fine-tune different transformer-based models on the hand-labeled M-pox dataset, and compare their accuracy before and after fine-tuning, with the accuracy of automated labeled data. Our results indicated that the fine-tuned models surpassed the accuracy of VADER and TextBlob automated labels by up to 38% and 72.5%, respectively. Topic modeling further shows that fine-tuning diminished the scope of misclassified tweets to specific sub-topics. We conclude that fine-tuning transformer models on hand-labeled data for stance detection, elevates the accuracy to a superior level that is significantly higher than automated stance detection labels. This study verifies that automated stance detection labels are not reliable for sensitive use-cases such as health-related purposes. Manually labeled data is more convenient for developing Natural Language Processing (NLP) models that study and analyze mass opinions and conversations on social media platforms, during crises such as pandemics and epidemics.",
38871569,Sexually Transmitted Infections in People with Human Immunodeficiency Virus.,"Jessica Tuan, Morgan M Goheen, William Trebelcock, Dana Dunne",Infectious disease clinics of North America. 2024. doi: 10.1016/j.idc.2024.04.007..,Tuan,Infectious disease clinics of North America,2024,2024/06/12,,,10.1016/j.idc.2024.04.007,"Sexually transmitted infections (STIs) are more commonly seen in patients with human immunodeficiency virus (PWH). Routine sexual history taking and appropriate multisite screening practices support prompt identification and treatment of patients, which in turn reduces morbidity and spread of STIs including HIV. Nucleic acid amplification testing has high accuracy for diagnosing many of the major STIs. Diagnosis of syphilis remains complex, requiring 2 stage serologic testing, along with provider awareness of the myriad symptoms that can be attributable to this disease. Prevention through mechanisms such as vaccines and postexposure prophylaxis hold promise to reduce the burden of STIs in PWH.",Chlamydia; Gonorrhea; Human immunodeficiency virus; Mpox; Mycoplasma; Sexually transmitted infections; Syphilis; Trichomonas
38982513,Retraction Note: An overview on mRNA-based vaccines to prevent monkeypox infection.,"Mohammad Natami, Amirsasan Gorgzadeh, Arsalan Gholipour, Seyedeh Narges Fatemi, Nima Firouzeh, Maryam Zokaei, Saad Hasan Mohammed Ali, Hadis Kheradjoo, Somayeh Sedighi, Omid Gholizadeh, Shaylan Kalavi",Journal of nanobiotechnology. 2024. doi: 10.1186/s12951-024-02693-0..,Natami,Journal of nanobiotechnology,2024,2024/07/09,,,10.1186/s12951-024-02693-0,,
603194,Identification of Orthopox virus by isoelectrofocusing in a granulated gel.,"L Mouillot, R Netter",Annales de microbiologie. 1977.,Mouillot,Annales de microbiologie,1977,1977/10/01,,,,"Twenty strains of Orthopox viruses (vaccina (3), cowpox (2), monkeypox (2), variola major and minor (7) and whitepox (6)) have been tested by electrofocusing in a granulated gel. From our preliminary results, it appears that there is a clearcut distinction between smallpox and whitepox. If our results are confirmed, it will be the first real genetic marker identified because other in vitro or in vivo test have heretofore failed to differentiate between smallpox and whitepox. Further work is now in progress, to evaluate of the test and it is hoped to find and explanation for the observations now reported.",[MeSH] Isoelectric Focusing; [MeSH] Poxviridae
20594906,Development of real-time PCR assay for specific detection of cowpox virus.,"Elena V Gavrilova, Dmitrii N Shcherbakov, Rinat A Maksyutov, Sergei N Shchelkunov",Journal of clinical virology : the official publication of the Pan American Society for Clinical Virology. 2010. doi: 10.1016/j.jcv.2010.06.003..,Gavrilova,Journal of clinical virology : the official publication of the Pan American Society for Clinical Virology,2010,2010/07/01,,,10.1016/j.jcv.2010.06.003,"BACKGROUND: The number of recorded human cowpox cases are recently increasing. The symptoms caused by cowpox virus (CPXV) in a number of human cases are close to the symptoms characteristic of the orthopoxviral human infections caused by monkeypox or smallpox (variola) viruses. Any rapid and reliable real-time PCR method for distinguishing cowpox from smallpox and monkeypox is yet absent. OBJECTIVES: The aim of this study was to develop a quick and reliable real-time TaqMan PCR assay for specific detection of cowpox virus and to determine the sensitivity and specificity of this method. STUDY DESIGN: Based on aligned nucleotide sequences of orthopoxviruses, we found a virus-specific region in the CPXV genome and selected the oligonucleotide primers and hybridization probe within this region. The specificity of the developed method was tested using a panel of various orthopoxvirus (OPV) DNAs. The sensitivity was determined using the recombinant plasmid carrying a fragment of CPXV DNA and genomic DNA of the CPXV strain GRI-90. RESULTS: The analytical specificity of this method was determined using DNAs of 17 strains of four OPV species pathogenic for humans and amounted to 100%. The method allows 6 copies of plasmid DNA and 20 copies of CPXV DNA in the reaction mixture to be detected. CONCLUSION: A quick and reliable TaqMan PCR assay providing for a highly sensitive and specific detection of CPXV DNA was developed.","[MeSH] Animals; [MeSH] Cowpox; [MeSH] Cowpox virus; [MeSH] DNA Primers; [MeSH] DNA, Viral; [MeSH] Humans; [MeSH] Orthopoxvirus; [MeSH] Polymerase Chain Reaction; [MeSH] Poxviridae Infections; [MeSH] Sensitivity and Specificity"
33517914,COVID-19 in comparison with other emerging viral diseases: risk of geographic spread via travel.,A Wilder-Smith,"Tropical diseases, travel medicine and vaccines. 2021. doi: 10.1186/s40794-020-00129-9..",Wilder-Smith,"Tropical diseases, travel medicine and vaccines",2021,2021/01/31,,,10.1186/s40794-020-00129-9,"PURPOSE OF REVIEW: The COVID-19 pandemic poses a major global health threat. The rapid spread was facilitated by air travel although rigorous travel bans and lockdowns were able to slow down the spread. How does COVID-19 compare with other emerging viral diseases of the past two decades? RECENT FINDINGS: Viral outbreaks differ in many ways, such as the individuals most at risk e.g. pregnant women for Zika and the elderly for COVID-19, their vectors of transmission, their fatality rate, and their transmissibility often measured as basic reproduction number. The risk of geographic spread via air travel differs significantly between emerging infectious diseases. COVID-19 is not associated with the highest case fatality rate compared with other emerging viral diseases such as SARS and Ebola, but the combination of a high reproduction number, superspreading events and a globally immunologically naïve population has led to the highest global number of deaths in the past 20 decade compared to any other pandemic.",Chikungunya; Dengue; Ebola; Japanese encephalitis; Measles; Monkeypox; SARS; West Nile encephalitis; Yellow fever; Zika
41505465,Ophthalmological involvement in monkeypox during the European outbreak: A case series.,"María Terrón-Vilalta, Bárbara Burgos-Blasco, Pilar Pérez-García, Rosalía Méndez-Fernández, Noemi Cabello-Clotet, David Diaz-Valle",European journal of ophthalmology. 2026. doi: 10.1177/11206721251393337..,Terrón-Vilalta,European journal of ophthalmology,2026,2026/01/08,,,10.1177/11206721251393337,,
39864448,"Antiviral activity of tecovirimat against monkeypox virus clades 1a, 1b, 2a, and 2b.","Jeanne Postal, Florence Guivel-Benhassine, Françoise Porrot, Quentin Grassin, Jack M Crook, Riccardo Vernuccio, Valérie Caro, Jessica Vanhomwegen, Pablo Guardado-Calvo, Etienne Simon-Lorière, Laurent Dacheux, Jean-Claude Manuguerra, Olivier Schwartz",The Lancet. Infectious diseases. 2025. doi: 10.1016/S1473-3099(25)00014-3..,Postal,The Lancet. Infectious diseases,2025,2025/01/23,,,10.1016/S1473-3099(25)00014-3,,
38816175,"Retraction notice to ""Clinical characteristics of patients with mpox infection in the United Arab Emirates: a prospective cohort study"" [International Journal of Infectious Diseases 134(2023) 303-306].","Omar Abdelrahman Alhammadi, Ahmed Al Hammadi, Subhashini Ganesan, Nawal AlKaabi, Mariam Saleh Al Harbi, Ashraf Mohamed Kamour, Mohamad Mansour, Ray Pereira, Abdulla Almarzouqi, Flavia Martinez Cantarutti, Farida Al Hosani, Halah Ibrahim",International journal of infectious diseases : IJID : official publication of the International Society for Infectious Diseases. 2024. doi: 10.1016/j.ijid.2024.107107..,Alhammadi,International journal of infectious diseases : IJID : official publication of the International Society for Infectious Diseases,2024,2024/07/01,,,10.1016/j.ijid.2024.107107,,
40782668,Tecovirimat at a crossroads: What the PALM007 trial tells us.,"Olivier Segeral, Yazdan Yazdanpanah, Alexandra Calmy","Med (New York, N.Y.). 2025. doi: 10.1016/j.medj.2025.100779..",Segeral,"Med (New York, N.Y.)",2025,2025/08/08,,,10.1016/j.medj.2025.100779,"The double-blind, randomized, placebo-controlled PALM007 trial did not report any significant differences between placebo and tecovirimat regarding the time-to-lesion resolution or the virological clearance for the treatment of clade I Mpox virus infection in the Democratic Republic of Congo.1 We discuss how these results compare with other clinical trials and what lessons can be drawn for future therapeutics strategies.",[MeSH] Humans; [MeSH] Antiviral Agents; [MeSH] Double-Blind Method; [MeSH] Randomized Controlled Trials as Topic; [MeSH] Democratic Republic of the Congo; [MeSH] Benzamides; [MeSH] Treatment Outcome
2173298,[Electron microscopy as a diagnostic method in the epidemiological surveillance of poxvirus infections].,"S S Marennikova, N N Ianova, O A Zhukova","Zhurnal mikrobiologii, epidemiologii i immunobiologii. 1990.",Marennikova,"Zhurnal mikrobiologii, epidemiologii i immunobiologii",1990,1990/08/01,,,,"The materials of work lasting for 11 years and including the study of 3,425 samples collected at different periods after the eradication of smallpox from patients suspected for orthopoxvirus infection indicate high effectiveness of electron microscopy and especially immune electron microscopy as an integral part of diagnostic examination.","[MeSH] Cowpox; [MeSH] Diagnosis, Differential; [MeSH] Humans; [MeSH] Microscopy, Electron; [MeSH] Microscopy, Immunoelectron; [MeSH] Monkeypox virus; [MeSH] Population Surveillance; [MeSH] Poxviridae; [MeSH] Poxviridae Infections; [MeSH] Smallpox; [MeSH] USSR; [MeSH] Virion; [MeSH] World Health Organization"
40474933,Community health workers: A key to halting Africa's mpox outbreak.,"Ngashi Ngongo, Yap Boum, Kyeng Mercy, Landry D Tsague, Wazih N Cho, Gervais L Folefack Tengomo, Abou Beckr Gaye, Laura N Ambe, Nebiyu Dereje, Jean Kaseya",Journal of public health in Africa. 2025. doi: 10.4102/jphia.v16i4.1439..,Ngongo,Journal of public health in Africa,2025,2025/05/28,,,10.4102/jphia.v16i4.1439,,
37954738,Knowledge of Medical Students Towards the Re-emergence of Human Monkeypox Virus.,"Hemalatha Raman, Aslinda Jamil, Abdur Rasheed, Ammar Abdulrahman Jairoun, Pei Lin Lua, Umar Idris Ibrahim, Shazia Jamshed",Cureus. 2023. doi: 10.7759/cureus.46761..,Raman,Cureus,2023,2023/10/09,,,10.7759/cureus.46761,"INTRODUCTION: Declaration of human monkeypox(HMPX) virus as Public Health Emergency of International Concern (PHEIC) by World Health Organisation (WHO) has raised concerns among the public andlack of knowledge is a prominent challenge in curbing this outbreak. Therefore, assessment ofknowledge level on this outbreak among the medical students is also necessary due to the fact that they are the future healthcare practitioners who will be directly involved in the disease management as well as a major source of knowledge dissemination to the public. AIM: The main objective of this study is to assess the knowledge level of medical students at Universiti Sultan Zainal Abidin (UniSZA) regarding the emergence of HMPX. Additionally, the study aims to investigate potential associations between socio-demographic characteristics and knowledge levels, while also identifying factors that predict a high level of knowledge in this context.. METHODS: A descriptive cross-sectional study was conducted among UniSZA undergraduatemedical students from Year 1 to Year 5. A validated questionnaire comprising six socio-demographic variables and 27 knowledge items was shared online. Descriptive statistics, non-parametric tests and multivariate logistic regression were performed using SPSS software. RESULTS: A total of 138 medical students out of 300 participated in this study. Overall, the average knowledge score was 73.95% ±4.43, which indicates that the medical students have moderate knowledge level. Nearly half of them had good knowledge level (n= 68; 49.3%), 43 of them had moderate knowledge level (31.2%), and 27 of them had poor knowledge level (19.6%). There was a significant association between knowledge level and two factors: receiving information on HMPX during their education and seniority (P-value < 0.01 and P-value < 0.05, respectively). Besides, received information on HMPX during their education was a significant predicting factor of good knowledge level (P-value = 0.002). CONCLUSION: The knowledge level among the medical students was relatively inadequate.",hmpx; knowledge level; medical students; outbreak; re-emergence
39714280,"Research and Development of Medical Countermeasures for Emerging Infectious Diseases, China, 1990-2022.","Jiyan Ma, Yang Yang, Yangmu Huang",Emerging infectious diseases. 2025. doi: 10.3201/eid3101.230638..,Ma,Emerging infectious diseases,2025,2025/01/01,,,10.3201/eid3101.230638,"Since the severe acute respiratory syndrome outbreak in 2003, China has invested substantial efforts in promoting scientific and technological advances for medical countermeasures against high-threat pathogens. The examination of China's landscape identifies progress and gaps in research and development (R&D) and also highlights management and regulatory issues that should be of concern to other countries. Our study examined the current state of R&D of medical countermeasures in China during 1990-2022. The findings showed a robust and diversified pipeline responding quickly to disease outbreaks and policy changes. However, proactive and highly innovative candidates are limited, and a large proportion of vaccines and drugs stagnate at the early development stage. A paradigm shift involving a preemptive R&D agenda and persistent investment, innovative technology development, and accelerated research translation is urgently needed to prepare for the next pandemic.",COVID-19; China; SARS-CoV-1; SARS-CoV-2; communicable diseases; emerging diseases; infectious diseases; medical countermeasures; mpox; research and development; vaccines
41992339,From discovery to delivery: a systems-based pathway for translating science into global and humanitarian health impact.,Ben Ramalingam,Conflict and health. 2026. doi: 10.1186/s13031-026-00778-1..,Ramalingam,Conflict and health,2026,2026/04/16,,,10.1186/s13031-026-00778-1,"Global and humanitarian health impact pathways consist of multiple well-understood stages: setting strategic and policy priorities, scientific discovery, solution development, industry efforts, harnessing delivery systems and meaningful policy and public engagement. Yet it is in the transitions between these stages that progress is often lost. This Commentary argues that breakdowns at 'baton pass' handover points - just as much as challenges within each stage of the pathway - are a major source of unrealised impact. It proposes an end-to-end 'science-to-health' pathway framework to help actors identify where progress is stuck, diagnose underlying vulnerabilities, and select targeted systems-based leverage points to strengthen these baton passes. The leverage points are the 6Rs: Resources, Roles, Relationships, Rules, Routines and Results. Four case examples - antimicrobial resistance, oral cholera vaccine deployment, mpox response in Africa and an illustrative donor health portfolio - show how the tool can guide strategic and operational decisions across diverse health and institutional contexts.",
21372110,Glycosaminoglycans mediate retention of the poxvirus type I interferon binding protein at the cell surface to locally block interferon antiviral responses.,"Imma Montanuy, Ali Alejo, Antonio Alcami",FASEB journal : official publication of the Federation of American Societies for Experimental Biology. 2011. doi: 10.1096/fj.10-177188..,Montanuy,FASEB journal : official publication of the Federation of American Societies for Experimental Biology,2011,2011/03/03,,,10.1096/fj.10-177188,"Eradication of smallpox was accomplished 30 yr ago, but poxviral infections still represent a public health concern due to the potential release of variola virus or the emergence of zoonotic poxviruses, such as monkeypox virus. A critical determinant of poxvirus virulence is the inhibition of interferons (IFNs) by the virus-encoded type I IFN-binding protein (IFNα/βBP). This immunomodulatory protein is secreted and has the unique property of interacting with the cell surface in order to prevent IFN-mediated antiviral responses. However, the mechanism of its attachment to the cell surface remains unknown. Using surface plasmon resonance and cell-binding assays, we report that the IFNα/βBP from vaccinia virus, the smallpox vaccine, interacts with cell surface glycosaminoglycans (GAGs). Analysis of the contribution of different regions of the protein to cell surface binding demonstrated that clusters of basic residues in the first immunoglobulin domain mediate GAG interactions. Furthermore, mutation of the GAG-interaction motifs does not affect its IFN-binding and -blocking capacity. Functional conservation of GAG-binding sites is demonstrated for the IFNα/βBP from variola and monkeypox viruses, extending our understanding of immune modulation by the most virulent human poxviruses. These results are relevant for the design of improved vaccines and intervention strategies.","[MeSH] Amino Acid Sequence; [MeSH] Animals; [MeSH] Antiviral Agents; [MeSH] CHO Cells; [MeSH] Cloning, Molecular; [MeSH] Cricetinae; [MeSH] Cricetulus; [MeSH] Gene Expression Regulation, Viral; [MeSH] Glycosaminoglycans; [MeSH] HeLa Cells; [MeSH] Humans; [MeSH] Interferons; [MeSH] Molecular Sequence Annotation; [MeSH] Mutation; [MeSH] Protein Structure, Tertiary; [MeSH] Vaccinia virus; [MeSH] Viral Proteins"
37271702,Early detection of emerging infectious diseases - implications for vaccine development.,"C Raina MacIntyre, Samsung Lim, Deepti Gurdasani, Miguel Miranda, David Metcalf, Ashley Quigley, Danielle Hutchinson, Allan Burr, David J Heslop",Vaccine. 2023. doi: 10.1016/j.vaccine.2023.05.069..,Raina,Vaccine,2024,2023/06/02,,,10.1016/j.vaccine.2023.05.069,"Vast quantities of open-source data from news reports, social media and other sources can be harnessed using artificial intelligence and machine learning, and utilised to generate valid early warning signals of emerging epidemics. Early warning signals from open-source data are not a replacement for traditional, validated disease surveillance, but provide a trigger for earlier investigation and diagnostics. This may yield earlier pathogen characterisation and genomic data, which can enable earlier vaccine development or deployment of vaccines. Early warning also provides a more feasible prospect of stamping out epidemics before they spread. There are several of such systems currently, but they are not used widely in public health practice, and only some are publicly available. Routine and widespread use of open-source intelligence, as well as training and capacity building in digital surveillance, will improve pandemic preparedness and early response capability.",Artificial intelligence; Data science; Epidemic; Infectious diseases; Open-source; Pandemic; Surveillance; Vaccines; mpox
39746090,ASEAN's response to mpox: Advancing regional and inter-regional cooperation to manage public health emergencies.,"Afifah Rahman-Shepherd, Ahmed Razavi, Ifedayo Adetifa, Ngozi Erondu, Soawapak Hinjoy, Zheng Jie Marc Ho, Irvin Miranda, Ebere Okereke, Oyeronke Oyebanji, Justin Wong, Ferdinal Fernando",PLOS global public health. 2025. doi: 10.1371/journal.pgph.0003985..,Rahman-Shepherd,PLOS global public health,2025,2025/01/02,,,10.1371/journal.pgph.0003985,,
41783088,The federated trials approach; an opportunity for global collaboration in health emergencies.,"Inge Christoffer Olsen, Lu Zheng, Skerdi Haviari, Alain Amstutz, Yazdan Yazdanpanah, Franz König, Thomas R Fleming, Matthias Briel",EClinicalMedicine. 2026. doi: 10.1016/j.eclinm.2026.103809..,Olsen,EClinicalMedicine,2026,2026/02/25,,,10.1016/j.eclinm.2026.103809,"The gold standard for providing confirmatory evidence to regulatory agencies is a single sponsor conducting a randomised, controlled clinical trial (RCT). But emerging situations like the mpox outbreak can complicate launching large, single, global trials that meet the needs of multiple stakeholders, including multinational funders and regulators. Drawing on lessons from the mpox outbreak, we propose an alternative approach: the federated trial design. This approach ensures that individual trials launch quickly and that a rigorous, prespecified, conjoined analysis using combined data supports joint regulatory decisions. Early engagement with regulatory agencies is crucial to arranging such a conjoined analysis. Federating trials can support regulatory decision-making when they include a prespecified conjoined analysis that is sufficiently rigorous. Essential steps include harmonising individual trial protocols, aligning data standards, and arranging for a single Data Monitoring Committee to review a combined, multi-trial analysis. The classical single-trial approach remains the gold standard, but investigators should consider federated trials in emergencies that complicate conducting single trials. In such crises, investigators need to explain clearly why standalone evidence from participating RCTs is not obtainable. The federated trials design cannot replace the classical design, but can provide timely, robust evidence in crises such as public health emergencies.",Conjoined analysis; Data monitoring committee; Federated trials; Public health emergencies; Regulatory decision-making
39891904,What's Hot This Year in Infectious Diseases Clinical Science.,"Jeffrey A Freiberg, Patty W Wright",Clinical infectious diseases : an official publication of the Infectious Diseases Society of America. 2025. doi: 10.1093/cid/ciaf037..,Freiberg,Clinical infectious diseases : an official publication of the Infectious Diseases Society of America,2025,2025/07/18,,,10.1093/cid/ciaf037,"Clinical science in the field of infectious diseases (ID) moved at a rapid pace in 2024. Among the highlights were multiple trials of new antibiotics and new approaches to prevent infections. Concerning trends, with outbreaks of dengue, measles, mpox, and highly pathogenic avian influenza A in 2024, demonstrate the importance of ID and the continued need for further advances through clinical science. This review highlights some of the most important trials and clinical trends in ID over the past year.","[MeSH] Humans; [MeSH] Communicable Diseases; [MeSH] Disease Outbreaks; [MeSH] Biomedical Research; [MeSH] Clinical Trials as Topic; [MeSH] Influenza, Human; [MeSH] Anti-Bacterial Agents; [MeSH] Measles; [MeSH] Dengue"
11682123,Species-specific differences in the structure of orthopoxvirus complement-binding protein.,"E A Uvarova, S N Shchelkunov",Virus research. 2001. doi: 10.1016/s0168-1702(01)00332-x..,Uvarova,Virus research,2001,2001/12/04,,,10.1016/s0168-1702(01)00332-x,"Vaccinia virus complement-binding protein (VCP) is secreted from the cells infected with the virus and controls the complement activation reactions. This protein contains four short consensus repeats (SCR), typical of the protein family of complement activation regulators. Organization of the VCP genes/proteins of orthopoxviruses-monkeypox (MPV), variola, cowpox and vaccinia viruses-and their cellular homologues (DAF and C4BP) were studied comparatively. For this purpose, VCP genes of three MPV strains were sequenced. VCP gene sequences of other human-pathogenic orthopoxvirus species and strains determined earlier were involved in the analysis. It has been demonstrated that a premature termination of the MPV VCP open reading frame results in a truncated protein sequence carrying a deletion of the C-terminal SCR4. This is an essential distinction of MPV from other orthopoxvirus species.",[MeSH] Amino Acid Sequence; [MeSH] Complement System Proteins; [MeSH] Molecular Sequence Data; [MeSH] Orthopoxvirus; [MeSH] Species Specificity; [MeSH] Viral Proteins
37846372,"Risk Evaluation and Mitigation Strategies for Potential Outbreaks of Adenovirus Infection: Evidence From the Recent Incidences in West Bengal, India.","Rapty Sarker, Asm Roknuzzaman, Nazmunnahar, Md Rabiul Islam","Clinical pathology (Thousand Oaks, Ventura County, Calif.). 2023. doi: 10.1177/2632010X231205672..",Sarker,"Clinical pathology (Thousand Oaks, Ventura County, Calif.)",2023,2023/10/14,,,10.1177/2632010X231205672,"Recent outbreaks of highly virulent and pathogenic viruses such as COVID-19, monkeypox, and Nipah virus have prompted global concerns. Another threat has emerged in West Bengal, India, in the form of Human Adenovirus (HAdV), particularly affecting children and immunocompromised individuals. The DNA virus HAdV can cause respiratory, liver, renal, and neurological issues. Politically unstable areas with military and medical camps and refugee communities are at risk because they spread in densely populated areas. Due to its rapid mutation and dissemination, the virus represents a global threat. Although scientists have developed vaccines for specific serotypes of HAdV, their primary application is limited to military contexts. Antiviral and immunotherapy research is continuing, but treatment choices are limited. Public awareness programs and hygiene measures are essential to preventing a global pandemic. Governments should invest in healthcare infrastructure and diagnostics, and researchers should focus on developing vaccines and therapies. The West Bengal outbreak is a clear reminder that governments, healthcare professionals, and researchers must work together to control and prevent HAdV. To effectively comprehend and address this rising viral threat, it is imperative to engage in further research and documentation.",Adenoviridae; Adenoviridae infections; Adenovirus; disease outbreaks; epidemiology
12368068,Cidofovir in the therapy and short-term prophylaxis of poxvirus infections.,Erik De Clercq,Trends in pharmacological sciences. 2002. doi: 10.1016/s0165-6147(02)02091-6..,De,Trends in pharmacological sciences,2002,2002/10/01,,,10.1016/s0165-6147(02)02091-6,"Although it is often stated that only vaccination would be able to contain or protect the population against a catastrophic smallpox outbreak, the acyclic nucleoside phosphonate analog cidofovir offers a valuable alternative for the therapy and short-term pre- and post-exposure prophylaxis, not only of smallpox but also of other poxvirus infections and DNA viruses. Cidofovir has proven effective against vaccinia, cowpox and monkeypox in various animal model infections. In cell culture, cidofovir has demonstrated activity against variola virus, the etiological agent of smallpox, and in patients it has shown marked efficacy against molluscum contagiosum and orf, two poxvirus infections. Cidofovir is available as an aqueous solution for intravenous administration and could be reformulated for topical (cream or gel), intranasal (aerosol) or peroral (as a lipid prodrug) use, should the need arise.",[MeSH] Antiviral Agents; [MeSH] Cidofovir; [MeSH] Cytosine; [MeSH] Humans; [MeSH] Organophosphonates; [MeSH] Organophosphorus Compounds; [MeSH] Poxviridae Infections; [MeSH] Prodrugs
38008193,High content screening strategies for large-scale compound libraries with a focus on high-containment viruses.,"Chandru Subramani, Ghanshyam Sharma, Tridib Chaira, Tarani Kanta Barman",Antiviral research. 2023. doi: 10.1016/j.antiviral.2023.105764..,Subramani,Antiviral research,2024,2023/11/24,,,10.1016/j.antiviral.2023.105764,"A majority of viral diseases do not have FDA-approved drugs. The recent outbreaks caused by SARS-CoV-2, monkeypox, and Sudan ebolavirus have exposed the critical need for rapid screening and identification of antiviral compounds against emerging/re-emerging viral pathogens. A high-content screening (HCS) platform is becoming an essential part of the drug discovery process, thanks to developments in image acquisition and analysis. While HCS has several advantages, its full potential has not been realized in antiviral drug discovery compared to conventional drug screening approaches, such as fluorescence or luminescence-based microplate assays. Therefore, this review aims to summarize HCS workflow, strategies, and developments in image-based drug screening, focusing on high-containment viruses.",High-content screening; Primary screening; Secondary screening; Tertiary screening
8046400,Sequence alterations within and downstream of the A-type inclusion protein genes allow differentiation of Orthopoxvirus species by polymerase chain reaction.,"H Meyer, M Pfeffer, H J Rziha",The Journal of general virology. 1994. doi: 10.1099/0022-1317-75-8-1975..,Meyer,The Journal of general virology,1994,1994/08/01,,,10.1099/0022-1317-75-8-1975,"A PCR protocol was established that not only allows the detection of, but also the differentiation of species of the genus Orthopoxvirus. This assay was accomplished by the selection of oligonucleotides located within the gene that encodes the A-type inclusion protein of cowpox virus. The primer pair flanked a region exhibiting distinct and specific DNA deletions in the corresponding sequences of vaccinia, mousepox, monkeypox and camelpox virus. For this reason, PCR resulted in DNA fragments of different sizes. The presented PCR protocol, combined with BglII restriction digests, allowed the unequivocal assignment of 42 orthopoxvirus (OPV) strains and isolates to the correct OPV species. The resulting classification corresponded exactly with known biological data for the OPV strains investigated. Furthermore, 13 out of 22 cowpox virus isolates could be subtyped by the presence or absence of a small BglII fragment. DNA sequencing showed that the lack of this BglII fragment was caused by a deletion of 72 nucleotides.","[MeSH] Animals; [MeSH] Base Sequence; [MeSH] Camelus; [MeSH] DNA Primers; [MeSH] Genes, Viral; [MeSH] Inclusion Bodies, Viral; [MeSH] Molecular Sequence Data; [MeSH] Orthopoxvirus; [MeSH] Polymerase Chain Reaction; [MeSH] Sequence Deletion; [MeSH] Sequence Homology, Nucleic Acid; [MeSH] Species Specificity; [MeSH] Viral Proteins"
38988237,Flexible Bayesian estimation of incubation times.,"Oswaldo Gressani, Andrea Torneri, Niel Hens, Christel Faes",American journal of epidemiology. 2025. doi: 10.1093/aje/kwae192..,Gressani,American journal of epidemiology,2025,2025/02/05,,,10.1093/aje/kwae192,"The incubation period is of paramount importance in infectious disease epidemiology as it informs about the transmission potential of a pathogenic organism and helps the planning of public health strategies to keep an epidemic outbreak under control. Estimation of the incubation period distribution from reported exposure times and symptom onset times is challenging as the underlying data is coarse. We developed a new Bayesian methodology using Laplacian-P-splines that provides a semiparametric estimation of the incubation density based on a Langevinized Gibbs sampler. A finite mixture density smoother informs a set of parametric distributions via moment matching and an information criterion arbitrates between competing candidates. Algorithms underlying our method find a natural nest within the EpiLPS package, which has been extended to cover estimation of incubation times. Various simulation scenarios accounting for different levels of data coarseness are considered with encouraging results. Applications to real data on coronavirus disease 2019, Middle East respiratory syndrome, and Mpox reveal results that are in alignment with what has been obtained in recent studies. The proposed flexible approach is an interesting alternative to classic Bayesian parametric methods for estimation of the incubation distribution.",Bayesian P-splines; Laplace approximation; MCMC; incubation period
19093767,IMVAMUNE: modified vaccinia Ankara strain as an attenuated smallpox vaccine.,"Jeffrey S Kennedy, Richard N Greenberg",Expert review of vaccines. 2009. doi: 10.1586/14760584.8.1.13..,Kennedy,Expert review of vaccines,2009,2009/01/01,,,10.1586/14760584.8.1.13,"Smallpox vaccines based on replicating vaccinia virus are known to elicit rare yet serious adverse events, particularly in human populations with immune deficiency, atopic dermatitis and at the extremes of age. A vaccine that induces protective immune responses equivalent to first-generation smallpox vaccines while reducing the risk for severe adverse events is critical for a national stockpile of smallpox vaccines. Modified vaccinia Ankara (MVA) has been proposed as an immediate solution for vaccination of high-risk individuals. Bavarian Nordic's vaccine MVA-BN (IMVAMUNE) is a MVA strain that is replication incompetent in mammalian cell lines. IMVAMUNE has been administered to more than 1900 human subjects to date, including high-risk populations (e.g., people diagnosed with atopic dermatitis or infected with HIV) in which standard replicating vaccines are contraindicated. We review the Phase I clinical trial safety profile and immune responses and compare them with other smallpox vaccines, including ACAM2000 and Dryvax.","[MeSH] Clinical Trials as Topic; [MeSH] Humans; [MeSH] Smallpox Vaccine; [MeSH] Vaccines, Attenuated"
40898294,Outbreak dates of virus could be predicted by their protein sequence.,"Peijun Zuo, Longlong Zuo, Zhihong Li, Xiaotong Zhou, Yanping Yu, Qinqing Wu, Yixiao Niu, Qiaocheng Chang, A Bakr M Rabie, Paul Lam, Liping Li",Journal of translational medicine. 2025. doi: 10.1186/s12967-025-07051-8..,Zuo,Journal of translational medicine,2025,2025/09/02,,,10.1186/s12967-025-07051-8,"INTRODUCTION: Since 1970, monkey-pox, the last outbreak of smallpox, coronavirus was outbreak in the world for more than 50 years. To find if the outbreak dates could be predicted by their one-dimension protein sequence, the mathematical model was needed to establish between them. METHODS: (A) collecting the outbreak dates of monkey-pox, smallpox, and coronavirus, determine the outbreak time interval between the pathogen strain and the reference strain SARS-CoV-2 D614, z. (B) detecting the one-dimension antigenic amino acid sequence of the pathogen strain to determine the super-antigens. (C) calculating the super-antigen precision, determining the increase amount in antigen precision between the pathogen strain and the reference strain, x; y represents the number of tryptophan (W) in the super-antigen. (D) Determine the correlation among the outbreak time interval z, the increase amount in antigen precision, x, and the number of W the super-antigen contains, y. RESULTS: The regression equation is z = 13.762x2 - 109.376x- 63.290y + 221.197, with a correlation coefficient of R = 1.0000000. After statistical testing, the probability of class I errors occurring is P = 0.008. CONCLUSIONS: The method can predict the outbreak dates by one-dimension protein sequence, such as monkey-pox, smallpox, and coronavirus.",Dates; Outbroken; Predicted; Protein; Sequence; Virus
15714487,Effective poxvirus removal by sterile filtration during manufacture of plasma derivatives.,"A Berting, W Goerner, M Spruth, O Kistner, T R Kreil",Journal of medical virology. 2005. doi: 10.1002/jmv.20299..,Berting,Journal of medical virology,2005,2005/04/01,,,10.1002/jmv.20299,"As a consequence of the September 2001 terrorist events, programs to protect against further such acts including potentially the use of biological warfare agents have been launched in the USA and elsewhere. As part of these initiatives, Vaccinia virus was procured for the pre-emptive vaccination of key personnel against smallpox as well as population-wide protection after an eventual exposure. The introduction of this live virus into a population at a relatively large scale represents a theoretical challenge for the safety of the blood supply, and potentially for plasma for fractionation. To strengthen further the demonstration of safety margins for plasma derived products against Vaccinia virus, the capacity of sterile filtration procedures to remove the virus was investigated. An infectivity assay for the Vaccinia virus strain which represents the majority of smallpox vaccine stocks available currently was used to investigate the potential removal of this virus by sterile filtration processes during the manufacture of plasma derivatives. Vaccinia virus behaves as predicted based on its size, i.e., an artificially added virus load is removed about 10,000-fold by the sterile filtration procedures tested. As the current investigation covered a range of different protein concentrations, filter materials and filters from different manufacturers, the results obtained are considered to be widely applicable. The current investigation supports further the high safety margins of plasma derivatives against any potential Vaccinia virus content of plasma for fractionation. As the large size is a general feature of Orthopox viruses, the results would also provide assurance against poxviruses identified more recently, for example, Monkeypox virus.",[MeSH] Animals; [MeSH] Blood Component Transfusion; [MeSH] Blood-Borne Pathogens; [MeSH] Chlorocebus aethiops; [MeSH] Disinfection; [MeSH] Drug Contamination; [MeSH] Humans; [MeSH] Micropore Filters; [MeSH] Ultrafiltration; [MeSH] Vaccinia virus; [MeSH] Vero Cells
2389555,Sequence and evolutionary relationships of African swine fever virus thymidine kinase.,"R Blasco, C López-Otín, M Muñóz, E O Bockamp, C Simón-Mateo, E Viñuela",Virology. 1990. doi: 10.1016/0042-6822(90)90409-k..,Blasco,Virology,1990,1990/09/01,,,10.1016/0042-6822(90)90409-k,"The thymidine kinase gene of African swine fever virus was mapped in a 1.4-kb EcoRI-PstI fragment located in the left half of the Eco RI K fragment of African swine fever virus DNA by using degenerate oligonucleotide probes derived from regions of the thymidine kinase sequence conserved in several poxviruses, man, mouse, and chicken. The nucleotide sequence of this region revealed an open reading frame of 196 codons, whose translated amino acid sequence showed significant similarity to the thymidine kinases of vaccinia virus, variola virus, monkeypox virus, shope fibroma virus, fowlpox virus, capripox virus, man, mouse, and chicken. The similarity scores obtained after comparison of known thymidine kinase sequences indicated that the African swine fever virus thymidine kinase is more distantly related than the poxvirus thymidine kinases to their cellular homologs. The evolutionary implications of these findings are discussed.","[MeSH] African Swine Fever Virus; [MeSH] Amino Acid Sequence; [MeSH] Animals; [MeSH] Base Sequence; [MeSH] Biological Evolution; [MeSH] Chickens; [MeSH] DNA, Viral; [MeSH] Humans; [MeSH] Iridoviridae; [MeSH] Mice; [MeSH] Molecular Sequence Data; [MeSH] Restriction Mapping; [MeSH] Sequence Homology, Nucleic Acid; [MeSH] Thymidine Kinase"
12615301,In vitro activity of potential anti-poxvirus agents.,Earl R Kern,Antiviral research. 2003. doi: 10.1016/s0166-3542(02)00198-5..,Kern,Antiviral research,2003,2003/01/01,,,10.1016/s0166-3542(02)00198-5,"The potential use of variola or another orthopoxvirus such as monkeypox as a weapon of bioterrorism has stimulated efforts to develop new drugs for treatment of smallpox or other poxvirus infections. At the present time only cidofovir is approved for use in the emergency treatment of smallpox outbreaks. Although cidofovir is very active against the orthopoxviruses in vitro and in animal model infections, it is not active when given orally and must be administered with precaution so as to avoid renal toxicity. In an attempt to identify alternative treatment modalities for these infections we have determined the anti-poxvirus activity in vitro of most of the approved antiviral agents as well as a number of cidofovir analogs and prodrugs. From these studies, we have identified the nucleotide analog, adefovir dipivoxil, some alkoxyalkyl esters of cidofovir and a number of prodrugs of cidofovir that warrant further investigation as potential therapies for smallpox or other orthopoxvirus infections.","[MeSH] Adenine; [MeSH] Animals; [MeSH] Antiviral Agents; [MeSH] Cells, Cultured; [MeSH] Cidofovir; [MeSH] Cytosine; [MeSH] Humans; [MeSH] Mice; [MeSH] Microbial Sensitivity Tests; [MeSH] Organophosphonates; [MeSH] Organophosphorus Compounds; [MeSH] Orthopoxvirus; [MeSH] Virus Replication"
39519066,Optimization of PCA Error Correction Conditions to Improve Efficiency of Virus Genome De Novo Synthesis.,"Jiazhen Cui, Ao Hu, Xianghua Xiong, Qingyang Wang, Chen Zhu, Zhili Chen, Yuanyuan Lu, Xianzhu Xia, Huipeng Chen, Gang Liu",International journal of molecular sciences. 2024. doi: 10.3390/ijms252111514..,Cui,International journal of molecular sciences,2024,2024/10/26,,,10.3390/ijms252111514,"In recent years, there have been frequent global outbreaks of viral epidemics such as Zika, COVID-19, and monkeypox, which have had a huge impact on human health and society and have also spurred innovation in virus engineering technology. The rise of synthetic virus genome technology has provided researchers with a new platform to accelerate vaccine and drug development. Although DNA synthesis technology has made significant progress, the current virus genome synthesis technology still requires the assembly of short oligonucleotides of around 60 bp into kb-level lengths when constructing long segments, a process in which the commonly used polymerase chain reaction assembly (PCA) technology has high error rates and is cumbersome to operate. This study optimized the error correction conditions after PCA assembly, increasing the accuracy of synthesizing 1 kb DNA fragments from 4.2 ± 2.1% before error correction to 31.3 ± 3.1% after two rounds of correction, an improvement of over 6 times. This study provides a more efficient operational process for synthesizing virus genomes from scratch, indicating greater potential for virus engineering in epidemic prevention and control and the field of biomedicine.",DNA assembly; error correction; genome synthesis from scratch; polymerase chain reaction assembly; splicing efficiency; virus engineering
37436415,[The rapid ELISA method for detection of orthopoxviruses].,"N D Ushkalenko, A V Ersh, P V Filatov, A G Poltavchenko",Voprosy virusologii. 2023. doi: 10.36233/0507-4088-178..,Ushkalenko,Voprosy virusologii,2023,2023/07/06,,,10.36233/0507-4088-178,"INTRODUCTION: Following the successful eradication of smallpox, mass vaccination against this disease was discontinued in 1980. The unvaccinated population continues to be at risk of infection due to military use of variola virus or exposure to monkeypox virus in Africa and non-endemic areas. In cases of these diseases, rapid diagnosis is of great importance, since the promptness and effectiveness of therapeutic and quarantine measures depend on it. The aim of work is to develop a kit of reagents for enzyme-linked immunosorbent assay (ELISA) for fast and highly sensitive detection of orthopoxviruses (OPV) in clinical samples. MATERIALS AND METHODS: The efficiency of virus detection was evaluated by single-stage ELISA in the cryolisate of CV-1 cell culture samples infected with vaccinia, cowpox, rabbitpox, and ectromelia viruses, as well as in clinical samples of infected rabbits and mice. RESULTS: The method of rapid ELISA was shown to allow the detection of OPV in crude viral samples in the range of 5.0 1025.0 103 PFU/ml, and in clinical samples with a viral load exceeding 5 103 PFU/ml. CONCLUSIONS: The assay involves a minimum number of operations and can be performed within 45 minutes, which makes it possible to use it in conditions of a high level of biosecurity. Rapid ELISA method was developed using polyclonal antibodies, which significantly simplifies and reduces the cost of manufacturing a diagnostic system.",ELISA; clinical samples; cowpox virus; ectromelia virus; orthopoxviruses; rabbitpox virus; vaccinia virus
32390964,Discovery of Retro-1 Analogs Exhibiting Enhanced Anti-vaccinia Virus Activity.,"Lalita Priyamvada, Philip Alabi, Andres Leon, Amrita Kumar, Suryaprakash Sambhara, Victoria A Olson, Jason K Sello, Panayampalli S Satheshkumar",Frontiers in microbiology. 2020. doi: 10.3389/fmicb.2020.00603..,Priyamvada,Frontiers in microbiology,2020,2020/04/23,,,10.3389/fmicb.2020.00603,"Orthopoxviruses (OPXVs) are an increasing threat to human health due to the growing population of OPXV-naive individuals after the discontinuation of routine smallpox vaccination. Antiviral drugs that are effective as postexposure treatments against variola virus (the causative agent of smallpox) or other OPXVs are critical in the event of an OPXV outbreak or exposure. The only US Food and Drug Administration-approved drug to treat smallpox, Tecovirimat (ST-246), exerts its antiviral effect by inhibiting extracellular virus (EV) formation, thereby preventing cell-cell and long-distance spread. We and others have previously demonstrated that host Golgi-associated retrograde proteins play an important role in monkeypox virus (MPXV) and vaccinia virus (VACV) EV formation. Inhibition of the retrograde pathway by small molecules such as Retro-2 has been shown to decrease VACV infection in vitro and to a lesser extent in vivo. To identify more potent inhibitors of the retrograde pathway, we screened a large panel of compounds containing a benzodiazepine scaffold like that of Retro-1, against VACV infection. We found that a subset of these compounds displayed better anti-VACV activity, causing a reduction in EV particle formation and viral spread compared to Retro-1. PA104 emerged as the most potent analog, inhibiting 90% viral spread at 1.3 μM with a high selectivity index. In addition, PA104 strongly inhibited two distinct ST-246-resistant viruses, demonstrating its potential benefit for use in combination therapy with ST-246. These data and further characterizations of the specific protein targets and in vivo efficacy of PA104 may have important implications for the design of effective antivirals against OPXV.",Retro-1; ST-246; antiviral agent; poxvirus; retrograde inhibitor; retrograde transport; vaccinia virus; viral inhibitor
39324344,A review of the synthetic strategies toward the antiviral drug tecovirimat.,"Emmanuel Mintah Bonku, Hongjian Qin, Abdullajon Odilov, Safomuddin Abduahadi, Samuel Desta Guma, Fuqiang Zhu, Jingshan Shen",Organic & biomolecular chemistry. 2025. doi: 10.1039/d4ob01092b..,Bonku,Organic & biomolecular chemistry,2025,2025/01/02,,,10.1039/d4ob01092b,"This review provides a comprehensive analysis of synthetic routes for tecovirimat, an antiviral drug used to treat orthopoxvirus infections, including monkeypox and smallpox. We focus on the scale-up synthesis of key intermediates, including cycloheptatriene, as documented in the published literature and patent records. The review highlights the efficiency, yield, and purity of these approaches, as well as the minimization of genotoxic and in-process impurities. Furthermore, we critically evaluate the recently reported optimized industrial-scale synthesis process, highlighting its advantages and limitations, and identifying avenues for further improvement. By obtaining insights from the published literature and patent records, this review elucidates the current state of knowledge regarding key synthesis parameters influencing tecovirimat production and emphasizes the critical importance of optimizing synthesis techniques to achieve remarkable improvements in safety and environmental impact. This review serves as a valuable resource for researchers and industry professionals in the field of R&D and production of APIs, particularly in expediting the safe and efficient industrial production of tecovirimat.",[MeSH] Antiviral Agents; [MeSH] Isoindoles; [MeSH] Benzamides; [MeSH] Humans; [MeSH] Molecular Structure; [MeSH] Phthalimides
41365864,Multiplexed detection of febrile infections using CARMEN.,"M Kamariza, K McMahon, L Kim, N L Welch, L Stenson, L T Allan-Blitz, G Sanders, P Eromon, A Muhammad, A E Sijuwola, O O Ope-Ewe, A O Ayinla, C l'Anson, I Baudi, M F Paye, C Wilkason, J Lemieux, A Ozonoff, E Stachler, C T Happi, P C Sabeti",Nature communications. 2025. doi: 10.1038/s41467-025-66243-4..,Kamariza,Nature communications,2025,2025/12/09,,,10.1038/s41467-025-66243-4,"Detection and diagnosis of bloodborne pathogens are critical for patients and for preventing outbreaks, yet challenging due to these diseases' nonspecific initial symptoms. We previously advanced CRISPR-based Combinatorial Arrayed Reactions for Multiplexed Evaluation of Nucleic acids (CARMEN) technology for simultaneous detection of pathogens on numerous samples. Here, we develop three CARMEN panels that target viral hemorrhagic fevers, mosquito-borne viruses, and sexually transmitted infections, collectively identifying 23 pathogens. We use deep learning to design CARMEN assays with enhanced sensitivity and specificity, validating them and evaluating their performance on synthetic targets, spiked healthy normal serum samples, and patient samples for Neisseria gonorrhoeae in the United States and for Lassa and mpox virus in Nigeria. Our results show multiplexed CARMEN assays match or outperform individual assay RT-qPCR in sensitivity, with matched specificity. These findings underscore CARMEN's potential as a highly effective tool for accurate pathogen detection for clinical diagnosis and public health surveillance.",[MeSH] Humans; [MeSH] Sensitivity and Specificity; [MeSH] Neisseria gonorrhoeae; [MeSH] Nigeria; [MeSH] Gonorrhea; [MeSH] Fever; [MeSH] Multiplex Polymerase Chain Reaction; [MeSH] Sexually Transmitted Diseases
41422201,"Hepatitis C virus genotype 4 cluster with suspected sexual transmission in Chicago, IL.","Taylor Holly, Regina Atwater, Brittani Stroud, Patricia Delaware, Ashley Martell Becht, Colleen M Leonard, Gordon Crisler, David Kern, Irina Tabidze",BMC public health. 2025. doi: 10.1186/s12889-025-25995-w..,Holly,BMC public health,2025,2025/12/20,,,10.1186/s12889-025-25995-w,"BACKGROUND: In July 2024, the Chicago Department of Public Health (CDPH) was notified of an increasing number of genotype 4 hepatitis C virus (HCV) infections reported by Illinois Department of Public Health. CDPH initiated a cluster detection investigation. HCV genotype (GT) 4 is most commonly seen in countries in Africa and the Middle East, with limited cases in the United States. METHODS: HCV GT 4 cases were reported via the Illinois National Electronic Disease Surveillance System (INEDSS). Data were matched across three surveillance systems: enhanced HIV/AIDS reporting system for HIV, Chicago Health Information Management System for syphilis, and INEDSS for Gonorrhea, Chlamydia, and mpox history in Chicago. Cases were interviewed via phone calls or field visits to the patient’s home. RESULTS: A total of 30 HCV GT 4 cases (23 acute and 7 chronic) were reported to the CDPH during March 6, 2023-October 21, 2024. The majority of cases had a history of sexually transmitted infection (STI) within the previous year (77%) and 63% were living with HIV. Cluster cases were male (100%), mostly non-Latino White (40%), with a median age of 37(25–66) years old. Out of 30 cases, 18 (60%) were interviewed, 3 (10%) refused, and 9(30%) were unable to locate. Of those interviewed (n = 18), 83% reported having male sex partners with a median number of 5(2-8.5) partners, and 11% reported current injection drug use (IDU). CONCLUSIONS: Overall, 11% of interviewed cases reported IDU, and no common exposure locations were identified. The high number of cases who reported having multiple sexual partners and participation in group sex which led us to conclude that sexual transmission was predominantly the suspected mode of transmission among HCV cluster cases in Chicago, IL.",Cluster; Genotype; Hepatitis c; Sexual transmission
41097095,Viral Metagenomic Next-Generation Sequencing for One Health Discovery and Surveillance of (Re)Emerging Viruses: A Deep Review.,"Tristan Russell, Elisa Formiconi, Mícheál Casey, Maíre McElroy, Patrick W G Mallon, Virginie W Gautier",International journal of molecular sciences. 2025. doi: 10.3390/ijms26199831..,Russell,International journal of molecular sciences,2025,2025/10/09,,,10.3390/ijms26199831,"Viral metagenomic next-generation sequencing (vmNGS) has transformed our capacity for the untargeted detection and characterisation of (re)emerging zoonotic viruses, surpassing the limitations of traditional targeted diagnostics. In this review, we critically evaluate the current landscape of vmNGS, highlighting its integration within the One Health paradigm and its application to the surveillance and discovery of (re)emerging viruses at the human-animal-environment interface. We provide a detailed overview of vmNGS workflows including sample selection, nucleic acid extraction, host depletion, virus enrichment, sequencing platforms, and bioinformatic pipelines, all tailored to maximise sensitivity and specificity for diverse sample types. Through selected case studies, including SARS-CoV-2, mpox, Zika virus, and a novel henipavirus, we illustrate the impact of vmNGS in outbreak detection, genomic surveillance, molecular epidemiology, and the development of diagnostics and vaccines. The review further examines the relative strengths and limitations of vmNGS in both passive and active surveillance, addressing barriers such as cost, infrastructure requirements, and the need for interdisciplinary collaboration. By integrating molecular, ecological, and public health perspectives, vmNGS stands as a central tool for early warning, comprehensive monitoring, and informed intervention against (re)emerging viral threats, underscoring its critical role in global pandemic preparedness and zoonotic disease control.",(re)emerging viruses; metagenomic next-generation sequencing; one health; pandemic preparedness; surveillance
41453616,Modanovo: A Unified Model for Post-translational Modification-Aware De Novo Sequencing Using Experimental Spectra From In Vivo and Synthetic Peptides.,"Daniela Klaproth-Andrade, Yanik Bruns, Wassim Gabriel, Christian Nix, Valter Bergant, Andreas Pichlmair, Mathias Wilhelm, Julien Gagneur",Molecular & cellular proteomics : MCP. 2025. doi: 10.1016/j.mcpro.2025.101501..,Klaproth-Andrade,Molecular & cellular proteomics : MCP,2026,2025/12/24,,,10.1016/j.mcpro.2025.101501,"Post-translational modifications (PTMs) play a central role in cellular regulation and are implicated in numerous diseases. Database searching remains the standard for identifying modified peptides from tandem mass spectra but is hindered by the combinatorial expansion of modification types and sites. De novo peptide sequencing offers an attractive alternative, yet existing methods remain limited to unmodified peptides or a narrow set of PTMs. Here, we curated a large dataset of spectra from endogenous and synthetic peptides from ProteomeTools spanning 19 biologically relevant amino acid-PTM combinations, covering phosphorylation, acetylation, and ubiquitination. We used this dataset to develop Modanovo, an extension of the Casanovo transformer architecture for de novo peptide sequencing. Modanovo achieved robust performance across these amino acid-PTM combinations (median area under the precision-coverage curve 0.92), while maintaining performance on unmodified peptides (0.93), nearly identical to Casanovo (0.94). The model outperformed π-PrimeNovo-PTM and InstaNovo-P and showed increased precision and complementarity to the database search tool MSFragger. Robustness was confirmed across independent datasets, particularly at peptide lengths frequently represented in the curated dataset. Applied to a phosphoproteomics dataset from monkeypox virus-infected cells, Modanovo recovered numerous confident peptides not reported by database search, including new viral phosphosites supported by spectral evidence, thereby demonstrating its complementarity to database-driven identification approaches. These results establish Modanovo as a broadly applicable model for comprehensive de novo sequencing of both modified and unmodified peptides.",De novo peptide sequencing; computational proteomics; deep learning; mass spectrometry-based proteomics; post-translational modifications
23110193,Tin oxide nanowires suppress herpes simplex virus-1 entry and cell-to-cell membrane fusion.,"James Trigilio, Thessicar E Antoine, Ingo Paulowicz, Yogendra K Mishra, Rainer Adelung, Deepak Shukla",PloS one. 2012. doi: 10.1371/journal.pone.0048147..,Trigilio,PloS one,2012,2012/10/24,,,10.1371/journal.pone.0048147,"The advent of nanotechnology has ushered in the use of modified nanoparticles as potential antiviral agents against diseases such as herpes simplex virus 1 and 2 (HSV-1) (HSV-2), human immunodeficiency virus (HIV), monkeypox virus, and hepatitis B virus. Here we describe the application of tin oxide (SnO(2)) nanowires as an effective treatment against HSV-1 infection. SnO(2) nanowires work as a carrier of negatively charged structures that compete with HSV-1 attachment to cell bound heparan sulfate (HS), therefore inhibiting entry and subsequent cell-to-cell spread. This promising new approach can be developed into a novel form of broad-spectrum antiviral therapy especially since HS has been shown to serve as a cellular co-receptor for a number of other viruses as well, including the respiratory syncytial virus, adeno-associated virus type 2, and human papilloma virus.","[MeSH] Antiviral Agents; [MeSH] Cell Line; [MeSH] Heparan Sulfate; [MeSH] Herpes Simplex; [MeSH] Herpesvirus 1, Human; [MeSH] Herpesvirus 2, Human; [MeSH] Humans; [MeSH] Membrane Fusion; [MeSH] Nanowires; [MeSH] Tin Compounds"
39338909,Modifications of Mitochondrial Network Morphology Affect the MAVS-Dependent Immune Response in L929 Murine Fibroblasts during Ectromelia Virus Infection.,"Karolina Gregorczyk-Zboroch, Lidia Szulc-Dąbrowska, Pola Pruchniak, Małgorzata Gieryńska, Matylda Barbara Mielcarska, Zuzanna Biernacka, Zbigniew Wyżewski, Iwona Lasocka, Weronika Świtlik, Alicja Szepietowska, Patrycja Kukier, Aleksandra Kwiecień-Dębska, Jakub Kłęk","Pathogens (Basel, Switzerland). 2024. doi: 10.3390/pathogens13090717..",Gregorczyk-Zboroch,"Pathogens (Basel, Switzerland)",2024,2024/08/23,,,10.3390/pathogens13090717,"Since smallpox vaccination was discontinued in 1980, there has been a resurgence of poxvirus infections, particularly the monkeypox virus. Without a global recommendation to use the smallpox vaccine, the population is not immune, posing a severe threat to public health. Given these circumstances, it is crucial to understand the relationship between poxviruses and their hosts. Therefore, this study focuses on the ectromelia virus, the causative agent of mousepox, which serves as an excellent model for studying poxvirus pathogenesis. Additionally, we investigated the role of mitochondria in innate antiviral immunity during ECTV infection, focusing specifically on mitochondrial antiviral signaling protein. The study used a Moscow strain of ECTV and L929 mouse fibroblasts. Cells were treated with ECTV and chemical modulators of mitochondrial network: Mdivi-1 and CCCP. Our investigation revealed that an elongated mitochondrial network attenuates the suppression of MAVS-dependent immunity by ECTV and reduces ECTV replication in L929 fibroblasts compared to cells with an unaltered mitochondrial network. Conversely, a fragmented mitochondrial network reduces the number of progeny virions while increasing the inhibition of the virus-induced immune response during infection. In conclusion, our study showed that modifications of mitochondrial network morphology alter MAVS-dependent immunity in ECTV-infected mouse L929 fibroblasts.",ECTV; MAVS; immunity; mitochondrial dynamics; mitochondrial network; poxviruses
40655424,Visualization of the Evolution and Transmission of Circulating Vaccine-Derived Poliovirus (cVDPV) Outbreaks in the African Region.,"Collins D Owuor, Brook Tesfaye, Arthur Yannick Doungmo Wakem, Sakma Kabore, Caroline Obianuju Ikeonu, Mariette Egbonoumi Fifatin Glitho Epse Doussoh, Priscilla Epse Mosoke Bobimwoh Sigala, Idris Ibrahim Ibrahim, Abdullateef Jimoh, Idah Ndumba, Jermaine Khumalo, David O Oviaesu, Cheroigin Kipchirchir, Carolyne Gathenji, John Kipterer, Kebba Touray, Hamisu Abdullahi, Kathleen Rankin, Ousmane M Diop, Julius E Chia, Ndoutabe Modjirom, Jamal A Ahmed, Anfumbom K W Kfutwah",Bio-protocol. 2025. doi: 10.21769/BioProtoc.5376..,Owuor,Bio-protocol,2025,2025/07/05,,,10.21769/BioProtoc.5376,"Since the creation of the Global Polio Eradication Initiative (GPEI) in 1988, significant progress has been made toward attaining a poliovirus-free world. This has resulted in the eradication of wild poliovirus (WPV) serotypes two (WPV2) and three (WPV3) and limited transmission of serotype one (WPV1) in Pakistan and Afghanistan. However, the increased emergence of circulating vaccine-derived poliovirus (cVDPV) and the continued circulation of WPV1, although limited to two countries, pose a continuous threat of international spread of poliovirus. These challenges highlight the need to further strengthen surveillance and outbreak responses, particularly in the African Region (AFRO). Phylogeographic visualization tools may provide insights into changes in poliovirus epidemiology, which can in turn guide the implementation of more strategic and effective supplementary immunization activities and improved outbreak response and surveillance. We created a comprehensive protocol for the phylogeographic analysis of polioviruses using Nextstrain, a powerful open-source tool for real-time interactive visualization of virus sequencing data. It is expected that this protocol will support poliovirus elimination strategies in AFRO and contribute significantly to global eradication strategies. These tools have been utilized for other pathogens of public health importance, for example, SARS-CoV-2, human influenza, Ebola, and Mpox, among others, through real-time tracking of pathogen evolution (https://nextstrain.org), harnessing the scientific and public health potential of pathogen genome data. Key features • Employs Nextstrain (https://nextstrain.org), which is an open-source tool for real-time interactive visualization of genome sequencing datasets. • First comprehensive protocol for the phylogeographic analysis of poliovirus sequences collected from countries in the World Health Organization (WHO) African Region (AFRO). • Phylogeographic visualization may provide insights into changes in poliovirus epidemiology, which can in turn guide the implementation of more strategic and effective vaccination campaigns. • This protocol can be deployed locally on a personal computer or on a Microsoft Azure cloud server for high throughput.",African Region (AFRO); Poliovirus; VP1 gene; cVDPV; phylogeography
38798735,Bioinformatics-based screening tool identifies a wide variety of human and zoonotic viruses in Trujillo-Peru wastewater.,"Brijen Miyani, Yabing Li, Heidy Peidro Guzman, Ruben Kenny Briceno, Sabrina Vieyra, Rene Hinojosa, Irene Xagoraraki","One health (Amsterdam, Netherlands). 2024. doi: 10.1016/j.onehlt.2024.100756..",Miyani,"One health (Amsterdam, Netherlands)",2024,2024/05/15,,,10.1016/j.onehlt.2024.100756,"Peru was one of the most affected countries during the COVID-19 pandemic. Moreover, multiple other viral diseases (enteric, respiratory, bloodborne, and vector-borne) are endemic and rising. According to Peru's Ministry of Health, various health facilities in the country were reallocated for the COVID-19 pandemic, thereby leading to reduced action to curb other diseases. Many viral diseases in the area are under-reported and not recognized. The One Health approach, in addition to clinical testing, incorporates environmental surveillance for detection of infectious disease outbreaks. The purpose of this work is to use a screening tool that is based on molecular methods, high throughput sequencing and bioinformatics analysis of wastewater samples to identify virus-related diseases circulating in Trujillo-Peru. To demonstrate the effectiveness of the tool, we collected nine untreated wastewater samples from the Covicorti wastewater utility in Trujillo-Peru on October 22, 2022. High throughput metagenomic sequencing followed by bioinformatic analysis was used to assess the viral diversity of the samples. Our results revealed the presence of sequences associated with multiple human and zoonotic viruses including Orthopoxvirus, Hepatovirus, Rhadinovirus, Parechovirus, Mamastrovirus, Enterovirus, Varicellovirus, Norovirus, Kobuvirus, Bocaparvovirus, Simplexvirus, Spumavirus, Orthohepevirus, Cardiovirus, Molliscipoxvirus, Salivirus, Parapoxvirus, Gammaretrovirus, Alphavirus, Lymphocryptovirus, Erythroparvovirus, Sapovirus, Cosavirus, Deltaretrovirus, Roseolovirus, Flavivirus, Betacoronavirus, Rubivirus, Lentivirus, Betapolyomavirus, Rotavirus, Hepacivirus, Alphacoronavirus, Mastadenovirus, Cytomegalovirus and Alphapapillomavirus. For confirmation purposes, we tested the samples for the presence of selective viruses belonging to the genera detected above. PCR based molecular methods confirmed the presence of severe acute respiratory syndrome coronavirus 2 (SARS-CoV-2), monkeypox virus (MPXV), noroviruses GI and GII (NoVGI and NoVGII), and rotavirus A (RoA) in our samples. Furthermore, publicly available clinical data for selected viruses confirm our findings. Wastewater or other environmental media surveillance, combined with bioinformatics methods, has the potential to serve as a systematic screening tool for the identification of human or zoonotic viruses that may cause disease. The results of this method can guide further clinical surveillance efforts and allocation of resources. Incorporation of this bioinformatic-based screening tool by public health officials in Peru and other Latin American countries will help manage endemic and emerging diseases that could save human lives and resources.",Bioinformatics; Trujillo-Peru; Viral diseases; Viral pathogen screening; Wastewater surveillance
38412044,Filamin B restricts vaccinia virus spread and is targeted by vaccinia virus protein C4.,"Iliana Georgana, Simon R Scutts, Chen Gao, Yongxu Lu, Alice A Torres, Hongwei Ren, Edward Emmott, Jinghao Men, Keefe Oei, Geoffrey L Smith",Journal of virology. 2024. doi: 10.1128/jvi.01485-23..,Georgana,Journal of virology,2024,2024/02/27,,,10.1128/jvi.01485-23,"UNLABELLED: Vaccinia virus (VACV) is a large DNA virus that encodes scores of proteins that modulate the host immune response. VACV protein C4 is one such immunomodulator known to inhibit the activation of both the NF-κB signaling cascade and the DNA-PK-mediated DNA sensing pathway. Here, we show that the N-terminal region of C4, which neither inhibits NF-κB nor mediates interaction with DNA-PK, still contributes to virus virulence. Furthermore, this domain interacts directly and with high affinity to the C-terminal domain of filamin B (FLNB). FLNB is a large actin-binding protein that stabilizes the F-actin network and is implicated in other cellular processes. Deletion of FLNB from cells results in larger VACV plaques and increased infectious viral yield, indicating that FLNB restricts VACV spread. These data demonstrate that C4 has a new function that contributes to virulence and engages the cytoskeleton. Furthermore, we show that the cytoskeleton performs further previously uncharacterized functions during VACV infection. IMPORTANCE: Vaccinia virus (VACV), the vaccine against smallpox and monkeypox, encodes many proteins to counteract the host immune response. Investigating these proteins provides insights into viral immune evasion mechanisms and thereby indicates how to engineer safer and more immunogenic VACV-based vaccines. Here, we report that the N-terminal domain of VACV protein C4 interacts directly with the cytoskeletal protein filamin B (FLNB), and this domain of C4 contributes to virus virulence. Furthermore, VACV replicates and spreads better in cells lacking FLNB, thus demonstrating that FLNB has antiviral activity. VACV utilizes the cytoskeleton for movement within and between cells; however, previous studies show no involvement of C4 in VACV replication or spread. Thus, C4 associates with FLNB for a different reason, suggesting that the cytoskeleton has further uncharacterized roles during virus infection.",DNA sensing; NF-κB; cytoskeleton; filamin B; protein C4; vaccinia virus; virus restriction factor; virus virulence; virus-host interactions
23115291,Crystal structure of the cowpox virus-encoded NKG2D ligand OMCP.,"Eric Lazear, Lance W Peterson, Chris A Nelson, Daved H Fremont",Journal of virology. 2012. doi: 10.1128/JVI.01948-12..,Lazear,Journal of virology,2013,2012/10/31,,,10.1128/JVI.01948-12,"The NKG2D receptor is expressed on the surface of NK, T, and macrophage lineage cells and plays an important role in antiviral and antitumor immunity. To evade NKG2D recognition, herpesviruses block the expression of NKG2D ligands on the surface of infected cells using a diverse repertoire of sabotage methods. Cowpox and monkeypox viruses have taken an alternate approach by encoding a soluble NKG2D ligand, the orthopoxvirus major histocompatibility complex (MHC) class I-like protein (OMCP), which can block NKG2D-mediated cytotoxicity. This approach has the advantage of targeting a single conserved receptor instead of numerous host ligands that exhibit significant sequence diversity. Here, we show that OMCP binds the NKG2D homodimer as a monomer and competitively blocks host ligand engagement. We have also determined the 2.25-Å-resolution crystal structure of OMCP from the cowpox virus Brighton Red strain, revealing a truncated MHC class I-like platform domain consisting of a beta sheet flanked with two antiparallel alpha helices. OMCP is generally similar in structure to known host NKG2D ligands but has notable variations in regions typically used to engage NKG2D. Additionally, the determinants responsible for the 14-fold-higher affinity of OMCP for human than for murine NKG2D were mapped to a single loop in the NKG2D ligand-binding pocket.","[MeSH] Amino Acid Sequence; [MeSH] Animals; [MeSH] Cowpox virus; [MeSH] Crystallography, X-Ray; [MeSH] Humans; [MeSH] Mice; [MeSH] Models, Molecular; [MeSH] Molecular Sequence Data; [MeSH] NK Cell Lectin-Like Receptor Subfamily K; [MeSH] Protein Binding; [MeSH] Protein Structure, Quaternary; [MeSH] Sequence Homology, Amino Acid; [MeSH] Viral Proteins"
37761277,"IVDR: Analysis of the Social, Economic, and Practical Consequences of the Application of an Ordinance of the In Vitro Diagnostic Ordinance in Switzerland.","Alix T Coste, Adrian Egli, Jacques Schrenzel, Beatrice Nickel, Andrea Zbinden, Reto Lienhard, Alexis Dumoulin, Martin Risch, Gilbert Greub","Diagnostics (Basel, Switzerland). 2023. doi: 10.3390/diagnostics13182910..",Coste,"Diagnostics (Basel, Switzerland)",2023,2023/09/11,,,10.3390/diagnostics13182910,"IVDR regulation represents a major challenge for diagnostic microbiology laboratories. IVDR complicates a broad range of aspects and poses a risk given the high diversity of pathogens (including rare but highly virulent microbes) and the large variety of samples submitted for analysis. The regular emergence of new pathogens (including Echovirus E-11, Adenovirus 41, Monkeypox virus, Alongshan virus, and Enterovirus D68, as recent examples in Europe in the post SARS-CoV-2 era) is another factor that makes IVDR regulation risky, because its detrimental effect on production of in-house tests will negatively impact knowledge and expertise in the development of new diagnostic tests. Moreover, such regulations negatively impact the availability of diagnostic tests, especially for neglected pathogens, and has a detrimental effect on the overall costs of the tests. The increased regulatory burden of IVDR may thereby pose an important risk for public health. Taken together, it will have a negative impact on the financial balance of diagnostic microbiology laboratories (especially small ones). The already-high standards of quality management of all ISO-accredited and Swissmedic-authorized laboratories render IVDR law of little value, at least in Switzerland, while tremendously increasing the regulatory burden and associated costs. Eventually, patients will need to pay for diagnostic assays outside of the framework of their insurance in order to obtain a proper diagnostic assessment, which may result in social inequity. Thus, based on the risk assessment outlined above, the coordinated commission for clinical microbiology proposes adjusting the IvDO ordinance by (i) introducing an obligation to be ISO 15189 accredited and (ii) not implementing the IvDO 2028 milestone.",IVDR; consequences; microbiology; risks
22860117,Side-by-side comparison of gene-based smallpox vaccine with MVA in nonhuman primates.,"Joseph W Golden, Matthew Josleyn, Eric M Mucker, Chien-Fu Hung, Peter T Loudon, T C Wu, Jay W Hooper",PloS one. 2012. doi: 10.1371/journal.pone.0042353..,Golden,PloS one,2012,2012/07/31,,,10.1371/journal.pone.0042353,"Orthopoxviruses remain a threat as biological weapons and zoonoses. The licensed live-virus vaccine is associated with serious health risks, making its general usage unacceptable. Attenuated vaccines are being developed as alternatives, the most advanced of which is modified-vaccinia virus Ankara (MVA). We previously developed a gene-based vaccine, termed 4pox, which targets four orthopoxvirus antigens, A33, B5, A27 and L1. This vaccine protects mice and non-human primates from lethal orthopoxvirus disease. Here, we investigated the capacity of the molecular adjuvants GM-CSF and Escherichia coli heat-labile enterotoxin (LT) to enhance the efficacy of the 4pox gene-based vaccine. Both adjuvants significantly increased protective antibody responses in mice. We directly compared the 4pox plus LT vaccine against MVA in a monkeypox virus (MPXV) nonhuman primate (NHP) challenge model. NHPs were vaccinated twice with MVA by intramuscular injection or the 4pox/LT vaccine delivered using a disposable gene gun device. As a positive control, one NHP was vaccinated with ACAM2000. NHPs vaccinated with each vaccine developed anti-orthopoxvirus antibody responses, including those against the 4pox antigens. After MPXV intravenous challenge, all control NHPs developed severe disease, while the ACAM2000 vaccinated animal was well protected. All NHPs vaccinated with MVA were protected from lethality, but three of five developed severe disease and all animals shed virus. All five NHPs vaccinated with 4pox/LT survived and only one developed severe disease. None of the 4pox/LT-vaccinated animals shed virus. Our findings show, for the first time, that a subunit orthopoxvirus vaccine delivered by the same schedule can provide a degree of protection at least as high as that of MVA.",[MeSH] Animals; [MeSH] Female; [MeSH] Macaca mulatta; [MeSH] Male; [MeSH] Plasmids; [MeSH] Smallpox Vaccine
40873637,Exploring the Potential and Advancements of Circular RNA Therapeutics.,"Lei Wang, Lianqing Wang, Chunbo Dong, Jialong Liu, Guoxin Cui, Shan Gao, Zhida Liu","Exploration (Beijing, China). 2025. doi: 10.1002/EXP.20240044..",Wang,"Exploration (Beijing, China)",2025,2025/05/01,,,10.1002/EXP.20240044,"Messenger RNA (mRNA) technology is revolutionizing the pharmaceutical industry owing to its superior safety profile, manufacturing capabilities, and potential applications in previously undruggable therapeutic targets. In addition to linear mRNA, such as conventional mRNA, self-amplifying mRNA, and trans-amplifying mRNA, circular mRNA has emerged as a promising candidate. Circular RNA (circRNA) is a class of single-stranded RNA with a covalently closed loop structure that offers enhanced stability compared to linear RNA by resisting degradation from RNases. Recent studies have revolutionized our understanding of their biological functions, surpassing the notion that they are merely byproducts of aberrant splicing events. Given the remarkable success achieved in cancer and SARS-CoV-2/monkeypox virus (MPXV) vaccines, circRNA is being intensively investigated for gene and cell therapies. In this review, we provide an overview of circRNA biogenesis mechanisms in vivo, along with synthesis strategies in vitro, while discussing translation regulation mechanisms and quality control processes involved in circRNA production. Furthermore, we explore the potential application scenarios for circRNAs.",IRES; back‐splicing; circRNA; mRNA; ribozyme; therapeutics
15043161,"Anti-cowpox virus activities of certain adenosine analogs, arabinofuranosyl nucleosides, and 2'-fluoro-arabinofuranosyl nucleosides.","Donald F Smee, Robert W Sidwell","Nucleosides, nucleotides & nucleic acids. 2004. doi: 10.1081/ncn-120028334..",Smee,"Nucleosides, nucleotides & nucleic acids",2004,2004/01/01,,,10.1081/ncn-120028334,"Nucleoside analogs were investigated for their potential to inhibit cowpox virus (a surrogate for variola and monkeypox viruses) in cell culture and in lethal respiratory infections in mice. Cell culture antiviral activity was determined by plaque reduction assays, with cytotoxicity determined by cell proliferation assays. Selectivity indices (SI's, 50% cytotoxic concentration divided by 50% virus-inhibitory concentration) were determined for 15 compounds. Three arabinofuranosyl (Ara) nucleosides showed activity in mouse mammary tumor (C127I) cells: guanine (Ara-G), thymine (Ara-T), and adenine (Ara-A) with SI's of 113, 61, and 95, respectively. The 2'-fluoro-Ara nucleosides of 5-F-cytosine (FIAC), 5-methyluracil (FMAU), and 5-iodouracil (FIAU) exhibited SI's of 148, 77, and 29, respectively. Other potent compounds included cidofovir (a positive control) and 3'-O-methyladenosine, with SI values of 164 and 56, respectively. In general, assays performed in African green monkey kidney (Vero) cells produced lower SI's than in C127I cells, except for 5-iodo-2'-deoxyuridine (IDU) which had an SI of > 71 in Vero cells and 3.1 in C127I cells. Intranasal infection of mice with cowpox virus was followed a day later by twice daily intraperitoneal treatment with compounds for 5 days. Ara-A was active at 300 mg/kg/day (40% survival), FMAU at 100 mg/kg/day (70% survival), and cidofovir (given for 1 day only) at 100 mg/kg (80-100% survival). None of the other compounds, including IDU, prevented death nor delayed the time to death. Cidofovir had the best potential for treating orthopoxvirus infections of those tested.",[MeSH] Adenosine; [MeSH] Animals; [MeSH] Antiviral Agents; [MeSH] Arabinonucleotides; [MeSH] Chlorocebus aethiops; [MeSH] Cowpox; [MeSH] Cowpox virus; [MeSH] Female; [MeSH] Mice; [MeSH] Vero Cells
41591232,Strengthening the National Reference Laboratory in the Republic of Congo: An Investment Imperative for Tuberculosis Diagnostics.,"Darrel Ornelle Elion Assiana, Franck Hardain Okemba-Okombi, Salomon Tchuandom Bonsi, Freisnel Hermeland Mouzinga, Juliet E Bryant, Jean Akiana, Tanou Joseph Kalivogui, Alain Disu Kamalandua, Nuccia Saleri, Lionel Caruana, Hugues Traoré Asken, Dissou Affolabi",Tropical medicine and infectious disease. 2026. doi: 10.3390/tropicalmed11010023..,Elion,Tropical medicine and infectious disease,2026,2026/01/13,,,10.3390/tropicalmed11010023,"National Tuberculosis Reference Laboratories (NTRLs) are central to tuberculosis (TB) control programs. Between 2018 and 2024, the Republic of Congo, a country of 6 million inhabitants, achieved a transformative strengthening of its TB diagnostic system, coordinated by the NTRL. Strategic investments, supported mainly by international partners, enabled a substantial decentralization of services, expanding the diagnostic network from 38 to 113 diagnostic and testing centers and increasing GeneXpert sites from 3 to 31. The expansion of the diagnostic network and specimen referral system was associated with a reduced structural gap in diagnostic coverage by extending access to GeneXpert testing to a larger number of peripheral and previously underserved centers. Critically, the establishment of a BSL-3 laboratory and the deployment of advanced assays like Xpert MTB/XDR ended the reliance on overseas testing by introducing in-country capacity for multidrug-resistant and pre-extensively drug-resistant TB detection. These systemic improvements were associated with significant positive outcomes, including an annual molecular testing surging from 11,609 in 2022 to over 27,000 in 2024 and bacteriological confirmation rates rising from 34 to 73%. This comprehensive laboratory systems strengthening, which also facilitated cross-programmatic initiatives like HIV and Mpox testing integration, underscores how sustained investment in infrastructure, logistics, and quality management is fundamental to improving case detection, surveillance, and progress toward the WHO End TB Strategy milestones.",National Tuberculosis Reference Laboratories; Republic of Congo; Tuberculosis; drug-resistant TB; surveillance
39616255,Screening great ape museum specimens for DNA viruses.,"Michelle Hämmerle, Meriam Guellil, Lovro Trgovec-Greif, Olivia Cheronet, Susanna Sawyer, Irune Ruiz-Gartzia, Esther Lizano, Aigerim Rymbekova, Pere Gelabert, Paolo Bernardi, Sojung Han, Thomas Rattei, Verena J Schuenemann, Tomas Marques-Bonet, Katerina Guschanski, Sebastien Calvignac-Spencer, Ron Pinhasi, Martin Kuhlwilm",Scientific reports. 2024. doi: 10.1038/s41598-024-80780-w..,Hämmerle,Scientific reports,2024,2024/11/30,,,10.1038/s41598-024-80780-w,"Natural history museum collections harbour a record of wild species from the past centuries, providing a unique opportunity to study animals as well as their infectious agents. Thousands of great ape specimens are kept in these collections, and could become an important resource for studying the evolution of DNA viruses. Their genetic material is likely to be preserved in dry museum specimens, as reported previously for monkeypox virus genomes from historical orangutan specimens. Here, we screened 209 great ape museum specimens for 99 different DNA viruses, using hybridization capture coupled with short-read high-throughput sequencing. We determined the presence of multiple viruses within this dataset from historical specimens and obtained several near-complete viral genomes. In particular, we report high-coverage (> 18-fold) hepatitis B virus genomes from one gorilla and two chimpanzee individuals, which are phylogenetically placed within clades infecting the respective host species.",Great apes; Hepatitis B virus; Museomics; Target-enrichment capture; Viruses
33965861,"Adamantane derivatives as potential inhibitors of p37 major envelope protein and poxvirus reproduction. Design, synthesis and antiviral activity.","Vadim A Shiryaev, Michael Yu Skomorohov, Marina V Leonova, Nikolai I Bormotov, Olga A Serova, Larisa N Shishkina, Alexander P Agafonov, Rinat A Maksyutov, Yuri N Klimochkin",European journal of medicinal chemistry. 2021. doi: 10.1016/j.ejmech.2021.113485..,Shiryaev,European journal of medicinal chemistry,2021,2021/04/29,,,10.1016/j.ejmech.2021.113485,"Currently, smallpox, caused by the variola virus belonging to the poxvirus family, has been completely eradicated according to the WHO. However, other representatives of poxviruses, such as vaccinia virus, cowpox virus, ectromelia virus, monkeypox virus, mousepox virus and others, remain in the natural environment and can infect both animals and humans. The pathogens of animal diseases, belonging to the category with a high epidemic risk, have already caused several outbreaks among humans, and can, in an unfavorable combination of circumstances, cause not only an epidemic, but also a pandemic. Despite the fact that there are protocols for the treatment of poxvirus infections, the targeted design of new drugs will increase their availability and expand the arsenal of antiviral chemotherapeutic agents. One of the potential targets of poxviruses is the p37 protein, which is a tecovirimat target. This protein is relatively small, has no homologs among proteins of humans and other mammals and is necessary for the replication of viral particles, which makes it attractive target for virtual screening. Using the I-TASSER modelling and molecular dynamics refinement the p37 orthopox virus protein model was obtained and its was confirmed by ramachandran plot analysis and superimposition of the model with the template protein with similar function. A virtual library of adamantane containing compounds was generated and a number of potential inhibitors were chosen from virtual library using molecular docking. Several compounds bearing adamantane moiety were synthesized and their biological activity was tested in vitro on vaccinia, cowpox and mousepox viruses. The new compounds inhibiting vaccinia virus replication with IC50 concentrations between 0.133 and 0.515 μM were found as a result of the research. The applied approach can be useful in the search of new inhibitors of orthopox reproduction. The proposed approach may be suitable for the design of new poxvirus inhibitors containing cage structural moiety.",Adamantane; Antiviral activity; Drug design; Molecular modelling; Orthopox viruses
37607234,Human FAM111A inhibits vaccinia virus replication by degrading viral protein I3 and is antagonized by poxvirus host range factor SPI-1.,"Junda Zhu, Xintao Gao, Yijing Li, Zihui Zhang, Shijie Xie, Shuning Ren, Yarui Li, Hua Li, Kang Niu, Shufang Fu, Yining Deng, Yinü Li, Bernard Moss, Wenxue Wu, Chen Peng",Proceedings of the National Academy of Sciences of the United States of America. 2023. doi: 10.1073/pnas.2304242120..,Zhu,Proceedings of the National Academy of Sciences of the United States of America,2023,2023/08/22,,,10.1073/pnas.2304242120,"Zoonotic poxviruses such as mpox virus (MPXV) continue to threaten public health safety since the eradication of smallpox. Vaccinia virus (VACV), the prototypic poxvirus used as the vaccine strain for smallpox eradication, is the best-characterized member of the poxvirus family. VACV encodes a serine protease inhibitor 1 (SPI-1) conserved in all orthopoxviruses, which has been recognized as a host range factor for modified VACV Ankara (MVA), an approved smallpox vaccine and a promising vaccine vector. FAM111A (family with sequence similarity 111 member A), a nuclear protein that regulates host DNA replication, was shown to restrict the replication of a VACV SPI-1 deletion mutant (VACV-ΔSPI-1) in human cells. Nevertheless, the detailed antiviral mechanisms of FAM111A were unresolved. Here, we show that FAM111A is a potent restriction factor for VACV-ΔSPI-1 and MVA. Deletion of FAM111A rescued the replication of MVA and VACV-ΔSPI-1 and overexpression of FAM111A significantly reduced viral DNA replication and virus titers but did not affect viral early gene expression. The antiviral effect of FAM111A necessitated its trypsin-like protease domain and DNA-binding domain but not the PCNA-interacting motif. We further identified that FAM111A translocated into the cytoplasm upon VACV infection by degrading the nuclear pore complex via its protease activity, interacted with VACV DNA-binding protein I3, and promoted I3 degradation through autophagy. Moreover, SPI-1 from VACV, MPXV, or lumpy skin disease virus was able to antagonize FAM111A by prohibiting its nuclear export. Our findings reveal the detailed mechanism by which FAM111A inhibits VACV and provide explanations for the immune evasive function of VACV SPI-1.",FAM111A; antiviral response; modified vaccinia virus Ankara (MVA); poxvirus; virus–host interaction
40803011,A cleavage-gated terminal exposure-driven CRISPR-RCA self-amplifying system for ultra-fast DNA detection.,"Yiyue Jiang, Jie Wu, Xiayu Xiang, Jiantao Wei, Kaihua Cheng, Lunbiao Cui, Hongpan Xu, Zhiyang Li",Biosensors & bioelectronics. 2025. doi: 10.1016/j.bios.2025.117857..,Jiang,Biosensors & bioelectronics,2025,2025/08/08,,,10.1016/j.bios.2025.117857,"The one-pot detection technology based on nucleic acid isothermal amplification combined with CRISPR has a significant advantage in on-site detection of infectious diseases. It is superior to quantitative polymerase chain reaction (qPCR) due to its lack of temperature variation and significantly faster reaction speed. Nevertheless, Cas proteins compete with amplification enzymes for reaction substrates, which results in the signal amplification effect being less than expected. To overcome this limitation, we have developed a single-tube self-amplifying system driven by cleavage-gated terminal exposure based on CRISPR and rolling circle amplification (AURORA), enabling ultra-fast and sensitive monkeypox virus (MPXV) detection. This method innovatively designs a dual-function probe (DF probe). In the presence of the target, the trans-cleavage activity of Cas12a is activated, only cleaving the single-stranded DNA to expose the 3' terminal of the DF probe. The cleaved DF probe hybridizes with the circular DNA template and is bound by phi29 DNA polymerase to initiate RCA. Here, we utilize the characteristics of Cas12a and phi29 DNA polymerase acting on substrates in different strand states to avoid substrate competition between the two enzymes in a single-tube reaction. This assay can achieve ultra-fast signal amplification of MPXV DNA within 8 min, with a limit of detection (LOD) of 88 aM (53 copies/μL). Combining the viral nucleic acid thermal lysis method, it is possible to achieve results from sample input to output in 10 min. The AURORA detection strategy was further used to detect MPXV in clinical samples (36 MPXV samples), and the results were completely consistent with qPCR. The AURORA system features ultra-fast and precise detection, providing a more efficient tool for the prevention and control of severe infectious diseases.",Cas12a; Cleavage-gated terminal exposure; RCA; Self-amplifying system
32412687,Structural insight into tanapoxvirus-mediated inhibition of apoptosis.,"Chathura D Suraweera, Mohd Ishtiaq Anasir, Srishti Chugh, Airah Javorsky, Rachael E Impey, Mohammad Hasan Zadeh, Tatiana P Soares da Costa, Mark G Hinds, Marc Kvansakul",The FEBS journal. 2020. doi: 10.1111/febs.15365..,Suraweera,The FEBS journal,2020,2020/05/31,,,10.1111/febs.15365,"Premature programmed cell death or apoptosis of cells is a strategy utilized by multicellular organisms to counter microbial threats. Tanapoxvirus (TANV) is a large double-stranded DNA virus belonging to the poxviridae that causes mild monkeypox-like infections in humans and primates. TANV encodes for a putative apoptosis inhibitory protein 16L. We show that TANV16L is able to bind to a range of peptides spanning the BH3 motif of human proapoptotic Bcl-2 proteins and is able to counter growth arrest of yeast induced by human Bak and Bax. We then determined the crystal structures of TANV16L bound to three identified interactors, Bax, Bim and Puma BH3. TANV16L adopts a globular Bcl-2 fold comprising 7 α-helices and utilizes the canonical Bcl-2 binding groove to engage proapoptotic host cell Bcl-2 proteins. Unexpectedly, TANV16L is able to adopt both a monomeric and a domain-swapped dimeric topology where the α1 helix from one protomer is swapped into a neighbouring unit. Despite adopting two different oligomeric forms, the canonical ligand binding groove in TANV16L remains unchanged from monomer to domain-swapped dimer. Our results provide a structural and mechanistic basis for tanapoxvirus-mediated inhibition of host cell apoptosis and reveal the capacity of Bcl-2 proteins to adopt differential oligomeric states whilst maintaining the canonical ligand binding groove in an unchanged state. DATABASE: Structural data are available in the Protein Data Bank (PDB) under the accession numbers 6TPQ, 6TQQ and 6TRR.",Bcl-2; X-ray crystallography; apoptosis; poxvirus; tanapoxvirus
28747505,Insufficient Innate Immunity Contributes to the Susceptibility of the Castaneous Mouse to Orthopoxvirus Infection.,"Patricia L Earl, Jeffrey L Americo, Bernard Moss",Journal of virology. 2017. doi: 10.1128/JVI.01042-17..,Earl,Journal of virology,2017,2017/09/12,,,10.1128/JVI.01042-17,"The castaneous (CAST) mouse, a wild-derived inbred strain, is highly susceptible to orthopoxvirus infection by intranasal and systemic routes. The 50% lethal intraperitoneal dose of vaccinia virus (VACV) was 3 PFU for CAST mice, whereas BALB/c mice survived 106 PFU. At all times and in all organs analyzed, virus titers were higher in CAST than in BALB/c mice. In individual CAST mice, luciferase-expressing VACV was seen to replicate rapidly leading to death, whereas virus levels increased for a few days and then declined in BALB/c mice. Increases in gamma interferon (IFN-γ) and tumor necrosis factor alpha (TNF-α) were delayed and low in CAST mice compared to BALB/c mice following VACV infection or poly(I-C) inoculation, consistent with differences in innate immune responses. In addition, naive CAST mice had considerably lower numbers of NK and T cells than BALB/c mice. The percentage of IFN-γ-producing CD4+ and CD8+ T cells increased following infection of CAST mice only after considerable virus spread, and the absolute cell numbers remained low. Administration of exogenous IFN-γ or -α to CAST mice before or during the first days of infection suppressed virus replication and prolonged survival, allowing the mice to make adaptive CD4+ and CD8+ T cell responses that were necessary to clear the virus after cessation of interferon treatment. Thus, insufficient innate cytokine and cellular immune responses contribute to the unique susceptibility of CAST mice to VACV, whereas the adaptive immune response can be protective only if virus replication is suppressed during the first several days of infection.IMPORTANCE Most inbred mouse strains are relatively resistant to orthopoxviruses. The castaneous (CAST) mouse is a notable exception, exhibiting extreme vulnerability to monkeypox virus, cowpox virus, and vaccinia virus and thus providing a unique model for studying pathogenicity, immunity, vaccines, and antiviral drugs. To fully utilize the CAST mouse for such purposes, it is necessary to understand the basis for virus susceptibility. We showed that naive CAST mice make low IFN-γ and TNF-α responses and have low levels of NK cells and CD4+ and CD8+ T cells compared to a resistant classical inbred mouse strain. Attenuating virus replication with one or more doses of exogenous IFN-α or -γ before or during the first few days of infection enabled the development of adaptive cellular immunity and clearance of virus. Further genetic studies may reveal the basis for the low innate immunity.",NK cells; T cells; adaptive immunity; immune deficiency; innate immunity; interferons; poxvirus; vaccinia virus
40564159,Design and Validation of a Multi-Epitope mRNA Vaccine Construct Against Human Monkeypox Virus (hMPXV) by Annotating Protein of Intracellular Mature Virus (IMV) Form of hMPXV.,"Mohammad Asrar Izhari, Siraj B Alharthi, Raed A Alharbi, Ahmad H A Almontasheri, Wael A Alghamdi, Abdulmajeed Abdulghani A Sindi, Ahmad Abdulmajed Salem, Ali Mahzari, Fahad Alghamdi, Ahmed R A Gosady",Biomedicines. 2025. doi: 10.3390/biomedicines13061439..,Izhari,Biomedicines,2025,2025/06/11,,,10.3390/biomedicines13061439,"Background: hMPXV poses a major public health risk due to its human-to-human transmissibility, severe complications, especially in immunocompromised individuals, and global spread, necessitating effective surveillance and stringent prophylactic measures to mitigate its colossal impact. Objective: The study aimed to annotate hMPXV(IMV) proteins to propose a potential reverse vaccinology-based vaccine against hMPXV. Methods: The target MPXV(IMV) protein's sequences, formatted in FASTA, were sourced from genome/proteome databases (BV-BRC and UniProt) (accessed on 6 November 2024), followed by CD-Hit-based redundancy removal. Epitope prediction for B-cells (lymphocytes), cytotoxic T-cells or cytotoxic T-lymphocytes (CTLs), and helper T-cells (HTLs) was executed using ABCpred, IEDB's ANNs 4.0, and an artificial neural network-based alignment tool (NN-align 2.3)/ML-based tool (NetMHCII 2.3). Various immunoinformatics filters (antigenicity, toxicity, and allergenicity) were applied to substantiate the potency and safety of the formulated vaccine candidate. The constructed vaccine's physiochemical and structural features (secondary and tertiary), with structural stability (confirmed by molecular docking followed by dynamic simulation with TLRs (TLR4 & TLR2) and MHCs), were determined. Additionally, cloning (using pET-28a(+) vector) was conducted to verify the vaccine's expression potential and translation efficiency. The construct's population coverage was also ascertained. Results: The MPXV-2-Beta vaccine constructs, of the six initially designed constructs, was identified as the most promising candidate, signifying nonallergenic profile and nontoxic features, with a predicted antigenicity score (PAS) = 0.7202, 407 residues, a molecular weight of 43,102.1 Da, pI of 9.2, and favorable stability parameters (AI: 65.65, GRAVY: -0.597, I-i: 25.92). It showed high solubility (score: 0.942). The ProSA Z-score of -9.38 confirmed the structural stability, reliability, and precision of the MPXV-2-Beta 3D model, which is comparable to experimental structures. Furthermore, 98.8% of all the residues nested within favored or allowed regions in a critical Ramachandran plot signified the model's exceptional structural integrity and quality. Docking and dynamic simulation of MPXV-2-Beta with TLRs (TLR4 & TLR2) and MHCs demonstrated stiffer docking stability (strong polar and nonpolar interaction) and negative eigenvalue value (during dynamic simulation), suggesting its ability to enhance immune receptor activation under physiological conditions. MPXV-2-Beta was predicted to trigger a robust immune response (IR) with comprehensive world population coverage (98.55%, SD = 10.41). Conclusions: Based on the evaluated parameters, the MPXV-2-Beta designed in this study exhibited significant potential as an effective candidate against hMPXV. This study establishes a foundation for developing an efficient vaccine against hMPXV, requiring further experimental and clinical validation to confirm computational findings.",cloning; docking; epitope; hMPXV; immunoinformatics; simulation
38523332,"Lot-to-lot consistency, immunogenicity, and safety of the Ad26.ZEBOV, MVA-BN-Filo Ebola virus vaccine regimen: A phase 3, randomized, double-blind, placebo-controlled trial.","Neil Goldstein, Chelsea McLean, Auguste Gaddah, Joachim Doua, Babajide Keshinro, Linda Bus-Jacobs, Jenny Hendriks, Kerstin Luhn, Cynthia Robinson, Macaya Douoguih",Human vaccines & immunotherapeutics. 2024. doi: 10.1080/21645515.2024.2327747..,Goldstein,Human vaccines & immunotherapeutics,2024,2024/03/24,,,10.1080/21645515.2024.2327747,"This phase-3, double-blind, placebo-controlled study (NCT04228783) evaluated lot-to-lot consistency of the Ad26.ZEBOV, MVA-BN-Filo Ebola vaccine regimen. Participants were randomized (6:6:6:1) to receive the two-dose regimen from three consecutively manufactured lots of Ad26.ZEBOV on Day 1 paired with three consecutively manufactured lots of MVA-BN-Filo on Day 57 (Groups 1-3) or two doses of placebo (Group 4). An additional cohort also received an Ad26.ZEBOV booster or placebo 4 months post-dose 2. Equivalence of the immunogenicity at 21 days post-dose 2 between any two groups was demonstrated if the 95% confidence interval (CI) of the Ebola virus glycoprotein (EBOV GP)-binding antibody geometric mean concentration (GMC) ratio was entirely within the prespecified margin of 0.5-2.0. Lot-to-lot consistency (i.e., consecutive lots can be consistently manufactured) was accomplished if equivalence was shown for all three pairwise comparisons. Results showed that the primary objective in the per-protocol immunogenicity subset (n = 549) was established for each pairwise comparison (Group 1 vs 2: GMC ratio = 0.9 [95% CI: 0.8, 1.1], Group 1 vs 3: 0.9 [0.8, 1.1], Group 2 vs 3: 1.0 [0.9, 1.2]). Equivalence of the three groups for the Ad26.ZEBOV component only was also demonstrated at 56 days post-dose 1. EBOV GP-binding antibody responses (post-vaccination concentrations >2.5-fold from baseline) were observed in 419/421 (99.5%) vaccine recipients at 21 days post-dose 2 and 445/460 (96.7%) at 56 days post-dose 1. In the booster cohort (n = 39), GMCs increased 9.0- and 11.8-fold at 7 and 21 days post-booster, respectively, versus pre-booster. Ad26.ZEBOV, MVA-BN-Filo was well tolerated, and no safety issues were identified.",Ad26.ZEBOV; Ebola; MVA-BN-Filo; clinical trial; immunogenicity; vaccine
26137812,[Mechanisms of viral emergence and interspecies transmission: the exemple of simian foamy viruses in Central Africa].,Antoine Gessain,Bulletin de l'Academie nationale de medecine. 2013. doi: 10.1016/S0001-4079(19)31387-1..,Gessain,Bulletin de l'Academie nationale de medecine,2013,2013/12/01,,,10.1016/S0001-4079(19)31387-1,"A large proportion of viral pathogens that have emerged during the last decades in humans are considered to have originated from various animal species. This is well exemplified by several recent epidemics such as those of Nipah, Severe Acute Respiratory Syndrome, Avian flu, Ebola, Monkeypox, and Hantaviruses. After the initial interspecies transmission per se, the viruses can disseminate into the human population through various and distinct mechanisms. Some of them are well characterized and understood, thus allowing a certain level of risk control and prevention. Surprisingly and in contrast, the initial steps that lead to the emergence of several viruses, and of their associated diseases, remain still poorly understood. Epidemiological field studies conducted in certain specific high-risk populations are thus necessary to obtain new insights into the early events of this emergence process. Human infections by simian viruses represent increasing public health concerns. Indeed, by virtue of their genetic andphysiological similarities, non-human primates (NHPs) are considered to be likely the sources of viruses that can infect humans and thus may pose a significant threat to human population. This is well illustrated by retroviruses, which have the ability to cross species, adapt to a new host and sometimes spread within these new species. Sequence comparison and phylogenetic studies have thus clearly showed that the emergence of human immunodeficiency virus type 1 (HIV-1) and HIV-2 in humans have resulted from several independent interspecies transmissions of different SIV types from Chimpanzees and African monkeys (including sooty mangabeys), respectively, probably during the first part of the last century. The situation for Human T cell Lymphotropic virus type 1 (HTLV-1) is, for certain aspects, quite comparable. Indeed, the origin of most HTLV-1 subtypes appears to be linked to interspecies transmission between STLV-1-infected monkeys and humans, followed by variable periods of evolution in the human host. In this review, after an introduction on emerging viruses, we will briefly present the results of a large epidemiological study performed in groups of Bantus and Pygmies living in villages and settlements located in the rain forest of the South region of Cameroon. These populations are living nearby the habitats of several monkeys and apes, often naturally infected by different retroviruses including SIV, STLV and simianfoamy virus. Most of the persons included in this study were hunters of such NHPs, thus at high risk of contact with infected body fluids (blood, saliva,...) during hunting activities. After reviewing the current available data on the discovery, cross-species transmission from monkeys and apes to humans of the simian foamy retroviruses, we will report the results of our study. Such infection is a unique natural model to study the different mechanisms of restriction of retroviral emergence in Humans.","[MeSH] Abattoirs; [MeSH] Adaptation, Physiological; [MeSH] Adult; [MeSH] Africa, Central; [MeSH] Age Distribution; [MeSH] Animals; [MeSH] Bites and Stings; [MeSH] Cameroon; [MeSH] Communicable Diseases, Emerging; [MeSH] Ethnicity; [MeSH] Female; [MeSH] Food Handling; [MeSH] Haplorhini; [MeSH] Hominidae; [MeSH] Host Specificity; [MeSH] Humans; [MeSH] Male; [MeSH] Meat; [MeSH] Occupational Exposure; [MeSH] Primate Diseases; [MeSH] Retroviridae Infections; [MeSH] Saliva; [MeSH] Sex Distribution; [MeSH] Simian foamy virus; [MeSH] Species Specificity; [MeSH] Young Adult; [MeSH] Zoonoses"
16189015,An orally bioavailable antipoxvirus compound (ST-246) inhibits extracellular virus formation and protects mice from lethal orthopoxvirus Challenge.,"Guang Yang, Daniel C Pevear, Marc H Davies, Marc S Collett, Tom Bailey, Susan Rippen, Linda Barone, Chris Burns, Gerry Rhodes, Sanjeev Tohan, John W Huggins, Robert O Baker, R L Mark Buller, Erin Touchette, Kem Waller, Jill Schriewer, Johan Neyts, Erik DeClercq, Kevin Jones, Dennis Hruby, Robert Jordan",Journal of virology. 2005. doi: 10.1128/JVI.79.20.13139-13149.2005..,Yang,Journal of virology,2005,2005/10/01,,,10.1128/JVI.79.20.13139-13149.2005,"ST-246 is a low-molecular-weight compound (molecular weight = 376), that is potent (concentration that inhibited virus replication by 50% = 0.010 microM), selective (concentration of compound that inhibited cell viability by 50% = >40 microM), and active against multiple orthopoxviruses, including vaccinia, monkeypox, camelpox, cowpox, ectromelia (mousepox), and variola viruses. Cowpox virus variants selected in cell culture for resistance to ST-246 were found to have a single amino acid change in the V061 gene. Reengineering this change back into the wild-type cowpox virus genome conferred resistance to ST-246, suggesting that V061 is the target of ST-246 antiviral activity. The cowpox virus V061 gene is homologous to vaccinia virus F13L, which encodes a major envelope protein (p37) required for production of extracellular virus. In cell culture, ST-246 inhibited plaque formation and virus-induced cytopathic effects. In single-cycle growth assays, ST-246 reduced extracellular virus formation by 10 fold relative to untreated controls, while having little effect on the production of intracellular virus. In vivo oral administration of ST-246 protected BALB/c mice from lethal infection, following intranasal inoculation with 10x 50% lethal dose (LD(50)) of vaccinia virus strain IHD-J. ST-246-treated mice that survived infection acquired protective immunity and were resistant to subsequent challenge with a lethal dose (10x LD(50)) of vaccinia virus. Orally administered ST-246 also protected A/NCr mice from lethal infection, following intranasal inoculation with 40,000x LD(50) of ectromelia virus. Infectious virus titers at day 8 postinfection in liver, spleen, and lung from ST-246-treated animals were below the limits of detection (<10 PFU/ml). In contrast, mean virus titers in liver, spleen, and lung tissues from placebo-treated mice were 6.2 x 10(7), 5.2 x 10(7), and 1.8 x 10(5) PFU/ml, respectively. Finally, oral administration of ST-246 inhibited vaccinia virus-induced tail lesions in Naval Medical Research Institute mice inoculated via the tail vein. Taken together, these results validate F13L as an antiviral target and demonstrate that an inhibitor of extracellular virus formation can protect mice from orthopoxvirus-induced disease.","[MeSH] Administration, Oral; [MeSH] Amino Acid Sequence; [MeSH] Animals; [MeSH] Antiviral Agents; [MeSH] Benzamides; [MeSH] Cytopathogenic Effect, Viral; [MeSH] Drug Evaluation, Preclinical; [MeSH] Ectromelia virus; [MeSH] Ectromelia, Infectious; [MeSH] Female; [MeSH] Indoles; [MeSH] Isoindoles; [MeSH] Liver; [MeSH] Lung; [MeSH] Membrane Proteins; [MeSH] Mice; [MeSH] Mice, Inbred BALB C; [MeSH] Molecular Sequence Data; [MeSH] Molecular Weight; [MeSH] Orthopoxvirus; [MeSH] Poxviridae Infections; [MeSH] Sequence Alignment; [MeSH] Spleen; [MeSH] Vaccinia; [MeSH] Viral Envelope Proteins; [MeSH] Viral Plaque Assay; [MeSH] Virus Assembly; [MeSH] Phthalimides"
40466480,RSV vaccines and Guillain-Barré syndrome: Insights into an emerging concern.,"Cleo Anastassopoulou, Antonios-Periklis Panagiotopoulos, Stefanos Ferous, Gregory A Poland, David W Dodick, Athanasios Tsakris",Vaccine. 2025. doi: 10.1016/j.vaccine.2025.127338..,Anastassopoulou,Vaccine,2025,2025/06/03,,,10.1016/j.vaccine.2025.127338,"Respiratory syncytial virus (RSV) is a common cause of serious lower respiratory tract infections (LTRI), disproportionately affecting infants and older adults. The recent approval of 3 different RSV vaccines marks a significant advancement in mitigating RSV-related morbidity and mortality. However, the increased incidence of Guillain-Barré syndrome (GBS) following RSV vaccination, confirmed by post-marketing surveillance, has raised concerns. Apart from the previously proposed mechanisms that primarily include molecular mimicry and host genetics, electrolytic hydroelectric disorders, particularly the syndrome of inappropriate secretion of antidiuretic hormone (SIADH)-induced hyponatremia, may be associated with GBS. Given that GBS is more common in individuals >65 years - the primary target group for RSV vaccination - this overlap warrants careful consideration. While the benefits of RSV vaccines have been demonstrated, continued safety monitoring and investigation into rare adverse events such as GBS are essential to ensure public health benefits and confidence while minimizing risks.",Guillain-Barré syndrome (GBS); Hyponatremia; Neurological events; Respiratory syncytial virus (RSV) vaccination; Syndrome of inappropriate antidiuresis (SIADH); Vaccine safety
37609557,Estimated health and economic impact of using high-dose influenza vaccine on respiratory and circulatory plus respiratory hospitalizations of older adults in Australia.,"C Raina MacIntyre, J Kevin Yin, Christian Felter, Robert I Menzies, Edward Thommes, Nathalie Largeron, Aye M Moa, Mallory Trent, Valentina Costantino, Seulki Choi, Fabián P Alvarez",Vaccine: X. 2023. doi: 10.1016/j.jvacx.2023.100365..,Raina,Vaccine: X,2023,2023/08/04,,,10.1016/j.jvacx.2023.100365,"BACKGROUND: Standard dose influenza vaccine provides moderate protection from infection, but with lower effectiveness among the elderly. High dose and adjuvanted vaccines (HD-TIV and aTIV) were developed to address this. This study aims to estimate the incremental health and economic impact of using HD-TIV (high dose trivalent vaccine) instead of aTIV (adjuvanted trivalent vaccine) on respiratory and circulatory plus respiratory hospitalizations of older people (≥65 years) in Australia. METHODS: This is a modelling study comparing predicted hospitalization outcomes in people receiving HD-TIV or aTIV during an average influenza season in Australia. Hospitalization records of Australian adults ≥65 years of age from 01 April to 30 November during 15 influenza seasons (2002-2017 excluding 2009, which was a pandemic) were extracted from the Australian Institute of Health and Welfare [AIHW] and used to calculate hospitalisation rates during an average season. Relative vaccine effectiveness data for aTIV and HD-TIV were used to estimate morbidity burden related to influenza. RESULTS: Between 2002 and 2017, the average respiratory hospitalization rate among older people during influenza season (April-November) was 3,445/100,000 population-seasons, with an average cost of AU$ 7,175 per admission. The average circulatory plus respiratory hospitalization rate among older Australian people during that time was 10,393/100,000 population-seasons, with an average cost of AU$ 7829 per admission. For older Australians, HD-TIV may avert an additional 6,315-9,410 respiratory admissions each year, with an incremental healthcare cost saving of AU$ 15.9-38.2 million per year compared to aTIV. Similar results were also noted for circulatory plus respiratory hospitalizations. CONCLUSIONS: From the modelled estimations, HD-TIV was associated with less economic burden and fewer respiratory, and circulatory plus respiratory hospitalizations than aTIV for older Australians.",Cardiovascular disease; Older adults; Seasonal influenza; Trivalent inactivated high-dose influenza vaccine (HD-TIV); Vaccine effectiveness
40381934,"Impact of malaria in pregnancy on infant neurodevelopment and malaria susceptibility during the first year of life in Kinshasa, the Democratic Republic of the Congo.","Japhet Kabalu Tshiongo, Lise Kuseke, Thierry Kalonji, Patrick Mitashi, Aimée Mupuala, Kassoum Kayentao, Trésor Zola Matuvanga, Vivi Maketa Tevuzula, Yann Kafala, Henk D F H Schallig, Hypolite Muhindo Mavoko, Petra F Mens",International journal of infectious diseases : IJID : official publication of the International Society for Infectious Diseases. 2025. doi: 10.1016/j.ijid.2025.107927..,Tshiongo,International journal of infectious diseases : IJID : official publication of the International Society for Infectious Diseases,2025,2025/05/15,,,10.1016/j.ijid.2025.107927,"OBJECTIVES: To compare the neurodevelopment and malaria susceptibility of infants born to mothers infected or uninfected with malaria at the time of delivery. METHODS: A cohort of 388 mother-child pairs was recruited at delivery. Maternal malaria was assessed by microscopy at birth, and infant malaria was based on a history of fever. Infant neurodevelopment was evaluated at 4-6 weeks, 6 months, and 12 months using the Mullen Scales of Early Learning (MSEL), which include scores for gross motor (GM), and early learning composite (ELC). Infant malaria incidence and neurological functioning were compared based on malaria exposure at delivery. RESULTS: In total, 62/385 (16.1%) infants were exposed to malaria at delivery, confirmed by microscopy for both peripheral and placental malaria. These exposed infants had a significantly lower birth weight (LBW) (2824.68 ± 493.85 g) than those born of uninfected mothers (3032.69 ± 487.8 g; p = 0.0023). GM at 12 months showed no significant differences between groups (mean GM score for exposed: 47.2 ± 9.8 vs unexposed: 47.6 ± 9.7; p = 0.757). However, infants exposed to malaria infection had significantly lower ECL (-7.70 [95% confidence interval {CI}: -15.0, -0.36]; P = 0.04). Infant malaria, malnutrition, and LBW were significantly associated with reduced GM scores (-1.2 [95% CI: -2.25, -0.18], P = 0.021; -0.96 [95% CI: -1.92, -0.02], and -1.59 [95% CI: -3.06, -0.11], respectively). Malaria incidence peaked at 12 months, affecting 54.7% of the exposed group vs 70.6% of non-exposed infants (risk ratio = 1.04 [95% CI: 0.87-1.25], P = 0.631). CONCLUSIONS: Malaria at delivery was associated with impaired ELC but not with GM. Malaria susceptibility during the first 12 months was not influenced by maternal malaria exposure. However, LBW, malnutrition and infant malaria impacted infant development.",Democratic Republic of the Congo; Infant; Malaria incidence; Maternal malaria; Neurodevelopment
38564339,Understanding the impact of adult pertussis and current approaches to vaccination: A narrative review and expert panel recommendations.,"Peter Kardos, Jaime Correia de Sousa, Ulrich Heininger, Andreas Konstantopoulos, C Raina MacIntyre, Donald Middleton, Terry Nolan, Alberto Papi, Adrian Rendon, Albert Rizzo, Kim Sampson, Alessandro Sette, Elizabeth Sobczyk, Tina Tan, Catherine Weil-Olivier, Birgit Weinberger, Tom Wilkinson, Carl Heinz Wirsing von König",Human vaccines & immunotherapeutics. 2024. doi: 10.1080/21645515.2024.2324547..,Kardos,Human vaccines & immunotherapeutics,2024,2024/04/02,,,10.1080/21645515.2024.2324547,"Pertussis has several notable consequences, causing economic burden, increased strain on healthcare facilities, and reductions in quality of life. Recent years have seen a trend toward an increase in pertussis cases affecting older children and adults. To boost immunity, and protect vulnerable populations, an enduring approach to vaccination has been proposed, but gaps remain in the evidence surrounding adult vaccination that are needed to inform such a policy. Gaps include: the true incidence of pertussis and its complications in adults; regional variations in disease recognition and reporting; and incidence of severe disease, hospitalizations, and deaths in older adults. Better data on the efficacy/effectiveness of pertussis vaccination in adults, duration of protection, and factors leading to poor vaccine uptake are needed. Addressing the critical evidence gaps will help highlight important areas of unmet need and justify the importance of adult pertussis vaccination to healthcare professionals, policymakers, and payers.",Bordetella pertussis; Tdap vaccination; adults; disease burden; underreporting
30120818,"The national and provincial burden of medically attended influenza-associated influenza-like illness and severe acute respiratory illness in the Democratic Republic of Congo, 2013-2015.","Pélagie Babakazo, Léopold Lubula, Wally Disasuani, Léonie Kitoko Manya, Edith Nkwembe, Naomi Mitongo, Hugo Kavunga-Membo, Jean-Claude Changachanga, Saleh Muhemedi, Benoit Kebela Ilunga, Emile Okitolonda Wemakoy, Jean-Jacques Muyembe Tamfum, Joelle Kabamba-Tshilobo, Stefano Tempia",Influenza and other respiratory viruses. 2018. doi: 10.1111/irv.12601..,Babakazo,Influenza and other respiratory viruses,2018,2018/09/06,,,10.1111/irv.12601,"BACKGROUND: Estimates of influenza-associated outpatient consultations and hospitalizations are severely limited in low- and middle-income countries, especially in Africa. METHODS: We conducted active prospective surveillance for influenza-like illness (ILI) and severe acute respiratory illness (SARI) at 5 healthcare facilities situated in Kinshasa Province during 2013-2015. We tested upper respiratory tract samples for influenza viruses using a reverse transcription-polymerase chain reaction assay. We estimated age-specific numbers and rates of influenza-associated ILI outpatient consultations and SARI hospitalizations for Kinshasa Province using a combination of administrative and influenza surveillance data. These estimates were extrapolated to each of the remaining 10 provinces accounting for provincial differences in prevalence of risk factors for pneumonia and healthcare-seeking behavior. Rates were reported per 100 000 population. RESULTS: During 2013-2015, the mean annual national number of influenza-associated ILI outpatient consultations was 1 003 212 (95% Confidence Incidence [CI]: 719 335-1 338 050 - Rate: 1205.3; 95% CI: 864.2-1607.5); 199 839 (95% CI: 153 563-254 759 - Rate: 1464.0; 95% CI: 1125.0-1866.3) among children aged <5 years and 803 374 (95% CI: 567 772-1 083 291 - Rate: 1154.5; 95% CI: 813.1-1556.8) among individuals aged ≥5 years. The mean annual national number of influenza-associated SARI hospitalizations was 40 361 (95% CI: 24 014-60 514 - Rate: 48.5; 95% CI: 28.9-72.7); 25 452 (95% CI: 19 146-32 944 - Rate: 186.5; 95% CI: 140.3-241.3) among children aged <5 years and 14 909 (95% CI: 4868-27 570 - Rate: 21.4; 95% CI: 28.9-72.7) among individuals aged ≥5 years. CONCLUSIONS: The burden of influenza-associated ILI outpatient consultations and SARI hospitalizations was substantial and was highest among hospitalized children aged <5 years.",Democratic Republic of Congo; burden; influenza; influenza-like illness; severe acute respiratory illness
41698311,The neutralizing antibody titer correlate of COVID-19 risk in the COVID-19 variant immunologic landscape (COVAIL) trial was not modified by SARS-CoV-2 amino acid sequence distances.,"Fei Heng, Craig A Magaret, Nadine G Rouphael, Angela R Branche, Youyi Fong, Lindsay N Carpp, Chenchen Yu, Shiyu Chen, Bo Zhang, David J Diemert, Ann R Falsey, Daniel S Graciaa, Lindsey R Baden, Sharon E Frey, Jennifer A Whitaker, Susan J Little, Satoshi Kamidani, Emmanuel B Walter, Richard M Novak, Richard Rupp, Lisa A Jackson, Tara M Babu, Angelica C Kottkamp, Anne F Luetkemeyer, Lilly C Immergluck, Rachel M Presti, Martín Bäcker, Patricia L Winokur, Siham M Mahgoub, Paul A Goepfert, Dahlene N Fusco, Robert L Atmar, Christine M Posavad, Jinjian Mu, Mat Makowski, Mamodikoe K Makhene, Seema U Nayak, Viviana Simon, Harm van Bakel, Paul C Roberts, Peter B Gilbert",Vaccine. 2026. doi: 10.1016/j.vaccine.2026.128348..,Heng,Vaccine,2026,2026/02/15,,,10.1016/j.vaccine.2026.128348,"In the Coronavirus Variant Immunologic Landscape Trial (COVAIL) conducted in the United States in 2022-2023, 985 participants received a second COVID-19 booster with one of twelve monovalent or bivalent mRNA inserts. Pseudovirus serum inhibitory dilution 50% neutralizing antibody titer (nAb titer) measured two-weeks post booster significantly associated with lower COVID-19 incidence over six months follow-up in this trial. COVAIL investigators sequenced SARS-CoV-2 Spike amino acid sequences for all COVID-19 cases, with a sequence successfully obtained from 129 of 195 cases. For COVID-19 endpoint cases we calculated five distances of the case-causing sequence to a reference sequence, the first two physico-chemical weighted Hamming distances of Spike or receptor binding domain (RBD) to a participant's nearest Spike or RBD vaccine-insert sequence, and the other three estimated degrees of neutralizing antibody escape from the XBB.1.5 RBD strain calculated with deep mutational scanning. Hypothesizing that the nAb titer correlate of risk may have a stronger association with COVID-19 when focusing on COVID-19 infections more closely matched to the vaccine insert in Spike or RBD amino acid sequence or with lower RBD antibody escape score, we tested this hypothesis for the combined group receiving a monovalent Prototype (ancestral strain) booster (n = 143) and for the combined group receiving an Omicron-containing booster (n = 744). For both combined groups, the nAb titer correlate of risk did not significantly vary across any of the assessed sequence distances from the vaccine insert (all p-values >0.10), although RBD Hamming distance had point estimates consistent with a weakening correlate with distance, motivating further exploration in settings with greater antigenic heterogeneity. Indeed, statistical power was bounded by the limited antigenic variability of viruses infecting trial participants over the follow-up period (April 21, 2022 to May 25, 2023), which spanned only a 3.02-fold nAb titer range of differential sensitivity to sera from XBB.1.5-infected individuals. ClinicalTrials.gov Identifier: NCT05289037.",Deep mutational scanning; Immune correlate of protection; Neutralizing antibody escape; Randomized clinical trial; Recombinant protein vaccine; mRNA vaccine
