PMID,Title,Authors,Citation,First Author,Journal/Book,Publication Year,Create Date,PMCID,NIHMS ID,DOI,Abstract,Keywords
36795594,Mpox (Monkeypox) Proctitis.,"Ciléin Kearns, Michael Orsi, Carlos J Sanchez, Francisco Calle","Radiographics : a review publication of the Radiological Society of North America, Inc. 2023. doi: 10.1148/rg.220198..",Kearns,"Radiographics : a review publication of the Radiological Society of North America, Inc",2023,2023/03/01,,,10.1148/rg.220198,,"[MeSH] Humans; [MeSH] Mpox, Monkeypox; [MeSH] Proctitis"
36607751,Monkeypox Vaccination and Cutaneous Considerations for the Dermatologist.,"Alyssa Quinn, Kayd Pulsipher, Mindy Szeto, Colby Presley, Nathaniel Marroquin, Robert Dellavalle",Journal of drugs in dermatology : JDD. 2023.,Quinn,Journal of drugs in dermatology : JDD,2023,2023/01/01,,,,"Monkeypox has infected over 18,000 individuals in the United States since the first reported case on May 17, 2022.1 Monkeypox is a variola poxvirus that is related to smallpox, but monkeypox symptoms (fever, painful vesicular or pustular rash, and lymphadenopathy) are milder and fatalities are rare.","[MeSH] Humans; [MeSH] United States; [MeSH] Mpox, Monkeypox; [MeSH] Smallpox Vaccine; [MeSH] Dermatologists; [MeSH] Variola virus; [MeSH] Exanthema"
37213123,Update on Mpox.,"Kristin Walter, Preeti N Malani",JAMA. 2023. doi: 10.1001/jama.2023.9142..,Walter,JAMA,2023,2023/06/06,,,10.1001/jama.2023.9142,"[ENG] This JAMA Patient Page describes mpox signs and symptoms, risk factors, diagnosis, treatment, and prevention measures.","[MeSH] Humans; [MeSH] Mpox, Monkeypox"
36206497,Oral manifestations of monkeypox: Brief review.,Anak Iamaroon,Dental and medical problems. 2022. doi: 10.17219/dmp/152071..,Iamaroon,Dental and medical problems,2022,2022/01/01,,,10.17219/dmp/152071,"The current outbreak of monkeypox infection has caught the attention of people worldwide. Updated data showed a dramatic increase in the number of patients in many non-endemic countries. An emergence of monkeypox together with coronavirus disease 2019 (COVID-19) caused a tremendous burden on the healthcare system, globally. The aim of this review was to briefly describe the current situation, transmission, clinical features, diagnosis, and prevention of the disease. Oral manifestations of monkeypox as well as those of similar viral diseases were elaborately delineated. The outbreak of monkeypox in non-endemic regions has expanded to at least 47 countries with more than 4,100 new infections. The clinical features in non-endemic regions are atypical and different from those in central and western Africa. Milder symptoms with no death cases have been observed. The oral mucosa is often involved and oral lesions may initially be manifested before the rash spreads to the face and other parts of the body. The diagnosis of monkeypox is mainly based on clinical presentations and laboratory investigations. Prevention by avoiding close contacts with patients and sick animals and providing vaccination to those who have a primary contact with patients is essential. Oral manifestations may occur prior to skin eruptions, suggesting that dentists and dental personnel should be well aware of the nature of the disease. Prevention and public awareness of the disease are crucial for mitigating further human-to-human transmission.",infection; monkeypox; oral manifestations; outbreak
38994460,Monkeypox infection and pregnancy in lower and middle-income countries: Precautions & recommendations.,"Omar Abu-Azzam, Mohammad Abu-Jeyyab, Mohammad Daradkeh, Sadeen Zein Eldeen, Saja Zuaiter, Mohammad Al-Mseadeen, Amer Sindiani, Eman Alshdaifat",Revista brasileira de ginecologia e obstetricia : revista da Federacao Brasileira das Sociedades de Ginecologia e Obstetricia. 2024. doi: 10.61622/rbgo/2024rbgo54..,Abu-Azzam,Revista brasileira de ginecologia e obstetricia : revista da Federacao Brasileira das Sociedades de Ginecologia e Obstetricia,2024,2024/06/27,,,10.61622/rbgo/2024rbgo54,"Monkeypox (MPX), an orthopoxviral disease endemic in Africa, is now a public health emergency of international concern (PHEIC) as declared by the World Health Organization in July 2023. Although it is generally mild, the overall case fatality rate was reported to be 3%, and the basic reproduction number (R0) is > 1 in men who have sex with men (MSM, i.e., Portugal (1.4), the United Kingdom (1.6), and Spain (1.8)). However, R0 is < 1 in other settings. In concordance with the smallpox virus, it is also expected to increase the risk of adverse outcomes for both the mother and the fetus. The outcomes of the disease in an immunocompromised state of pregnancy are scary, showing high mortality and morbidity of both mother and fetus, with up to a 75% risk of fetal side effects and a 25% risk of severe maternal diseases. Therefore, it warrants timely diagnosis and intervention. The reverse transcription polymerase chain reaction (RT PCR) test is the standard approach to diagnosis. We summarized the recent findings of MPX on pregnancy, and the associated risk factors. We also give recommendations for active fetal surveillance, perinatal care, and good reporting to improve outcomes. The available vaccines have shown promise for primary disease prevention.","Epidemiology; Monkeypox; Orthopoxvirus; Perinatal care; Pregnancy complications, infectious"
38235533,"Mpox, herpes, and enteroviruses: Differential diagnosis.","Laura Guillén-Calvo, Anabel Negredo, Patricia Sánchez-Mora, Paqui Molero, Ana Vázquez, María Cabrerizo, Eva Orviz, Juan Ledesma, Vicente Estrada, David Tarragó, María Paz Sánchez-Seco",Journal of medical virology. 2024. doi: 10.1002/jmv.29371..,Guillén-Calvo,Journal of medical virology,2024,2024/01/01,,,10.1002/jmv.29371,,"[MeSH] Humans; [MeSH] Diagnosis, Differential; [MeSH] Mpox, Monkeypox; [MeSH] Enterovirus Infections; [MeSH] Antigens, Viral"
36555584,Pharmacological Agents with Antiviral Activity against Monkeypox Infection.,"Andrea Zovi, Francesco Ferrara, Roberto Langella, Antonio Vitiello",International journal of molecular sciences. 2022. doi: 10.3390/ijms232415941..,Zovi,International journal of molecular sciences,2022,2022/12/14,,,10.3390/ijms232415941,"Monkeypox infection is caused by a virus of the genus Orthopoxvirus, a member of the Poxviridae family. Monkeypox virus is transmitted from individual to individual through contact with lesions, body fluids, and respiratory droplets. The infection caused by monkeypox is usually a self-limited disease with mild symptoms lasting 2 to 4 weeks. Monkeypox typically presents with fever, rash, and enlarged lymph nodes. New vaccines have recently been authorized for the prevention of monkeypox infection, whereas there are no specific pharmacological antiviral treatments for monkeypox infection. However, because the viruses which cause adult smallpox and monkeypox are similar, antiviral drugs developed in the past have also shown efficacy against monkeypox. In this review, we highlight the in vitro and clinical evidence found in the literature on the efficacy and safety of pharmacological agents with antiviral activity against monkeypox infection and the different regulatory aspects of countries.",Orthopoxvirus; antivirals; monkeypox; pharmacology
37025009,"Comparison of human monkeypox, chickenpox and smallpox: a comprehensive review of pathology and dermatological manifestations.","Reyhaneh Rasizadeh, Ali Shamekh, Parisa Shiri Aghbash, Hossein Bannazadeh Baghi",Current medical research and opinion. 2023. doi: 10.1080/03007995.2023.2200122..,Rasizadeh,Current medical research and opinion,2023,2023/04/17,,,10.1080/03007995.2023.2200122,"Variola virus, the causing agent of smallpox, was eradicated in 1980s and today no new cases are reported. The first human infectious illness to be eliminated globally is variola. On the contrary to Variola, monkeypox, which is a zoonotic and variola-like disease, has nowadays turned to be a major health problem worldwide. VZV is a neurotropic virus and the cause of varicella (chickenpox) and herpes zoster (shingles), which is also a highly infectious disease, especially prevalent in children. These three skin diseases-monkeypox, smallpox, and chickenpox-are frequently mistaken with one another due to similar manifestations including fever, rash, myalgia, chills and headache, but they can all be distinguished by their distinctive symptoms. Although these rash-causing disorders might present different skin lesions; diagnostic tests can be extremely useful in their differentiation. We searched for these concepts on a search engine like Google Scholar, scanning the results for alternative words and phrases, and examined relevant abstracts or articles for alternative words. The clinical diagnosis of monkeypox infection is commonly made based on the occurrence pattern of its skin rash. It is possible in varicella to concurrently identify lesions in their various stages including macular, papular, vesicular, pustular, and crusts; however, monkeypox lesions are all in the same stage and evolve with the same rate. In this review, we have tried to provide a holistic and comprehensive comparison between these three skin infections with a focus on the newly epidemic monkeypox, bringing about the most recent knowledge about its features and its diagnosis.",Chickenpox; Monkeypox; rash diseases; smallpox; varicella; variola virus; zoster
36896982,Otolaryngologic manifestations of Mpox: the Atlanta outbreak.,"Kaitlyn A Brooks, Nathaniel S Neptune, Douglas E Mattox",Acta oto-laryngologica. 2023. doi: 10.1080/00016489.2023.2182911..,Brooks,Acta oto-laryngologica,2023,2023/03/10,,,10.1080/00016489.2023.2182911,"BACKGROUND: In 2022, Mpox (MPX) has become clinically relevant as otolaryngologists are evaluating this exotic disease process due to its many otolaryngologic manifestations. AIMS/OBJECTIVE: To characterize our cohort of otolaryngology-relevant MPX confirmed cases. MATERIALS AND METHODS: A descriptive case series was performed via retrospective review. Adult patients who underwent inpatient or emergency department otolaryngology consultation at an Emory University-affiliated tertiary care level hospital for MPX were included. RESULTS: Seven patients (age 18-58 years; median 32 years) were identified. All patients were male. Six patients (86%) were black and six patients (86%) were HIV positive with varied immunocompetence. Otolaryngology was consulted for lymphadenopathy (n = 2), pharyngeal involvement (n = 1), and airway evaluation (n = 4). All 6 patients with active MPX developed the classic rash, which developed after oropharyngeal symptoms in 3 patients. Three patients had laryngeal involvement. CONCLUSION: MPX manifests with symptoms requiring otolaryngology expertise, especially when the airway is involved. Infectious disease consultation is key. Mpox can be identified with a specific constellation of demographic identifiers and physical exam findings, which is key to determining appropriate treatment and protection for the consulting otolaryngologist. SIGNIFICANCE: This is the first otolaryngologic study of Mpox and first description of Mpox laryngeal involvement.",2022 mpox outbreak; Mpox; laryngeal lesions; lymphadenopathy; maculopustular rash; monkeypox; orthopoxvirus; otolaryngology consultation
40920729,"Monkeypox infection in pregnancy, maternal and fetal outcomes: a systematic review.","Jose Camones-Huerta, Alexander Cordero-Campos, Alheli Cuya-Sahua, Susana Guzmán-Carrasco, Leslie Condori-Quispe, Karina Chin-Wu, Gustavo Quispe-Villegas, Mónica Flores-Noriega",Journal of infection in developing countries. 2025. doi: 10.3855/jidc.21855..,Camones-Huerta,Journal of infection in developing countries,2025,2025/08/31,,,10.3855/jidc.21855,"INTRODUCTION: Monkeypox (mpox) is an emerging infectious disease with increasing global incidence. Limited evidence exists regarding its impact on pregnancy and perinatal outcomes, especially in low-resource settings. The objective was to systematically synthesize current evidence on maternal and fetal outcomes associated with mpox infection during pregnancy. METHODOLOGY: A systematic review was conducted following the preferred reporting items for systematic reviews and meta-analyses (PRISMA) guidelines. PubMed, Scopus, Web of Science, and Embase (as of 4 September 2024) databases were searched. Case reports, case series, cohorts, and observational designs were included. Duplicates were removed using Rayyan. Only 6 studies (out of 471) met the eligibility criteria. A descriptive analysis was conducted due to heterogeneity and small sample sizes. RESULTS: A total of 6 studies were included (4 from US, 1 from Spain, 1 from Democratic Republic of Congo), comprising 33 pregnant women aged 18-29 years. Mpox was confirmed by polymerase chain reaction (PCR) in 32 cases. The clinical symptoms included vesicular rash, genital lesions, and systemic manifestations. No maternal deaths were reported. Adverse fetal outcomes included miscarriage (9.1%), stillbirth (6.1%), and 4 intrauterine deaths. Most pregnancies (84.8%) resulted in live births. The reported complications included oligohydramnios, cholestasis, chorioamnionitis, and fetal tachycardia. One study confirmed vertical transmission via placental and fetal tissue analysis. CONCLUSIONS: Mpox infection during pregnancy is associated with significant risk of adverse perinatal outcomes. Although current evidence is limited, these findings highlight the urgent need for more robust data to inform clinical and public health guidance.",MPOX; fetal outcomes; maternal health; monkeypox; perinatal; pregnancy
37056203,Clinical manifestations of human Mpox infection: A systematic review and meta-analysis.,"Hyunju Yon, Hyoin Shin, Jae Il Shin, Jung U Shin, Youn Ho Shin, Jinseok Lee, Sang Youl Rhee, Ai Koyanagi, Louis Jacob, Lee Smith, Seung Won Lee, Masoud Rahmati, Suhana Ahmad, Wonyoung Cho, Dong Keon Yon",Reviews in medical virology. 2023. doi: 10.1002/rmv.2446..,Yon,Reviews in medical virology,2023,2023/04/13,,,10.1002/rmv.2446,"Little is known about the ongoing monkeypox (mpox) outbreak, and the clinical features of mpox in patients worldwide have not been rigorously analysed. Thus, we aimed to investigate the clinical features associated with mpox infection and understand the pathophysiology and characteristics of the disease. For this systematic review and meta-analysis, we searched PubMed/MEDLINE, Embase, CINAHL, Google Scholar, and the Cochrane Database of Systematic Reviews for articles published till 16 September 2022. We used a random effects model to calculate the pooled prevalence and 95% confidence interval (CI). We used the I2 statistic to assess heterogeneity, Egger's test to assess publication bias, 95% prediction interval to determine the level of uncertainty, and the Newcastle-Ottawa Scale and Joanna Briggs Institute quality assessment tool to assess the risk of bias. Twenty-six relevant articles from 19 countries across 5 continents were included, and data on 5472 mpox patients with 18 unique features were analysed. The pooled prevalence of clinical features of mpox were rash (85.7%, 95% CI: 68.3-94.3; k = 21), chills (77.8%, 95% CI: 70.5-83.7; k = 3), and fever (62.3%, 95% CI: 51.3-71.6; k = 25), lymphadenopathy (58.6%, 95% CI: 47.2-69.2; k = 21), lethargy or exhaustion (46.8%, 95% CI: 30.7-63.5; k = 14), pruritus (40.6%, 95% CI: 28.5-54.0; k = 5), myalgia (36.0%, 95% CI: 24.3-49.7; k = 16), headache (34.6%, 95% CI: 23.4-47.8; k = 17), skin ulcer (31.1%, 95% CI: 18.6-47.1; k = 7), abdomen symptom (24.2%, 95% CI: 17.9-31.9; k = 11), pharyngitis (23.0%, 95% CI: 12.7-37.9; k = 14), respiratory symptom (19.5%, 95% CI: 6.8-44.6; k = 6), nausea or vomiting (13.0%, 95% CI: 4.6-31.9; k = 3), scrotal or penile oedema (10.7%, 95% CI: 6.3-17.7; k = 4), conjunctivitis (7.1%, 95% CI: 2.4-18.9; k = 6), and death (0.9%, 95% CI: 0.4-2.0; k = 26). This is the first international and comprehensive study to examine all clinical presentations of human mpox infection. Our systematic review proposes a comprehensive understanding of the current mpox outbreak and may serve as key data for future studies on the pathological mechanisms and epidemiology of mpox infections.",clinical feature; monkeypox; prevalence; symptom
36589996,The epidemiological trend of monkeypox and monkeypox-varicella zoster viruses co-infection in North-Eastern Nigeria.,"Roland Stephen, Faith Alele, Jamiu Olumoh, Jennifer Tyndall, Malachy Ifeanyi Okeke, Oyelola Adegboye",Frontiers in public health. 2022. doi: 10.3389/fpubh.2022.1066589..,Stephen,Frontiers in public health,2022,2022/12/15,,,10.3389/fpubh.2022.1066589,"BACKGROUND: Monkeypox (MPX) is endemic in Nigeria, but it was first reported in Adamawa state, North-Eastern Nigeria, in January 2022. There are currently 172 cases of MPX in Nigeria, with four reported deaths, and Adamawa has the second-highest case count. Therefore, this study was undertaken to evaluate the epidemiological profile of this viral disease. METHODS: This is a cross-sectional study. The skin and blood samples were screened for the presence for Monkeypox virus (MPXV) and Varicella Zoster virus (VZV) DNA by real-time PCR; the clinical diagnosis was based on symptoms of visual signs of skin lesions and other clinical symptoms from January to July 2022. RESULTS: A total of 33 suspected cases aged 1-57 years [26 (79%) males vs. 7 (21%) females] were screened for MPX and VZV. Twenty-four (72.7%) were positive (6.1% were MPX only, 39% were VZV only, and 27% were both MPX and VZV). Most cases of MPX (82%), VZV (69%) and MPX-VZV co-infection (78%) occurred in males. More than half (54%) of those infected were children and adolescents between 0 and 19 years. All patients experienced body rashes and itching, and other clinical symptoms included fever, headache, mouth sores, muscle aches and lymphadenopathy. Over 64 and 86% of patients had contact with livestock and rodents, respectively. CONCLUSION: MPXV, VZV and MPXV-VZV co-infections occurred predominantly among males and children in Adamawa state, Nigeria. Given the patient contact with rodents and livestock, further research on the animal reservoir is needed to highlight the transmission of MPXV in Adamawa.",MPX; Nigeria; coinfection; monkeypox virus; varicella zoster virus
38331485,Update on Mpox: What the Primary Care Clinician Should Know.,"Jacob McLean, Shauna Gunaratne, Jason Zucker",The Medical clinics of North America. 2023. doi: 10.1016/j.mcna.2023.09.005..,McLean,The Medical clinics of North America,2024,2023/10/20,,,10.1016/j.mcna.2023.09.005,"Mpox is a viral infection, which primarily caused sporadic outbreaks in West and Central Africa until causing a global epidemic in 2022. The disease has disproportionately affected people with human immunodeficiency virus and men who have sex with men. Transmission is through close physical contact, including sexual contact. Infection presents with a characteristic rash, with frequent anogenital involvement-polymerase chain reaction of skin lesions is diagnostic. Vaccination is available for primary prevention and postexposure prophylaxis. Treatment consists of supportive care, with antiviral medications available via clinical trials and/or for patients with severe disease.",Emerging infectious disease; HIV; Mpox; Sexually transmitted infection
37461338,Molecular Methods for Diagnosis of Monkeypox: A Mini-review.,"Rodrigo Michelini de Oliveira Thomasi, Thais da Silva Correa, Dalise Silva do Carmo, Déborah Fernandes Rodrigues, Luiz Vinicius da Silva Correa, Sandra Rodrigues Xavier, Líria Souza Silva, Jonatas Oliveira da Silva, Michelli Dos Santos, Alessandra da Silva Dantas, Mariana Campos da Paz, Miguel Angel Chávez-Fumagalli, Rodolfo Cordeiro Giunchetti, Eduardo Antônio Ferraz Coelho, Juliana Martins Machado, Alexsandro Sobreira Galdino",Current molecular medicine. 2024. doi: 10.2174/1566524023666230717141920..,de,Current molecular medicine,2024,2024/01/01,,,10.2174/1566524023666230717141920,"BACKGROUND: Monkeypox is a global public health issue caused by the monkeypox virus (MPXV). As of October 28, 2022, a total of 77,115 laboratoryconfirmed cases and 3,610 probable cases, including 36 deaths, were reported, with 9,070 cases reported in Brazil, the second most affected country. The need to develop national technologies for the rapid diagnosis of emerging diseases for mass testing of the population is evident, as observed in the SARS-CoV-2 pandemic. OBJECTIVE: With that in mind, this article provides an overview of current methods, techniques, and their applications in the molecular detection of monkeypox, focusing the search on real-time polymerase chain reaction (qPCR), polymerase chain reaction (PCR), and polymerase chain reaction-enzyme linked immunosorbent assay (PCRELISA). METHODS: The relevant documents or papers covered in this study were selected by a search in international bibliographic databases. The search terms used in the databases were aimed at summarizing existing knowledge on molecular diagnostic methods, such as monkeypox; MPX, MPXV, qPCR, PCR, PCR-ELISA, diagnosis and detection searched separately or together using the Boolean operator ""AND"" either in the title or abstract. The searches took place in September 2022, and the corresponding articles were selected between 2012 and 2022. RESULTS: We found 256 documents in total and twelve studies addressing the molecular diagnosis of monkeypox were classified as possible sources for this review. CONCLUSION: It is evident there is a pressing need to develop national technologies for rapid diagnosis of emerging diseases for mass testing of the population. It is also extremely important to have national detection kits with greater diagnostic capacity to assist in developing effective public policies in countries affected by this disease.",Monkeypox; PCR; detection; diagnosis; molecular; qPCR.
37743276,[Epidemiological characteristics of mpox epidemic in Guangzhou].,"R N Zhen, W Z Su, Y J Wen, S Y Luo, X L Liao, Z Y Tan, Y F Luo, Z G Han, J X Xu, B Di, P Z Qin",Zhonghua liu xing bing xue za zhi = Zhonghua liuxingbingxue zazhi. 2023. doi: 10.3760/cma.j.cn112338-20230627-00398..,Zhen,Zhonghua liu xing bing xue za zhi = Zhonghua liuxingbingxue zazhi,2023,2023/09/10,,,10.3760/cma.j.cn112338-20230627-00398,"Objective: To understand the epidemiological characteristics of mpox epidemic in Guangzhou and provide scientific evidence for the prevention and control of the disease. Methods: Based on the mpox surveillance system in Guangzhou, suspected mpox cases with fever and rash were reported by local hospitals at all levels to centers for disease control and prevention in Guangzhou for sampling, investigation and diagnosis. Descriptive epidemiological analysis was conducted on the clinical characteristics and treatment of the mpox cases and positive detection rate reported in Guangzhou as of 24:00 on June 23. Whole genome sequencing of the virus isolates was performed using Illumina Miniseq high-throughput sequencing platform. Results: The first mpox case in Guangzhou was reported on June 10 in 2023. As of 24:00 on June 23, a total of 25 confirmed mpox cases were reported. All the mpox cases were men with a M(Q1,Q3) of 32 (26, 36) years, the majority of the cases were MSM (96.0%). The main clinical features were rash (100.0%, 25/25), lymphadenectasis (100.0%, 25/25) and fever (52.0%, 13/25). Rash usually occurred near the genitals (88.0%, 22/25). The close contacts, mainly family members (40.4%, 23/57), showed no similar symptoms, such as fever or rash. The positive rate of mpox virus in household environment samples was 30.5%. The analyses on 3 complete gene sequences of mpox virus indicated that the strains belonged to West African type Ⅱb clade, B.1.3 lineage. Conclusions: Hidden transmission of mpox virus had occurred in MSM in Guangzhou. However, the size of affected population is relatively limited, and the possibility of wide spread of the virus is low.","[MeSH] United States; [MeSH] Male; [MeSH] Humans; [MeSH] Female; [MeSH] Homosexuality, Male; [MeSH] Mpox, Monkeypox; [MeSH] Sexual and Gender Minorities; [MeSH] Epidemics; [MeSH] Exanthema; [MeSH] Fever"
37148320,Rectal and perirectal CT findings in patients with monkeypox virus infection.,"David Ola, Bari Dane, Krishna Shanbhogue, Paul Smereka",Abdominal radiology (New York). 2023. doi: 10.1007/s00261-023-03933-x..,Ola,Abdominal radiology (New York),2023,2023/05/06,,,10.1007/s00261-023-03933-x,"OBJECTIVE: To analyze the findings of proctitis in patients with laboratory-confirmed Mpox and correlate the patient clinical presentation and laboratory findings. METHODS: 21 patients with PCR-positive Mpox who obtained abdominopelvic CT were retrospectively identified by electronic medical record search. Three radiologists independently evaluated CT images, measuring rectal wall thickness (cm), degree of perirectal fat stranding on a 5-point Likert scale, and size of perirectal lymph nodes (cm, short axis). Mann-Whitney U-test (Wilcoxon rank sum test) was used to assess the association of rectal wall thickness and perirectal fat standing between patients with rectal symptoms and patients without rectal symptoms. RESULTS: 20 of 21 patients presented with perirectal fat stranding, with mean Likert score of 3.0 ± 1.4, indicating moderate perirectal stranding. Mean transverse rectal wall thickness was 1.1 ± 0.5 cm (range 0.3-2.3 cm); it was thicker among patients with HIV (1.2 cm vs 0.7 cm; p = .019). Mean perirectal fat stranding was greater among patients presenting with HIV, and with rectal symptoms, though not significantly so. 17/21 (81%) patients had abnormal mesorectal lymph nodes by at least two of three readers, with mean short-axis measurement 1.0 ± 0.3 cm (range 0.5-1.6 cm). Multiple linear regression showed no significant correlation between rectal thickness and laboratory values or HIV status. CONCLUSION: Nearly all patients with Mpox who presented with additional symptoms warranting a CT demonstrated proctitis. Degree of proctitis varied greatly within the cohort, with greatest thickening among patients with HIV. Physicians should have a high suspicion for proctitis in patients with suspected Mpox.",CT; Monkeypox; Mpox; Proctitis: Gastrointestinal
36052417,Infectious Proctitis due to Human Mpox.,"Keerti Gedela, Dayana Da Silva Fontoura, Alex Salam, Gerry Gorman, John Golden, Geraldine O'Hara, Ahmed Elowaidy, Victoria Tittle, Nicolo Girometti, Gary Whitlock, Sheel Patel, Tara Suchak, Diarmuid Nugent, David Asboe, Marta Boffito, Alan McOwan",Clinical infectious diseases : an official publication of the Infectious Diseases Society of America. 2023. doi: 10.1093/cid/ciac713..,Gedela,Clinical infectious diseases : an official publication of the Infectious Diseases Society of America,2023,2023/02/08,,,10.1093/cid/ciac713,We describe 2 cases of infectious proctitis secondary to human monkeypox in patients presenting with rectal pain. These cases highlight the importance of multidisciplinary management of monkeypox and in expanding case definitions and enabling clinical recognition in patients presenting without skin rash.,monkeypox; outbreak; proctitis; sexual health; skin rash
37423617,Mpox virus and coinfections: An approach to rapid diagnosis.,"Kristina M Derrick, Justin W Marson, Srita Chakka, Edward R Heilman",Journal of cutaneous pathology. 2023. doi: 10.1111/cup.14490..,Derrick,Journal of cutaneous pathology,2023,2023/07/09,,,10.1111/cup.14490,"We report a case of a 42-year-old immunocompromised (human immunodeficiency virus [HIV], CD4 count 86 cells/μL) Black male who presented with fever, oropharyngeal candidiasis, and phimosis, followed by eruption of umbilicated papulovesicles most concentrated on the face. The patient was diagnosed with Mpox (MPXV, formerly monkeypox), herpes simplex virus 1 (HSV1), varicella-zoster virus (VZV), and late latent syphilis. Tzanck smear of a Mpox lesion proved a useful and rapidly obtained pertinent negative test, lacking the typical changes of HSV/VZV (multinucleation, margination, and molding). A biopsy specimen showed viral changes consistent with both Mpox (ballooning degeneration and multinucleated keratinocytes) and herpesvirus (multinucleated epithelial giant cell within a zone of follicular necrosis). Lesion PCR was positive for HSV1 and MPXV, and negative for HSV2 and VZV. Immunohistochemistry was positive for VZV and orthopoxvirus. Empiric treatment for HSV/VZV in patients with suspected or confirmed Mpox should be considered for patients with HIV or other immunocompromised patients. It is important to recognize that MPXV, HSV, and VZV may all be present and difficult to distinguish clinically. More than one test modality (PCR, H&E, immunohistochemistry, and Tzanck) and multiple lesion samples may be required to thoroughly evaluate widespread papulovesicular eruptions, especially in immunocompromised patients.",HIV; Mpox; Tzanck; herpes; varicella
36680849,Clinical features and outcome of human Mpox (Monkeypox) in Saudi Arabia: An observational study of travel-related cases.,"Abdullah M Assiri, Jaffar A Al-Tawfiq, Hani A Jokhdar, Abdullah R Algwizani, Ahmed M Albarraq, Khalid H Alanazi, Ahlam H Alamri, Emad L Almohammadi, Musallam Y Abuhasan, Haleema A Alserehi, Fatimah Z Rebh, Amirah Alrossais, Eman Alawad, Salma AlBahrani",Journal of infection and public health. 2023. doi: 10.1016/j.jiph.2023.01.006..,Assiri,Journal of infection and public health,2023,2023/01/13,,,10.1016/j.jiph.2023.01.006,"BACKGROUND: The 2022 Monkeypox virus (Mpox) outbreak had involved multiple countries around the globe. Here, we report clinical features and outcome of human Mpox of the first cases in Saudi Arabia. METHODS: We obtained records of confirmed Mpox cases in Saudi Arabia from the public electronic health information system, Health Electronic Surveillance Network (HESN) and the healthcare providers completed a de-identified structured clinical data collection form. RESULTS: The reported seven cases were travel-related and all were males between 24 and 41 years of age (mean age + SD) was 30.14 (+ 6.69) years. Of the cases, three (43 %) had heterosexual contact and the others had other intimate encounters while traveling abroad. They presented with skin lesions (100 %), fever (86 %), and lymphadenopathy (71 %). The illness was mild to moderate, did not require antiviral medications, and lasted 7-15 days. The mean duration of skin rash (+ SD) was 10 (+ 2.68) days. Routine laboratory tests (CBC, BUN, serum electrolytes, and liver enzymes) were within normal limits, and initial screening for HIV was negative. Expanded contact tracing did not reveal secondary cases of Mpox in the community or the healthcare setting. CONCLUSION: The current study showed heterosexual transmission of Mpox and the clinical course was mild and non-complicated. Therefore, clinicians and public health professionals should consider Mpox among individuals presenting with skin rash especially in the context of the investigation of HIV and other sexually transmitted diseases.",Clinical features; Monkeypox; Mpox; Saudi Arabia
38282393,Clinical characteristics and outcomes of patients with mpox during the 2022 mpox outbreak compared with those before the outbreak: A systematic review and meta-analysis.,"Wonyoung Cho, Sangil Park, Hyeon Jin Kim, Myeongcheol Lee, Yong Sung Choi, Seung Geun Yeo, Jinseok Lee, Ai Koyanagi, Louis Jacob, Lee Smith, Masoud Rahmati, Suhana Ahmad, Guillaume Fond, Laurent Boyer, Sang Youl Rhee, Seung Won Lee, Jae Il Shin, Ho Geol Woo, Dong Keon Yon",Reviews in medical virology. 2024. doi: 10.1002/rmv.2508..,Cho,Reviews in medical virology,2024,2024/01/01,,,10.1002/rmv.2508,"On 23 July 2022, the World Health Organization declared the global mpox outbreak as a public health emergency of international significance. The mpox virus (MPXV) that caused the outbreak was classified as clade IIb, which belongs to the West African clade. However, the relationship between MPXV clades and symptoms, as well as the severity of mpox outcomes, is not fully understood. Thus, we aimed to investigate the global mpox prevalence and the differences in clinical manifestations and outcomes among patients with mpox between pre-outbreak (2003-2021) and the current mpox outbreak. In this systematic review and meta-analysis, PubMed/MEDLINE, Web of Science, Embase, Cumulative Index to Nursing and Allied Health Literature, and Google Scholar were searched using the keyword ""monkeypox"" and ""mpox"" up to 13 October 2022. A random effects model was used to obtain the pooled prevalence and 95% confidence intervals. This study included 27 articles, and 5698 patients with mpox with 19 distinctive features from 19 countries across five continents were assessed. Patients with mpox during the 2022 mpox outbreak showed mild clinical manifestations and outcomes compared with those before the 2022 mpox outbreak: mild rash (relative ratio [RR]: 5.09, 95% confidence interval [CI]: 1.52-17.08), fever (0.68, 0.49-0.94), pruritus (0.25, 0.19-0.32), myalgia (0.50, 0.31-0.81), headache (0.56, 0.35-0.88), skin ulcer (0.32, 0.17-0.59), abdominal symptom (0.29, 0.20-0.42), pharyngitis (0.32, 0.18-0.58), nausea or vomiting (0.15, 0.02-0.93), conjunctivitis (0.11, 0.03-0.38), concomitant infection with HIV (1.70, 0.95-3 0.04), and death (0.02, 0.001-0.31). MPXV clade IIb exhibited higher infectivity but may cause mild disease symptoms and low mortality rate. It is important to consider MPXV infection in patients with mpox-related features and/or a history of sexual transmission to prevent the spread of the disease and recognise the current pandemic threat.",2003-2021; 2022; clinical feature; comparison; mpox; outbreak; prevalence; symptom
36689645,HIV viral load monitoring during monkeypox virus infection among people with HIV.,"Angelo Roberto Raccagni, Davide Mileto, Laura Galli, Elena Bruzzesi, Diana Canetti, Alberto Rizzo, Costanza Bertoni, Tommaso Clemente, Francesca Alberton, Antonella Castagna, Silvia Nozza","AIDS (London, England). 2023. doi: 10.1097/QAD.0000000000003479..",Raccagni,"AIDS (London, England)",2023,2023/01/06,,,10.1097/QAD.0000000000003479,"OBJECTIVES: Aims of this study were to assess the characteristics of Mpox among people with HIV (PWH) and describe the change of some immune-virological parameters during Mpox virus infection. DESIGN: Case series of PWH diagnosed with Mpox between May and July 2022 at the Infectious Diseases Unit of San Raffaele Scientific Institute, Milan, Italy. METHODS: Real-time PCR was used to detect Mpox virus on oropharyngeal, cutaneous, genital and rectal swabs, plasma, seminal fluids, and urines. The values of the CD4 + lymphocytes and HIV-RNA were assessed both at Mpox diagnosis and after Mpox virological clearance and were compared to those prior to Mpox. The relationship between the symptoms clinical duration of Mpox and the CD4 + cell count at diagnosis was assessed with Spearman's correlation coefficient. RESULTS: Overall, 28 PWH on antiretroviral therapy with Mpox were evaluated. HIV-RNA did not substantially change at Mpox infection with respect to previous virological profile ( P = 0.721). However, at time of Mpox diagnosis, we observed a detectable HIV-RNA (196 copies/ml) in one individual previously undetectable (HIV-RNA < 20 copies/ml) and an increase to 1.220 copies/ml in a previously viremic subject (HIV-RNA = 263 copies/ml). No significant differences in CD4 + cell count were found before and at time of Mpox diagnosis ( P = 0.151) and a higher CD4 + cell count at Mpox diagnosis was marginally related to a lower duration of Mpox symptoms ( r = -0.341, P = 0.068). CONCLUSIONS: Among PWH, we advise monitoring HIV viral load at Mpox diagnosis and during follow-up, as well as providing counseling on the results, due to the important individual and community implications.","[MeSH] Humans; [MeSH] HIV Infections; [MeSH] Monkeypox virus; [MeSH] Mpox, Monkeypox; [MeSH] Viral Load; [MeSH] CD4 Lymphocyte Count; [MeSH] RNA; [MeSH] Anti-HIV Agents"
36263594,Oral lesions in patients with human monkeypox: A systematic scoping review.,"Carlos M Ardila, Daniel Esteban Arrubla-Escobar, Annie Marcela Vivares-Builes",Journal of oral pathology & medicine : official publication of the International Association of Oral Pathologists and the American Academy of Oral Pathology. 2022. doi: 10.1111/jop.13375..,Ardila,Journal of oral pathology & medicine : official publication of the International Association of Oral Pathologists and the American Academy of Oral Pathology,2023,2022/11/02,,,10.1111/jop.13375,"OBJECTIVES: To describe the clinical features and location of oral lesions in patients with human monkeypox. METHODS: A systematic scoping review was accomplished by implementing the Preferred Reporting Items for Systematic Reviews and Meta-analyses extension for scoping reviews. The analysis incorporated varied databases and the gray literature. Keywords were implemented to search publications in all languages until July 2022. RESULTS: The initial electronic exploration included 889 reports, of which 843 studies were eliminated. Reading the full text occasioned the omission of 27 additional investigations. Finally, 19 publications were included. These reports analyzed 1256 patients with monkeypox, mostly described in Europe. Most of them were men who have sex with men. The study population consisted mainly of adults but children were also infected. The oral lesions of monkeypox patients were observed in different parts of the oral mucosa, including lips and tongue, but mainly in the tonsils (15 cases). The oral lesions manifested as papules, vesicles, pustules, and ulcers. Erythema, edema, enanthema, and severe pain were also observed, accompanied by tonsillar enlargement. Sore throat was also reported. Monkeypox is accompanied by a significant number of systemic manifestations, mainly including multiple skin lesions throughout the body, as well as lymphadenopathy, fever, headache, myalgia, and fatigue, among others. The symptoms associated with monkeypox were managed with different antiretroviral and antimicrobial therapies and medications to control pain and fever principally. Seventeen deaths were informed. CONCLUSION: Most monkeypox-associated oral lesions are seen in different parts of the oral mucosa, mainly in the tonsils manifested as papules, vesicles, pustules, and ulcers.",monkeypox; mouth diseases; oral cavity; oral lesion; oral ulcer
35970757,Monkeypox: An emerging global threat during the COVID-19 pandemic.,"Chih-Cheng Lai, Chi-Kuei Hsu, Muh-Yong Yen, Ping-Ing Lee, Wen-Chien Ko, Po-Ren Hsueh","Journal of microbiology, immunology, and infection = Wei mian yu gan ran za zhi. 2022. doi: 10.1016/j.jmii.2022.07.004..",Lai,"Journal of microbiology, immunology, and infection = Wei mian yu gan ran za zhi",2022,2022/08/05,,,10.1016/j.jmii.2022.07.004,"The emergence of the monkeypox outbreak in early 2022 has posed a new global health threat. As of July 8, 2022, 9069 laboratory-confirmed cases have been reported, and most of them are from non-endemic countries. The monkeypox virus is an enveloped double-stranded DNA virus, and preliminary genetic data suggest that the 2022 monkeypox virus belongs to the West African clade. In the current outbreak, human-to-human transmission has been the primary transmission mode. Although direct skin-to-skin contact with lesions during sexual activities can spread the virus, it remains unclear whether monkeypox can spread through sexual contact, specifically through contaminated body fluids. The typical presentation of monkeypox includes prodromal symptoms, followed by a rash that usually begins within 1-3 days of symptom onset, and the skin lesions can last for 2-4 weeks and then gradually resolve. However, the monkeypox outbreak in 2022 may exhibit atypical features. A definite diagnosis of monkeypox virus infection requires nucleic acid amplification testing via the polymerase chain reaction method. Supportive care is essential, and antiviral therapy is not considered for all affected patients, but recommended for those at highrisk for severe diseases. The mitigation of monkeypox outbreaks include enhanced case detection, case isolation, contact tracing, and post-exposure vaccination. In conclusion, the current monkeypox outbreak is a new threat during the COVID-19 pandemic. Clinicians should be aware of this new situation, which presents a different scenario from those of prior outbreaks. Global health systems should develop effective strategies to mitigate the spread of monkeypox.",COVID-19; Monkeypox; Outbreak; Public health
35713026,"Estimated incubation period for monkeypox cases confirmed in the Netherlands, May 2022.","Fuminari Miura, Catharina E van Ewijk, Jantien A Backer, Maria Xiridou, Eelco Franz, Eline Op de Coul, Diederik Brandwagt, Brigitte van Cleef, Gini van Rijckevorsel, Corien Swaan, Susan van den Hof, Jacco Wallinga",Euro surveillance : bulletin Europeen sur les maladies transmissibles = European communicable disease bulletin. 2022. doi: 10.2807/1560-7917.ES.2022.27.24.2200448..,Miura,Euro surveillance : bulletin Europeen sur les maladies transmissibles = European communicable disease bulletin,2022,2022/06/01,,,10.2807/1560-7917.ES.2022.27.24.2200448,"In May 2022, monkeypox outbreaks have been reported in countries not endemic for monkeypox. We estimated the monkeypox incubation period, using reported exposure and symptom-onset times for 18 cases detected and confirmed in the Netherlands up to 31 May 2022. Mean incubation period was 9.0 [corrected] days (5th-95th percentiles: 4.2-17.3), underpinning the current recommendation to monitor or isolate/quarantine case contacts for 21 days. However, as the incubation period may differ between different transmission routes, further epidemiological investigations are needed.",Monkeypox; epidemiology; incubation period; modelling; poxvirus; quarantine; smallpox; statistics; symptom onset; varicella virus infection (chickenpox)
36311762,Contriving multi-epitope vaccine ensemble for monkeypox disease using an immunoinformatics approach.,"Shahkaar Aziz, Fahad Nasser Almajhdi, Muhammad Waqas, Inam Ullah, Muhammad Adil Salim, Nasir Ali Khan, Amjad Ali",Frontiers in immunology. 2022. doi: 10.3389/fimmu.2022.1004804..,Aziz,Frontiers in immunology,2022,2022/10/13,,,10.3389/fimmu.2022.1004804,"The current global outbreak of monkeypox (MPX) disease, caused by Monkeypox virus (MPXV), has resulted in 16 thousand infection cases, five deaths, and has been declared a global health emergency of international concern by the World Health Organization. Given current challenges in the safety of existing vaccines, a vaccine to prevent MPX infection and/or onset of symptoms would significantly advance disease management. In this context, a multi-epitope-based vaccine could be a well-suited approach. Herein, we searched a publicly accessible database (Virus Pathogen Database and Analysis Resource) for MPXV immune epitopes from various antigens. We prioritized a group of epitopes (10 CD8+ T cells and four B-cell epitopes) using a computer-aided technique based on desirable immunological and physicochemical properties, sequence conservation criteria, and non-human homology. Three multi-epitope vaccines were constructed (MPXV-1-3) by fusing finalized epitopes with the aid of appropriate linkers and adjuvant (beta-defensin 3, 50S ribosomal protein L7/L12, and Heparin-binding hemagglutinin). Codon optimization and in silico cloning in the pET28a (+) expression vector ensure the optimal expression of each construct in the Escherichia Coli system. Two and three-dimensional structures of the constructed vaccines were predicted and refined. The optimal binding mode of the construct with immune receptors [Toll-like receptors (TLR2, TLR3, and TLR4)] was explored by molecular docking, which revealed high docking energies of MPXV-1-TLR3 (-99.09 kcal/mol), MPXV-2-TLR3 (-98.68 kcal/mol), and MPXV-3-TLR2 (-85.22 kcal/mol). Conformational stability and energetically favourable binding of the vaccine-TLR2/3 complexes were assessed by performing molecular dynamics simulations and free energy calculations (Molecular Mechanics/Generalized Born Surface Area method). In silico immune simulation suggested that innate, adaptive, and humoral responses will be elicited upon administration of such potent multi-epitope vaccine constructs. The vaccine constructs are antigenic, non-allergen, non-toxic, soluble, topographically exposed, and possess favourable physicochemical characteristics. These results may help experimental vaccinologists design a potent MPX vaccine.",B-cell epitopes; CTL epitopes; immunoinformatics; in silico vaccine; monkeypox; monkeypox virus; multi-epitope vaccine
37014716,Time Scales of Human Mpox Transmission in The Netherlands.,"Fuminari Miura, Jantien A Backer, Gini van Rijckevorsel, Roisin Bavalia, Stijn Raven, Mariska Petrignani, Kylie E C Ainslie, Jacco Wallinga",The Journal of infectious diseases. 2024. doi: 10.1093/infdis/jiad091..,Miura,The Journal of infectious diseases,2024,2024/03/14,,,10.1093/infdis/jiad091,"Mpox has spread rapidly to many countries in nonendemic regions. After reviewing detailed exposure histories of 109 pairs of mpox cases in the Netherlands, we identified 34 pairs where transmission was likely and the infectee reported a single potential infector with a mean serial interval of 10.1 days (95% credible interval, 6.6-14.7 days). Further investigation into pairs from 1 regional public health service revealed that presymptomatic transmission may have occurred in 5 of 18 pairs. These findings emphasize that precaution remains key, regardless of the presence of recognizable symptoms of mpox.",Monkeypox virus; mpox; presymptomatic transmission; reproduction number; serial interval
31062445,"Varicella in Tshuapa Province, Democratic Republic of Congo, 2009-2014.","Jessica Leung, Andrea M McCollum, Kay Radford, Christine Hughes, Adriana S Lopez, Sarah Anne J Guagliardo, Beatrice Nguete, Toutou Likafi, Joelle Kabamba, Jean Malekani, Robert Shongo Lushima, Elisabeth Pukuta, Stomy Karhemere, Jean Jacques Muyembe Tamfum, Mary G Reynolds, Emile Wemakoy Okitolonda, D Scott Schmid, Mona Marin",Tropical medicine & international health : TM & IH. 2019. doi: 10.1111/tmi.13243..,Leung,Tropical medicine & international health : TM & IH,2019,2019/05/22,,,10.1111/tmi.13243,"OBJECTIVE: To describe varicella cases in Tshuapa Province of the Democratic Republic of the Congo identified during monkeypox surveillance. METHODS: Demographic, clinical and epidemiological data were collected from each suspected monkeypox case 2009-2014. Samples were tested by PCR for both Orthopoxviruses and varicella-zoster virus (VZV); a subset of VZV-positive samples was genotyped. We defined a varicella case as a rash illness with laboratory-confirmed VZV. RESULTS: There were 366 varicella cases were identified; 66% were ≤19 years old. Most patients had non-typical varicella rash with lesions reported as the same size and stage of evolution (86%), deep and profound (91%), on palms of hands and/or soles of feet (86%) and not itchy (49%). Many had non-typical signs and symptoms, such as lymphadenopathy (70%) and sensitivity to light (23%). A higher proportion of persons aged ≥20 years than persons aged ≤19 years had ≥50 lesions (79% vs. 65%, P = 0.007) and were bedridden (15% vs. 9%, P = 0.056). All VZV isolates genotyped from 79 varicella cases were clade 5. During the surveillance period, one possible VZV-related death occurred in a 7-year-old child. CONCLUSIONS: A large proportion of patients presented with non-typical varicella rash and clinical signs and symptoms, highlighting challenges identifying varicella in an area with endemic monkeypox. Continued surveillance and laboratory diagnosis will help in rapid identification and control of both monkeypox and varicella and improve our understanding of varicella epidemiology in Africa.","RDC; Africa; Afrique; Democratic Republic of Congo, DRC; République Démocratique du Congo; chickenpox; epidemiology; monkeypox; varicella; varicella-zoster virus; varicelle; variole du singe monkeypox; virus varicelle-zona; Épidémiologie"
37724514,[A case report of ocular monkeypox].,"Y Q Wang, L Liang, W Zhong, H R Yu, G Q Qiao, N Li, S Y Liu, L L Wang",[Zhonghua yan ke za zhi] Chinese journal of ophthalmology. 2023. doi: 10.3760/cma.j.cn112142-20230817-00048..,Wang,[Zhonghua yan ke za zhi] Chinese journal of ophthalmology,2023,2023/11/11,,,10.3760/cma.j.cn112142-20230817-00048,"A 35-year-old male patient arrived at the clinic, reporting a persistent issue of his right eye being difficult to open for the past three weeks. Alongside this, he had been experiencing a gradual development of lesions around the eye. Notably, about a month prior to the onset of these symptoms, the patient had engaged in unprotected intercourse with a male partner. The initial manifestation was a papule near the eye, which then rapidly progressed. Laboratory analysis of samples taken from the lesions confirmed the presence of monkeypox through polymerase chain reaction testing. Furthermore, this patient received positive diagnoses for both HIV and syphilis infections. Notably, his absolute CD4 count was measured at an extremely low level of 2 cells/μl.(This article was published ahead of print on the official website of Chinese Journal of Ophthalmology on September 18, 2023).","[MeSH] Humans; [MeSH] Male; [MeSH] Adult; [MeSH] HIV Infections; [MeSH] Mpox, Monkeypox; [MeSH] Eye; [MeSH] Ophthalmology; [MeSH] Face"
36688279,"Diagnostic approach to monkeypox outbreak, a case-control study.","Marco Moretti, Benjamin Heymans, Nicolas Yin, Simran Kaur, Agnes Libois, Sophie Quoilin, Charlotte Martin",International journal of STD & AIDS. 2023. doi: 10.1177/09564624231152789..,Moretti,International journal of STD & AIDS,2023,2023/01/23,,,10.1177/09564624231152789,"BACKGROUND: An international outbreak of the monkeypox (MPX) virus is ongoing with a different clinical presentation than previously reported. OBJECTIVE: A monocentric retrospective study was designed to investigate clinical predictors of confirmed MPX cases among a group of patients referred for MPX screening. Furthermore, the additional value of performing a real-time polymerase chain reaction (RT-PCR) on multiple anatomical sites was analyzed. METHODS: Between 28/05/2022 and 22/07/2022, the medical records of patients referred for MPX screening were investigated. Patients with positive RT-PCR were defined as cases, while the ones with negative RT-PCR as controls. Multivariable regression analysis was performed to estimate predictors of MPX diagnosis. RESULTS: Among the 141 included patients, 85 (60%) had at least one positive RT-PCR for MPX. Carrying out RT-PCR only on the swab obtained by skin lesion sampling, 7 patients (7/85: 8%) would have been misdiagnosed. Multivariable regression analysis showed significant differences in the independent variables: ""being men who have sex with men (MSM)"", ""living with HIV"", ""having multiple sexual partners in the last 3 weeks"", and ""having skin lesions in the anogenital area"" for prediction of MPX diagnosis. These four discriminants were used to create a score to improve diagnosis in patients screened for MPX. CONCLUSION: MPX diagnosis was associated with being MSM, living with HIV, having multiple sexual partners, and presenting with anogenital skin lesions. In this study, the derived score had good sensitivity and specificity to predict MPX diagnosis. Finally, performing multi-site swabs for MPX RT-PCR might lower false negative rates.",HIV infection; Monkeypox outbreak; anogenital skin lesions; diagnostic; real-time polymerase chain reaction
38271932,"Epidemiological, clinical and virological characteristics of patients with monkeypox. A retrospective study.","Patricia A Fernández Pardal, Lucila Marchetta, María Gracia Funes Ghigi, María Belén Bouzas, Lilia Mammana, María Javiera Perelló, José Luis Francos, Ignacio Braga, Daniela Masini, Pablo A Saúl, Viviana Leiro",Medicina. 2024.,Fernández,Medicina,2024,2024/01/01,,,,"INTRODUCTION: The outbreak of monkeypox occurred in 2022 and led to a fast spread of the disease worldwide. The goal of this study is to describe the epidemiological, clinical, virological and evolving characteristics of the disorder. METHODS: We conducted a retrospective, observational and analytical study between July and October, 2022, in a Dermatology Unit. RESULTS: 124 subjects were included. Mean age was 31.5 years, 123 (99.2%) were men and 75 (60.5%) were HIV positive. The main transmission route was sexual and the incubation period was 7 days. The onset of the rash were the genitalia and perianal region in 74.2% of cases, and median time elapsed until the last scab fell off was 16 days. All patients developed a vesicular rash and 86.3% of them had systemic symptoms. Disease was moderate in 68.5% of patients and complications occurred most often when systemic symptoms and/or disseminated skin disease were present. Proctitis was the most frequent complication (59.4%) and its greater incidence was seen in the population with HIV. No significant difference was observed in real-time PCR cycle threshold values with regards to type of sample or duration of disease. Survival rate was 99.2% and other concomitant sexually transmitted infections were detected in 33.8% of patients. DISCUSSION: It is important to suspect the disease in subjects with high-risk sexual practices and a consistent clinical presentation. Swab samples of lesions as well as of scabs have proven useful for the diagnosis.",HIV; monkeypox; rash; skin; virosis
37838481,"Acceptance and timeliness of post-exposure vaccination against mpox in high-risk contacts, Amsterdam, the Netherlands, May-July 2022.","C E van Ewijk, C Smit, R Bavalia, K Ainslie, A Vollaard, G van Rijckevorsel, S J M Hahné",Vaccine. 2023. doi: 10.1016/j.vaccine.2023.10.013..,van,Vaccine,2023,2023/10/12,,,10.1016/j.vaccine.2023.10.013,"BACKGROUND: May 2022, several countries reported mpox outbreaks among men-who-have-sex-with-men. In the Netherlands, high-risk contacts were offered the third-generation smallpox vaccine as post-exposure-prophylaxis (PEP) within 4 but maximum 14 days after exposure. We investigated their PEP acceptance, timeliness of uptake and development of mpox for the region of the Public Health Service (PHS) Amsterdam. METHODS: High-risk contacts identified during 20 May-22 July 2022 were included. Contacts were followed-up 21 days after exposure and classified as: no patient (no mpox symptoms or orthopoxvirus PCR-negative) or mpox patient (clinically suspected mpox or orthopoxvirus PCR-positive). We calculated time intervals between date of last exposure and first PHS consultation, PEP administration, and symptom onset. RESULTS: Two-hundred-ninety contacts were at high-risk of mpox predominantly due to sexual and/or direct skin-skin contact (212/290, 73 %). First PHS consultation was a median of 5 (IQR 3, 7) days after exposure, at which point 26/290 (9 %) contacts were ineligible for PEP. 84 % (223/264) of contacts eligible for PEP, received PEP within a median of 6 (IQR 3, 8) days after exposure. Of 282 contacts (missing outcome n = 8) 38 (14 %) developed mpox a median of 7 (IQR 5, 12) days after exposure, of whom 50 % (19/38) developed mpox before their first PHS consultation. Among contacts eligible for PEP, 2/38 (5 %) unvaccinated and 16/218 (7 %) vaccinated contact developed mpox. CONCLUSIONS: PEP acceptance among contacts of mpox patients was high. However, PEP timeliness was inadequate. Half of contacts received PEP 6 or more days after exposure, and half of contacts who developed mpox had an onset prior to their first PHS consultation. Estimating PEP vaccine effectiveness is problematic due to the timeliness of PEP and the time it takes to generate vaccine-induced immunity. It is important to assess how PEP timeliness may improve and to promote pre-exposure vaccination to control mpox outbreaks.",Evaluation; Mpox; Prevention measure; Third-generation smallpox vaccine; Vaccination programme
35692117,Epidemiological trends and clinical features of the ongoing monkeypox epidemic: A preliminary pooled data analysis and literature review.,"Nicola L Bragazzi, Jude D Kong, Naim Mahroum, Christina Tsigalou, Rola Khamisy-Farah, Manlio Converti, Jianhong Wu",Journal of medical virology. 2022. doi: 10.1002/jmv.27931..,Bragazzi,Journal of medical virology,2023,2022/06/17,,,10.1002/jmv.27931,"An emerging outbreak of monkeypox infection is quickly spreading worldwide, being currently reported in more than 30 countries, with slightly less than 1000 cases. In the present preliminary report, we collected and synthesized early data concerning epidemiological trends and clinical features of the ongoing outbreak and we compared them with those of previous outbreaks. Data were pooled from six clusters in Italy, Australia, the Czech Republic, Portugal, and the United Kingdom, totaling 124 cases (for 35 of which it was possible to retrieve detailed information). The ongoing epidemic differs from previous outbreaks in terms of age (54.29% of individuals in their thirties), sex/gender (most cases being males), risk factors, and transmission route, with sexual transmission being highly likely. Also, the clinical presentation is atypical and unusual, being characterized by anogenital lesions and rashes that relatively spare the face and extremities. The most prevalent sign/symptom reported was fever (in 54.29% of cases) followed by inguinal lymphadenopathy (45.71%) and exanthema (40.00%). Asthenia, fatigue, and headache were described in 22.86% and 25.71% of the subjects, respectively. Myalgia was present in 17.14% of the cases. Both genital and anal lesions (ulcers and vesicles) were reported in 31.43% of the cases. Finally, cervical lymphadenopathy was described in 11.43% of the sample, while the least commonly reported symptoms were diarrhea and axillary lymphadenopathy (5.71% of the case series for both symptoms). Some preliminary risk factors can be identified (being a young male, having sex with other men, engaging in risky behaviors and activities, including condomless sex, human immunodeficiency virus positivity (54.29% of the sample analyzed), and a story of previous sexually transmitted infections, including syphilis). On the other hand, being fully virally suppressed and undetectable may protect against a more severe infectious course. However, further research in the field is urgently needed.",emerging pathogen; monkeypox; outbreak; pooled data analysis
37017138,"[Outbreak of monkeypox in the Canary Islands from may 15 to june 6, 2022].","Laura García-Hernández, Oscar Guillermo Pérez Martín, Ana Hernández-Aceituno, Álvaro Torres Lana, Eneko Larumbe Zabala",Revista espanola de salud publica. 2023.,García-Hernández,Revista espanola de salud publica,2023,2023/04/05,,,,"OBJECTIVE: Since May 2022, non-endemic countries reported the appearance of non-imported cases of monkeypox (Mpox). Spain was one of the most affected countries. The objective of the study was to describe the clinical-epidemiological characteristics of the first confirmed cases of Mpox in the Canary Islands and the main difficulties in contact tracing. METHODS: Retrospective observational descriptive study with confirmed cases of Mpox and their close contacts in the Autonomous Community of the Canary Islands. We conducted a descriptive analysis, using frequencies and percentages for qualitative variables, and median (interquartile range) for quantitative variables. RESULTS: One hundred and seventy-seven cases of Mpox were reported in the Canary Islands, with a median age of 39 years (32.8-48.3); 46.6% were HIV seropositive, and 6.8% were foreign. The most frequent clinical symptom was anogenital rash (68.8%), and at pustules stage (61.4%). One hundred and three declared risky sexual behaviors. Only fifty-three (30%) collaborated in the identification of close contacts. There were difficulties in: establishing communication with the cases, communicating the isolation measures, requesting tests, and due to delayed sample processing. CONCLUSIONS: Most common clinical symptom at diagnosis is anogenital rash in pustule stage. Most of the cases report risky sexual relations. The main barriers in contact tracing are the difficulty in contacting cases, the lack of identification data and the lack of experience of health professionals regarding Mpox.",Close contacts; Contact tracing; Epidemiology; Monkeypox; Spain; Surveillance
37878465,Anal Monkeypox Disease: Description of 65 Cases.,"Benjamin Le Vavasseur, Sihem Bendaoud, Sarah Taieb, Beate Heym, Saliha Ysmail Dahlouk, Eloise J Leclerc, Antonin Metaye, Bernard Bessanguem, Josée Bourguignon, Milad Taouk, Anne Gabarre, Stéphane Marot, Sarah Tepper, Olivier Lidove, Isabelle Etienney",Diseases of the colon and rectum. 2023. doi: 10.1097/DCR.0000000000002899..,Le,Diseases of the colon and rectum,2024,2023/10/23,,,10.1097/DCR.0000000000002899,"BACKGROUND: Monkeypox is a zoonosis endemic in Africa caused by 3 orthopoxvirus clades. Knowledge of the disease is limited, but a worldwide outbreak involving a new route of transmission was declared in April 2022. OBJECTIVE: This study aimed to describe anal symptoms and outcomes in patients infected with Monkeypox virus presenting to an emergency proctology unit in Paris. DESIGN: This was an observational study. SETTING: We reported anal symptoms of all consecutive patients with monkeypox anal infection in a single proctology center between June 16, 2022, and July 26, 2022. Association with sexually transmitted infections and outcomes were also recorded. PATIENTS: Sixty-five men with a mean age of 39.6 (19.9-64.6) years with confirmed monkeypox anal infection were included in the study. MAIN OUTCOME MEASURES: Anal symptoms and their severity were clinically assessed. A favorable outcome consisted of a complete resolution of clinical manifestation. RESULTS: Sexual transmission was reported in 51 patients (78.4%), among whom 63 (97%) were men who have sex with men. Twenty-eight (43%) were living with HIV, and 24 (36.9%) were taking tenofovir/emtricitabine for HIV preexposure prophylaxis. Anal symptoms appeared first in 36 patients (55.4%) and skin rash or other general symptoms in 22 patients (33.8%). Incubation time was 6.9 (1-26) days. Symptoms included painful perianal (n = 42 patients; 64.6%), anal (n = 28, 43%), and rectal (n = 25; 38.4%) ulcerations and perianal vesicles (n = 24; 36.9%). Proctitis was observed in 49 patients (75.4%). It was mild in 20 (40.8%) and intense in 29 (59.2%), and severe proctitis mimicking high intersphincteric suppuration was found in 4 (8.2%). Fifteen patients (23.1%) had concurrent sexually transmitted infection and 3 were hospitalized. Complete symptom resolution occurred within 12 days. LIMITATIONS: We performed a single-center study during a short period of time. CONCLUSIONS: Proctological symptoms are frequent in the current outbreak of monkeypox disease, probably linked to the route of transmission. Rectal ulcerations mimicking high intersphincteric suppuration should be recognized to avoid unnecessary surgery. See Video Abstract . ENFERMEDAD ANAL DE LA VIRUELA DEL MONO DESCRIPCIN DE CASOS: ANTECEDENTES:La viruela del simio mono es una zoonosis endémica en África causada por tres clados de orthopoxvirus. El conocimiento de la enfermedad es limitado, pero en abril de 2022 se declaró un brote mundial que implica una nueva vía de transmisión.OBJETIVO:Describir los síntomas anales y los resultados en pacientes que sufren de infección por Monkeypox que asistieron a una unidad de proctología de emergencia en París.DISEÑO:Un estudio observacional.ESCENARIO:Informamos los síntomas anales de todos los pacientes consecutivos con infección anal por viruela del mono en un solo centro de proctología entre el 16/6/2022 y el 26/7/2022. También se registró la asociación con infecciones de transmisión sexual (ITS) y el resultado.PACIENTES:Sesenta y cinco hombres de 39,6 [19,9-64,6] años con infección anal confirmada.PRINCIPALES MEDIDAS DE RESULTADO:Los síntomas anales y su gravedad se evaluaron clínicamente. Un resultado favorable consistió en una resolución completa de la manifestación clínica.RESULTADOS:La transmisión sexual se informó en 51 (78,4%) pacientes, de los cuales 63 (97%) eran hombres que tuvieron sexo con hombres. Veintiocho (43%) vivían con el VIH y 24 (36,9%) tomaban Emtricitabina/Tenofovir para profilaxis previa por exposición al VIH. Los síntomas anales aparecieron primero en 36 (55,4%) pacientes y la erupción cutánea u otros síntomas generales en 22 (33,8%). El tiempo de incubación fue de 6,9 [1-26] días. Los síntomas incluyeron ulceraciones perianales dolorosas (n = 42 pacientes, 64,6%), anales (n = 28, 43%), rectales (n = 25, 38,4%) y vesículas perianales (n = 24, 36,9%). Se observó proctitis en 49 (75,4%) pacientes. Fue leve en 20 (40,8%) e intensa en 29 (59,2%) y proctitis severa simulando supuración interesfinteriana alta en 4 (8,2%). Quince (23,1%) pacientes presentaban ITS concurrentes y 3 fueron hospitalizados. La resolución completa de los síntomas ocurrió dentro de los 12 días.LIMITACIONES:Estudio de un solo centro y durante corto período de tiempo.CONCLUSIÓN:Los síntomas proctológicos son frecuentes en el brote actual de la enfermedad de la viruela del mono, probablemente relacionados con la vía de transmisión. Las ulceraciones rectales que simulan una supuración interesfinteriana alta deben reconocerse para evitar una cirugía innecesaria. (Traducción-Dr. Fidel Ruiz Healy ).","[MeSH] Male; [MeSH] Humans; [MeSH] Adult; [MeSH] Female; [MeSH] HIV Infections; [MeSH] Homosexuality, Male; [MeSH] Mpox, Monkeypox; [MeSH] Sexual and Gender Minorities; [MeSH] Sexually Transmitted Diseases; [MeSH] Tenofovir; [MeSH] Emtricitabine; [MeSH] Anus Diseases; [MeSH] Proctitis; [MeSH] Suppuration"
36800244,Monkeypox Infection Causing Conjunctival Vesicles and Anterior Uveitis.,"Erika Moreira Carvalho, Manuela Medeiros, Valdilea Gonçalves Veloso, Ana Luiza Biancardi, André Luiz Land Curi",Ocular immunology and inflammation. 2023. doi: 10.1080/09273948.2023.2174884..,Carvalho,Ocular immunology and inflammation,2024,2023/02/17,,,10.1080/09273948.2023.2174884,"Human monkeypox is a zoonosis caused by an orthopoxvirus and the clinical presentation resembles that of smallpox and chickenpox. The disease may start with a prodrome that includes lymphadenopathy, headache, fatigue, and fever, followed by a vesiculo-pustular rash. Ocular manifestations such as conjunctivitis and edema are present in approximately 20% of affected people, with a greater incidence among unvaccinated patients. Corneal involvement has also been reported and can result in corneal scarring and severe forms of keratitis. The natural course of the disease is most often benign and self-limiting, however, in some individuals, especially immunocompromised patients, there is a risk of complications such as bronchopneumonia, encephalitis, and vision loss. Herein, we present a case of a patient with monkeypox which caused conjunctival vesicles and anterior uveitis.",Anterior uveitis; conjunctiva; monkeypox; monkeypox virus
35917191,Monkeypox outbreak in Spain: clinical and epidemiological findings in a prospective cross-sectional study of 185 cases.,"Alba Català, Petunia Clavo-Escribano, Josep Riera-Monroig, Gemma Martín-Ezquerra, Pablo Fernandez-Gonzalez, Leonor Revelles-Peñas, Ana Simon-Gozalbo, Francisco José Rodríguez-Cuadrado, Vanessa Guilera Castells, Francisco Javier de la Torre Gomar, Alicia Comunión-Artieda, Laura de Fuertes de Vega, José Luis Blanco, Susana Puig, Ángela María García-Miñarro, Esther Fiz Benito, Carlos Muñoz-Santos, Juan Bosco Repiso-Jiménez, Cristina López Llunell, Carmen Ceballos-Rodríguez, Víctor García Rodríguez, Juan Luis Castaño Fernández, Irene Sánchez-Gutiérrez, Ricardo Calvo-López, Emilio Berna-Rico, Belén de Nicolás-Ruanes, Francesca Corella Vicente, Eloy José Tarín Vicente, Laura de la Fernández de la Fuente, Nuria Riera-Martí, Miguel Angel Descalzo-Gallego, Mercè Grau-Perez, Ignacio García-Doval, Irene Fuertes",The British journal of dermatology. 2022. doi: 10.1111/bjd.21790..,Català,The British journal of dermatology,2022,2022/08/20,,,10.1111/bjd.21790,"BACKGROUND: Since May 2022, a new outbreak of monkeypox has been reported in several countries, including Spain. The clinical and epidemiological characteristics of the cases in this outbreak may differ from those in earlier reports. OBJECTIVES: To document the clinical and epidemiological characteristics of cases of monkeypox in the current outbreak. METHODS: We conducted a prospective cross-sectional study in multiple medical facilities in Spain to describe the cases of monkeypox in the 2022 outbreak. RESULTS: In total, 185 patients were included. Most cases started with primarily localized homogeneous papules, not pustules, in the probable area of inoculation, which could be cutaneous or mucous, including single lesions. Generalized small pustules appeared later in some of them. Heterogeneous lesions occurred during this generalized phase. All patients had systemic symptoms. Less common lesions included mucosal ulcers (including pharyngeal ulcers and proctitis) and monkeypox whitlows. Four patients were hospitalized, none died. Smallpox vaccination and well-controlled HIV disease were not associated with markers of severity. Contact during sex is the most likely mechanism of transmission. In this outbreak, cases have been described in men who have sex with men and are strongly associated with high-risk sexual behaviours. Seventy-six per cent of the patients had other sexually transmitted diseases upon screening. CONCLUSIONS: The clinical findings in this outbreak differ from previous findings and highly suggest contact transmission and initiation at the entry site. The characterization of the epidemiology of this outbreak has implications for control. What is already known about this topic? Monkeypox eruption is described as consisting of pustules. The roles of HIV and previous smallpox vaccination in the prognosis are unknown. The transmission route was initially described as respiratory droplets and was later suggested to be via sexual contact. What does this study add? Initial lesions at the probable inoculation area were homogeneous and papular (pseudopustules). Generalized small pustules appeared later in some of them. Heterogeneous lesions occurred during this generalized phase. All patients had systemic symptoms. Less common signs included mucosal ulcers (including pharyngeal ulcers and proctitis) and monkeypox whitlows. Well-controlled HIV and previous smallpox vaccination were not associated with severity. No patient died. The data support the hypothesis of transmission via contact during sex. Although this might change, the outbreak is currently limited mostly to men who have sex with men, with high-risk factors for sexually transmitted diseases.","[MeSH] Male; [MeSH] Humans; [MeSH] Mpox, Monkeypox; [MeSH] Cross-Sectional Studies; [MeSH] Smallpox; [MeSH] Spain; [MeSH] Ulcer; [MeSH] Homosexuality, Male; [MeSH] Prospective Studies; [MeSH] Sexual and Gender Minorities; [MeSH] Disease Outbreaks; [MeSH] Exanthema; [MeSH] HIV Infections; [MeSH] Proctitis"
35994726,"Early Estimates of Monkeypox Incubation Period, Generation Time, and Reproduction Number, Italy, May-June 2022.","Giorgio Guzzetta, Alessia Mammone, Federica Ferraro, Anna Caraglia, Alessia Rapiti, Valentina Marziano, Piero Poletti, Danilo Cereda, Francesco Vairo, Giovanna Mattei, Francesco Maraglino, Giovanni Rezza, Stefano Merler",Emerging infectious diseases. 2022. doi: 10.3201/eid2810.221126..,Guzzetta,Emerging infectious diseases,2022,2022/08/22,,,10.3201/eid2810.221126,"We analyzed the first 255 PCR-confirmed cases of monkeypox in Italy in 2022. Preliminary estimates indicate mean incubation period of 9.1 (95% CI 6.5-10.9) days, mean generation time of 12.5 (95% CI 7.5-17.3) days, and reproduction number among men who have sex with men of 2.43 (95% CI 1.82-3.26).",Italy; MPX; MPXV; generation time; incubation period; monkeypox; reproduction number; sexually transmitted infections; viruses
39413256,"Characteristics of mpox cases diagnosed in Military Health System beneficiaries, May 2022-April 2024.","Maura Metcalf-Kelly, Matthew Garrison, Ralph Stidham",MSMR. 2024. doi: 10.1016/S0140-6736(22)02075-X..,Metcalf-Kelly,MSMR,2024,2024/09/20,,,10.1016/S0140-6736(22)02075-X,"In May 2022, cases of mpox emerged beyond its historically endemic parts of Central and West Africa, primarily affecting men who have sex with men (MSM), and spreading via sexual networks. During this global outbreak the novel clinical and epidemiological characteristics of mpox disease were thoroughly documented in civilian populations but comparable data have not been reported for Military Health System (MHS) populations including beneficiaries. MHS cases were identified through a variety of data sources, including the Disease Reporting System internet (DRSi) and a customized query of ICD-10-CM (International Classification of Diseases, 10th Revision, Clinical Modification) encounter codes. Contemporaneous chart reviews of patients' electronic health records in the Armed Forces Health Longitudinal Technology Application (AHLTA) and MHS GENESIS were performed to characterize cases. A total of 146 confirmed and probable MHS cases were identified from May 2022 through April 2024. Most cases occurred among MSM, with the majority developing classic prodromal symptoms and some experiencing anogenital and urinary symptoms.",MSM; STD; STI; armed forces; men who have sex with men; military; monkeypox; mpox; sexually transmitted disease; sexually transmitted infection
40263113,"Clade Ia Monkeypox Virus Linked to Sexual Transmission, Democratic Republic of the Congo, August 2024.","Jean-Claude Makangara-Cigolo, Kelly-Michel Kenye, Lygie Lunyanga, Daan Jansen, Eddy Kinganda-Lusamaki, Sifa Kavira, Adrienne Amuri-Aziza, Emile Malembi, Yvon Anta, Prince Akil-Bandali, Emmanuel Lokilo-Lofiko, Emmanuel Hasivirwe Vakaniaki, Sabin Sabiti Nundu, Elisabeth Pukuta-Simbu, Princesse Paku-Tshambu, Rilia Ola-Mpumbe, Raphael Lumembe-Numbi, Gabriel Kabamba-Lungenyi, Gradi Luakanda, Cris Kacita, Robert Shongo-Lushima, Dieudonné Mwamba, Áine O'Toole, Sydney Merritt, Megan Halbrook, Daniel Mukadi-Bamuleka, Nicole A Hoff, Nicola Low, Isaac Bogoch, Muge Cevik, Gregg Gonsalves, Souradet Shaw, Lorenzo Subissi, Laurens Liesenborghs, Ahidjo Ayouba, Martine Peeters, Eric Delaporte, Sofonias Tessema, Anne W Rimoin, Jean-Jacques Muyembe-Tamfum, Andrew Rambaut, Koen Vercauteren, Steve Ahuka-Mundeke, Jason Kindrachuk, Tony Wawina-Bokalanga, Placide Mbala-Kingebeni",Emerging infectious diseases. 2025. doi: 10.3201/eid3105.241690..,Makangara-Cigolo,Emerging infectious diseases,2025,2025/04/22,,,10.3201/eid3105.241690,"Several concurrent mpox outbreaks are ongoing in the Democratic Republic of the Congo. We report a case of severe clade Ia mpox in an adult woman with indeterminate HIV status who died 16 days after symptom onset. She self-identified as a sex worker and had spent time in the capital city, Kinshasa.",DRC; Democratic Republic of the Congo; MPXV; case investigation; clade I; fatal; genome sequencing; monkeypox virus; mpox; sexually transmitted infections; viruses; zoonoses
36271741,Monkeypox viral detection in semen specimens of confirmed cases: A systematic review and meta-analysis.,"Abdullah Reda, Abdelaziz Abdelaal, Aml M Brakat, Basant Ismail Lashin, Moustafa Abouelkheir, Basel Abdelazeem, Alfonso J Rodriguez-Morales, Ranjit Sah",Journal of medical virology. 2022. doi: 10.1002/jmv.28250..,Reda,Journal of medical virology,2023,2022/11/03,,,10.1002/jmv.28250,"The current literature shows increasing concerns about potential seminal transmission of monkeypox virus (MPXV). Accordingly, we aimed to understand better the potential presence of MPXV in the seminal fluids and others specimens obtained from MPX cases. On June 26, 2022, a systematic search of the literature was conducted to find articles that examine the presence of MPXV in the seminal fluid of confirmed cases. The search was updated once on August 12 and another on October 12, 2022, to include newly published articles. The prevalence of MPXV DNA presence in the seminal fluid and other specimens was pooled in a meta-analysis (from studies with sample size > 5 to reduce overestimation) and results were presented as effect sizes (ES) and their corresponding 95% confidence intervals (CI). Nine articles were included. Only five studies were eligible for a meta-analysis, and the pooled prevalence of MPXV DNA in semen specimens was 72.4% (95% CI: 55.7%-84.5%) among 115 patients. The positive rate of MPXV viral polymerase chain reaction (PCR) was higher among skin samples (89%; 95% CI: 78.2%-94.8%; N = 62; studies = 2), followed by anogenital/rectal samples (74.3%; 95% CI: 60.4%-84.5%; N = 54; studies = 2). On the other hand, the positivity rate was lower in nasopharyngeal (62.4%; 95% CI: 20.4%-91.5%; N = 587; studies = 3), urine (21.1%; 95% CI: 4.3%-61.1%; N = 617; studies = 4), and blood/plasma (14.3%; 95% CI: 11.3%-18.1%; N = 609; studies = 3) samples. Besides, MPXV can be detected in semen early from Day 1 and up to 19 days after symptoms onset. Finally, two articles investigated the infectivity of MPXV particles detected in seminal specimens by testing their replication competence. Culturing MPXV was successful in two out of four patients included in these studies. MPXV is highly prevalent in seminal specimens of MPX cases, further corroborating the role of sexual transmission of the disease. However, further evidence is still needed to shed more light on the replication competence of these particles.",monkeypox; semen; seminal; sexual; viral detection
37327561,Could it be monkeypox? Use of an AI-based epidemic early warning system to monitor rash and fever illness.,"D Hutchinson, M Kunasekaran, A Quigley, A Moa, C R MacIntyre",Public health. 2023. doi: 10.1016/j.puhe.2023.05.010..,Hutchinson,Public health,2023,2023/06/14,,,10.1016/j.puhe.2023.05.010,"OBJECTIVES: The EPIWATCH artificial intelligence (AI) system scans open-source data using automated technology and can be used to detect early warnings of infectious disease outbreaks. In May 2022, a multicountry outbreak of Mpox in non-endemic countries was confirmed by the World Health Organization. This study aimed to identify signals of fever and rash-like illness using EPIWATCH and, if detected, determine if they represented potential Mpox outbreaks. STUDY DESIGN: The EPIWATCH AI system was used to detect global signals for syndromes of rash and fever that may have represented a missed diagnosis of Mpox from 1 month prior to the initial case confirmation in the United Kingdom (7 May 2022) to 2 months following. METHODS: Articles were extracted from EPIWATCH and underwent review. A descriptive epidemiologic analysis was conducted to identify reports pertaining to each rash-like illness, locations of each outbreak and report publication dates for the entries from 2022, with 2021 as a control surveillance period. RESULTS: Reports of rash-like illnesses in 2022 between 1 April and 11 July (n = 656 reports) were higher than in the same period in 2021 (n = 75 reports). The data showed an increase in reports from July 2021 to July 2022, and the Mann-Kendall trend test showed a significant upward trend (P = 0.015). The most frequently reported illness was hand-foot-and-mouth disease, and the country with the most reports was India. CONCLUSIONS: Vast open-source data can be parsed using AI in systems such as EPIWATCH to assist in the early detection of disease outbreaks and monitor global trends.",Artificial intelligence; Communicable diseases; Emerging; Mpox; Orthopoxvirus; Public health surveillance
39819589,Suspected Mpox Symptoms and Testing in Men Who Have Sex With Men in the United States: Cross-Sectional Study.,"Kaitlyn Atkins, Thomas Carpino, Amrita Rao, Travis Sanchez, O Winslow Edwards, Marissa Hannah, Patrick S Sullivan, Yasmin P Ogale, Winston E Abara, Kevin P Delaney, Stefan D Baral",JMIR public health and surveillance. 2025. doi: 10.2196/57399..,Atkins,JMIR public health and surveillance,2025,2025/01/16,,,10.2196/57399,"BACKGROUND: The 2022 mpox outbreak in the United States disproportionately affected gay, bisexual, and other men who have sex with men (GBMSM). Uptake of mpox testing may be related to symptomology, sociodemographic characteristics, and behavioral characteristics. OBJECTIVE: This study aimed to describe suspected mpox symptoms and testing uptake among a sample of GBMSM recruited via the internet in the United States in August 2022. METHODS: We conducted a rapid internet-based mpox survey from August 5 to 15, 2022, among cisgender men 15 years and older who had previously participated in the 2021 American Men's Internet Survey. We estimated the prevalence of suspected mpox symptoms (fever or rash or sores with unknown cause in the last 3 mo) and uptake of mpox testing. We calculated adjusted prevalence ratios (aPRs) and 95% CIs for associations between participant characteristics and suspected mpox symptoms and summarized characteristics of GBMSM reporting mpox testing. Among symptomatic GBMSM who did not receive mpox testing, we described testing self-efficacy, barriers, and facilitators. RESULTS: Of 824 GBMSM, 126 (15.3%) reported at least 1 mpox symptom in the last 3 months; 58/126 (46%) with rash or sores, 57 (45.2%) with fever, and 11 (8.7%) with both. Increased prevalence of suspected mpox symptoms was associated with condomless anal sex (CAS; aPR 1.53, 95% CI 1.06-2.20). Mpox testing was reported by 9/824 GBMSM (1%), including 5 with symptoms. Most GBMSM reporting mpox testing were non-Hispanic White men (7/9 vs 1 Black and 1 Hispanic or Latino man), and all 9 lived in urban areas. Most reported having an sexually transmitted infections test (8/9), 2 or more partners (8/9), CAS (7/9), and group sex (6/9) in the last 3 months. Of those tested, 3 reported living with HIV and all were on treatment, whereas the remaining 6 men without HIV reported current pre-exposure prophylaxis (PrEP) use. Of symptomatic GBMSM who did not report mpox testing, 47/105 (44.8%) had low mpox testing self-efficacy. Among those with low self-efficacy, the most common barriers to testing were not knowing where to get tested (40/47, 85.1%) and difficulty getting appointments (23/47, 48.9%). Among those with high testing self-efficacy (58/105, 55.2%), the most common facilitators to testing were knowing where to test (52/58, 89.7%), convenient site hours (40/58, 69%), and low-cost testing (38/58, 65.5%). CONCLUSIONS: While all GBMSM who reported testing for mpox were linked to HIV treatment or PrEP, those with symptoms but no mpox testing reported fewer such links. This suggests targeted outreach is needed to reduce structural barriers to mpox services among GBMSM in rural areas, Black and Hispanic or Latino GBMSM, and GBMSM living with HIV. Sustaining and scaling community-tailored messaging to promote testing and vaccination represent critical interventions for mpox control among GBMSM in the United States.",Black and Hispanic; GBMSM; HIV; HIV prevention; LGBTQ; Latino; MSM; United States; bisexual; cross-sectional study; emerging infectious diseases; epidemic; fever; gay; men who have sex with men; monkeypox; mpox; online sample; public health; rash; rural; self-efficacy; sexual health; sociodemographic; sores; surveillance; symptomology; testing
37708908,"Transmission dynamics and effect of control measures on the 2022 outbreak of mpox among gay, bisexual, and other men who have sex with men in England: a mathematical modelling study.","Xu-Sheng Zhang, Sema Mandal, Hamish Mohammed, Charlie Turner, Isaac Florence, Josephine Walker, Siwaporn Niyomsri, Gayatri Amirthalingam, Mary Ramsay, Andre Charlett, Peter Vickerman",The Lancet. Infectious diseases. 2023. doi: 10.1016/S1473-3099(23)00451-6..,Zhang,The Lancet. Infectious diseases,2024,2023/09/11,,,10.1016/S1473-3099(23)00451-6,"BACKGROUND: The 2022 global outbreak of mpox (formerly known as monkeypox) spread primarily among gay, bisexual, and other men who have sex with men (GBMSM), with the initial cluster being identified in England in May, 2022. Understanding its epidemiological characteristics and the reasons for its downturn in July, 2022, will help to control future outbreaks. METHODS: We collated data for all diagnosed mpox cases (3621) from England from May 1, 2022, to Nov 16, 2022. Data from 75 individuals with mpox allowed estimation of the incubation period, while data from 121 case-contact pairs were used to estimate the serial interval. Six methods, including a structured dynamic compartmental transmission model, were used to estimate the basic reproduction number (R0). The structured model assumed all male individuals with mpox were GBMSM, who were then stratified into subgroups for those at low risk and high risk for mpox. This best fitting model was used to estimate the reduction in transmissibility, and the effective infectious period (before isolating), that resulted in the outbreak downturn, and the effect of vaccination initiated from June 27, 2022. Bayesian methods were used for parameter estimation and model calibration. FINDINGS: Most cases occurred in men (3544 of 3621, 97·9%). The median incubation period for mpox was 6·90 days (95% credible interval [CrI] 4·08-20·21), and the serial interval was 8·82 days (5·22-25·81). R0 estimates ranged from 1·41 to 2·17. The structured transmission model estimated that 83·8% of infections (95% CrI 83·5-85·3) resulted from sexual partnerships with GBMSM individuals at high risk of mpox. The outbreak downturn probably resulted from a 44·5% reduction in the sexual partner rate among all GBMSM (24·9-55·8) and 20·0% reduction in the effective infectious period (4·1-33·9), preventing 165 896 infections (115 584-217 730). Vaccination marginally increased the number of infections prevented (166 081, 115 745-217 947), but minimised a resurgence in cases from January, 2023, and could have averted four times more infections if initiated earlier. Our findings were sensitive to assumptions regarding the vaccine's effectiveness and the GBMSM subgroup at high risk of mpox. INTERPRETATION: The mpox outbreak in England probably resulted from high sexual partner rates among some GBMSM, with reductions in partner rates reversing the outbreak, and with vaccination minimising future outbreaks. FUNDING: National Institute for Health Research (UK).","[MeSH] Male; [MeSH] Humans; [MeSH] Sexual and Gender Minorities; [MeSH] Bayes Theorem; [MeSH] Homosexuality, Male; [MeSH] Mpox, Monkeypox; [MeSH] Disease Outbreaks; [MeSH] England"
39570405,Monkeypox virus A29L protein as the target for specific diagnosis and serological analysis.,"Chia-Yu Liang, Tai-Ling Chao, Chong-Syun Chao, Wang-Da Liu, Yu-Chen Cheng, Sui-Yuan Chang, Shih-Chung Chang",Applied microbiology and biotechnology. 2024. doi: 10.1007/s00253-024-13361-6..,Liang,Applied microbiology and biotechnology,2024,2024/11/21,,,10.1007/s00253-024-13361-6,"The unexpected monkeypox (Mpox) outbreak has been reported in many non-endemic countries and regions since May 2022. The mutant strains of Mpox virus (MPXV) were found with higher infectivity and greater capability for sustained human-to-human transmission, posing a significant public health threat. MPXV A29L, a protein homolog of vaccinia virus (VACV) A27L, plays an important role in viral attachment to host cell membranes. Therefore, MPXV A29L is considered the diagnostic target and the potential vaccine candidate for eliciting neutralizing antibodies and protective immune responses. In response to the escalating Mpox outbreak, three monoclonal antibodies (mAbs) (2-9B, 3-8G, and 2-5H) targeting the different domains of MPXV A29L have been developed in the study. Among them, 2-5H is highly specific for MPXV A29L without exhibiting cross-reactivity with VACV A27L. The antibody pairing composed of 2-5H and 3-8G has been developed as the lateral flow immunochromatographic assay for specific detection of MPXV A29L. However, these three mAbs were unable to inhibit A29L binding to heparin column or prevent MPXV infection in the neutralization test assays. The results of the serological assays using the truncated A29L fragments as the antigens showed that the Mpox patient sera contained significantly lower levels of antibodies targeting the N-terminal 1-34 residues of A29L, suggesting that the N-terminal portion of A29L is less immunogenic upon natural infection. KEY POINTS: • MAbs 2-9B, 3-8G, and 2-5H neither interrupted A29L binding to heparin nor neutralized MPXV. • The LFIA composed of 3-8G and 2-5H can specifically distinguish MPXV A29L from VACV A27L. • Mpox patient sera contained lower levels of antibodies targeting the N-terminal portion of A29L.",A29L protein; Lateral flow immunochromatographic assay; Monkeypox (Mpox); Monkeypox virus (MPXV); Monoclonal antibody; Serological assay
36572481,"[Epidemiological, clinical characteristics, prevention, and control of monkeypox].","M Du, M Liu, J Liu",Zhonghua liu xing bing xue za zhi = Zhonghua liuxingbingxue zazhi. 2022. doi: 10.3760/cma.j.cn112338-20220727-00664..,Du,Zhonghua liu xing bing xue za zhi = Zhonghua liuxingbingxue zazhi,2022,2022/12/10,,,10.3760/cma.j.cn112338-20220727-00664,"The World Health Organization officially declared that monkeypox was public health emergency of international concern on July 23, 2022. Current research shows that the clades of monkeypox virus are still Clade Ⅱ in multiple countries in 2022. Monkeypox cases are mainly males, with a wide range of ages. Compared with the population in previous studies, the reported population in 2022 had an increased median age, and the proportion of men who have sex with men increased. Monkeypox is usually a self-limited disease, with fever and rash as the primary clinical symptoms. Studies had shown that compared with before 2022, the proportion of fever in 2022 decreased, and the leading site of rash changed from cheek to genital mucosa. Asymptomatic monkeypox cases were first reported in 2022. Although there are no monkeypox local cases in China and imported risk is low, with the deepening of trade exchanges between countries in the world and frequent personnel exchanges, China should pay attention to the progress of the international epidemic and make efforts on emergency response, to prevent the possible occurrence and spread of cases.","[MeSH] Male; [MeSH] Humans; [MeSH] Female; [MeSH] Homosexuality, Male; [MeSH] Sexual and Gender Minorities; [MeSH] Public Health; [MeSH] China; [MeSH] Exanthema; [MeSH] Fever; [MeSH] Mpox, Monkeypox"
36410691,The clinical presentation of monkeypox: a retrospective case-control study of patients with possible or probable monkeypox in a West London cohort.,"Stephanie Rimmer, James Barnacle, Malick M Gibani, Meng-San Wu, Oshani Dissanayake, Ravi Mehta, Trent Herdman, Mark Gilchrist, David Muir, Umar Ebrahimsa, Borja Mora-Peris, Olamide Dosekun, Lucy Garvey, Joanna Peters, Frances Davies, Graham Cooke, Aula Abbara",International journal of infectious diseases : IJID : official publication of the International Society for Infectious Diseases. 2022. doi: 10.1016/j.ijid.2022.11.020..,Rimmer,International journal of infectious diseases : IJID : official publication of the International Society for Infectious Diseases,2023,2022/11/19,,,10.1016/j.ijid.2022.11.020,"OBJECTIVES: Since May 2022, cases of human monkeypox virus (hMPXV) with human-to-human cross-transmission have significantly increased in nonendemic countries. Our aim was to characterize diagnostic features of patients with confirmed and possible monkeypox to guide future risk stratification and to describe a virtual care model. METHODS: We performed a retrospective case-control study of 140 patients assessed and screened for suspected monkeypox; on hMPXV polymerase chain reaction testing, 70 were confirmed positive, and 70 were negative. Data were compared to generate odds ratios of demographic and clinical features. RESULTS: Patients who tested positive were predominantly cis-male (99%) and self-identified as gay, bisexual, and other men who have sex with men (94%). Lymphadenopathy at presentation was associated with a higher likelihood of a positive result (odds ratio [OR] 7.69 [95% confidence interval (CI) 3.58, 16.51]). Patients who tested positive were more likely to have a rash affecting the genital (OR 5.38 [95% CI 2.57, 11.23]) or buttocks/perianal region (OR 3.79 [1.70, 8.45]) than negative controls. A total of 79% of patients were engaged with a virtual ward follow-up. CONCLUSION: These data can inform a risk-based approach to the management of suspected monkeypox in gay, bisexual, and other men who have sex with men populations. Lymphadenopathy at presentation and the location of the rash were more associated with a positive hMPXV result. Health authorities can consider a virtual ward approach in the hMPHXV outbreak.",GBMSM; Lymphadenopathy; Monkeypox virus; Rash; Tecovirimat
36396173,Understanding sexual transmission dynamics and transmission contexts of monkeypox virus: a mixed-methods study of the early outbreak in Belgium (May-June 2022).,"Jef Vanhamel, Valeska Laisnez, Laurens Liesenborghs, Isabel Brosius, Nicole Berens-Riha, Thibaut Vanbaelen, Chris Kenyon, Koen Vercauteren, Marie Laga, Naïma Hammami, Oriane Lambricht, Romain Mahieu, Amaryl Lecompte, Wim Vanden Berghe, Bea Vuylsteke",Sexually transmitted infections. 2022. doi: 10.1136/sextrans-2022-055601..,Vanhamel,Sexually transmitted infections,2023,2022/11/17,,,10.1136/sextrans-2022-055601,"OBJECTIVE: The available epidemiological and clinical evidence from the currently ongoing monkeypox (MPX) outbreak in non-endemic areas suggests an important factor of sexual transmission. However, limited information on the behaviour and experiences of individuals with an MPX infection has to date been provided. We aimed to describe the initial phase of the MPX outbreak in Belgium, and to provide a more in-depth description of sexual behaviour and transmission contexts. METHODS: We used routine national surveillance data of 139 confirmed MPX cases with date of symptom onset until 19 June 2022, complemented with 12 semistructured interviews conducted with a subsample of these cases. RESULTS: Sexualised environments, including large festivals and cruising venues for gay men, were the suspected exposure setting for the majority of the cases in the early outbreak phase. In-depth narratives of sexual behaviour support the hypothesis of MPX transmission through close physical contact during sex. Despite awareness of the ongoing MPX outbreak, low self-perceived risk of MPX acquisition and confusing initial signs and symptoms for other STIs or skin conditions delayed early detection of an MPX infection. In addition, we describe relevant contextual factors beyond individual behaviour, related to sexual networks, interpersonal interactions and health systems. Some of these factors may complicate early MPX detection and control efforts. CONCLUSION: Our results highlight the role of sexual contact and networks in the transmission of MPX during the early phase of the outbreak in Belgium. Risk communication messages should consistently and transparently state the predominant sexual transmission potential of MPX virus, and prevention and control measures must be adapted to reflect multilevel factors contributing to MPX transmission risk.",Behavioral Sciences; Epidemiology; QUALITATIVE RESEARCH; Sexual Behavior
36049256,Monkeypox diagnostic and treatment capacity at epidemic onset: A VACCELERATE online survey.,"Jan Hendrik Grothe, Oliver A Cornely, Jon Salmanton-García",Journal of infection and public health. 2022. doi: 10.1016/j.jiph.2022.08.008..,Grothe,Journal of infection and public health,2022,2022/08/27,,,10.1016/j.jiph.2022.08.008,We approached European tertiary care institutions to provide details regarding their management of the current human monkeypox outbreak. 73 out of 105 sites stated to have capacities to manage the outbreak adequately amid the ongoing coronavirus disease 2019 pandemic. There are effective protective measures to prevent nosocomial infections in place at nearly all institutions. Diagnostic and treatment capacities on the other hand have potential to be improved.,Diagnostic capacity; Monkeypox; Online survey; Preparedness; Treatment capacity
38866796,MPXV DNA kinetics in bloodstream and other body fluids samples.,"Silvia Meschi, Francesca Colavita, Fabrizio Carletti, Valentina Mazzotta, Giulia Matusali, Eliana Specchiarello, Tommaso Ascoli Bartoli, Annalisa Mondi, Claudia Minosse, Maria Letizia Giancola, Carmela Pinnetti, Maria Beatrice Valli, Daniele Lapa, Klizia Mizzoni, David J Sullivan, Jiangda Ou, Daniele Focosi, Enrico Girardi, Emanuele Nicastri, Andrea Antinori, Fabrizio Maggi",Scientific reports. 2024. doi: 10.1038/s41598-024-63044-5..,Meschi,Scientific reports,2024,2024/06/12,,,10.1038/s41598-024-63044-5,"Since spring 2022, the global epidemiology of the monkeypox virus (MPXV) has changed. The unprecedented increase of human clade II MPXV cases worldwide heightened concerns about this emerging zoonotic disease. We analysed the positivity rates, viral loads, infectiousness, and persistence of MPXV DNA for up to 4 months in several biological samples from 89 MPXV-confirmed cases. Our data showed that viral loads and positivity rates were higher during the first two weeks of symptoms for all sample types. Amongst no-skin-samples, respiratory specimens showed higher MPXV DNA levels and median time until viral clearance, suggesting their usefulness in supporting MPXV diagnosis, investigating asymptomatic patients, and monitoring viral shedding. Infectious virus was cultured from respiratory samples, semen, and stools, with high viral loads and collected within the first 10 days. Notably, only one saliva and one semen were found positive for viral DNA after 71 and 31 days from symptoms, respectively. The focus on bloodstream samples showed the best testing sensitivity in plasma, reporting the overall highest MPXV DNA detection rate and viral loads during the 3-week follow-up as compared to serum and whole-blood. The data here presented can be useful for MPXV diagnostics and a better understanding of the potential alternative routes of its onward transmission.","[MeSH] Humans; [MeSH] DNA, Viral; [MeSH] Viral Load; [MeSH] Body Fluids; [MeSH] Male; [MeSH] Monkeypox virus; [MeSH] Kinetics; [MeSH] Semen; [MeSH] Mpox, Monkeypox; [MeSH] Saliva; [MeSH] Female; [MeSH] Adult; [MeSH] Virus Shedding; [MeSH] Middle Aged"
38520832,Validation of a new extraction-free real-time PCR test to detect MPOX virus.,"Amorce Lima, Laura Rowe, Suzane Silbert",Diagnostic microbiology and infectious disease. 2024. doi: 10.1016/j.diagmicrobio.2024.116265..,Lima,Diagnostic microbiology and infectious disease,2024,2024/03/14,,,10.1016/j.diagmicrobio.2024.116265,"The monkeypox (Mpox) virus has raised significant concerns given its recent spread with an increasing number of confirmed cases worldwide. In this study, we evaluated the performance of a laboratory developed test (LDT) using BioGX Xfree hMPXV/OPXV reagents for the qualitative detection of non-variola Orthopoxviruses and Mpox virus DNA, in swabs from human pustular or vesicular rash specimens. Analytical and clinical testing analysis were carried out on two different platforms: the BD MAX™ System (BD Diagnostics) and the new pixl.16 Real-Time PCR Platform (BioGX), using a synthetic Mpox virus DNA (ATCC VR-3270SD) and residual clinical samples previously identified with an EUA approved Mpox real-time PCR assay. In the end, the Xfree hMPXV/OPXV LDT proved to be a sensitive, specific, and reproducible test for the detection of Mpox on both platforms evaluated with the pixl.16 having an advantage of a small footprint and providing faster TAT facilitated by an extraction-free workflow.",BD Max; BioGx Pixl; Monkeypox; Orthopoxvirus
38063085,"Estimation of Incubation Period of Mpox during 2022 Outbreak in Pereira, Colombia.","Jorge M Estrada Alvarez, Maryluz Hincapié Acuña, Hernán F García Arias, Franklyn E Prieto Alvarado, Juan J Ospina Ramírez",Emerging infectious diseases. 2023. doi: 10.3201/eid3001.221663..,Estrada,Emerging infectious diseases,2024,2023/12/08,,,10.3201/eid3001.221663,"We estimated the incubation period for mpox during an outbreak in Pereira, Colombia, using data from 11 confirmed cases. Mean incubation period was 7.1 (95% CI 4.9-9.9) days, consistent with previous outbreaks. Accurately estimating the incubation period provides insights into transmission dynamics, informing public health interventions and surveillance strategies.",Colombia; MSM; disease outbreaks; infectious disease incubation period; men who have sex with men; monkeypox virus; mpox; person-to-person transmission; viruses
35809857,"Enhanced surveillance of monkeypox in Bas-Uélé, Democratic Republic of Congo: the limitations of symptom-based case definitions.","Gaspard Mande, Innocent Akonda, Anja De Weggheleire, Isabel Brosius, Laurens Liesenborghs, Emmanuel Bottieau, Noam Ross, Guy-Crispin Gembu, Robert Colebunders, Erik Verheyen, Dauly Ngonda, Herwig Leirs, Anne Laudisoit",International journal of infectious diseases : IJID : official publication of the International Society for Infectious Diseases. 2022. doi: 10.1016/j.ijid.2022.06.060..,Mande,International journal of infectious diseases : IJID : official publication of the International Society for Infectious Diseases,2022,2022/07/07,,,10.1016/j.ijid.2022.06.060,"BACKGROUND: Following an outbreak of cases of vesicular-pustular rash with fever, evocative of human monkeypox, in Bas-Uélé province, Democratic Republic of Congo, surveillance was strengthened. METHODS: Households with at least one active generalized vesicular-pustular rash case were visited, and contact and clinical history information were collected from all household members. Whenever possible, skin lesions were screened by polymerase chain reaction for the monkeypox virus, followed by the varicella-zoster virus, when negative for the former. RESULTS: Polymerase chain reaction results were obtained for 77 suspected cases, distributed in 138 households, of which 27.3% were positive for monkeypox, 58.4% positive for chickenpox, and 14.3% negative for both. Confirmed monkeypox cases presented more often with monomorphic skin lesions on the palms of the hands and on the soles of the feet. Integrating these three features into the case definition raised the specificity to 85% but would miss 50% of true monkeypox cases. A predictive model fit on patient demographics and symptoms had 97% specificity and 80% sensitivity but only 80% and 33% in predicting out-of-sample cases. CONCLUSION: Few discriminating features were identified and the performance of clinical case definitions was suboptimal. Rapid field diagnostics are needed to optimize worldwide early detection and surveillance of monkeypox.",Chickenpox; Democratic Republic of Congo; Diagnostic; Monkeypox; Orthopoxvirus
36862595,"Interim Clinical Treatment Considerations for Severe Manifestations of Mpox - United States, February 2023.","Agam K Rao, Caroline A Schrodt, Faisal S Minhaj, Michelle A Waltenburg, Shama Cash-Goldwasser, Yon Yu, Brett W Petersen, Christina Hutson, Inger K Damon",MMWR. Morbidity and mortality weekly report. 2023. doi: 10.15585/mmwr.mm7209a4..,Rao,MMWR. Morbidity and mortality weekly report,2023,2023/03/03,,,10.15585/mmwr.mm7209a4,"Monkeypox (mpox) is a disease caused by infection with Monkeypox virus (MPXV), an Orthopoxvirus (OPXV) in the same genus as Variola virus, which causes smallpox. During 2022, a global outbreak involving mpox clade IIb was recognized, primarily among gay, bisexual, and other men who have sex with men.* Most affected patients have been immunocompetent and experienced ≤10 rash lesions (1). CDC has recommended supportive care including pain control.† However, some patients have experienced severe mpox manifestations, including ocular lesions, neurologic complications, myopericarditis, complications associated with mucosal (oral, rectal, genital, and urethral) lesions, and uncontrolled viral spread due to moderate or severe immunocompromise, particularly advanced HIV infection (2). Therapeutic medical countermeasures (MCMs) are Food and Drug Administration (FDA)-regulated drugs and biologics that are predominantly stockpiled by the U.S. government; MCMs developed for smallpox preparedness or shown to be effective against other OPXVs (i.e., tecovirimat, brincidofovir, cidofovir, trifluridine ophthalmic solution, and vaccinia immune globulin intravenous [VIGIV]) have been used to treat severe mpox. During May 2022-January 2023, CDC provided more than 250 U.S. mpox consultations. This report synthesizes data from animal models, MCM use for human cases of related OPXV, unpublished data, input from clinician experts, and experience during consultations (including follow-up) to provide interim clinical treatment considerations. Randomized controlled trials and other carefully controlled research studies are needed to evaluate the effectiveness of MCMs for treating human mpox. Until data gaps are filled, the information presented in this report represents the best available information concerning the effective use of MCMs and should be used to guide decisions about MCM use for mpox patients.","[MeSH] Animals; [MeSH] Male; [MeSH] Humans; [MeSH] Smallpox; [MeSH] HIV Infections; [MeSH] Homosexuality, Male; [MeSH] Mpox, Monkeypox; [MeSH] Sexual and Gender Minorities"
38237269,"Monitoring and Characteristics of Mpox Contacts, Virginia, USA, May-November 2022.","Eleanor N Field, Elizabeth McCarty, Dawn Saady, Brandy Darby",Emerging infectious diseases. 2024. doi: 10.3201/eid3003.230609..,Field,Emerging infectious diseases,2024,2024/01/18,,,10.3201/eid3003.230609,"During 2022, a global outbreak of mpox resulted primarily from human-to-human contact. The Virginia Department of Health (Richmond, VA, USA) implemented a contact tracing and symptom monitoring system for residents exposed to monkeypox virus, assessed their risk for infection, and offered interventions as needed. Among 991 contacts identified during May 1-November 1, 2022, import records were complete for 943 (95.2%), but 99 (10.0%) were not available for follow-up during symptom monitoring. Mpox developed in 28 (2.8%) persons; none were healthcare workers exposed at work (n = 275). Exposure risk category and likelihood of developing mpox were strongly associated. A total of 333 persons received >1 dose of JYENNOS (Bavarian Nordic, https://www.bavarian-nordic.com) vaccine, most (n = 295) administered after virus exposure. Median time from exposure to vaccination was 8 days. Those data tools provided crucial real-time information for public health responses and can be used as a framework for other emerging diseases.",United States; Virginia; contact tracing; monkeypox virus; mpox; outbreak; response; viruses
37590957,Low CD4 Count or Being Out of Care Increases the Risk for Mpox Hospitalization Among People With Human Immunodeficiency Virus and Mpox.,"David C Philpott, Robert A Bonacci, Paul J Weidle, Kathryn G Curran, John T Brooks, George Khalil, Amanda Feldpausch, Jessica Pavlick, Pascale Wortley, Jesse G O'Shea",Clinical infectious diseases : an official publication of the Infectious Diseases Society of America. 2024. doi: 10.1093/cid/ciad482..,Philpott,Clinical infectious diseases : an official publication of the Infectious Diseases Society of America,2024,2024/03/20,,,10.1093/cid/ciad482,"Human immunodeficiency virus (HIV)-associated immunosuppression may increase the risk of hospitalization with mpox. Among persons diagnosed with mpox in the state of Georgia, we characterized the association between hospitalization with mpox and HIV status. People with HIV and a CD4 count <350 cells/mm3 or who were not engaged in HIV care had an increased risk of hospitalization.",HIV; HIV care; hospitalization; mpox; tecovirimat
36494078,Development of rapid nucleic acid assays based on the recombinant polymerase amplification for monkeypox virus.,"Yuchang Li, Yanhong Gao, Ying Tang, Jing Li, Sen Zhang, Tao Jiang, Xiaoping Kang",Virologica Sinica. 2022. doi: 10.1016/j.virs.2022.12.001..,Li,Virologica Sinica,2023,2022/12/06,,,10.1016/j.virs.2022.12.001,"• Two RPA methods (F-RPA and VF- RPA) have been developed for monkeypox virus rapid detection. • The limit of detection was 15.32 copies/μL for F-RPA and 8.53 copies/μL for VF-RPA. • No cross-reaction was found in 14 rash and fever-associated viruses. • The two RPA methods are simple and rapid, making them potentially useful for detection of MPXV in the field/clinic.","[MeSH] Monkeypox virus; [MeSH] Polymerase Chain Reaction; [MeSH] Nucleic Acid Amplification Techniques; [MeSH] Nucleotidyltransferases; [MeSH] Nucleic Acids; [MeSH] Mpox, Monkeypox"
37392843,A case of confirmed pre-symptomatic transmission of mpox.,"Taketo Kubo, Kayoko Hayakawa, Yutaro Akiyama, Shinichiro Morioka, Norio Ohmagari",Journal of infection and chemotherapy : official journal of the Japan Society of Chemotherapy. 2023. doi: 10.1016/j.jiac.2023.06.018..,Kubo,Journal of infection and chemotherapy : official journal of the Japan Society of Chemotherapy,2023,2023/06/29,,,10.1016/j.jiac.2023.06.018,"Mpox virus is known to be transmissible from the onset of clinical manifestations. We report the first case in Japan of a man who contracted mpox through close contact with an individual with pre-symptomatic infection. Given that transmission before symptom onset has recently been reported from various countries, the importance of prophylaxis for reducing the risk of infection and controlling the disease should be emphasized.",Close-contact transmission; Monkeypox; Monkeypox virus; Postexposure prophylaxis; Preexposure prophylaxis
39679843,"Monkeypox Outbreak in the Democratic Republic of Congo: A Comprehensive Review of Clinical Outcomes, Public Health Implications, and Security Measures.","Izere Salomon, Ali Emir Hamitoglu, Unkwiye Hertier, Mugabekazi Albright Belise, Uwase Sandrine, Benimana Darius, Methode Yusufu Abdoulkarim","Immunity, inflammation and disease. 2024. doi: 10.1002/iid3.70102..",Salomon,"Immunity, inflammation and disease",2024,2024/12/01,,,10.1002/iid3.70102,"BACKGROUND: The Monkeypox virus (MPXV), a member of the Orthopoxvirus genus, is responsible for the zoonotic disease known as MPX. Primarily found in western and central Africa, emerging studies indicate a shift in transmission dynamics. Ongoing MPX outbreaks in the Democratic Republic of Congo (DRC) have escalated into significant public health concerns. OBJECTIVES: This review endeavors to provide a comprehensive analysis of the public health implications, clinical consequences, and preventive measures related to the current MPX outbreak in the DRC. It focuses on the epidemiology, clinical manifestations, and public health responses to this global health challenge. METHODOLOGY: The research synthesizes data regarding MPX outbreaks in the DRC, drawing from academic journals, public health reports, and case studies through a narrative review approach. RESULTS: The recent outbreak in the DRC has identified approximately 12,569 suspected MPX cases, resulting in 581 fatalities, which corresponds to a case fatality rate (CFR) of 4.6%. These cases have been documented across 156 health sectors in 22 out of 26 provinces, representing the highest case count recorded to date. The epidemic has also encroached upon previously unaffected regions. Hospitalization rates have varied between 4% and 10%, with a significant percentage of cases attributed to sexual transmission. Analysis of demographic and geographic data revealed distinct patterns in viral spread. Clinical outcomes have varied, with an average CFR close to 10%, influenced by factors such as timely diagnosis and access to healthcare services. Rural areas have accounted for over 70% of the cases, highlighting the necessity for targeted public health interventions. Control measures have focused on community awareness campaigns and immunization programs, reaching approximately 50% of the at-risk population; however, challenges related to resource limitations and political instability have impeded effective response strategies. CONCLUSION: The ongoing MPX outbreak in the DRC poses a substantial public health challenge. While progress has been made in managing the epidemic, it remains imperative to address resource deficiencies and enhance public health systems. Strengthening international collaboration, expanding healthcare access, and improving surveillance capabilities are critical to mitigating the risk of future outbreaks.",Democratic Republic of the Congo; Monkeypox; clinical outcomes; epidemiology; incidence rate; public health implications; security measures
35952705,Clinical presentation and virological assessment of confirmed human monkeypox virus cases in Spain: a prospective observational cohort study.,"Eloy José Tarín-Vicente, Andrea Alemany, Manuel Agud-Dios, Maria Ubals, Clara Suñer, Andrés Antón, Maider Arando, Jorge Arroyo-Andrés, Lorena Calderón-Lozano, Cristina Casañ, José Miguel Cabrera, Pep Coll, Vicente Descalzo, María Dolores Folgueira, Jorge N García-Pérez, Elena Gil-Cruz, Borja González-Rodríguez, Christian Gutiérrez-Collar, Águeda Hernández-Rodríguez, Paula López-Roa, María de Los Ángeles Meléndez, Julia Montero-Menárguez, Irene Muñoz-Gallego, Sara Isabel Palencia-Pérez, Roger Paredes, Alfredo Pérez-Rivilla, María Piñana, Nuria Prat, Aída Ramirez, Ángel Rivero, Carmen Alejandra Rubio-Muñiz, Martí Vall, Kevin Stephen Acosta-Velásquez, An Wang, Cristina Galván-Casas, Michael Marks, Pablo L Ortiz-Romero, Oriol Mitjà","Lancet (London, England). 2022. doi: 10.1016/S0140-6736(22)01436-2..",Tarín-Vicente,"Lancet (London, England)",2022,2022/08/08,,,10.1016/S0140-6736(22)01436-2,"BACKGROUND: In May, 2022, several European countries reported autochthonous cases of monkeypox, which rapidly spread globally. Early reports suggest atypical presentations. We aimed to investigate clinical and virological characteristics of cases of human monkeypox in Spain. METHODS: This multicentre, prospective, observational cohort study was done in three sexual health clinics in Madrid and Barcelona, Spain. We enrolled all consecutive patients with laboratory-confirmed monkeypox from May 11 to June 29, 2022. Participants were offered lesion, anal, and oropharynx swabs for PCR testing. Participant data were collected by means of interviews conducted by dermatologists or specialists in sexually transmitted infections and were recorded using a standard case report form. Outcomes assessed in all participants with a confirmed diagnosis were demographics, smallpox vaccination, HIV status, exposure to someone with monkeypox, travel, mass gathering attendance, risk factors for sexually transmitted infections, sexual behaviour, signs and symptoms on first presentation, virological results at multiple body sites, co-infection with other sexually transmitted pathogens, and clinical outcomes 14 days after the initial presentation. Clinical outcomes were followed up until July 13, 2022. FINDINGS: 181 patients had a confirmed monkeypox diagnosis and were enrolled in the study. 166 (92%) identified as gay men, bisexual men, or other men who have sex with men (MSM) and 15 (8%) identified as heterosexual men or heterosexual women. Median age was 37·0 years (IQR 31·0-42·0). 32 (18%) patients reported previous smallpox vaccination, 72 (40%) were HIV-positive, eight (11%) had a CD4 cell count less than 500 cells per μL, and 31 (17%) were diagnosed with a concurrent sexually transmitted infection. Median incubation was 7·0 days (IQR 5·0-10·0). All participants presented with skin lesions; 141 (78%) participants had lesions in the anogenital region, and 78 (43%) in the oral and perioral region. 70 (39%) participants had complications requiring treatment: 45 (25%) had a proctitis, 19 (10%) had tonsillitis, 15 (8%) had penile oedema, six (3%) an abscess, and eight (4%) had an exanthem. Three (2%) patients required hospital admission. 178 (99%) of 180 swabs from skin lesions collected tested positive, as did 82 (70%) of 117 throat swabs. Viral load was higher in lesion swabs than in pharyngeal specimens (mean cycle threshold value 23 [SD 4] vs 32 [6], absolute difference 9 [95% CI 8-10]; p<0·0001). 108 (65%) of 166 MSM reported anal-receptive sex. MSM who engaged in anal-receptive sex presented with proctitis (41 [38%] of 108 vs four [7%] of 58, absolute difference 31% [95% CI 19-44]; p<0·0001) and systemic symptoms before the rash (67 [62%] vs 16 [28%], absolute difference 34% [28-62]; p<0·0001) more frequently than MSM who did not engage in anal-receptive sex. 18 (95%) of 19 participants with tonsillitis reported practising oral-receptive sex. The median time from onset of lesions to formation of a dry crust was 10 days (IQR 7-13). INTERPRETATION: In our cohort, monkeypox caused genital, perianal, and oral lesions and complications including proctitis and tonsillitis. Because of the variability of presentations, clinicians should have a low threshold for suspicion of monkeypox. Lesion swabs showed the highest viral loads, which, combined with the history of sexual exposure and the distribution of lesions, suggests close contact is probably the dominant transmission route in the current outbreak. FUNDING: None.","[MeSH] Adult; [MeSH] Female; [MeSH] HIV Infections; [MeSH] Homosexuality, Male; [MeSH] Humans; [MeSH] Male; [MeSH] Mpox, Monkeypox; [MeSH] Monkeypox virus; [MeSH] Proctitis; [MeSH] Prospective Studies; [MeSH] Sexual Behavior; [MeSH] Sexual and Gender Minorities; [MeSH] Sexually Transmitted Diseases; [MeSH] Smallpox; [MeSH] Spain; [MeSH] Tonsillitis"
37075110,Structural basis for the assembly of the DNA polymerase holoenzyme from a monkeypox virus variant.,"Yaning Li, Yaping Shen, Ziwei Hu, Renhong Yan",Science advances. 2023. doi: 10.1126/sciadv.adg2331..,Li,Science advances,2023,2023/04/19,,,10.1126/sciadv.adg2331,"The ongoing global pandemic caused by a variant of the monkeypox (or mpox) virus (MPXV) has prompted widespread concern. The MPXV DNA polymerase holoenzyme, consisting of F8, A22, and E4, is vital for replicating the viral genome and represents a crucial target for the development of antiviral drugs. However, the assembly and working mechanism for the DNA polymerase holoenzyme of MPXV remains elusive. Here, we present the cryo-electron microscopy (cryo-EM) structure of the DNA polymerase holoenzyme at an overall resolution of 3.5 Å. Unexpectedly, the holoenzyme is assembled as a dimer of heterotrimers, of which the extra interface between the thumb domain of F8 and A22 shows a clash between A22 and substrate DNA, suggesting an autoinhibition state. Addition of exogenous double-stranded DNA shifts the hexamer into trimer exposing DNA binding sites, potentially representing a more active state. Our findings provide crucial steps toward developing targeted antiviral therapies for MPXV and related viruses.","[MeSH] Humans; [MeSH] Monkeypox virus; [MeSH] Cryoelectron Microscopy; [MeSH] Mpox, Monkeypox; [MeSH] DNA-Directed DNA Polymerase"
38000313,Pharyngo-tonsillar involvement of Mpox in a cohort of men who have sex with men (MSM): A serious risk of missing diagnosis.,"Carmela Pinnetti, Annalisa Mondi, Valentina Mazzotta, Serena Vita, Fabrizio Carletti, Camilla Aguglia, Alessia Beccacece, Alessandra Vergori, Roberta Gagliardini, Eliana Specchiarello, Tommaso Ascoli Bartoli, Francesco Baldini, Maria Letizia Giancola, Maria Beatrice Valli, Alessandra D'Abramo, Saba Gebremeskel Teklè, Carla Fontana, Anna Rosa Garbuglia, Enrico Girardi, Fabrizio Maggi, Francesco Vaia, Emanuele Nicastri, Andrea Antinori",Journal of infection and public health. 2023. doi: 10.1016/j.jiph.2023.11.015..,Pinnetti,Journal of infection and public health,2024,2023/11/15,,,10.1016/j.jiph.2023.11.015,"During the 2022-outbreak, peculiar clinical presentations of Mpox have been described, some of which can make the diagnosis of the disease extremely challenging. Here we report a case series of fourteen patients with Mpox pharynogotonsillar involvement (PTI) seen at National Institute for Infectious Diseases, ""Lazzaro Spallanzani"", in Rome, Italy from May to September 2022. All included patients were men who have sex with men (median age 38 years) reporting unprotected sex within three weeks from symptoms onset. Seven out of fourteen patients needed hospitalization due to uncontrolled pain, reduced airspace and difficulty swallowing, of whom five were effectively treated with tecovirimat or cidofovir. The remaining two patients were treated with symptomatic drugs. The typical Mpox muco-cutaneous manifestations were not observed simultaneously with PTI in three patients, two of whom developed the lesions after several days, while one never manifested them. Polymerase Chain Reaction (PCR) for Mpox virus was positive in oropharyngeal swab, saliva and serum. Although PTI occurs in only a small percentage of Mpox cases, its diagnosis is of utmost importance. In fact, this localization, if not identified, could lead to serious complications in the absence of early antiviral treatment and to missed diagnosis with an increased risk of disease transmission.",Emerging infectious diseases; MPXV; MSM; Mpox; Pharyngo-tonsillitis
37622722,Laryngeal Manifestations of the Human Monkeypox Virus.,"Victor B Hsue, Kaitlynne Pak, Estelle Viaud-Murat, Martin L Hopp, Anca M Barbu",The Laryngoscope. 2023. doi: 10.1002/lary.31012..,Hsue,The Laryngoscope,2024,2023/08/25,,,10.1002/lary.31012,"An HIV+ patient presented with human monkeypox and ENT was consulted to rule out a deep neck abscess. Flexible nasopharyngolaryngoscopy showed severe laryngeal edema and new findings consistent with laryngeal HMPX. The patient was monitored for a potential difficult airway situation, started on appropriate treatment, and showed symptom resolution. Laryngoscope, 134:1340-1342, 2024.",laryngeal edema; larynx; monkeypox; supraglottis
36163479,Management of Contacts of the First Imported Monkeypox Case in Korea.,"Minjoung Shin, Ja Eun Kim, Hye Young Lee, Su-Yeon Lee, Sang-Eun Lee, Young-Joon Park, Hyungmin Lee",Journal of Korean medical science. 2022. doi: 10.3346/jkms.2022.37.e285..,Shin,Journal of Korean medical science,2022,2022/09/26,,,10.3346/jkms.2022.37.e285,"On 22 June, a man who returned to South Korea from Germany tested positive for the monkeypox virus using real-time polymerase chain reaction. We identified 49 contacts concerning the first monkeypox case and classified them into two groups based on risk exposure levels. Through active monitoring of eight people in the medium-risk group and passive monitoring of 41 people in the low-risk group, we identified that no secondary transmission occurred over 21 days. The prompt active or passive monitoring of the index case of imported monkeypox could prevent community transmission in Korea.",MPX; Monkeypox; Monkeypox Virus
36973539,Cryo-EM structures of human monkeypox viral replication complexes with and without DNA duplex.,"Yunxia Xu, Yaqi Wu, Yuanyuan Zhang, Ruixin Fan, Yaxue Yang, Danyang Li, Shimin Zhu, Biao Yang, Zhengyu Zhang, Changjiang Dong",Cell research. 2023. doi: 10.1038/s41422-023-00796-1..,Xu,Cell research,2023,2023/03/27,,,10.1038/s41422-023-00796-1,,"[MeSH] Humans; [MeSH] Cryoelectron Microscopy; [MeSH] Mpox, Monkeypox; [MeSH] DNA; [MeSH] Virus Replication"
37344469,Male genital lesions in monkeypox virus infection: a case series.,"Tariq Abdul Hamid, Amr Elmekresh, Almas Zulfiquar Parkar, Mohamad Motaz Al Masri, Yaser Saeedi",The Canadian journal of urology. 2023.,Hamid,The Canadian journal of urology,2023,2023/06/01,,,,"Monkeypox virus (MPV) is a rare zoonotic infection caused by an orthopoxvirus. The sudden outbreak of more than 3000 MPV infection from 50 countries has led the WHO to declare the infection as an ""evolving threat of moderate public health concern"". Here, we describe a case series of two cases of the MPV with a similar onset of cutaneous lesions in the genital area but with different progression in 35 and 41-year-old males respectively. Both of our patients were reported heterosexual with a 10-day prior history of unprotected sexual activity with a sex worker. Case 1 was uncomplicated having rashes over the chest, back, arms, and legs along with the occurrence of fluid-filled painless vesicles which was managed with topical antibiotic cream and wound care using povidone-iodine dressing along with oral amoxicillin/clavulanic acid. On the contrary, case 2 had a progressive necrotic lesion, which spread from the root of the penis involving the foreskin despite supportive measures eventually requiring circumferential surgical debridement of the foreskin. Hence, given the current outbreak, we must consider the possibility of genital MPV in patients with suggestive lesions, anywhere on the body (including the genitals), added to an epidemiological link or history of intimate contact with individuals that may be at high risk for transmission.",cutaneous lesions; genital lesions; monkeypox virus; public health concern
36578890,Atypical Eruptive Xanthoma: A Condition Confused With Monkeypox Rash.,"Yotsapon Thewjitcharoen, Natthakan Saiwaew, Soontaree Nakasatien, Thep Himathongkam",Journal of the ASEAN Federation of Endocrine Societies. 2022. doi: 10.15605/jafes.037.02.18..,Thewjitcharoen,Journal of the ASEAN Federation of Endocrine Societies,2022,2022/10/28,,,10.15605/jafes.037.02.18,,chylomicronemia; eruptive xanthoma; lipemia retinalis
36633799,Mpox and Sexually Transmitted Infection Testing in the Outpatient Primary Care Setting-Why LGBTQ Health Is Global Health.,"Ysabel C Ilagan-Ying, Ann Fisher, Anna Zimmerman, Anthony Pellegrino, Scott C Roberts",Journal of general internal medicine. 2023. doi: 10.1007/s11606-022-07988-2..,Ilagan-Ying,Journal of general internal medicine,2023,2023/01/12,,,10.1007/s11606-022-07988-2,,"[MeSH] Humans; [MeSH] Outpatients; [MeSH] Global Health; [MeSH] Mpox, Monkeypox; [MeSH] Sexually Transmitted Diseases; [MeSH] Sexual and Gender Minorities; [MeSH] Primary Health Care"
40143629,"A Hybrid Plasmonic Nanoplatform for One-Pot DNA and Antibody Detection of Hepatitis B, Monkeypox, and Associated Infections.","Hongjun Xiao, Ziqi Jin, Ying Liu, Yang Yang, Guanghui Wang, Yun He, Yue Yin, Rongrong Zou, Xiaohe Li, Jingkai Yang, Jiahui Lv, Li Cheng, Pan-Lin Shao, Jing Yuan, Bo Zhang",Nano letters. 2025. doi: 10.1021/acs.nanolett.5c01407..,Xiao,Nano letters,2025,2025/03/27,,,10.1021/acs.nanolett.5c01407,"Currently, nucleic acid and antibody tests for infectious diseases are conducted independently, often resulting in fragmented diagnostics and delayed clinical decision-making. Given the diversity of analytes involved in infectious diseases, comprehensive detection is essential in clinical practice. Here, we introduce One-potNASH, a novel DNA and antibody hybrid plasmonic nanoplatform that unifies nucleic acid and antibody detection within a single assay. By integrating extraction-free thermal lysis of 1 μL of serum, One-potNASH achieves single-DNA copy sensitivity while enhancing antibody detection sensitivity by more than 2 orders of magnitude compared to that of an enzyme-linked immunosorbent assay. Clinically, One-potNASH for hepatitis B, monkeypox (MPX), and associated infections can detect DNA and multiplexed antibodies (anti-HBc, anti-HCV, and anti-HIV for hepatitis B and anti-A29L, anti-H3L, and anti-HIV for MPX) with 100% sensitivity and specificity. This integrated approach addresses critical clinical needs by streamlining workflows, reducing diagnosis time, and enabling a comprehensive evaluation of infectious diseases, thereby facilitating rapid therapeutic interventions and improved patient outcomes.",hepatitis B; hybrid chip; monkeypox; one-pot DNA and antibody detection; plasmonic nanoplatform
35969365,Severe monkeypox-virus infection in undiagnosed advanced HIV infection.,"Christoph Boesecke, Malte B Monin, Kathrin van Bremen, Stefan Schlabe, Christian Hoffmann",Infection. 2022. doi: 10.1007/s15010-022-01901-z..,Boesecke,Infection,2022,2022/08/15,,,10.1007/s15010-022-01901-z,,AIDS; HIV; Immunodeficiency; MPX; Monkeypox
37661324,Bilateral Conjunctivitis in the Course of Monkeypox Infection.,"Ines Lanzl, Christoph Spinner",Deutsches Arzteblatt international. 2023. doi: 10.3238/arztebl.m2022.0346..,Lanzl,Deutsches Arzteblatt international,2023,2023/07/10,,,10.3238/arztebl.m2022.0346,,"[MeSH] Humans; [MeSH] Mpox, Monkeypox; [MeSH] Conjunctivitis"
37459916,Mpox virus DNA contamination can still be detected by qPCR analysis after autoclaving.,"A Spencer, I Nicholls, O Onianwa, J Furneaux, J Grieves, T Pottage, S Gould, T Fletcher, J Dunning, A M Bennett, B Atkinson",The Journal of hospital infection. 2023. doi: 10.1016/j.jhin.2023.07.006..,Spencer,The Journal of hospital infection,2023,2023/07/15,,,10.1016/j.jhin.2023.07.006,,"[MeSH] Humans; [MeSH] DNA Contamination; [MeSH] DNA, Viral; [MeSH] Monkeypox virus; [MeSH] Mpox, Monkeypox"
36074449,First case report of monkeypox in Brazil: clinical manifestations and differential diagnosis with sexually transmitted infections.,"Evelyn Lepka de Lima, Luiz Alberto Costa Barra, Luciana Marques Sansão Borges, Lucas Alberto Medeiros, Marcia Y S Tomishige, Lucas de Souza Loureiro Abbud Santos, Anderson José Dias da Silva, Camila Cristina Martini Rodrigues, Luiz Cesar Fernandes de Azevedo, Lucy Santos Villas-Boas, Camila Alves Maia da Silva, Thaís Moura Coletti, Erika R Manuli, Ingra Morales Claro, Camila Malta Romano, Mariana Severo Ramundo, Tomas Moutinho, Ester Cerdeira Sabino, José Angelo Lauletta Lindoso, Claudia Figueiredo-Mello",Revista do Instituto de Medicina Tropical de Sao Paulo. 2022. doi: 10.1590/S1678-9946202264054..,Lima,Revista do Instituto de Medicina Tropical de Sao Paulo,2022,2022/09/05,,,10.1590/S1678-9946202264054,"In 2022, an outbreak of monkeypox is being reported in non-endemic areas, with unusual clinical manifestations. The detailed clinical description of the first patient that received the diagnosis of monkeypox in Brazil is reported here, whose clinical manifestations can easily lead to misdiagnosis of sexually transmitted infections. A 41 years old male presented to an emergency room with a vesicular rash with eight days of evolution. He had traveled to Portugal and Spain and reported non-penetrative sexual involvement with three different male individuals. On the third day of symptoms, he sought medical care and received empirical treatment directed to sexually transmitted infections. As the symptoms did not improve, he sought medical attention at an infectious disease referral center presenting, on admission, an ulcerated penile lesion with central necrotic crusts, a disseminated pleomorphic skin rash and an oropharyngeal ulcer. The monkeypox diagnosis was suspected due to the characteristics of the lesions and the history of intimate contact with casual partners, and it was later confirmed by sequencing the almost complete monkeypox genome. The patient was hospitalized for pain control, which required opiate administration. He developed a secondary bacterial infection on the penile lesions, which were treated with oral antibiotics. He was discharged after 14 days, with lesions in process of re-epithelialization. Given the current outbreak, we must consider the possibility of monkeypox in patients with suggestive lesions, anywhere on the body (including the genitals), added to an epidemiological link or history of intimate contact with strangers or casual partners.","[MeSH] Adult; [MeSH] Animals; [MeSH] Brazil; [MeSH] Diagnosis, Differential; [MeSH] Disease Outbreaks; [MeSH] Humans; [MeSH] Male; [MeSH] Mpox, Monkeypox; [MeSH] Sexually Transmitted Diseases"
36295614,Integrated Analgesic Care in the Current Human Monkeypox Outbreak: Perspectives on an Integrated and Holistic Approach Combining Old Allies with Innovative Technologies.,"Guy Henri Hans, Davina Wildemeersch, Ine Meeus","Medicina (Kaunas, Lithuania). 2022. doi: 10.3390/medicina58101454..",Hans,"Medicina (Kaunas, Lithuania)",2022,2022/10/15,,,10.3390/medicina58101454,"Monkeypox (MPX) is a zoonotic infection caused by an orthopoxvirus that is endemic to Central and Western Africa. The MPX virus is a part of the same family of viruses as the variola virus, which causes smallpox. Since May 2022, there has been a global increase in the incidence of MPX infections in multiple countries where the illness is not usually prevalent. A growing number of publications have emphasized on the need for increased awareness among all health professionals for the rapid recognition and diagnosis of this disease and for proper public health measures. However, atypical presentations and occurrence of uncommon symptoms receive less than the desired attention. More specifically, MPX infection related nociceptive symptoms are currently underexposed. Nevertheless, reports from the current outbreak have revealed that (severe) pain is one of the major causes for distress and even hospitalization in these patients. As for all serious pain conditions, an integrated, multidisciplinary, and holistic approach is indicated. This approach should be multimodal and include non-pharmacological therapies alongside pharmacological approaches. Health care professionals should be aware of available alternatives when first choice analgesic therapies fail. Protocols for identification of pain type and prolonged monitoring of clinical status should be implemented to improve patient well-being during acute infection, but also prevent chronic nociceptive syndromes.",analgesia; digital health; holistic care; human; monkeypox; neuropathic pain; pain; symptom management
36890634,Anogenital herpes simplex virus infection clinically indistinguishable from mpox (formerly named monkeypox).,"Alexander Kreuter, Valentina Laura Müller, Jörg Schaller, Eva Heger, Ulrike Wieland",Journal of medical virology. 2023. doi: 10.1002/jmv.28640..,Kreuter,Journal of medical virology,2023,2023/03/01,,,10.1002/jmv.28640,,"[MeSH] Humans; [MeSH] Mpox, Monkeypox; [MeSH] Herpes Genitalis"
37806409,Mpox and herpes simplex virus type 2 coinfection in a patient with HIV.,"Han Li, Navid Farahbakhsh, Mahtab Forouzandeh, Naveen Baskaran, Kiran Motaparthi",Clinics in dermatology. 2023. doi: 10.1016/j.clindermatol.2023.10.002..,Li,Clinics in dermatology,2023,2023/10/07,,,10.1016/j.clindermatol.2023.10.002,,"[MeSH] Humans; [MeSH] Herpesvirus 2, Human; [MeSH] Coinfection; [MeSH] Mpox, Monkeypox; [MeSH] HIV Infections; [MeSH] Herpes Genitalis; [MeSH] Herpes Simplex"
37224489,Kaposi Varicelliform Eruption of Mpox in a Peeling Sunburn.,"Jennifer L Adams, Elizabeth R Schnaubelt, Angela L Hewlett, Corey J Georgesen, Scott R Lauer, Ashley Wysong, James V Lawler",Cutis. 2023. doi: 10.12788/cutis.0733..,Adams,Cutis,2023,2023/03/01,,,10.12788/cutis.0733,,"[MeSH] Humans; [MeSH] Kaposi Varicelliform Eruption; [MeSH] Sunburn; [MeSH] Mpox, Monkeypox"
36201883,"Hand, Foot, and Mouth Disease as Differential Diagnosis of Monkeypox, Germany, August 2022.","Anahita Fathi, Stefan Schmiedel",Emerging infectious diseases. 2022. doi: 10.3201/eid2812.221487..,Fathi,Emerging infectious diseases,2022,2022/10/06,,,10.3201/eid2812.221487,,Germany; MPX; coxsackievirus; enterovirus; hand foot and mouth disease; monkeypox; sexually transmitted infections; viruses
36082686,"A large multi-country outbreak of monkeypox across 41 countries in the WHO European Region, 7 March to 23 August 2022.","Aisling M Vaughan, Orlando Cenciarelli, Soledad Colombe, Luís Alves de Sousa, Natalie Fischer, Celine M Gossner, Jeff Pires, Giuditta Scardina, Gudrun Aspelund, Margarita Avercenko, Sara Bengtsson, Paula Blomquist, Anna Caraglia, Emilie Chazelle, Orna Cohen, Asuncion Diaz, Christina Dillon, Irina Dontsenko, Katja Kotkavaara, Mario Fafangel, Federica Ferraro, Richard Firth, Jannik Fonager, Christina Frank, Mireia G Carrasco, Kassiani Gkolfinopoulou, Marte Petrikke Grenersen, Bernardo R Guzmán Herrador, Judit Henczkó, Elske Hoornenborg, Derval Igoe, Maja Ilić, Klaus Jansen, Denisa-Georgiana Janță, Tone Bjordal Johansen, Ana Kasradze, Anders Koch, Jan Kyncl, João Vieira Martins, Andrew McAuley, Kassiani Mellou, Zsuzsanna Molnár, Zohar Mor, Joël Mossong, Alina Novacek, Hana Orlikova, Iva Pem Novosel, Maria K Rossi, Malgorzata Sadkowska-Todys, Clare Sawyer, Daniela Schmid, Anca Sîrbu, Klara Sondén, Arnaud Tarantola, Margarida Tavares, Marianna Thordardottir, Veronika Učakar, Catharina Van Ewijk, Juta Varjas, Anne Vergison, Roberto Vivancos, Karolina Zakrzewska, Richard Pebody, Joana M Haussig",Euro surveillance : bulletin Europeen sur les maladies transmissibles = European communicable disease bulletin. 2022. doi: 10.2807/1560-7917.ES.2022.27.36.2200620..,Vaughan,Euro surveillance : bulletin Europeen sur les maladies transmissibles = European communicable disease bulletin,2022,2022/09/01,,,10.2807/1560-7917.ES.2022.27.36.2200620,"Following the report of a non-travel-associated cluster of monkeypox cases by the United Kingdom in May 2022, 41 countries across the WHO European Region have reported 21,098 cases and two deaths by 23 August 2022. Nowcasting suggests a plateauing in case notifications. Most cases (97%) are MSM, with atypical rash-illness presentation. Spread is mainly through close contact during sexual activities. Few cases are reported among women and children. Targeted interventions of at-risk groups are needed to stop further transmission.",European Region; MPX; Monkeypox; orthopoxvirus; outbreak
38301635,A Case of Varicella Zoster and Mpox Coinfection in a Patient Living With HIV.,"Archisman Mazumder, Lindsay Lim, Cameron M White, Olivia T Van Gerwen",Sexually transmitted diseases. 2024. doi: 10.1097/OLQ.0000000000001934..,Mazumder,Sexually transmitted diseases,2024,2024/01/23,,,10.1097/OLQ.0000000000001934,"We present a case of recurrent, cutaneous mpox with coinfection of disseminated varicella zoster in an immunocompromised patient with poorly controlled HIV. This case demonstrates the importance of maintaining a high index of suspicion for mpox despite prior infection and vaccination, as suboptimal immune response is possible in immunocompromised patients, and also noting the potential for coinfection necessitating timely diagnosis and appropriate testing.","[MeSH] Humans; [MeSH] Chickenpox; [MeSH] Coinfection; [MeSH] Mpox, Monkeypox; [MeSH] Varicella Zoster Virus Infection; [MeSH] Herpes Zoster; [MeSH] HIV Infections"
38725328,Severe ocular Mpox in person living with advanced HIV treated with extended course of tecovirimat.,"Lottie Brown, Pippa Sargent, Meriam Islam, Catriona Downie, Ali Hassan, Geraldine O'Hara, Sam Douthwaite, Ranjababu Kulasegaram, Scott Robbie, Emma Aarons, Iain D Milligan",HIV medicine. 2024. doi: 10.1111/hiv.13656..,Brown,HIV medicine,2024,2024/05/09,,,10.1111/hiv.13656,"BACKGROUND: People living with HIV are disproportionately represented among people with severe mpox. Mild and self-limiting conjunctival involvement has been well-documented, and severe ocular complications, including keratitis, corneal scarring, and the associated loss of vision, are increasingly recognized. Tecovirimat is the first-line antiviral therapy for severe mpox, but data around the efficacy of systemic antiviral agents for mpox are limited, particularly in cases of ocular mpox. CASE REPORT: Here, we describe a case of sight-threatening necrotic blepharokeratoconjunctivitis in a person with advanced HIV, requiring an extended course of tecovirimat due to persistent mpox viral shedding for nearly 5 months.",Mpox; corneal ulcer; immune reconstitution; keratitis; monkeypox; ocular complications; ophthalmology; viral infection
36168776,Thyroid Disorder: A Possible Forgotten Clinical Feature of Monkeypox.,"Beuy Joob, Viroj Wiwanitkit","Endocrinology and metabolism (Seoul, Korea). 2022. doi: 10.3803/EnM.2022.1566..",Joob,"Endocrinology and metabolism (Seoul, Korea)",2023,2022/09/28,,,10.3803/EnM.2022.1566,,"[MeSH] Humans; [MeSH] Mpox, Monkeypox; [MeSH] Thyroid Diseases"
36175021,An unusual case of human monkeypox with successive asynchronous rashes.,"Marie Cortier, Etienne Raphael, Morgane Mailhe, Michael Thy, Chloé Bertin, Dorothée Vallois, Xavier Lescure, Jade Ghosn",Journal of medical virology. 2022. doi: 10.1002/jmv.28180..,Cortier,Journal of medical virology,2023,2022/10/07,,,10.1002/jmv.28180,,"[MeSH] Animals; [MeSH] Humans; [MeSH] Mpox, Monkeypox; [MeSH] Zoonoses; [MeSH] Monkeypox virus; [MeSH] Exanthema"
36126913,"Monkeypox coinfection with Neurosyphilis in a transgender with HIV in Atlanta, USA.","Nikhila Gandrakota, Hannah Lee, Oguchi Nwosu, Ambar Kulshreshtha",Travel medicine and infectious disease. 2022. doi: 10.1016/j.tmaid.2022.102454..,Gandrakota,Travel medicine and infectious disease,2022,2022/09/17,,,10.1016/j.tmaid.2022.102454,,Co-infection; HIV; Monkeypox; Syphilis; Transgender
22981983,Evaluation of the Tetracore Orthopox BioThreat® antigen detection assay using laboratory grown orthopoxviruses and rash illness clinical specimens.,"Michael B Townsend, Adam MacNeil, Mary G Reynolds, Christine M Hughes, Victoria A Olson, Inger K Damon, Kevin L Karem",Journal of virological methods. 2012. doi: 10.1016/j.jviromet.2012.08.023..,Townsend,Journal of virological methods,2013,2012/09/05,,,10.1016/j.jviromet.2012.08.023,The commercially available Orthopox BioThreat® Alert assay for orthopoxvirus (OPV) detection is piloted. This antibody-based lateral-flow assay labels and captures OPV viral agents to detect their presence. Serial dilutions of cultured Vaccinia virus (VACV) and Monkeypox virus (MPXV) were used to evaluate the sensitivity of the Tetracore assay by visual and quantitative determinations; specificity was assessed using a small but diverse set of diagnostically relevant blinded samples from viral lesions submitted for routine OPV diagnostic testing. The BioThreat® Alert assay reproducibly detected samples at concentrations of 10(7)pfu/ml for VACV and MPXV and positively identified samples containing 10(6)pfu/ml in 4 of 7 independent experiments. The assay correctly identified 9 of 11 OPV clinical samples and had only one false positive when testing 11 non-OPV samples. Results suggest applicability for use of the BioThreat® Alert assay as a rapid screening assay and point of care diagnosis for suspect human monkeypox cases.,"[MeSH] Biological Assay; [MeSH] Bioterrorism; [MeSH] DNA, Viral; [MeSH] Humans; [MeSH] Mpox, Monkeypox; [MeSH] Monkeypox virus; [MeSH] Orthopoxvirus; [MeSH] Polymerase Chain Reaction; [MeSH] Poxviridae Infections; [MeSH] Vaccinia virus"
37185835,"An imported case of fatal encephalitis associated with mpox virus infection, India, July 2022.","Pragya D Yadav, Meenakshy Vasu, Fazil Abubaker, Rima R Sahay, Aravind Reghukumar, Anukumar Bala Krishnan, Kavya Prabha, Asha Konipparambil Papu, Lakshmi Geetha Gopalakrishnan, Nizamuddin Mundangalam, Aboobaker Siddiq, Deepak Y Patil, Anita M Shete, Priya Abraham, Anoop Rajendra Prasad, Anoop Thavakara Koolothuvalappil, Kavya Karunakaran",Journal of medical virology. 2023. doi: 10.1002/jmv.28755..,Yadav,Journal of medical virology,2023,2023/04/01,,,10.1002/jmv.28755,,"[MeSH] Humans; [MeSH] Encephalitis; [MeSH] Encephalitis, Japanese; [MeSH] India; [MeSH] Mpox, Monkeypox; [MeSH] Virus Diseases"
29619921,"Reemergence of Human Monkeypox in Nigeria, 2017.","Adesola Yinka-Ogunleye, Olusola Aruna, Dimie Ogoina, Neni Aworabhi, Womi Eteng, Sikiru Badaru, Amina Mohammed, Jeremiah Agenyi, E N Etebu, Tamuno-Wari Numbere, Adolphe Ndoreraho, Eduard Nkunzimana, Yahyah Disu, Mahmood Dalhat, Patrick Nguku, Abdulaziz Mohammed, Muhammad Saleh, Andrea McCollum, Kimberly Wilkins, Ousmane Faye, Amadou Sall, Christian Happi, Nwando Mba, Olubumi Ojo, Chikwe Ihekweazu",Emerging infectious diseases. 2018. doi: 10.3201/eid2406.180017..,Yinka-Ogunleye,Emerging infectious diseases,2018,2018/06/17,,,10.3201/eid2406.180017,"In Nigeria, before 2017 the most recent case of human monkeypox had been reported in 1978. By mid-November 2017, a large outbreak caused by the West African clade resulted in 146 suspected cases and 42 laboratory-confirmed cases from 14 states. Although the source is unknown, multiple sources are suspected.",Human monkeypox; Nigeria; disease; reemergence; viruses; zoonoses
36918376,"Orf Nodule with Erythema Multiforme during a Monkeypox Outbreak, France, 2022.","Charlotte Cavalieri, Anne-Sophie Dupond, Audrey Ferrier-Rembert, Olivier Ferraris, Timothée Klopfenstein, Souheil Zayet",Emerging infectious diseases. 2023. doi: 10.3201/eid2904.230058..,Cavalieri,Emerging infectious diseases,2023,2023/03/14,,,10.3201/eid2904.230058,"A 26-year-old patient in France who worked as a butcher sought care initially for erythema multiforme. Clinical examination revealed a nodule with a crusty center, which upon investigation appeared to be an orf nodule. Diagnosis was confirmed by PCR. The patient was not isolated and had a favorable outcome after basic wound care.",France; PCR; erythema multiforme; monkeypox; orf nodule; parapoxvirus; viruses
36423828,Radiology Readiness for Monkeypox: Experience From an Epicenter of the Public Health Emergency.,"Mark C Liszewski, Andrew Chiang, Inessa Gendlina, Ruchika Jain, Nancy Turner, Judy Yee",Journal of the American College of Radiology : JACR. 2022. doi: 10.1016/j.jacr.2022.11.004..,Liszewski,Journal of the American College of Radiology : JACR,2024,2022/11/21,,,10.1016/j.jacr.2022.11.004,,"[MeSH] Humans; [MeSH] Mpox, Monkeypox; [MeSH] Public Health; [MeSH] Radiography; [MeSH] Radiology"
37796188,18 F-FDG PET/CT Findings in Monkeypox Infection in an HIV Patient.,"Begoña Manzarbeitia-Arroba, Sebastian Ruiz-Solis, Diana Vega-Perez, Pilar Garcia-Alonso, Maria Jose Tabuenca",Clinical nuclear medicine. 2023. doi: 10.1097/RLU.0000000000004872..,Manzarbeitia-Arroba,Clinical nuclear medicine,2023,2023/09/29,,,10.1097/RLU.0000000000004872,A 29-year-old man diagnosed with monkeypox infection underwent an 18 F-FDG PET/CT for the study of organic involvement in the context of a nonsatisfactory clinical evolution. He had a history of HIV (with undetectable viral load). FDG PET/CT showed multiple hypermetabolic lymphadenopathies and bilateral pulmonary nodules with mild 18 F-FDG uptake.,"[MeSH] Male; [MeSH] Humans; [MeSH] Adult; [MeSH] Fluorodeoxyglucose F18; [MeSH] Positron Emission Tomography Computed Tomography; [MeSH] Radiopharmaceuticals; [MeSH] Mpox, Monkeypox; [MeSH] HIV Infections"
36669191,"Clinical, histopathological and ultrastructural features of human monkeypox infection in the 2022 outbreak: report of a case with immunohistochemistry for vaccinia virus.","L Prieto-Pérez, A M Vicente Montaña, C Santonja, J Fortes, D García-Fresnadillo, M Jo-Velasco, L Requena, A Cabello, R Fernández-Roblas, B Álvarez, I Carrillo, M Górgolas",Clinical and experimental dermatology. 2023. doi: 10.1093/ced/llac020..,Prieto-Pérez,Clinical and experimental dermatology,2023,2023/01/20,,,10.1093/ced/llac020,,"[MeSH] Humans; [MeSH] Vaccinia virus; [MeSH] Mpox, Monkeypox; [MeSH] Immunohistochemistry; [MeSH] Disease Outbreaks"
39977402,Xmas-NT: A Novel Two-Color Fluorescence Micro Neutralization Test for the Detection of Neutralizing Antibodies Against Monkeypox Virus.,"Clemens Bodenstein, Daniel Bourquain, Andreas Nitsche, Marica Grossegesse",Journal of medical virology. 2025. doi: 10.1002/jmv.70246..,Bodenstein,Journal of medical virology,2025,2025/02/01,,,10.1002/jmv.70246,"Since the global outbreak of Mpox in 2022, interest in seroepidemiological and vaccine studies has grown rapidly. One aspect of interest in these studies is the detection of neutralizing antibodies to the causative agent, monkeypox virus (MPXV). Determination of neutralizing antibodies using a (micro)-neutralization test (NT) is the gold standard method, which is time consuming and labor intensive. Here, we present the comparison of different methods to facilitate MPXV NT analysis resulting in the establishment of an optimized MPXV NT protocol. The optimized protocol is based on a recombinant eGFP-expressing MPXV and a recombinant mCherry-expressing VeroE6 cell line. Using the so-called Xmas-NT, the incubation time can be reduced by 60%. In addition, compared to the conventional NT, the documentation time of the Xmas-NT is significantly reduced by 80%, making it suitable for serological high throughput screening studies.",micro neutralization assay; monkeypox virus; neutralizing antibodies
26664524,Pox-like lesions and haemorrhagic fever in two concurrent cases in the Central African Republic: case investigation and management in difficult circumstances.,"Guenter Froeschl, Pitchou Kasongo Kayembe",The Pan African medical journal. 2015. doi: 10.11604/pamj.2015.22.23.6620..,Froeschl,The Pan African medical journal,2015,2015/09/10,,,10.11604/pamj.2015.22.23.6620,"Cases of monkeypox in humans are frequently reported from the Democratic Republic of Congo. The few reports from the Central African Republic have been limited to cases in the far South closely bordering the Congos. Team members of an international medical organisation have suspected clinically two human cases of MPX, associated with clinical signs of coagulopathy and haemorrhage in the North of the country. Key findings were history of a squirrel, fever and vesicular dermal eruptions. Subsequently patients developed profuse epistaxis and hematemesis, associated with clinical signs of shock. Both patients were isolated and treated symptomatically. Samples were sent to a regional reference laboratory, who initially issued a confirmation of the suspected diagnosis of MPX in both cases. The result was later revised, and additional analyses of samples could not confirm the diagnosis.",Central African Republic; Pox-like lesions; fever; haemorrhage; monkeypox
14103224,PROTECTION OF RHESUS MONKEYS AGAINST MONKEYPOX BY VACCINIA VIRUS IMMUNIZATION.,"S MCCONNELL, Y F HERMAN, D E MATTSON, D L HUXSOLL, C M LANG, R H YAGER",American journal of veterinary research. 1964.,MCCONNELL,American journal of veterinary research,1964,1964/01/01,,,,,ANTIBODIES; EXPERIMENTAL LAB STUDY; HEMAGGLUTINATION INHIBITION TESTS; MONKEY DISEASES; NEUTRALIZATION TESTS; POXVIRUS; VACCINES; VACCINIA VIRUS; VIRUS DISEASES
36520947,Structure of monkeypox virus DNA polymerase holoenzyme.,"Qi Peng, Yufeng Xie, Lu Kuai, Han Wang, Jianxun Qi, George F Gao, Yi Shi","Science (New York, N.Y.). 2022. doi: 10.1126/science.ade6360..",Peng,"Science (New York, N.Y.)",2023,2022/12/15,,,10.1126/science.ade6360,"The World Health Organization declared mpox (or monkeypox) a public health emergency of international concern in July 2022, and prophylactic and therapeutic measures are in urgent need. The monkeypox virus (MPXV) has its own DNA polymerase F8, together with the processive cofactors A22 and E4, constituting the polymerase holoenzyme for genome replication. Here, we determined the holoenzyme structure in complex with DNA using cryo-electron microscopy at the global resolution of ~2.8 angstroms. The holoenzyme possesses an architecture that suggests a ""forward sliding clamp"" processivity mechanism for viral DNA replication. MPXV polymerase has a DNA binding mode similar to that of other B-family DNA polymerases from different species. These findings reveal the mechanism of the MPXV genome replication and may guide the development of anti-poxvirus drugs.","[MeSH] Humans; [MeSH] Cryoelectron Microscopy; [MeSH] DNA Replication; [MeSH] DNA, Viral; [MeSH] DNA-Directed DNA Polymerase; [MeSH] Holoenzymes; [MeSH] Mpox, Monkeypox; [MeSH] Monkeypox virus; [MeSH] Virus Replication"
38157416,Atypical Mpox in a Nigerian Tertiary Health Facility.,"Nneka M Chika-Igwenyi, Uche S Unigwe, Nnennaya A Ajayi, Ogah E Onwe, Richard L Ewa, Chiedozie K Ojide, Alfred F Una, Chikaodiri Igwenyi, Kyrian S Chukwu, Gabriel M Okorie, Ugochukwu U Nnadozie, Ngozi A Ifebunandu, Collins N Ugwu, Sampson Emeka, Desi Ibemesi, Thomas O Nnaji, Nsikan O Primus, Ehiakhamen Odianosen",The Journal of infectious diseases. 2024. doi: 10.1093/infdis/jiad607..,Chika-Igwenyi,The Journal of infectious diseases,2024,2024/03/26,,,10.1093/infdis/jiad607,"BACKGROUND: We describe diverse clinical characteristics and course of confirmed mpox cases managed in a Nigerian tertiary health facility. METHODS: Clinical and epidemiologic data were analyzed, highlighting the unusual presentations of polymerase chain reaction (PCR)-confirmed mpox cases observed during the 2022 outbreak. RESULTS: Out of 17 suspected cases, 13 (76.4%) were PCR confirmed for mpox. The mean ± SD age for the participants was 28.62 ± 10.29 years (range, 2-55), of which 9 (64.3%) were male. Of the 13 PCR-confirmed cases, 5 (38.5%) had varicella zoster virus coinfection, 2 (15.4%) had HIV coinfection, and 1 (7.7%) had diabetes mellitus comorbidity. All patients experienced rash, with 6 (46.2%) having significant genital lesions and 1 (7.7%) having a severe perianal lesion. A lack of prodromal symptoms was reported in 3 (23.1%), and a prolonged prodrome (>1 week) occurred in 5 (38.5%). Skin lesions were polymorphic in 6 (46.2%), and solitary skin lesions occurred in 3 (23.1%), which persisted for >120 days in 7.7%. CONCLUSIONS: Clinical recognition, diagnosis, and prevention remain a concern in resource-limited settings. Our findings highlight the need to further evaluate unusual skin lesions and to include mpox screening for genital skin lesions that are presumed to be sexually transmitted infections. Revision of clinical case definition and enhanced surveillance are key to early recognition and prevention of spread.",Diabetes Mellitus; Heterosexxuals; PCR confirmed; atypical presentation; mpox
38164967,"Clinical Manifestations of an Outbreak of Monkeypox Virus in Captive Chimpanzees in Cameroon, 2016.","Stephanie C Brien, Matthew LeBreton, Jeffrey B Doty, Matthew R Mauldin, Clint N Morgan, Emily G Pieracci, Jana M Ritter, Audrey Matheny, Bibila G Tafon, Ubald Tamoufe, Alain D Missoup, Julius Nwobegahay, Jean Michel Takuo, Felix Nkom, Moctar M M Mouiche, Jean Marc K Feussom, Kimberly Wilkins, Abel Wade, Andrea M McCollum",The Journal of infectious diseases. 2024. doi: 10.1093/infdis/jiad601..,Brien,The Journal of infectious diseases,2024,2024/03/26,,,10.1093/infdis/jiad601,"Monkeypox virus (MPXV) is a reemerging virus of global concern. An outbreak of clade I MPXV affected 20 captive chimpanzees in Cameroon in 2016. We describe the epidemiology, virology, phylogenetics, and clinical progression of this outbreak. Clinical signs included exanthema, facial swelling, perilaryngeal swelling, and eschar. Mpox can be lethal in captive chimpanzees, with death likely resulting from respiratory complications. We advise avoiding anesthesia in animals with respiratory signs to reduce the likelihood of death. This outbreak presented a risk to animal care staff. There is a need for increased awareness and a One Health approach to preparation for outbreaks in wildlife rescue centers in primate range states where MPXV occurs. Control measures should include quarantining affected animals, limiting human contacts, surveillance of humans and animals, use of personal protective equipment, and regular decontamination of enclosures.",One Health; epidemiology; mpox; outbreak; zoonosis
36281506,Laboratory Diagnosis of Monkeypox in South Korea: Continuing the Collaboration With the Public Sector.,"Namhee Kim, Sue Shin",Annals of laboratory medicine. 2022. doi: 10.3343/alm.2023.43.2.135..,Kim,Annals of laboratory medicine,2023,2022/10/25,,,10.3343/alm.2023.43.2.135,,Korea; Laboratory diagnosis; Monkeypox; Outbreak
36356606,Immunological signature in human cases of monkeypox infection in 2022 outbreak: an observational study.,"Chiara Agrati, Andrea Cossarizza, Valentina Mazzotta, Germana Grassi, Rita Casetti, Sara De Biasi, Carmela Pinnetti, Simona Gili, Annalisa Mondi, Flavia Cristofanelli, Domenico Lo Tartaro, Stefania Notari, Gaetano Maffongelli, Roberta Gagliardini, Lara Gibellini, Camilla Aguglia, Simone Lanini, Alessandra D'Abramo, Giulia Matusali, Carla Fontana, Emanuele Nicastri, Fabrizio Maggi, Enrico Girardi, Francesco Vaia, Andrea Antinori",The Lancet. Infectious diseases. 2022. doi: 10.1016/S1473-3099(22)00662-4..,Agrati,The Lancet. Infectious diseases,2023,2022/11/07,,,10.1016/S1473-3099(22)00662-4,"BACKGROUND: An unprecedented global monkeypox outbreak started in May, 2022. No data are yet available about the dynamics of the immune response against monkeypox virus. The aim of this study was to describe kinetics of T-cell response, inflammatory profile, and pox-specific T-cell induction in patients with laboratory-confirmed monkeypox. METHODS: 17 patients with laboratory-confirmed monkeypox admitted at the Lazzaro Spallanzani National Institute for Infectious Diseases (Rome, Italy), from May 19, to July 7, 2022, were tested for differentiation and activation profile of CD4 and CD8 T (expression of CD38, PD-1, and CD57 assessed by flow cytometry), frequency of pox-specific T cells (by standard interferon-γ ELISpot), and release of interleukin (IL)-1β, IL-6, IL-8, and tumour necrosis factor (TNF) in plasma (by ELISA). All patients were tested 10-12 days after symptoms onset. In a subgroup of nine patients with a laboratory-confirmed monkeypox, the kinetics of the immune response were analysed longitudinally according to timing from symptoms onset and compared with ten healthy donors (ie, health-care workers recruited from the same institution). FINDINGS: Among the 17 patients, ten were HIV negative and seven HIV positive, all with good viro-immunological status. On days 0-3 from symptom onset, patients with laboratory-confirmed monkeypox were characterised by a statistically significant reduction in CD4+ T cells (p=0·0011) and a concurrent increase of CD8+ T cells (p=0·0057) compared with healthy donors. A lower proportion of naive (CD45RA+CD27+) CD4+ T cells was observed in six (67%) of nine patients and a concomitant higher proportion of effector memory (CD45RA-CD27-) CD4+ T cells in all patients; this skewed immune profile tended to normalise over time. A similar differentiated profile was also observed in CD8+ T cells with a consistent expansion of terminally differentiated CD8+ T cells. Patients with monkeypox had a higher proportion of CD4+CD38+ and CD38+CD8+ T-cells than healthy donors, which normalised after 12-20 days from symptom onset. The expression of PD-1 and CD57 on CD4+ and CD8+ T-cells showed kinetics similar to that observed for CD38. Furthermore, the inflammatory cytokines (IL-1β, IL-6, IL-8, and TNF) were higher in patients with monkeypox than in healthy donors and, although they decreased over time, they remained elevated after recovery. Almost all patients (15 [94%] of 16) developed a pox-specific Th1 response. No differences in immune cells profile were observed between patients with and without HIV, whereas paucysimptomatic patients (without systemic symptoms, with less than five skin lesions, and no other mucosal localisation of monkeypox) showed a less perturbed immune profile early after symptom onset. INTERPRETATION: Our data showed the immunological signature of monkeypox virus infection, characterised by an early expansion of activated effector CD4+ and CD8+ T cells that persisted over time. Almost all patients, even regardless of HIV infection, developed a poxvirus-specific Th1 cell response. These results might have implications on the expected immunogenicity of monkeypox vaccination, suggesting that it might not be necessary to vaccinate people who have already been infected. FUNDING: Italian Ministry of Health. TRANSLATION: For the Italian translation of the abstract see Supplementary Materials section.","[MeSH] Humans; [MeSH] HIV Infections; [MeSH] Mpox, Monkeypox; [MeSH] Interleukin-6; [MeSH] Interleukin-8; [MeSH] Programmed Cell Death 1 Receptor; [MeSH] CD8-Positive T-Lymphocytes; [MeSH] CD4-Positive T-Lymphocytes"
38054557,Serological methods for the detection of antibodies against monkeypox virus applicable for laboratories with different biosafety levels.,"Marica Grossegesse, Daniel Stern, Natalie Hofmann, Rebecca Surtees, Claudia Kohl, Janine Michel, Andreas Nitsche",Journal of medical virology. 2023. doi: 10.1002/jmv.29261..,Grossegesse,Journal of medical virology,2023,2023/12/01,,,10.1002/jmv.29261,"The monkeypox virus (MPXV) outbreak in 2022 has renewed interest in the detection of antibodies against orthopox viruses (OPXV) and MPXV, as serological methods can aid diagnostics and are key to epidemiological studies. Here three complementary serological methods are described with different strengths to aid the development and evaluation of in-house assays: An immunofluorescence assay (IFA) for specific detection of IgG and IgM, an enzyme-linked immunosorbent assay for higher sample throughput to aid epidemiological studies and a neutralization test to detect virus neutralizing antibodies. As implementation of MPXV-specific diagnostics is often hampered by the requirement for a dedicated biosafety level 3 laboratory (BSL-3), the focus of this study is on biosafety aspects to facilitate safe testing also under BSL-2 conditions. To this aim, it was analyzed whether OPXV, which can be handled under BSL-2 conditions, could be used as less virulent alternatives to MPXV. Furthermore, an inactivation method was established to remove up to five log-steps of infectious virus particles from viraemic sera without compromising antibody detection. The results show that immunological cross-reactivity between OPXV provides an opportunity for the interchangeable usage of different OPXV species in serological assays, enabling MPXV serology outside of BSL-3 facilities.",antibody detection; monkeypox virus; orthopox virus; serology; virus inactivation
41240881,"A laboratory-developed test for the automated molecular detection of mpox clade I, mpox clade II, and non-variola Orthopoxvirus using the Panther Fusion® System.","Kajal M Patel, Erika A Roloff, Paa K Annobil, Pushker Raj",Journal of clinical virology : the official publication of the Pan American Society for Clinical Virology. 2025. doi: 10.1016/j.jcv.2025.105887..,Patel,Journal of clinical virology : the official publication of the Pan American Society for Clinical Virology,2025,2025/11/10,,,10.1016/j.jcv.2025.105887,"In response to the ongoing clade II mpox (formerly monkeypox) outbreak and the emergence and rapid spread of clade I mpox, public health laboratories need an effective testing method for identifying and monitoring mpox cases. The currently available assays are either labor-intensive, low-throughput, and/or unable to differentiate between clade I and clade II mpox, making them less than ideal for the current global public health emergency. Additionally, the lack of the non-variola Orthopoxvirus target in an mpox assay creates the chance of missing cases due to mutations within the clade-specific target genome regions. We present the development of a fully automated nucleic acid extraction and RT-PCR laboratory-developed test (LDT) for the detection of clade I mpox, clade II mpox, non-variola Orthopoxvirus, and RNase P. This automated assay runs on the Panther Fusion® System, which has an Open Access feature that allows LDTs to utilize the platform's automated nucleic acid extraction, RT-PCR, and automated results generation features. To assess assay performance, 63 previously tested and 16 contrived specimens were tested. The mpox multiplex LDT demonstrated 100 % positive and negative agreement with the reference assays. Analytical sensitivity was 1.37 × 104 copies/mL for all targets, with amplification efficiencies of 103.8 %, 104.1 %, 96.2 %, and 98.9 % for mpox clade I, mpox clade II, NVO, and RNase P, respectively. The mpox multiplex LDT assay was successfully developed for high-throughput testing and can be rapidly adopted by other laboratories.",Laboratory developed test (LDT); Monkeypox virus; Mpox clade I; Mpox clade II; Non-variola Orthopoxvirus; Real-time PCR
37106494,Mpox Masquerading as Secondary Syphilis.,Candice Whealon,Advanced emergency nursing journal. 1900. doi: 10.1097/TME.0000000000000458..,Whealon,Advanced emergency nursing journal,2023,1900/01/01,,,10.1097/TME.0000000000000458,"Mpox is a great masquerader requiring emergency nurse practitioners to rely on their clinical acumen to accurately diagnose and treat this public health emergency. The disease is nearly indistinguishable from other pox viruses and similar in presentation to several viral and bacterial infections associated with enanthems and exanthems. The most recent outbreak disproportionally affects men who have sex with men, particularly those individuals with HIV. Early recognition and intervention are key; however, clinicians' lack of knowledge, limited access to testing, and unfamiliarity with appropriate medications and vaccines historically reserved for smallpox create a barrier to treatment. Emergency nurse practitioners must gain an understanding of this disease to provide the care and anticipatory guidance to prevent associated morbidity, mortality, and spread of mpox.","[MeSH] Male; [MeSH] Humans; [MeSH] Homosexuality, Male; [MeSH] Mpox, Monkeypox; [MeSH] Sexual and Gender Minorities; [MeSH] Syphilis"
36529507,Molecular and immunological diagnosis of Monkeypox virus in the clinical laboratory.,"Hao Liao, Jiuxin Qu, Hongzhou Lu",Drug discoveries & therapeutics. 2022. doi: 10.5582/ddt.2022.01093..,Liao,Drug discoveries & therapeutics,2022,2022/12/18,,,10.5582/ddt.2022.01093,"The 2022 monkeypox outbreak outside Africa is ongoing. Cases have been reported in Hong Kong and Chongqing, China. In order to better prevent and control the potential spread of monkeypox virus in China, the development of sensitive and reliable detection commercial kits is imminent. This correspondence reviews the existing laboratory assays and related technologies for nucleic acid (PCR) and serological assays for the diagnosis of monkeypox virus to provide reference for the management and decision-making departments. Due to the serological cross-reactivity of orthopoxviruses, PCR is the laboratory test of choice to confirm monkeypox virus infection. We recommend a dual-target PCR approach in which one assay targets a conserved sequence of the Orthopoxvirus genus and the other targets a monkeypox virus specific sequence.",Monkeypox; Orthopoxvirus; PCR; diagnosis
38647027,Pan-microscopic examination of monkeypox virus in trophoblasts cells reveals new insights into virions release through filopodia-like projections.,"Jonatane Andrieu, Margaux Valade, Marion Lebideau, Florence Bretelle, Jean-Louis Mège, Nathalie Wurtz, Soraya Mezouar, Bernard La Scola, Jean-Pierre Baudoin",Journal of medical virology. 2024. doi: 10.1002/jmv.29620..,Andrieu,Journal of medical virology,2024,2024/04/01,,,10.1002/jmv.29620,"Vertical transmission has been described following monkeypox virus (MPXV) infection in pregnant women. The presence of MPXV has been reported in the placenta from infected women, but whether pathogens colonize placenta remains unexplored. We identify trophoblasts as a target cell for MPXV replication. In a pan-microscopy approach, we decipher the specific infectious cycle of MPXV and inner cellular structures in trophoblasts. We identified the formation of a specialized region for viral morphogenesis and replication in placental cells. We also reported infection-induced cellular remodeling. We found that MPXV stimulates cytoskeleton reorganization with intercellular extensions for MPXV cell spreading specifically to trophoblastic cells. Altogether, the specific infectious cycle of MPXV in trophoblast cells and these protrusions that were structurally and morphologically similar to filopodia reveal new insights into the infection of MPXV.",infectious diseases; microscopy; monkeypox virus; placenta; poxvirus; pregnancy; trophoblast
37088362,Co-circulation of vaccinia and monkeypox viruses in rural areas of Brazil: Importance of differential molecular diagnosis.,"Matheus Nobrega Luques, Régis Linhares Oliveira, Samuel Hir, Desiree Dos Santos Nunes, Luiza M Higa, Ana Flávia Mendonça, Luiz Augusto Pereira, Fabrício Sousa, Terezinha Marta Pereira Pinto Castiñeiras, Amilcar Tanuri, Clarissa R Damaso",Travel medicine and infectious disease. 2023. doi: 10.1016/j.tmaid.2023.102578..,Luques,Travel medicine and infectious disease,2023,2023/04/22,,,10.1016/j.tmaid.2023.102578,,Cantagalo virus; Mpox; Orthopoxvirus; Poxvirus
37178679,"Deep learning for Mpox: Advances, challenges, and opportunities.","Shannon Wongvibulsin, Adewole S Adamson","Med (New York, N.Y.). 2023. doi: 10.1016/j.medj.2023.04.002..",Wongvibulsin,"Med (New York, N.Y.)",2023,2023/05/12,,,10.1016/j.medj.2023.04.002,"Although deep-learning algorithms in dermatology have shown promise in diagnosing skin cancers, less is known about potential applications for the diagnosis of infectious diseases. In a recent publication in Nature Medicine, Thieme et al. develop a deep-learning algorithm to classify skin lesions from Mpox virus (MPXV) infections.1.","[MeSH] Humans; [MeSH] Deep Learning; [MeSH] Mpox, Monkeypox; [MeSH] Algorithms; [MeSH] Medicine; [MeSH] Skin Neoplasms"
36394371,Rural-urban differences in monkeypox behaviors and attitudes among men who have sex with men in the United States.,"Christopher Owens, Randolph D Hubach",The Journal of rural health : official journal of the American Rural Health Association and the National Rural Health Care Association. 2022. doi: 10.1111/jrh.12726..,Owens,The Journal of rural health : official journal of the American Rural Health Association and the National Rural Health Care Association,2023,2022/11/17,,,10.1111/jrh.12726,"PURPOSE: An outbreak of the monkeypox virus has been documented in the United States with most cases occurring among gay, bisexual, and other men who have sex with men (MSM). As monkeypox cases increase among relatively rural states, current public health messaging may not resonate with rural at-risk populations. Given this, there is a need to assess potential rural-urban differences in monkeypox behaviors and attitudes among MSM. METHODS: A total of 582 eligible MSM completed an online cross-sectional survey between August 6 and 15, 2022. Participants answered questions about their demographics, sexual behaviors, monkeypox testing and vaccination behaviors, monkeypox media consumption and attitudes, and their intention and attitudes found in the Health Belief Model of getting the monkeypox vaccine. Rural-urban differences in behaviors and attitudes were assessed with a chi-square test of independence. Differences in intention to get vaccinated and Health Belief Model factors were assessed with a Mann-Whitney U test. FINDINGS: Rural MSM, in comparison to their urban counterparts, were found to be less likely to report modifying their behaviors to decrease monkeypox exposure, being susceptible to monkeypox, or perceiving severe consequences acquiring monkeypox. Similarly, rural MSM had a lower intention to get vaccinated for monkeypox. CONCLUSIONS: As vaccination uptake among rural populations for vaccine-preventable diseases remains suboptimal, results from this novel study can inform the development of monkeypox prevention, testing, and vaccination messaging campaigns geared toward rural MSM and other at-risk populations. It will be important to ensure that monkeypox prevention, testing, and vaccination interventions are available and accessible in rural areas.",attitudes; men who have sex with men; monkeypox; rural; vaccination
38001044,Associations Between HIV and Severe Mpox in an Atlanta Cohort.,"Bruce Aldred, Jane Y Scott, Amalia Aldredge, Daniel J Gromer, Albert M Anderson, Emily J Cartwright, Jonathan A Colasanti, Betsy Hall, Jesse T Jacob, Aley Kalapila, Sheetal Kandiah, Colleen F Kelley, Robert H Lyles, Vincent C Marconi, Minh Ly Nguyen, Paulina A Rebolledo, Anandi N Sheth, Brittany Szabo, Boghuma K Titanji, Zanthia Wiley, Kimberly Workowski, Valeria D Cantos",The Journal of infectious diseases. 2024. doi: 10.1093/infdis/jiad505..,Aldred,The Journal of infectious diseases,2024,2024/03/26,,,10.1093/infdis/jiad505,"BACKGROUND: In the Southeastern United States, the 2022 mpox outbreak disproportionately impacted people who are black and people with HIV (PWH). METHODS: We analyzed a cohort of 395 individuals diagnosed with mpox across 3 health care systems in Atlanta, Georgia between 1 June 2022 and 7 October 2022. We present demographic and clinical characteristics and use multivariable logistic regression analyses to evaluate the association between HIV status and severe mpox (per the US Centers for Disease Control and Prevention definition) and, among PWH, the associations between CD4+ T-cell count and HIV load with severe mpox. RESULTS: Of 395 people diagnosed with mpox, 384 (97.2%) were cisgender men, 335 (84.8%) identified as black, and 324 (82.0%) were PWH. Of 257 PWH with a known HIV load, 90 (35.0%) had > 200 copies/mL. Severe mpox occurred in 77 (19.5%) individuals and there was 1 (0.3%) death. Tecovirimat was prescribed to 112 (28.4%) people, including 56 (72.7%) people with severe mpox. In the multivariable analysis of the total population, PWH had 2.52 times higher odds of severe mpox (95% confidence interval [CI], 1.01-6.27) compared with people without HIV. In the multivariable analysis of PWH, individuals with HIV load > 200 copies/mL had 2.10 (95% CI, 1.00-4.39) times higher odds of severe mpox than PWH who were virologically suppressed. Lower CD4+ T-cell count showed a significant univariate association with severe mpox but was not found to be significantly associated with severe mpox in multivariable analysis. CONCLUSIONS: PWH with nonsuppressed HIV loads had more mpox complications, hospitalizations, and protracted disease courses than people without HIV or PWH with suppressed viral loads. PWH with nonsuppressed HIV loads who are diagnosed with mpox warrant particularly aggressive monitoring and treatment.",Atlanta; CD4+ T-cell count; HIV; HIV viremia; monkeypox virus; mpox; severe mpox; southeast
37820738,"Sexual Exposures Associated With Mpox Infection: California, November 2022 to June 2023.","Robert E Snyder, Kayla Saadeh, Eric C Tang, Kelly A Johnson, Samuel N Holland, Joshua Quint, Nicole O Burghardt, Shua J Chai, Roshani Fernando, Kimberly Gonzalez Barrera, Cindy Hernandez, Korie McManus, Kieran Lorenz, Jarett Maycott, John McGinley, Joseph A Lewnard",The Journal of infectious diseases. 2024. doi: 10.1093/infdis/jiad447..,Snyder,The Journal of infectious diseases,2024,2024/03/26,,,10.1093/infdis/jiad447,"BACKGROUND: Exposures associated with mpox infection remain imperfectly understood. METHODS: We conducted a case-control study enrolling participants who received molecular tests for mpox/orthopoxvirus in California from November 2022 through June 2023. We collected data on behaviors during a 21-day risk period before symptom onset or testing among mpox case patients and test-negative controls. RESULTS: Thirteen of 54 case patients (24.1%) and 5 of 117 controls (4.3%) reported sexual exposure to individuals they identified as potential mpox case patients (""index contacts""; odds ratio [OR], 7.7 [95% confidence interval (CI), 2.5-19.3] relative to individuals who did not report exposure to potential mpox case patients). Among these participants, 10 of 13 case patients (76.9%) and 2 of 5 controls (40.0%) reported that their index contacts were not experiencing symptoms visible to participants during sex (OR, 14.9 [95% CI, 3.6-101.8]). Only 3 of 54 case patients (5.6%) reported exposure to symptomatic index contacts. Case patients reported more anal/vaginal sex partners than did controls (adjusted OR, 2.2 [95% CI, 1.0-4.8] for 2-3 partners and 3.8 [1.7-8.8] for ≥4 partners). Male case patients with penile lesions more commonly reported insertive anal/vaginal sex than those without penile lesions (adjusted OR, 9.3 [95% CI, 1.6-54.8]). Case patients with anorectal lesions more commonly reported receptive anal sex than those without anorectal lesions (adjusted OR, 14.4 [95% CI, 1.0-207.3]). CONCLUSIONS: Sexual exposure to contacts known or suspected to have experienced mpox was associated with increased risk of infection, often when index contacts lacked apparent symptoms. Exposure to more sex partners, including those whom participants did not identify as index contacts, was associated with increased risk of infection in a site-specific manner. While participants' assessment of symptoms in partners may be imperfect, these findings suggest that individuals without visibly prominent mpox symptoms transmit infection.","[MeSH] Female; [MeSH] Humans; [MeSH] Male; [MeSH] HIV Infections; [MeSH] Case-Control Studies; [MeSH] Mpox, Monkeypox; [MeSH] Risk Factors; [MeSH] Sexual Behavior; [MeSH] California; [MeSH] Homosexuality, Male; [MeSH] Sexual and Gender Minorities"
37052123,Primary Mpox and Secondary Syphilis in an HIV Patient: A Community Hospital Experience.,"Geocel-Grace Castanares, Carlos D'Assumpcao, Michelle Fang, Rick McPheeters, Arash Heidari",Journal of investigative medicine high impact case reports. 2023. doi: 10.1177/23247096231165739..,Castanares,Journal of investigative medicine high impact case reports,2023,2023/01/01,,,10.1177/23247096231165739,"Mpox was an emerging outbreak in California in 2022, primarily in major metropolitan areas, as part of the global mpox outbreak declared by World Health Organization in July 2022. Community hospitals outside of major metropolitan areas have seen fewer cases to date, so they may be less equipped to diagnose and treat patients with mpox. They may have limited public health resources commensurate with the area's population density. Mpox may also be superimposed on ongoing local outbreaks of other sexually transmitted infections. We present a case of a person with HIV who contracted mpox and also developed secondary syphilis. Early detection can be beneficial for prompt treatment, decreased burden of disease for the individual, and prevention of further spread of the infection.",HIV; mpox; non-variola orthopoxvirus; syphilis
37322614,Genomic and ultrastructural analysis of monkeypox virus in skin lesions and in human/animal infected cells reveals further morphofunctional insights into viral pathogenicity.,"Alberto Paniz-Mondolfi, Jason Reidy, Nina Pagani, John A Lednicky, Joseph Patrick McGrail, Yana Kasminskaya, Luz H Patino, Adolfo Garcia-Sastre, Gustavo Palacios, Ana Silvia Gonzalez-Reiche, Harm van Bakel, Adolfo Firpo Betancourt, Matthew M Hernandez, Carlos Cordon-Cardo, Viviana Simon, Emilia M Sordillo, Juan David Ramírez, Susana Guerra",Journal of medical virology. 2023. doi: 10.1002/jmv.28878..,Paniz-Mondolfi,Journal of medical virology,2023,2023/06/01,,,10.1002/jmv.28878,"Monkeypox (MPOX) is a zoonotic disease that affects humans and other primates, resulting in a smallpox-like illness. It is caused by monkeypox virus (MPXV), which belongs to the Poxviridae family. Clinically manifested by a range of cutaneous and systemic findings, as well as variable disease severity phenotypes based on the genetic makeup of the virus, the cutaneous niche and respiratory mucosa are the epicenters of MPXV pathogenicity. Herein, we describe the ultrastructural features of MPXV infection in both human cultured cells and cutaneous clinical specimens collected during the 2022-2023 MPOX outbreak in New York City that were revealed through electron microscopy. We observed typical enveloped virions with brick-shaped morphologies that contained surface protrusions, consistent with the classic ultrastructural features of MPXV. In addition, we describe morpho-functional evidence that point to roles of distinct cellular organelles in viral assembly during clinical MPXV infection. Interestingly, in skin lesions, we found abundant melanosomes near viral assembly sites, particularly in the vicinity of mature virions, which provides further insight into virus-host interactions at the subcellular level that contribute to MPXV pathogenesis. These findings not only highlight the importance of electron microscopic studies for further investigation of this emerging pathogen but also in characterizing MPXV pathogenesis during human infection.",MPOX disease; immunocompromised; monkeypox virus; secondary; solid organ transplant
37711132,Mini Review on Clinical Aspects of Monkeypox.,"Yash Saraswat, Kamal Shah",Current pharmaceutical biotechnology. 2024. doi: 10.2174/1389201025666230914094444..,Saraswat,Current pharmaceutical biotechnology,2024,2024/01/01,,,10.2174/1389201025666230914094444,"Monkeypox is a disease caused by the monkeypox virus, which is a type of orthopox virus that comes from the virus family Poxviridae. Its first case reported in animals and humans was in 1958 and 1970, respectively. It is a viral zoonosis disease with two modes of transmission: animal to human (via direct contact or eating the meat of an infected animal) and human to human (via contact or contact with skin lesions, body fluids, and infected person's contaminated objects). The literature depicts that monkeypox is less contagious among individuals in contrast to smallpox; the infection chain of monkeypox is nearly five to six patients approximately. It has two clades, the West African and the Central African (the Congo basin). The Congo basin subgroup of monkeypox is highly transmissible and severe. The symptoms of monkeypox include fever, lethargy, headache, lymphadenopathy, myalgia, myodynia, fainting, shivers, backache, and rashes on the face and extremities. The most common symptom of monkeypox is lymphatic hyperplasia or, lymph adenopathy or swollen lymph nodes. It is proven to be very useful in the diagnosis of monkeypox. The antiviral drugs that are used for its treatment are tecovirimat, brincidofovir and cidofovir. Tecovirimat has fewer side effects and it shows better therapeutic action in comparison to brincidofovir and cidofovir. For the prevention of monkeypox, the Center for Disease Control and Prevention recommends the administration of the same vaccine used for smallpox named INVAMUNE, which is currently in its third generation. Its first and second generations have adverse side effects in patients having HIV or atopic dermatitis.",Monkeypox; clades; diagnosis.; mechanism; transmission; treatment; virology
39817429,Vδ2 T-cells response in people with Mpox infection: a three-month longitudinal assessment.,"Eleonora Cimini, Eleonora Tartaglia, Francesco Messina, Andrea Coppola, Valentina Mazzotta, Massimo Tempestilli, Giulia Matusali, Stefania Notari, Annalisa Mondi, Gianluca Prota, Alessandra Oliva, Carla Fontana, Enrico Girardi, Fabrizio Maggi, Andrea Antinori",Emerging microbes & infections. 2025. doi: 10.1080/22221751.2025.2455585..,Cimini,Emerging microbes & infections,2025,2025/02/03,,,10.1080/22221751.2025.2455585,"The first evidence that Orthopoxvirus induced the expansion in vivo and the recall of effector innate Vδ2 T-cells was described in a macaque model. Although, an engagement of αβ T-cells specific response in patients infected with human monkeypox (Mpox) was demonstrated, little is known about the role of γδ T-cells during Mpox infection. IFN-γ-producing γδ T-cells in the resistance to poxviruses may a key role in inducing a protective type 1 memory immunity. We analyzed the kinetics of Vδ2 T-cell response from the acute phase up to three months after Mpox infection. Fourteen MSM subjects (5 PWH, 35.7%) were enrolled in a longitudinal study from May to July 2022. Blood samples were collected in the early phase of infection (T1, T2) and at 3 months (T3M) post-symptom onset. Vδ2 T-cell profiles (CD45RA/CCR7), activation/exhaustion markers (CD38/HLA-DR/CD57/PD-1/TIM-3), cytokine production (IFN-γ/TNF-α) and CD107a expression were assessed by multiparametric flow cytometry. Ten healthy donors (HD) were used as a control group. At T1, Vδ2 T-cell frequency of patients decreased, and effector memory Vδ2 T-cells increased with respect to HD. Activation/exhaustion markers were higher than HD. Vδ2 functionality decreased at T1 related to HD, and it was associated with CD38 and HLA-DR higher expression as well as TIM-3. Vδ2 T-cells restored their profile at T3M. The presence of effector/activated Vδ2 T-cells in the early stages of Mpox infection and their capability to activate quickly, producing pro-inflammatory cytokines, may be useful to enhance the early adaptive response to human Mpox, maintaining a protective memory/effector T-cell response.",Innate immunity; Mpox; Vδ2 T-cells; emerging viruses; exhaustion
38184298,Mpox gastrointestinal manifestations: a systematic review.,"Rahul Ramakrishnan, Atira Shenoy, Ranganathan Madhavan, Damon Meyer",BMJ open gastroenterology. 2024. doi: 10.1136/bmjgast-2023-001266..,Ramakrishnan,BMJ open gastroenterology,2024,2024/01/06,,,10.1136/bmjgast-2023-001266,"INTRODUCTION: Mpox is a viral infection caused by the monkeypox virus, a member of the Poxviridae family and Orthopoxvirus genus. Other well-known viruses of the Orthopoxvirus genus include the variola virus (smallpox), cowpox virus and vaccinia virus. Although there is a plethora of research regarding the dermatological and influenza-like symptoms of mpox, particularly following the 2022 mpox outbreak, more research is needed on the gastrointestinal (GI) effects. OBJECTIVES: This systematic review is to outline the GI manifestations of the monkeypox virus. METHODS: The authors conducted this systematic review using guidelines outlined in the Preferred Reporting Items for Systematic Reviews and Meta-Analyses. A search was conducted through the PubMed, EMBASE and MEDLINE databases from January 1958 to June 2023. The authors selected English language papers that discussed the GI symptoms in mpox patients. A manual search was also conducted in the reference sections of these publications for other relevant papers. RESULTS: 33 papers involving 830 patients were selected for this review. The GI manifestations in mpox patients are proctitis, vomiting, diarrhoea, rectal pain, nausea, tenesmus, rectal bleeding and abdominal pain. Although various papers explored transmission routes, one paper established a direct connection between anal-receptive sex transmission route and the development of a GI complication (proctitis). Another study reported that the mode of transmission could potentially impact the occurrence of GI symptoms and severity of the disease. The reviewed papers did not discover a relation between the severity of dermatological and influenza-like symptoms and the GI manifestations mentioned. CONCLUSION: This systematic review confirms that GI manifestations are observed in mpox patients. GI symptoms of mpox are crucial for gastroenterologists and other healthcare professionals to recognise in order to address patient discomfort and further understand the pathophysiology of the virus.",ABDOMINAL PAIN; DIARRHOEA; GASTROINTESTINAL PATHOLOGY
38762357,Serologic responses to the MVA-based JYNNEOS mpox vaccine in a cohort of participants from the District of Columbia (D.C.).,"Isabel Griffin, Isha Berry, Terese Navarra, Lalita Priyamvada, William C Carson, Adi Noiman, David A Jackson, Michelle A Waltenburg, Will Still, Leah Lujan, Jason Beverley, Christina Willut, Michelle Lee, Anil Mangla, Victoria Shelus, Christina L Hutson, Michael B Townsend, Panayampalli S Satheshkumar",Vaccine. 2024. doi: 10.1016/j.vaccine.2024.05.017..,Griffin,Vaccine,2024,2024/05/18,,,10.1016/j.vaccine.2024.05.017,"We assessed early antibody responses after two doses of JYNNEOS (IMVANEX) mpox vaccine in the District of Columbia (D.C.) in persons at high risk for mpox without characteristic lesions or rash. Participants with PCR mpox negative specimens (oral swab, blood, and/or rectal swab) on the day of receipt of the first vaccine dose and who provided a baseline (day 0) serum sample and at least one serum sample at ∼28, ∼42-56 days, or 180 days post vaccination were included in this analysis. Orthopoxvirus (OPXV)-specific IgG and IgM ELISAs and neutralizing antibody titers were performed, and longitudinal serologic responses were examined. Based on participants' IgG and IgM antibody levels at baseline, they were categorized as naïve or non-naïve. Linear mixed effects regression models were conducted to determine if IgG antibody response over time varied by age, sex, HIV status, and route of administration for both naïve and non-naïve participants. Among both naïve and non-naïve participants IgG seropositivity rates increased until day 42-56, with 89.4 % of naïve and 92.1 % of non-naïve participants having detectable IgG antibodies. The proportion of naive participants with detectable IgG antibodies declined by day 180 (67.7 %) but remained high among non-naïve participants (94.4 %). Neutralizing antibody titers displayed a similar pattern, increasing initially post vaccination but declining by day 180 among naïve participants. There were no significant serologic response differences by age, sex, or HIV status. Serologic response did vary by route of vaccine administration, with those receiving a combination of intradermal and subcutaneous doses displaying significantly higher IgG values than those receiving both doses intradermally. These analyses provide initial insights into the immunogenicity of a two-dose JYNNEOS PEP regimen in individuals at high risk of mpox exposure in the United States.","Antibody; IMVANEX, MVA; Immunogenicity; Intradermal; JYNNEOS; Monkeypox; Mpox; Orthopoxvirus; Serology; Subcutaneous"
36154444,Development of a Loop-Mediated Isothermal Amplification Method for Rapid and Visual Detection of Monkeypox Virus.,"Junxia Feng, Guanhua Xue, Xiaohu Cui, Bing Du, Yanling Feng, Jinghua Cui, Hanqing Zhao, Lin Gan, Zheng Fan, Tongtong Fu, Ziying Xu, Shuheng Du, Yao Zhou, Rui Zhang, Hanyu Fu, Ziyan Tian, Qun Zhang, Chao Yan, Jing Yuan",Microbiology spectrum. 2022. doi: 10.1128/spectrum.02714-22..,Feng,Microbiology spectrum,2022,2022/09/26,,,10.1128/spectrum.02714-22,"Monkeypox virus (MPXV) is a human pathogenic virus that belongs to the genus Orthopoxvirus. In 2022, MPXV caused an unprecedented number of infections in many countries. As it is difficult to distinguish MPXV from other pathogens by its symptoms in the early stage of infection, a rapid and reliable assay for MPXV detection is needed. In this study, we developed a loop-mediated isothermal amplification (LAMP) assay for the specific detection of MPXV and evaluated its application in simulated clinical samples. The A27L-1 and F3L-1 primer sets were identified as the optimal primers, and 63°C was the most appropriate reaction temperature for sequence amplification. The detection limits of the LAMP assay using primer sets A27L-1 and F3L-1 were both 20 copies/reaction mixture, which were >100-fold higher in terms of sensitivity, compared with conventional PCR. The LAMP assay findings were negative for all 21 non-MPXV pathogens, confirming the high specificity of our assay. All three types of simulated clinical samples were clearly identified by our LAMP assay, and the detection limits were consistent with the sensitivity results, indicating efficient clinical sample identification. Our rapid and reliable MPXV LAMP assay could be useful for MPXV detection and on-site diagnosis, especially in primary hospitals and rural areas. IMPORTANCE MPXV outbreaks rapidly grew in the first half of 2022, and this virus has been recognized as an increasing public health threat, particularly in the context of the COVID-19 pandemic. Thus, developing reliable and fast detection methods for MPXV is necessary.",loop-mediated isothermal amplification; monkeypox virus; orthopoxvirus; rapid detection; visual detection
40725433,"Development and Evaluation of a Molecular Test for Monkeypox Virus in the Federal District, Brazil.","Lucas Pereira da Silva, Fabián Andrés Hurtado, Aline Belmok, Rafael Correa, Claudia F Sousa, Gislene P Gil, Lara Velasco, Rafael H Jácomo, Lídia F Nery, Maria Tereza de Oliveira Rodrigues, Miguel S Andrade, Rosângela Vieira de Andrade",Genes. 2025. doi: 10.3390/genes16070779..,Silva,Genes,2025,2025/06/30,,,10.3390/genes16070779,"BACKGROUND: Monkeypox virus, the etiological agent of Mpox, is a double-stranded DNA virus belonging to the Orthopoxvirus genus that has attracted increasing attention due to sporadic outbreaks in humans. In 2022, it was responsible for the largest Mpox outbreak outside the African continent, infecting over 117,000 individuals worldwide. In Brazil, since the first confirmed case in June 2022, more than 13,000 people have been diagnosed with the virus. METHODS: In July 2022, we developed the first molecular test for the detection of monkeypox virus in the Midwest region of the country, allowing the diagnosis of the disease in various patients, mainly residents of the Federal District. Thus, in this work, we present the validation of a laboratory-developed qPCR test (LDT) for monkeypox virus detection, as well as a retrospective epidemiological analysis based on laboratory results. RESULTS: The developed qPCR test demonstrated 100% accuracy, with a detection limit of 21.25 copies per reaction, and was validated for samples from swabbed pustule exudates and lesion crusts. To date, 295 tests have been conducted, with 88 (30%) returning positive. The positivity rate was 41.15% in male patients and 2.41% in female patients. A peak in positivity was observed in August 2022. From 2023 to 2024, there was a marked decline in test demand with occasional positive results. CONCLUSIONS: The rapid implementation of the test by our laboratory allowed for an immediate response to patients and provided important data for understanding the dynamics of monkeypox virus spread in Brazil, particularly in the Midwest region.",F3L; molecular detection; monkeypox virus (MPXV); qPCR
37683095,Mpox-Related Ophthalmic Disease: A Retrospective Observational Study in a Single Center in Mexico.,"Paulina Rodríguez-Badillo, Juan Carlos Rodríguez-Aldama, Lucía Del Carmen Gabián-Fortes, Sergio Sifuentes-Rentería, María Teresa Valdez-González, Brian Eduardo Pérez-Flores, Regina Velasco-Ramos, Oscar Fernández-Vizcaya, Brenda Crabtree-Ramírez, Edgar Pérez-Barragán",The Journal of infectious diseases. 2024. doi: 10.1093/infdis/jiad372..,Rodríguez-Badillo,The Journal of infectious diseases,2024,2024/03/26,,,10.1093/infdis/jiad372,Mpox-related ophthalmic disease has been reported as infrequent. We retrospectively describe the ocular manifestations present in 11 of 100 patients with confirmed mpox; 9 were people with HIV. We suggest that an ophthalmological evaluation should be performed in all patients with ocular symptoms or moderate and severe mpox disease.,HIV; conjunctivitis; keratitis; mpox; mpox-related ophthalmic disease
37429097,"Global trends of monkeypox-related articles: A bibliometric analysis over the last five decades (1964 - July 14, 2022).","Manar A Kamal, Ramadan A Farahat, Ahmed K Awad, Shehroze Tabassum, Fatma Labieb, Cosmin A Bejan, Jaffar A Al-Tawfiq, Kuldeep Dhama, Ismail Dergaa",Journal of infection and public health. 2023. doi: 10.1016/j.jiph.2023.05.035..,Kamal,Journal of infection and public health,2023,2023/06/02,,,10.1016/j.jiph.2023.05.035,"BACKGROUND: The first human monkeypox (MPX) case was identified in the Democratic Republic of Congo (DRC) in 1970 with an outbreak in 2010 and the first human MPX case in the UK in 2022. In this study, we conducted a bibliometric analysis of the literature on monkeypox based on the Web of Science Core Collection (WOSCC) of the Institute for Scientific Information (ISI) to identify relevant topics and trends in monkeypox research. METHODS: We searched the Web of Science from 1964 until July 14, 2022, for all publications using the keywords ""Monkeypox"" and ""Monkeypox virus."" Results were compared using numerous bibliometric methodologies and stratified by journal, author, year, institution, and country-specific metrics. RESULTS: Out of 1170 publications initially selected, 1163 entered our analysis, with 65.26 % (n = 759) being original research articles and 9.37 % (n = 109) being review articles. Most MPX publications were in 2010, with 6.02 % (n = 70), followed by 2009 and 2022 at 5.67 % (n = 66) each. The USA was the country with the highest number of publications, with n = 662 (56.92 %) of total publications, followed by Germany with n = 82 (7.05 %), the UK with n = 74 (6.36 %), and Congo with n = 65 (5.59 %). Journal of Virology published the highest number of MPX publications, followed by Virology Journal and Emerging Infectious Diseases with n = 52 (9.25 %), n = 43 (7.65 %), and n = 32 (5.69 %) publications, respectively. The top contributing institutions were the Centers for Disease Control and Prevention (CDC), the US Army Medical Research Institute of Infectious Diseases, and the National Institutes of Health (NIH)National Institute of Allergy and Infectious Diseases (NIAID). CONCLUSION: Our analysis provides an objective and robust overview of the current literature on MPX and its global trends; this information could serve as a reference guide for those aiming to conduct further MPX-related research and as a source for those seeking information about MPX.",Africa; Control; Diagnosis; Global Health; MPX; Prevention; Public Health; Transmission
35947269,Monkeypox: A Review.,"Tanu Singhal, S K Kabra, Rakesh Lodha",Indian journal of pediatrics. 2022. doi: 10.1007/s12098-022-04348-0..,Singhal,Indian journal of pediatrics,2022,2022/08/10,,,10.1007/s12098-022-04348-0,"Monkeypox is caused by a pox virus closely related to smallpox virus and spreads from animals to humans, and humans to humans following close contact. Prior smallpox vaccination gives partial protection against monkeypox. The steady increase in monkeypox cases in Africa over the past few decades were ignored by the global scientific community till this year, when more than 16,000 cases have been reported from nonendemic countries. Monkeypox has recently been labelled as a public health emergency of international concern by the WHO. While most of the current cases are in men who have sex with men, there is the larger threat of the disease spilling into the general population. The disease is characterized by a short febrile illness with lymphadenopathy followed by a rash which spreads centrifugally and passes through phases of macules, papules, vesicles, and pustules. Recovery occurs in most patients within 2-4 wk. Complications are more likely in children, pregnant women, and the immunocompromised. Specific diagnosis is by detection of viral DNA by PCR. Treatment is largely symptomatic. Tecorivimat is a promising antiviral drug. Vaccination with the currently available smallpox vaccines is recommended for high-risk groups, health care workers, and close contacts. Control of the monkeypox outbreak needs a multipronged effort comprising enhanced surveillance, quick diagnosis, isolation of affected people, ring immunization, and adoption of ""one health"" approach.",Monkeypox; Pox virus; Smallpox; Tecorivimat
38179904,Review of virological methods for laboratory diagnosis and characterization of monkeypox virus (MPXV): lessons learned from the 2022 Mpox outbreak.,"Katarina Resman Rus, Samo Zakotnik, Martin Sagadin, Marko Kolenc, Lucijan Skubic, Nataša Knap, Misa Korva, Mario Poljak, Tatjana Avšič-Županc","Acta dermatovenerologica Alpina, Pannonica, et Adriatica. 2024.",Resman,"Acta dermatovenerologica Alpina, Pannonica, et Adriatica",2024,2024/03/01,,,,"Monkeypox virus (MPXV), originally endemic in West Africa (Clade II) and Central Africa (Clade I), has recently emerged worldwide and has reinforced the need for rapid and accurate MPXV diagnostics. This review presents and critically discusses the range of virological methods for laboratory diagnosis and characterization of MPXV as well as related lessons learned and practical experience gained from the 2022 Mpox global outbreak. Real-time PCR is currently considered the diagnostic gold standard and ensures accurate and timely confirmation of suspected Mpox cases based on suspicious skin lesions, and digital PCR improves the precision of MPXV DNA quantification. Whole genome sequencing reveals the diversity within the Clade IIb outbreak and highlights the role of microevolution in the adaptation of the virus to the human host. Continuous genomic surveillance is important for better understanding of human-to-human transmission and prevention of the emergence of variola virus-like strains. Traditional virological methods such as electron microscopy and virus isolation remain essential for comprehensive virus characterization, particularly in the context of vaccine and antiviral drug development. Despite the current challenges, serological tests detecting a range of anti-MPXV antibodies are important adjunct diagnostic and research tools for confirmation of late-presenting or asymptomatic MPXV cases, contact tracing, epidemiological studies, seroepidemiological surveys, and better understanding of the role of IgG and neutralizing antibodies in the immune response to infection and vaccination. A multidisciplinary approach combining advanced molecular techniques with traditional virological methods is important for rapid and reliable diagnosis, surveillance, and control of the outbreak.","[MeSH] Humans; [MeSH] Clinical Laboratory Techniques; [MeSH] Disease Outbreaks; [MeSH] Monkeypox virus; [MeSH] Mpox, Monkeypox"
37536929,"Retrospective testing for mpox virus in routine STI screens from men who have sex with men in England, August-October 2022.","Rachel Pitt-Kendall, Clare Foster, Michael Rayment, Beata Orzechowska, Rufat Mammadov, Suneeta Soni, Simon Mortlock, Jodie Owen, Luke Uglow, Michaela Joanne Day, Rupa Rai Gurung, Amber Savary-Trathen, Rhian Jenkins, Emma McGuire, Natalie Gordon, Sara Louise Day, Adrian M Kelly, Charlotte Goward, Kate Folkard, Hannah Charles, Hamish Mohammed, Colin S Brown, Helen Fifer",Sexually transmitted infections. 2023. doi: 10.1136/sextrans-2023-055841..,Pitt-Kendall,Sexually transmitted infections,2023,2023/08/03,,,10.1136/sextrans-2023-055841,"OBJECTIVES: A global outbreak of mpox (monkeypox) has been ongoing since 2022, with most cases in the UK detected in gay, bisexual and other men who have sex with men (GBMSM). Asymptomatic and pauci-symptomatic mpox infection has been reported outside of the UK. We aimed to investigate whether mpox could be detected in specimens from GBMSM in England who were attending sexual health services (SHSs) for asymptomatic sexually transmitted infection screening. METHODS: Anonymised, residual clinical specimens from GBMSM undertaking routine asymptomatic screening for gonorrhoea (Neisseria gonorrhoeae (NG)) and chlamydia (Chlamydia trachomatis (CT)) infection were tested for the presence of mpox virus. Specimens were collected between 1 August and 7 October 2022 from three SHSs in high-mpox incidence areas in England. Testing was performed using a dual-clade, mpox virus-specific real-time PCR. RESULTS: During the collection period, 2927 clinical specimens (951 pharyngeal swabs, 1022 urine specimens and 954 rectal swabs) were obtained from 1159 GBMSM. Mpox virus was detected in four specimens from two participants who attended the same SHS at different times (the first during the week 8-12 of August, the second during the week 19-23 of September). One participant was positive in the urine specimen only, while the other tested positive at all three sites. CONCLUSIONS: A very low prevalence (2 of 1159, 0.17%) of mpox infection was detected in GBMSM attending SHS in England for asymptomatic NG/CT screening, suggesting that undetected infection in this population was unlikely to be a main driver of transmission. Confirmed mpox cases in the UK declined from over 1100 per month in June and July to 764 cumulatively during the collection period. These data give reassurance that the observed reduction in cases during the collection period was not due to undetected infection or changes in presentation among SHS attendees. Currently, there is insufficient evidence to support routine testing of asymptomatic GBMSM for mpox infection in England.","Homosexuality, Male; INFECTION; SEXUAL HEALTH"
38348583,Breakthrough infection and reinfection in patients with mpox.,"Wenyi Jiang, Yibo Hu, Xiu Yang, Lingli Hou, Jingjing Zhang, Hong Niu, Congxia Hu, Jihui Lin",Reviews in medical virology. 2024. doi: 10.1002/rmv.2522..,Jiang,Reviews in medical virology,2024,2024/03/01,,,10.1002/rmv.2522,"Recently, patients with Mpox breakthrough infection or reinfection were constantly reported. However, the induction, risk factors, and important clinical symptoms of breakthrough infection and reinfection of Mpox virus (MPXV), as well as the factors affecting the effectiveness of Mpox vaccine are not characterized. Herein, a literature review was preformed to summarize the risk factors and important clinical symptoms of patients with Mpox breakthrough infection or reinfection, as well as the factors affecting the effectiveness of smallpox vaccine against Mpox. Results showed that MSM sexual behavior, condomless sexual behavior, multiple sexual partners, close contact, HIV infection, and the presence of comorbidity are important risk factors for Mpox breakthrough infection and reinfection. Genital ulcers, proctitis, and lymphadenopathy are the important clinical symptoms of Mpox breakthrough infection and reinfection. The effectiveness of emergent vaccination of smallpox vaccine for post-exposure of MPXV is associated with smallpox vaccination history, interval between exposure and vaccination, and history of HIV infection. This review provides a better understanding for the risk factors and important clinical symptoms of Mpox breakthrough infection and reinfection, as well as the formulation of Mpox vaccine vaccination strategies.",breakthrough infection; clinical symptoms; mpox; mpox virus; reinfection; risk factors
38019806,Prolonged Mpox Disease in People With Advanced HIV: Characterization of Mpox Skin Lesions.,"Jesse O'Shea, Jason Zucker, Samuel Stampfer, Shama Cash-Goldwasser, Faisal S Minhaj, Alexandra Dretler, Justin Cheeley, Shaoli Chaudhuri, Stephanie M Gallitano, Shauna Gunaratne, Melissa Parkinson, Brian Epling, David R Morcock, Irini Sereti, Claire Deleage",The Journal of infectious diseases. 2024. doi: 10.1093/infdis/jiad532..,O'Shea,The Journal of infectious diseases,2024,2024/03/26,,,10.1093/infdis/jiad532,"We report 3 complicated and prolonged cases of mpox in people with advanced human immunodeficiency virus (HIV) not on antiretroviral therapy (ART) at mpox diagnosis. Multiple medical countermeasures were used, including prolonged tecovirimat treatment and immune optimization with ART initiation. Immunofluorescence of skin biopsies demonstrated a dense immune infiltrate of predominantly myeloid and CD8+ T cells, with a strong type I interferon local response. RNAscope detected abundant replication of monkeypox virus (MPXV) in epithelial cells and dendritic cells. These data suggest that prolonged mpox in people with advanced HIV may be due to ongoing MPXV replication, warranting aggressive medical countermeasures and immune optimization.",AIDS; HIV; monkeypox virus; mpox; orthopoxvirus
39749987,Clinical Characterization and Outcomes of Human Clade IIb Mpox Virus Disease: A European Multicenter Mpox Observational Cohort Study (MOSAIC).,"Elise Pesonel, Cédric Laouénan, Laetitia Guiraud, Josephine Bourner, Isabelle Hoffmann, Diana Molino, Coralie Tardivon, Delphine Bachelet, France Mentré, Alain Amstutz, Laura Merson, Amanda Rojek, Minerva Cervantes Gonzalez, Andrea Antinori, Antonella Castagna, Silvia Nozza, Valérie Pourcher, Agnès Libois, Jake Dunning, Evelina Tacconelli, Maya Hites, Fernando De La Calle Prieto, Peter Horby, Yazdan Yazdanpanah, Alexandra Calmy, François-Xavier Lescure, Piero Olliaro",Clinical infectious diseases : an official publication of the Infectious Diseases Society of America. 2025. doi: 10.1093/cid/ciae657..,Pesonel,Clinical infectious diseases : an official publication of the Infectious Diseases Society of America,2025,2025/06/04,,,10.1093/cid/ciae657,"BACKGROUND: The global mpox outbreak that started in May 2022 was caused by a novel clade IIb variant of the mpox virus (Orthopoxvirus monkeypox, MPXV). It differed from the traditional Western and Central Africa disease in transmission patterns and clinical presentation. METHODS: To address the need for detailed clinical and virologic data, we conducted an observational cohort study (MOSAIC) during May 2022-July 2023 in individuals with confirmed MPXV infection enrolled in 6 European countries. Case management decisions were left to the attending physician. Participants were monitored for up to 6 months for clinical signs/symptoms and clinical and virologic outcomes through hospital visits, phone interviews, and self-administered questionnaires. Outcomes included time to lesion resolution, clinical status, and virus clearance. RESULTS: The 518 participants not receiving any specific treatment (""untreated"") were diagnosed a median 5 days from symptom onset; 90% were managed as outpatients. Lesions were mostly cutaneous (88%) and perigenital (74%). By day 14 from the first polymerase chain reaction (PCR)-positive sample, 39% had resolved lesions. Time to 95% unculturable virus was longest in cutaneous lesions (52 days). A putative systemic antiviral was available for 57 participants, 44% as inpatients; 34% and 58% had resolved lesions by day 14 from the first PCR-positive sample and from treatment start, respectively. Time to 95% unculturable virus was 60 days in skin and oropharynx. No death or recrudescence occurred by day 180. CONCLUSIONS: MOSAIC provides comprehensive insights into the clinical and virologic characteristics of mpox caused by the clade IIb variant. The study forms the basis of clinical characterization for ongoing mpox outbreaks.",clade IIb; lesion resolution; mpox; observational cohort; viral load
38494777,Mpox virus Clade IIb infected Cynomolgus macaques via mimic natural infection routes closely resembled human mpox infection.,"Qingni Li, Yunfeng Chen, Wenjing Zhang, Chunyang Li, Ding Tang, Wanlu Hua, Fan Hou, Zhuo Chen, Yuanlang Liu, Yi Tian, Kaili Sun, Xiuli Xu, Yan Zeng, Fei Xia, Jia Lu, Zejun Wang",Emerging microbes & infections. 2024. doi: 10.1080/22221751.2024.2332669..,Li,Emerging microbes & infections,2024,2024/03/29,,,10.1080/22221751.2024.2332669,"Generating an infectious non-human primate (NHP) model using a prevalent monkeypox virus (MPXV) strain has emerged as a crucial strategy for assessing the efficacy of vaccines and antiviral drugs against human MPXV infection. Here, we established an animal model by infecting cynomolgus macaques with the prevalent MPXV strain, WIBP-MPXV-001, and simulating its natural routes of infection. A comprehensive analysis and evaluation were conducted on three animals, including monitoring clinical symptoms, collecting hematology data, measuring viral loads, evaluating cellular and humoral immune responses, and examining histopathology. Our findings revealed that initial skin lesions appeared at the inoculation sites and subsequently spread to the limbs and back, and all infected animals exhibited bilateral inguinal lymphadenopathy, eventually leading to a self-limiting disease course. Viral DNA was detected in post-infection blood, nasal, throat, rectal and blister fluid swabs. These observations indicate that the NHP model accurately reflects critical clinical features observed in human MPXV infection. Notably, the animals displayed clinical symptoms and disease progression similar to those of humans, rather than a lethal outcome as observed in previous studies. Historically, MPXV was utilized as a surrogate model for smallpox. However, our study contributes to a better understanding of the dynamics of current MPXV infections while providing a potential infectious NHP model for further evaluation of vaccines and antiviral drugs against mpox infection. Furthermore, the challenge model closely mimics the primary natural routes of transmission for human MPXV infections. This approach enhances our understanding of the precise mechanisms underlying the interhuman transmission of MPXV.",Clade IIb; Cynomolgus macaques; MPXV; multiple routes; typical symptoms
22185831,"Status of human monkeypox: clinical disease, epidemiology and research.",Inger K Damon,Vaccine. 2011. doi: 10.1016/j.vaccine.2011.04.014..,Damon,Vaccine,2011,2011/12/18,,,10.1016/j.vaccine.2011.04.014,"Monkeypox, a vesiculo-pustular rash illness, was initially discovered to cause human infection in 1970 through the World Health Organization (WHO)-sponsored efforts of the Commission to Certify Smallpox Eradication in Western Africa and the Congo Basin. The virus had been discovered to cause a nonhuman primate rash illness in 1958, and was thus named monkeypox. The causative agents of monkeypox and smallpox diseases both are species of Orthopoxvirus. Orthopoxvirus monkeypox, when it infects humans as an epizootic, produces a similar clinical picture to that of ordinary human smallpox. Since 1970, extensive epidemiology, virology, ecology and public health research has enabled better characterization of monkeypox virus and the associated human disease. This work reviews the progress in this body of research, and reviews studies of this ""newly"" emerging zoonotic disease.","[MeSH] Africa; [MeSH] Animals; [MeSH] History, 20th Century; [MeSH] Humans; [MeSH] Mpox, Monkeypox; [MeSH] Monkeypox virus; [MeSH] Primate Diseases"
40172630,Monkeypox virus H3L protein as the target antigen for developing neutralizing antibody and serological assay.,"I-Hsiang Huang, Guan-Chun Lai, Tai-Ling Chao, Wang-Da Liu, Sui-Yuan Chang, Shih-Chung Chang",Applied microbiology and biotechnology. 2025. doi: 10.1007/s00253-025-13466-6..,Huang,Applied microbiology and biotechnology,2025,2025/04/02,,,10.1007/s00253-025-13466-6,"The large number of atypical monkeypox (Mpox) cases caused by emerging monkeypox virus (MPXV) strains was recently found in countries and regions where the Mpox was not reported before. Diagnostic tools and therapeutic agents are important countermeasures for preventing Mpox outbreak. H3L protein is the important surface antigen of MPXV for binding to host cell receptors and mediating viral infection. A broad range of murine anti-MPXV H3L monoclonal antibodies (mAbs) recognizing various binding epitopes have been generated in the study. The rapid test composed of the mAbs 4-2A and 3-3F can specifically detect H3L protein and MPXV virion. The mAb 3-3F exhibited strong MPXV neutralizing activity in a complement-dependent manner. Notably, 3-3F binds to a unique epitope within residues 35-89 of H3L protein. The serum samples collected from Mpox patients barely bound to the N-terminal portion of H3L protein ranging from 2 to 89 residues, indicating that the content of the 3-3F-like antibody is very low in Mpox patient sera. In contrast, the seropositivity was mostly observed using the C-terminal portion of H3L protein ranging from 185 to 282 residues as the target antigen in the immunoblot analysis. Taken together, the anti-MPXV H3L mAb can be developed as the Mpox diagnostic and therapeutic agents. Furthermore, H3L protein is the promising biomarker for serological analysis. KEY POINTS: •Anti-H3L mAbs can cross-react with H3L proteins in MPXV and VACV virions. •The LFIA rapid test using the mAbs 4-2A and 3-3F can specifically detect MPXV. •MPXV was neutralized by mAb 3-3F in a complement-dependent manner.",Complement; H3L protein; Lateral flow immunochromatographic assay; Monkeypox virus (MPXV); Neutralizing antibody; Serological assay
16288398,"Clinical characteristics of human monkeypox, and risk factors for severe disease.","Gregory D Huhn, Audrey M Bauer, Krista Yorita, Mary Beth Graham, James Sejvar, Anna Likos, Inger K Damon, Mary G Reynolds, Matthew J Kuehnert",Clinical infectious diseases : an official publication of the Infectious Diseases Society of America. 2005. doi: 10.1086/498115..,Huhn,Clinical infectious diseases : an official publication of the Infectious Diseases Society of America,2005,2005/11/11,,,10.1086/498115,"BACKGROUND: Human monkeypox is an emerging smallpox-like illness that was identified for the first time in the United States during an outbreak in 2003. Knowledge of the clinical manifestations of monkeypox in adults is limited, and clinical laboratory findings have been unknown. METHODS: Demographic information; medical history; smallpox vaccination status; signs, symptoms, and duration of illness, and laboratory results (hematologic and serum chemistry findings) were extracted from medical records of patients with a confirmed case of monkeypox in the United States. Two-way comparisons were conducted between pediatric and adult patients and between patients with and patients without previous smallpox vaccination. Bivariate and multivariate analyses of risk factors for severe disease (fever [temperature, > or =38.3 degrees C] and the presence of rash [> or =100 lesions]), activity and duration of hospitalization, and abnormal clinical laboratory findings were performed. RESULTS: Of 34 patients with a confirmed case of monkeypox, 5 (15%) were defined as severely ill, and 9 (26%) were hospitalized for >48 h; no patients died. Previous smallpox vaccination was not associated with disease severity or hospitalization. Pediatric patients (age, < or =18 years) were more likely to be hospitalized in an intensive care unit. Nausea and/or vomiting and mouth sores were independently associated with a hospitalization duration of >48 h and with having > or =3 laboratory tests with abnormal results. CONCLUSION: Monkeypox can cause a severe clinical illness, with systemic signs and symptoms and abnormal clinical laboratory findings. In the appropriate epidemiologic context, monkeypox should be included in the differential diagnosis for patients with unusual vesiculopustular exanthems, mucosal lesions, gastrointestinal symptoms, and abnormal hematologic or hepatic laboratory findings. Clinicians evaluating a rash illness consistent with possible orthopoxvirus infection should alert public health officials and consider further evaluation.","[MeSH] Adolescent; [MeSH] Adult; [MeSH] Child; [MeSH] Female; [MeSH] Humans; [MeSH] Male; [MeSH] Middle Aged; [MeSH] Mpox, Monkeypox; [MeSH] Risk Factors; [MeSH] Severity of Illness Index"
40504948,Monkeypox Presenting as an Isolated Finger Infection: A Case Report.,"Yasmine Soubra, Anirudh Sudarshan, Amanda C Seymour, Brent M Egeland, Steven L Henry",JBJS case connector. 2025. doi: 10.2106/JBJS.CC.25.00026..,Soubra,JBJS case connector,2025,2025/06/12,,,10.2106/JBJS.CC.25.00026,"CASE: A 50-year-old man with HIV presented with an isolated dorsal index finger abscess. He underwent incision and debridement, but no pus was encountered. Surgical pathology demonstrated pox virus features. He then developed body pustules confirmed as monkeypox through polymerase chain reaction. The surgical wound deteriorated, prompting a second debridement of necrotic skin. Vesicles consistent with viral infection then appeared. The finger healed with local wound care within 3 months, achieving excellent function. CONCLUSION: This case illustrates an uncommon presentation of monkeypox, resembling a bacterial infection before vesiculation. Early recognition of monkeypox is critical to avoid unnecessary surgery.",abscess; hand; local wound care; monkeypox; mpox; non-operative; presentation; symptom; viral; viruses; wound
36245389,Applicability and benefits of telemedicine in the monitoring of monkeypox close contacts.,"Benjamin Zhi Qiang Seah, Eugene Thong Chuan Koh, Elaine Wei Ting Lim, Shawn Vasoo, Si Jack Chong",Journal of telemedicine and telecare. 2022. doi: 10.1177/1357633X221130290..,Seah,Journal of telemedicine and telecare,2024,2022/10/17,,,10.1177/1357633X221130290,"Monkeypox is a zoonotic disease caused by the monkeypox virus and classically presents as a vesicular rash accompanied by fever and lymphadenopathy. Singapore reported the first imported case of monkeypox infection on 21 June 2022, the first local unlinked case on 6 July 2022, and the first local linked case on 5 August 2022. Telemedicine was used in the management of monkeypox close contacts to (1) screen for the development of signs and symptoms consistent with monkeypox infection, (2) assess for successful post-exposure prophylaxis via direct visualisation of vaccination site morphological progression, (3) detect serious reactions arising from post-exposure prophylaxis administration, and (4) evaluate for deterioration in mental health status during the 21-day quarantine period. A case series of 13 close contacts who received post-exposure prophylaxis in the form of the ACAM2000 live Vaccinia virus preparation is presented, illustrating the safe and efficacious application of telemedicine in the clinical follow-up of quarantined close contacts throughout the 21-day incubation period, and post-exposure prophylaxis monitoring. Inherent limitations included difficulties in the assessment of sensitive areas such as the peri-genital and peri-anal regions and video quality-related issues.",home telecare; monkeypox; teledermatology; telehealth; telemedicine
39940961,Measurement of the Infection and Integrity of Monkeypox Virus: A New Method Using PMAxx-ddPCR.,"Giuseppe Sberna, Eliana Specchiarello, Cosmina Mija, Fabrizio Carletti, Sara Belladonna, Enrico Girardi, Valentina Mazzotta, Fabrizio Maggi",International journal of molecular sciences. 2025. doi: 10.3390/ijms26031195..,Sberna,International journal of molecular sciences,2025,2025/01/30,,,10.3390/ijms26031195,"Mpox, caused by the Monkeypox virus (MPV), is a global public health threat. Virus isolation is the gold standard to confirm MPV infection, but this process can face many challenges. As an alternative, a new method was developed in in vitro settings using 50 µM of propidium monoazide (PMAxx, a DNA-binding agent) coupled with digital droplet PCR (ddPCR). Frozen clinical samples analyzed by PMAxx-ddPCR had a median of 0.8 copies/µL, while untreated samples had a median of 29.8 copies/µL. Since a substantial percentage of reduction was observed in these samples (>80%), it was verified whether this reduction could be due to the freezing process. This hypothesis was confirmed both in vitro and using clinical samples. A gradual increase in the mean percentage of reduction was observed after freezing-thawing cycles of MPV-isolate (59.5-81.4%). Moreover, a different percentage of reduction was observed before (68.2%) and after freezing (97.4%) the specimens, suggesting that the freezing process could reduce the number of complete viral particles. Our study shows strong evidence of the usefulness of PMAxx in clinical settings. PMAxx ensures the detection of intact MPV particles, which improves the accuracy of MPV load measurements. This method not only increases the reliability of MPV diagnosis but also overcomes virus isolation limitations.",PMA; PMAxx; ddPCR; digital droplet PCR; monkeypox virus; mpox; propidium monoazide; virus infectivity; virus integrity
36331082,Design of a novel multiple epitope-based vaccine: an immunoinformatics approach to combat monkeypox.,"Chandni Hayat, Muhammad Shahab, Salman Ali Khan, Chaoqun Liang, Xiuyuan Duan, Haleema Khan, Guojun Zheng, Zaheer Ul-Haq",Journal of biomolecular structure & dynamics. 2022. doi: 10.1080/07391102.2022.2141887..,Hayat,Journal of biomolecular structure & dynamics,2023,2022/11/04,,,10.1080/07391102.2022.2141887,"Monkeypox virus is an infectious agent that causes fever, Pneumonitis encephalitis, rash, lymphadenopathy and bacterial infection. The current outbreak of monkeypox has reawakened the global health concern. In the current situation of increasing viral infection, no vaccine or drug is available for monkeypox. Thus, there is an urgent need for viable vaccine development to prevent viral transmission by boosting human immunity. Herein, using immunoinformatics approaches, a multi-epitope vaccine was constructed for the Monkeypox virus. In this connection, B-Cell and T-cell epitopes were identified and joined with the help of adjutants and linkers. The vaccine construct was selected based on promising vaccine candidates and immunogenic potential. Further epitopes were selected based on antigenicity score, non-allergenicity and good immunological properties. Molecular docking reveals strong interactions between TLR-9 and the predicted vaccine construct. Finally, molecular dynamics simulations were performed to evaluate the stability and compactness of the constructed vaccine. The MD simulation results demonstrated the significant stability of the polypeptide vaccine construct. The predicted vaccine represented good stability, expression, immunostimulatory capabilities and significant solubility. Design vaccine was verified as efficient in different computer-based immune response investigations. Additionally, the constructed vaccine also represents a good population coverage in computer base analysis.Communicated by Ramaswamy H. Sarma.",B-cell; Monkeypox; T-cell; epitope; immunoinformatics; vaccine
36375131,Approaching monkeypox: a guide for clinicians.,"Heidi M Torres, Grant Ellsworth, Jason Zucker, Marshall J Glesby",Topics in antiviral medicine. 2022. doi: 10.1038/s41591-022-02004-w..,Torres,Topics in antiviral medicine,2022,2022/10/01,,,10.1038/s41591-022-02004-w,"The 2022 outbreak of monkeypox virus infection has expanded far beyond regions in which the disease was previously endemic. Monkeypox has a wide range of manifestations, some of which are unique to this outbreak. Novel clinical presentations, testing limitations, and a lack of available treatments have contributed to delays in recognition, diagnosis, and treatment of monkeypox. As health care workers and governments fight this rare viral infection, which may become a routine diagnosis, early recognition of potential signs and symptoms along with appropriate testing is essential to prevent continuing spread and potential endemicity.","[MeSH] Humans; [MeSH] Mpox, Monkeypox; [MeSH] HIV Infections; [MeSH] Monkeypox virus; [MeSH] Disease Outbreaks"
38110129,Genome analysis of the mpox (formerly monkeypox) virus and characterization of core/variable regions.,"Zehui Yu, Xiaoxia Zou, Zhaobin Deng, Mingde Zhao, Congwei Gu, Lu Fu, Wudian Xiao, Manli He, Lvqin He, Qian Yang, Sicheng Liang, Chengli Wen, Muhan Lü",Genomics. 2023. doi: 10.1016/j.ygeno.2023.110763..,Yu,Genomics,2024,2023/12/16,,,10.1016/j.ygeno.2023.110763,"Since smallpox was eradicated in 1980, the monkeypox virus (MPXV) has emerged as the most threatening orthopoxvirus in the world. In this study, we conducted a comprehensive analysis of the currently published complete genome sequences of the monkeypox virus. The core/variable regions were identified through core-pan analysis of MPXV. Besides single-nucleotide polymorphisms, our study also revealed that specific genes, multi-copy genes, repeat sequences, and recombination fragments are primarily distributed in the variable region. This result suggests that variable regions are not only more susceptible to single-base mutations, but also to events such as gene loss or gain, as well as recombination. Taken together, our results demonstrate the genomic characteristics of the core/variable regions of MPXV, and contribute to our understanding of the evolution of MPXV.",Core-pan analysis; Core/variable regions; Mpox; Recombination; Repeat sequence; SNP
39903602,"A holistic evaluation of sexual health disease investigation: case study of the 2022 Mpox outbreak in Santa Clara County, California.","Harit Agroia, Leyla Mousli, Disha Nangia",Sexual health. 2025. doi: 10.1071/SH24197..,Agroia,Sexual health,2025,2025/02/01,,,10.1071/SH24197,"Background Despite its integral role in preventing and controlling infectious diseases, there is limited research that evaluates the impact of disease investigation (DI) services. The County of Santa Clara Public Health Department activated its emergency response operations, which included designated DI services, to respond to its local Mpox outbreak. The aim of this evaluation was to understand the range of outcomes achieved through Mpox DI services. Methods Mpox investigations completed between June and December 2022 were included in an evaluation that employed a composite measure to calculate the number of investigations needed to achieve the following outcomes: (1) treatment completion, (2) monitoring completion, (3) partial vaccine dose completion, (4) full vaccination series completion, and (5) STI and HIV testing. Results The overall composite score of 0.53 indicated that each investigation led to 1.90 outcomes achieved. Among cases eligible for treatment, 2.16 investigations yielded one treatment completion; 1.19 case and contact investigations yielded one monitoring completion; 2.21 and 3.53 contact investigations yielded one partial vaccine dose completion and one full vaccination series completion, respectively; and 2.25 case and contact investigations yielded one STI or HIV test. Conclusion Recognizing the multiple steps involved in DI can inform holistic evaluations that illuminate intervention impact.","[MeSH] Humans; [MeSH] Disease Outbreaks; [MeSH] California; [MeSH] Sexually Transmitted Diseases; [MeSH] Male; [MeSH] Sexual Health; [MeSH] Female; [MeSH] Adult; [MeSH] Mpox, Monkeypox"
36082684,"Isolation of viable monkeypox virus from anal and urethral swabs, Italy, May to July 2022.","Davide Moschese, Giacomo Pozza, Davide Mileto, Andrea Giacomelli, Miriam Cutrera, Maria Vittoria Cossu, Maddalena Matone, Martina Beltrami, Federica Salari, Spinello Antinori, Alessandra Lombardi, Giuliano Rizzardini",Euro surveillance : bulletin Europeen sur les maladies transmissibles = European communicable disease bulletin. 2022. doi: 10.2807/1560-7917.ES.2022.27.36.2200675..,Moschese,Euro surveillance : bulletin Europeen sur les maladies transmissibles = European communicable disease bulletin,2022,2022/09/01,,,10.2807/1560-7917.ES.2022.27.36.2200675,"Anal and urethral samples from confirmed cases of monkeypox were screened for monkeypox virus (MPXV) by real-time PCR. Isolation of the virus was subsequently attempted in cell culture. Actively-replicating virus was demonstrated in 13 of 18 and 11 of 15 PCR-positive anal and urethral swabs, respectively, collected within 7 days from symptoms onset. Two asymptomatic secondary cases had detectable MPXV genetic material in urethral secretion and for one, MPXV was successfully isolated, supporting a potential MPXV sexual transmission hypothesis.",polymerase chain reaction; sexual transmission; viral culture; viral isolation
37649367,Mpox vaccination for men who have sex with men and their differential risk of exposure and infection.,"Ngai Sze Wong, Bonnie Chun-Kwan Wong, Man-Po Lee, Owen Tak-Yin Tsang, Danny King Fai Cheung, Alfred Yao-Wai Sit, Samuel Yeung-Shan Wong, Shui-Shan Lee",Human vaccines & immunotherapeutics. 2023. doi: 10.1080/21645515.2023.2252263..,Wong,Human vaccines & immunotherapeutics,2023,2023/08/01,,,10.1080/21645515.2023.2252263,"Following the post-COVID-19 reopening of the society with enhanced traveling between countries, people at risk of mpox infection, notably men who have sex with men (MSM) and people living with HIV, are facing increasing threat of virus exposure. Mpox vaccination is an important public health strategy which is provided free in Hong Kong to people at higher risk of infection. Between October 2022 and January 2023, 326 and 184 MSM vaccinees from vaccination sites and HIV specialist clinics in Hong Kong, respectively, were recruited for assessing their infection risks. Apart from the urge to protect one's significant others (68%), 45% were worried about the stigmatizing mpox symptoms if infected. Compared with MSM vaccinees at vaccination site, a lower proportion of MSM vaccinees in HIV care were sexually active in the past 6 months (88% vs 97%), but a higher proportion had recent sexually transmitted infection diagnoses (19% vs 10%) and perceived considerable exposure risk in the following 6 months (40% vs 22%). There were no differences in the perceived effectiveness of mpox vaccination. If optimal supplies of mpox vaccines can be secured, a low threshold approach at vaccination site could enable MSM with different levels of behavioral risks to become protected.",HIV; MSM; monkeypox; mpox; vaccination
37773029,Viral blips and virologic failures following mpox vaccination with MVA-BN among people with HIV.,"Angelo Roberto Raccagni, Sara Diotallevi, Riccardo Lolatto, Maria Francesca Lucente, Caterina Candela, Nicola Gianotti, Benedetta Trentacapilli, Diana Canetti, Antonella Castagna, Silvia Nozza","AIDS (London, England). 2023. doi: 10.1097/QAD.0000000000003733..",Raccagni,"AIDS (London, England)",2023,2023/09/28,,,10.1097/QAD.0000000000003733,"OBJECTIVES: The study aim was to evaluate whether mpox vaccination with modified vaccinia Ankara-Bavarian Nordic (MVA-BN) may be associated with viral blips or confirmed virologic failures (CVF) in people with HIV (PWH) receiving antiretroviral therapy and the associated factors. DESIGN: PWH who received MVA-BN, with HIV-RNA less than 50 copies/ml, and CD4 + lymphocytes at least 200 cells/μl in the 6 months prior to vaccination and at least 1 HIV-RNA determination within 3 months from vaccination. METHODS: The primary outcome was occurrence of viral blips (1 HIV-RNA ≥50 copies/ml) and CVF (1 HIV-RNA ≥1000 copies/ml or ≥2 consecutive HIV-RNA ≥50 copies/ml) following MVA-BN. Changes in CD4 + and CD4 + /CD8 + were secondary outcomes. Residual viremia was defined as detectable HIV-RNA less than 50 copies/ml. PWH already vaccinated against smallpox received single-dose MVA-BN. Mann--Whitney rank-sum test or chi-square/Fisher's test applied. RESULTS: Overall, 187 PWH were included: 147 received two doses of MVA-BN, 40 single-dose. Six viral blips [incidence rate = 1.59/100-person months of follow-up (PMFU), 95% confidence interval (95% CI) = 0.58-3.47], and three CVFs [incidence rate = 0.80/100-PMFU (95% CI = 0.16-2.33)] were observed. Two CVFs occurred at second dose with presence of detectable HIV-RNA following first one, with high compliance to antiretroviral therapy (ART). PWH with viral blips or CVFs had, prior to first vaccination, more frequently residual viremia [77% ( n = 7) versus 35% ( n = 62), P = 0.01]. No differences in ART ( P = 0.42) and number of MBA-BN doses ( P = 0.40) was found. In two cases of CVFs, ART was changed; all VBs resolved within 1 month. CONCLUSION: Although rare, viral blips and CVFs following MVA-BN vaccination among PWH receiving ART were identified. Close monitoring of HIV-RNA during mpox vaccination should be encouraged.","[MeSH] Humans; [MeSH] Smallpox Vaccine; [MeSH] HIV Infections; [MeSH] Viremia; [MeSH] Vaccination; [MeSH] RNA; [MeSH] Viral Load; [MeSH] Vaccines, Attenuated; [MeSH] Mpox, Monkeypox"
36148930,"Ten-Week Follow-Up of Monkeypox Case-Patient, Sweden, 2022.","Aleksandra Pettke, Finn Filén, Katarina Widgren, Andreas Jacks, Hedvig Glans, Sofia Andreasson, Shaman Muradrasoli, Sofia Helgesson, Elenor Hauzenberger, Maria Lind Karlberg, Noura Walai, Annelie Bjerkner, Hadrien Gourlé, Sara Gredmark-Russ, Oskar Karlsson Lindsjö, Klara Sondén, Hilmir Asgeirsson",Emerging infectious diseases. 2022. doi: 10.3201/eid2810.221107..,Pettke,Emerging infectious diseases,2022,2022/10/01,,,10.3201/eid2810.221107,A previously healthy male patient had detectable monkeypox virus DNA in saliva 76 days after laboratory confirmation of infection. A comprehensive characterization of viral kinetics and a detailed follow-up indicated a declining risk for transmission during the weeks after monkeypox symptoms appeared.,Sweden; epidemic; metagenomic sequencing; monkeypox; orthopoxvirus; outbreak; viruses; zoonoses
38785093,"Mpox in children and adolescents and contact follow-up in school settings in greater Paris, France, May 2022 to July 2023.","Laura Reques, Lilas Mercuriali, Yassoungo Silué, Emilie Chazelle, Guillaume Spaccaferri, Annie Velter, Alexandra Mailles, Pierre Frange, Arnaud Tarantola",Euro surveillance : bulletin Europeen sur les maladies transmissibles = European communicable disease bulletin. 2024. doi: 10.2807/1560-7917.ES.2024.29.21.2300555..,Reques,Euro surveillance : bulletin Europeen sur les maladies transmissibles = European communicable disease bulletin,2024,2024/05/01,,,10.2807/1560-7917.ES.2024.29.21.2300555,"BackgroundDuring the 2022 mpox outbreak in Europe, primarily affecting men who have sex with men, a limited number of cases among children and adolescents were identified. Paediatric cases from outbreaks in endemic countries have been associated with a higher likelihood of severe illness. Detailed clinical case descriptions and interventions in school settings before 2022 are limited.AimTo describe clinical characteristics of mpox cases among children (< 15 years) and adolescents (15-17 years) in the greater Paris area in France, and infection control measures in schools.MethodsWe describe all notified laboratory-confirmed and non-laboratory-confirmed cases among children and adolescents identified from May 2022 to July 2023, including demographic and clinical characterisation and infection control measures in school settings, i.e. contact tracing, contact vaccination, secondary attack rate and post-exposure vaccination uptake.ResultsNineteen cases were notified (13 children, 6 adolescents). Four adolescent cases reported sexual contact before symptom onset. Ten child cases were secondary cases of adult patients; three cases were cryptic, with vesicles on hands, arms and/or legs and one case additionally presented with genitoanal lesions. Five cases attended school during their infectious period, with 160 at-risk contacts identified, and one secondary case. Five at-risk contacts were vaccinated following exposure.ConclusionCases among children and adolescents are infrequent but require a careful approach to identify the source of infection and ensure infection control measures. We advocate a 'contact warning' strategy vs 'contact tracing' in order to prevent alarm and stigma. Low post-exposure vaccination rates are expected.",Mpox; contact tracing; paediatric; surveillance; vaccination
36901430,Automated Monkeypox Skin Lesion Detection Using Deep Learning and Transfer Learning Techniques.,"Ameera S Jaradat, Rabia Emhamed Al Mamlook, Naif Almakayeel, Nawaf Alharbe, Ali Saeed Almuflih, Ahmad Nasayreh, Hasan Gharaibeh, Mohammad Gharaibeh, Ali Gharaibeh, Hanin Bzizi",International journal of environmental research and public health. 2023. doi: 10.3390/ijerph20054422..,Jaradat,International journal of environmental research and public health,2023,2023/03/01,,,10.3390/ijerph20054422,"The current outbreak of monkeypox (mpox) has become a major public health concern because of the quick spread of this disease across multiple countries. Early detection and diagnosis of mpox is crucial for effective treatment and management. Considering this, the purpose of this research was to detect and validate the best performing model for detecting mpox using deep learning approaches and classification models. To achieve this goal, we evaluated the performance of five common pretrained deep learning models (VGG19, VGG16, ResNet50, MobileNetV2, and EfficientNetB3) and compared their accuracy levels when detecting mpox. The performance of the models was assessed with metrics (i.e., the accuracy, recall, precision, and F1-score). Our experimental results demonstrate that the MobileNetV2 model had the best classification performance with an accuracy level of 98.16%, a recall of 0.96, a precision of 0.99, and an F1-score of 0.98. Additionally, validation of the model with different datasets showed that the highest accuracy of 0.94% was achieved using the MobileNetV2 model. Our findings indicate that the MobileNetV2 method outperforms previous models described in the literature in mpox image classification. These results are promising, as they show that machine learning techniques could be used for the early detection of mpox. Our algorithm was able to achieve a high level of accuracy in classifying mpox in both the training and test sets, making it a potentially valuable tool for quick and accurate diagnosis in clinical settings.",classification; deep learning; early diagnosis; image analysis; image processing; mpox
39890207,Decoding mpox: a systematic review and meta-analysis of the transmission and severity parameters of the 2022-2023 global outbreak.,"Candida Diaz Brochero, Laura Cristina Nocua-Báez, Jorge Alberto Cortes, Kelly Charniga, Adriana Buitrago-Lopez, Zulma M Cucunubá",BMJ global health. 2025. doi: 10.1136/bmjgh-2024-016906..,Diaz,BMJ global health,2025,2025/01/31,,,10.1136/bmjgh-2024-016906,"INTRODUCTION: The 2022-2023 mpox outbreak has been the largest in history. We aim to synthesise the key epidemiological parameters related to the dynamics, transmission, and severity of mpox (incubation period, serial interval, generation time, infectious period, basic (R0) and effective (R(t)) reproductive number, and case fatality rate (CFR)). METHODS: Systematic review of observational studies in MEDLINE, EMBASE and other sources up to September 2023 (PROSPERO: CRD42023404503). Quality assessment using the Joanna Briggs Institute Critical Appraisal for case series, cross-sectional and cohort studies, and a designed quality assessment questionnaire for mathematical models. Meta-analysis was performed using a random effects model. RESULTS: For transmissibility parameters, we estimated a pooled incubation period of 7.60 (95% CI 7.14 to 8.10) days and a pooled serial interval of 8.30 (95% CI 6.74 to 10.23) days. One study reported a generation time of 12.5 days (95% CI 7.5 to 17.3). Three studies reported presymptomatic transmission in 27-50% of paired cases investigated. R(t) varied between 1.16 and 3.74 and R0 varied between 0.006 and 7.84. The epidemic peaked between August and September 2022 in Europe and the Americas whereas transmission has continued in African countries. For severity parameters, we estimated a pooled CFR by continent: 0.19% (95% CI 0.09% to 0.37%) for the Americas and 0.33% (95% CI 0.15% to 0.7%) for Europe. For Africa, we found that the CFRs of countries associated with group I were higher (range 17-64%) than those associated with group IIb (range 0-6%). CONCLUSION: Pooled mpox serial interval was slightly larger than pooled incubation period, suggesting transmission occurs mostly postsymptom onset, although presymptomatic transmission can occur in an important proportion of cases. CFR estimates varied by geographical region and were higher in Africa, in countries linked with clade I. Our results contribute to a better understanding of mpox dynamics, and the development of mathematical models to assess the impact of current and future interventions.",Epidemiology; Global Health; Public Health; Systematic review
37587900,Genomic characterization of the first mpox and varicella-zoster co-infection in Pakistan (2023) through next-generation sequencing.,"Massab Umair, Zunera Jamal, Syed A Haider, Rabia Hakim, Muhammad Ammar, Qasim Ali, Nasim Akhtar, Aamer Ikram, Muhammad Salman",Journal of medical virology. 2023. doi: 10.1002/jmv.29037..,Umair,Journal of medical virology,2023,2023/08/01,,,10.1002/jmv.29037,"The global mpox outbreak spanning 2022-2023 has affected numerous countries worldwide. In this study, we present the first report on the detection, whole-genome sequence, and coinfection of the mpox virus and varicella zoster virus (VZV) from Pakistan. During April-May 2023, samples from 20 suspected cases of mpox were tested at the National Institutes of Health, Islamabad among which 4 tested positive. All four cases had a travel history of Saudi Arabia. All the suspected samples were processed by using a Zymo research kit for DNA extraction, followed by qRT-PCR amplification by using a DaAn Gene detection kit for the mpox virus. Further, two of the positive samples with a low Ct value (<20) were subjected to whole-genome sequencing using a metagenomic approach on the iSeq (Illumina) platform. The sequencing results revealed Clade IIb and genotype A.2.1 of MPXV, which clustered with viruses from Slovenia and the UK in July and June 2022, respectively. Our analysis identified two novel nonsynonymous substitutions in mpox virus, namely V98I in OPG046 and P600S in OPG109. Furthermore, we successfully retrieved the complete genome of VZV from the same sample, belonging to Clade 5. This study represents the first positive case of MPXV in Pakistan and the coinfection of mpox and VZV by using a metagenome approach providing insights into their complete genomes. Our results highlight the importance of surveillance at the point of entries, strengthening lab capacities including next-generation sequencing, and using differential diagnosis for timely and accurate detection of mpox cases.",A.2.1 Clade IIb; Mpox 2022-2023 outbreak; Pakistan; coinfection; next-generation sequencing; travel cases; varicella-zoster
40339561,A comprehensive review of current diagnostic techniques for Monkeypox virus detection.,"Salma Madihi, Abdelouaheb Benani",Biologicals : journal of the International Association of Biological Standardization. 2025. doi: 10.1016/j.biologicals.2025.101841..,Madihi,Biologicals : journal of the International Association of Biological Standardization,2025,2025/05/08,,,10.1016/j.biologicals.2025.101841,"Monkeypox (Mpox) is an infectious disease caused by the Monkeypox virus (MPXV), initially confined to Central and Western Africa, but now spreading globally. The clinical manifestations are often atypical in the current Mpox outbreak, in addition to the critical challenges in MPXV typing and the difficulty in reliably distinguishing between clades. Therefore, diagnosing Mpox based on clinical signs and symptoms only can be challenging. Current treatment is not specific to MPXV and primarily involves supportive care and antiviral drugs that inhibit viral DNA synthesis, such as Tecovirimat and Brincidofovir. This review provides a comprehensive overview of current laboratory techniques for MPXV detection, encompassing both direct and indirect diagnostic methods. It highlights recent advancements, evaluates the strengths and limitations of each approach, and proposes innovative strategies to enhance global diagnostic capabilities, including the potential roles of computational drug discovery and immunoinformatics in designing multi-epitope vaccines targeting MPXV and its variants. The most effective measure to control MPXV spread remains vaccination, timely diagnosis, isolation of infected individuals, maintaining personal hygiene, and avoiding contact with contaminated persons, objects, and animal waste.",Diagnostic; MPXV; Molecular; Mpox; Serology
39171509,Equivalence of freeze-dried and liquid-frozen formulations of MVA-BN as smallpox and mpox vaccine.,"Richard N Greenberg, Darja Schmidt, Daniela Reichhardt, Siegfried Roesch, Sanja Vidojkovic, Jane Maclennan, Liddy M Chen, Robert Gruenert, Christian Kreusel, Heinz Weidenthaler, Thomas P H Meyer, Paul John Chaplin",Human vaccines & immunotherapeutics. 2024. doi: 10.1080/21645515.2024.2384189..,Greenberg,Human vaccines & immunotherapeutics,2024,2024/08/22,,,10.1080/21645515.2024.2384189,"Modified Vaccinia Ankara Bavarian Nordic (MVA-BN) as a smallpox and mpox vaccine has been approved in its liquid-frozen (LF) formulation in the US, Canada, and EU. A freeze-dried (FD) formulation may offer additional benefits, such as a longer shelf life and reduced dependence on cold chain storage and transport. In a phase 2 clinical trial, 651 vaccinia-naïve participants were vaccinated with two doses of MVA-BN LF or FD, 4 weeks apart. The objectives were to compare MVA-BN FD with LF in terms of vaccine-induced immune responses, safety, and reactogenicity. Non-inferiority of the immune response was assessed by the 95% CI of the geometric mean ratios. Both formulations induced robust vaccinia-specific humoral and cellular immune responses. At peak humoral responses (Week 6), geometric means of total antibody titers were 1096 (95% CI 1013, 1186) from the FD group and 877 (95% CI 804, 956) from the LF group, achieving the primary endpoint of non-inferiority of MVA-BN FD compared to MVA-BN LF. At peak cellular responses (Week 2), geometric means of T cell spot forming units were 449 (95% CI 341, 590) from the FD group and 316 (95% CI 234, 427) from the LF group. Both formulations of MVA-BN were well tolerated, with similar unsolicited AEs and solicited systemic reactions in both groups but slightly more local reactions in the FD group. No vaccine-related serious adverse events (SAEs) or vaccine-related AE of special interest were reported. The FD formulation of MVA-BN was shown to be equivalent to MVA-BN LF.",Modified vaccinia Ankara; freeze-dried; monkeypox; mpox; orthopox virus; smallpox; vaccine
38488495,"Prolonged viral shedding in an immunocompromised Korean patient infected with hMPXV, sub-lineage B.1.3, with acquired drug resistant mutations during tecovirimat treatment.","Minji Lee, Chi-Hwan Choi, Jin-Won Kim, Gyuri Sim, Sang Eun Lee, Hwachul Shin, Jeong Hyun Lee, Myung-Min Choi, Hwajung Yi, Yoon-Seok Chung",Journal of medical virology. 2024. doi: 10.1002/jmv.29536..,Lee,Journal of medical virology,2024,2024/03/01,,,10.1002/jmv.29536,"Following the worldwide surge in mpox (monkeypox) in 2022, cases have persisted in Asia, including South Korea, and sexual contact is presumed as the predominant mode of transmission, with a discernible surge in prevalence among immunocompromised patients. Drugs such as tecovirimat can result in drug-resistant mutations, presenting obstacles to treatment. This study aimed to ascertain the presence of tecovirimat-related resistant mutations through genomic analysis of the monkeypox virus isolated from a reported case involving prolonged viral shedding in South Korea. Here, tecovirimat-resistant mutations, previously identified in the B.1 clade, were observed in the B.1.3 clade, predominant in South Korea. These mutations exhibited diverse patterns across different samples from the same patient and reflected the varied distribution of viral subpopulations in different anatomical regions. The A290V and A288P mutant strains we isolated hold promise for elucidating these mechanisms, enabling a comprehensive analysis of viral pathogenesis, replication strategies, and host interactions. Our findings imply that acquired drug-resistant mutations, may present a challenge to individual patient treatment. Moreover, they have the potential to give rise to transmitted drug-resistant mutations, thereby imposing a burden on the public health system. Consequently, the meticulous genomic surveillance among immunocompromised patients, conducted in this research, assumes paramount importance.",Tecovirimat; drug resistance; genomic analysis; immunocompromised patient; monkeypox virus; mpox
39467187,Successful Collaborations that Resulted in Increased U.S. Diagnostic Testing During the 2022 Mpox Outbreak.,"Christina L Hutson, Julie Villanueva, Timothy Stenzel, Victoria A Olson, Noel Gerald, Rebecca McNall, Sean Courtney, Tricia Aden, Stacy Rager, Christina Egan, Patricia Blevins, Wendi Kuhnert, Whitni Davidson, Theodora Khan, Nicolle Baird, Chantal Kling, Susan Van Meter, Jasmine Chaitram, Reynolds M Salerno",Journal of public health management and practice : JPHMP. 2024. doi: 10.1097/PHH.0000000000002024..,Hutson,Journal of public health management and practice : JPHMP,2025,2024/10/25,,,10.1097/PHH.0000000000002024,"CONTEXT: The first case of mpox was detected in the United States in a Laboratory Response Network (LRN) laboratory at the Massachusetts Department of Public Health on May 17, 2022. Through previous years of smallpox preparedness efforts by the United States government, testing capacity in LRN laboratories across the United States utilizing the FDA-cleared Centers for Disease Control and Prevention (CDC) Non-variola orthopoxvirus (NVO) test was approximately 6000 tests weekly across the nation prior to the mpox outbreak. By early June 2022, the LRN laboratories had capacity to perform up to 8000 tests per week. As the outbreak expanded, cases were identified in every United States state, peaking at ~3000 cases per week nationally in August 2022. OBJECTIVE: Although NVO testing capacity in LRN laboratories exceeded national mpox testing demand overall, LRN testing access in some areas was challenged and test expansion was necessary. PARTICIPANTS: CDC engaged with partners and select commercial laboratories early to increase diagnostic testing access by allowing these commercial laboratories to utilize the NVO test. SETTING: The expansion of testing to commercial laboratories increased testing availability, capacity, and volume nationwide. This was the first time that CDC shared an FDA 510k-cleared molecular test with commercial laboratories to support a public health emergency. DESIGN: Extensive efforts were made to ensure the CDC NVO test was used appropriately in the private sector and that the transfer process met regulatory requirements. MAIN OUTCOME MEASURES, RESULTS, CONCLUSIONS: These novel methods to expand NVO testing to commercial laboratories increased national testing capacity to 80 000 mpox tests/week. Test volumes among these laboratories never exceeded this expanded capacity. The rapid increase in the nation's testing capacity, in conjunction and coordination with other public and private health efforts, helped to detect cases rapidly. These actions demonstrated the importance of highly functional and efficient public health and private sector partnerships for responding to public health emergencies.","[MeSH] Humans; [MeSH] Disease Outbreaks; [MeSH] United States; [MeSH] Cooperative Behavior; [MeSH] Centers for Disease Control and Prevention, U.S.; [MeSH] Laboratories; [MeSH] Public Health; [MeSH] Diagnostic Tests, Routine; [MeSH] Smallpox; [MeSH] Mpox, Monkeypox"
37269693,Human monkeypox virus in the shadow of the COVID-19 pandemic.,"Almu'atasim Khamees, Sajeda Awadi, Khayry Al-Shami, Hayat Abu Alkhoun, Sharaf F Al-Eitan, Ahmad Malek Alsheikh, Ahmad Saeed, Raed M Al-Zoubi, Mazhar Salim Al Zoubi",Journal of infection and public health. 2023. doi: 10.1016/j.jiph.2023.05.013..,Khamees,Journal of infection and public health,2023,2023/05/13,,,10.1016/j.jiph.2023.05.013,"BACKGROUND: The end of smallpox in 1980 and the subsequent stopping of vaccination against smallpox was followed by the emergence of monkeypox (mpox), a viral disease of animal origin, meaning that it is transmitted from animal to human. The symptoms of mpox are similar to smallpox, except that they are less severe in terms of clinical features. In the case of public health, the mpox virus is one of the most important orthopoxviruses (such as variola, cowpox, and vaccinia) that come from the family Poxviridae. Mpox occurs mostly in central Africa and sometimes in tropical rainforests or some urban areas. Also, there are threats other than COVID-19, that must be addressed and prevented from spreading, as there has been an outbreak of mpox cases since May 7, 2022, throughout the USA, Europe, Australia, and part of Africa. OBJECTIVES: In this review, we will discuss mpox between the past, the present and during the COVID-19 pandemic. Also, it offers an updated summary of the taxonomy, etiology, transmission, and epidemiology of mpox illness. In addition, the current review aims to highlight the importance of emerging pandemics in the same era such as mpox and COVID-19. METHODS: A literature search was done for the study using online sources like PubMed and Google Scholar. Publications in English were included. Data for study variables were extracted. After the duplicate articles were eliminated, full-text screening was performed on the papers' titles and abstracts. RESULTS: The evaluation included a series documenting mpox virus outbreaks, and both prospective and retrospectiveinvestigations. CONCLUSIONS: monkeypox is a viral disease caused by the monkeypox virus (MPXV), which is primarily found in central and western Africa. The disease is transmitted from animals to humans and presents symptoms similar to those of smallpox, including fever, headache, muscle aches, and a rash. Monkeypox can lead to complications such as secondary integument infection, bronchopneumonia, sepsis, and encephalitis, as well as corneal infection that can result in blindness. There is no specific clinically proven treatment for monkeypox, and treatment is primarily supportive. However, antiviral drugs and vaccines are available for cross-protection against the virus, and strict infection control measures and vaccination of close contacts of affected individuals can help prevent and control outbreaks.",COVID-19; Infectious diseases; Mpox; Outbreak; Smallpox
39894441,Short-term evolution of Mpox-specific IgG and neutralizing antibodies among individuals undergoing MVA-BN vaccination.,"Wang-Da Liu, Tai-Ling Chao, Kai-Hsiang Chen, Hsin-Yun Sun, Kuan-Yin Lin, Yu-Chung Chuang, Yu-Shan Huang, Chi-Ying Lin, Wei-Ting Hsu, Chun-Fu Huang, Guei-Chi Li, Wen-Chun Liu, Cheng-Hsin Wu, Yi-Ching Su, Lan-Hsin Chang, Chia-Yi Lin, Pei-Ying Wu, Ling-Ya Chen, Yi-Ting Chen, Yu-Zhen Luo, Hsi-Yen Chang, Yi-Chun Chen, Yi Yao, Jann-Tay Wang, Wang-Huei Sheng, Szu-Min Hsieh, Shih-Chung Chang, Sui-Yuan Chang, Chien-Ching Hung",International journal of infectious diseases : IJID : official publication of the International Society for Infectious Diseases. 2025. doi: 10.1016/j.ijid.2025.107830..,Liu,International journal of infectious diseases : IJID : official publication of the International Society for Infectious Diseases,2025,2025/01/31,,,10.1016/j.ijid.2025.107830,"OBJECTIVES: The data on immune responses of individuals undergoing modified vaccinia Ankara-Bavarian Nordic (MVA-BN) vaccination are scarce. We aimed to compare Mpox virus-specific antibody and neutralizing antibody responses among people with and those without HIV receiving MVA-BN vaccines. METHODS: This prospective study enrolled participants undergoing two-dose MVA-BN vaccination to investigate seroresponses after vaccination. Blood samples were collected before and after each dose of vaccination for determinations of anti-A29 and anti-H3 IgG. Neutralization tests were conducted for samples tested positive for both anti-A29 and anti-H3 IgG. RESULTS: Overall, 441 participants undergoing two-dose MVA-BN vaccination were enrolled. Seroconversion for anti-A29 and anti-H3 IgG, respectively, after the second dose of vaccination was 18.2% and 61.2%, 10.9% and 65.0%, and 51.6% and 90.6% among people with HIV, people without HIV, and those who had had smallpox vaccination previously, respectively. About 20% of the participants with seroconversion lost seroresponses after a 7-month period of observation. None of the serum samples from vaccinated participants demonstrated neutralizing ability. CONCLUSIONS: Participants with previous smallpox vaccination had higher and more sustained antibody responses after receiving two doses of MVA-BN vaccines than those who had not undergone smallpox vaccination. More studies are warranted to assess the seroresponses to booster MVA-BN vaccination for vaccine nonresponders or those having lost seroresponses.",AIDS; HIV; Humoral immunity; Immunogenicity; Monkeypox; STI
37861345,Comparison of clinical course of Mpox among HIV-negative and HIV-positive patients: A 2022 cohort of hospitalized patients in Central Europe.,"Jacek Kowalski, Iwona Cielniak, Ewelina Garbacz-Łagożna, Grażyna Cholewińska-Szymańska, Miłosz Parczewski",Journal of medical virology. 2023. doi: 10.1002/jmv.29172..,Kowalski,Journal of medical virology,2023,2023/10/01,,,10.1002/jmv.29172,"Mpox has become the most significant orthopoxviral infection among humans. Since May 2022, there has been a multicountry outbreak of mpox across six continents. Retrospective observational cohort study of 94 patients with probable or confirmed mpox of whom 86.2% were hospitalized in Hospital for Infectious Diseases in Warsaw, Poland between May 16 and October 30, 2022. Most patients were young (median age: 31, IQR: 25-43 years), predominantly (88.3%) Polish men who have sex with men exposed most commonly in Poland (82.7%), Spain (6.2%), or Germany (4.9%). The median observed mpox incubation period was 7 (IQR: 4-8) days with the median hospitalization time of 7 (range: 2-24, IQR: 5-11) days. History of sexually transmitted infections (STIs) was common in the group (previous syphilis or hepatitis C virus in 33.3% and 17.3%, respectively, 6.2% of early syphilis or gonorrhea). A significant proportion (n = 43, 45.7%) of mpox cases were people with human immunodeficiency virus (HIV), all except one were on stable and virologically effective (88.4% with HIV viral load <50 copies/mL) antiretroviral treatment. Chemsex was reported in 34.6% of hospitalized cases, more commonly among people with HIV (48.5% vs. 25.0%, p = 0.029). None of the mpox infected patients presented with advanced HIV infection. Despite the fact that 6.3% of cases presented with >50 skin lesions the course of the disease was self-limited with no severe cases or deaths. There were no significant clinical or laboratory differences or complication rates between patients with and without HIV coinfection. Epidemiological and clinical characteristics of mpox in Poland are similar to other countries, but there were no targeted, population oriented interventions or vaccination programs. Mpox diagnosis provided an opportunity to screen and diagnose other STIs. As Central European populations, including refugees from Ukraine, are largely unvaccinated against mpox access to preventive vaccinations and antiviral therapy should be maximized.",HIV infection; Poland; mpox; outbreak; year 2022
22401693,[Do palmar and plantar lesions occur during chickenpox?].,J J Morand,Annales de dermatologie et de venereologie. 2012. doi: 10.1016/j.annder.2011.12.030..,Morand,Annales de dermatologie et de venereologie,2012,2012/02/04,,,10.1016/j.annder.2011.12.030,,"[MeSH] Chickenpox; [MeSH] Cooperative Behavior; [MeSH] Diagnosis, Differential; [MeSH] Foot Dermatoses; [MeSH] France; [MeSH] Hand Dermatoses; [MeSH] Humans; [MeSH] Interdisciplinary Communication; [MeSH] Mpox, Monkeypox; [MeSH] Smallpox"
17515675,[Rapid differential diagnosis of Orthopoxviruses and Herpesviruses based upon multiplex real-time PCR].,"Catia Sias, Fabrizio Carletti, Maria R Capobianchi, Damiano Travaglini, Roberta Chiappini, Douglas Horejsh, Antonino Di Caro",Le infezioni in medicina. 2007.,Sias,Le infezioni in medicina,2007,2007/03/01,,,,"OBJECTIVE: Variola virus, belonging to Orthopoxviridae family, is one of the most dangerous human pathogens that could be used as biological weapon. We have developed a new rapid assay, based upon Real-time PCR and melting temperatures analysis of amplicons, for the contemporary detection of Orthopoxvirus, VZV and HSV1-2, that are the most important infectious agents to be considered for differential diagnosis. METHODS: The target for detection of orthopoxvirus DNA has been a region of the crmB gene which is common to Variola virus and to other old world orthopoxviruses pathogenic for humans. The targets for VZV and HSV1-2 have been ORF 29 and DNA polymerase, respectively. Suitability of the amplified fragments to RFLP or sequencing analysis, to recognize the involved viral species, has been also tested. RESULT: The selected primers have showed high sensitivity, specificity and compatibility with common amplification conditions. A mean melting temperature difference of 8.7 degree C was observed between the amplicons from the two virus types. Further identification of individual pathogens was made using RFLP analysis. CONCLUSION: The PCR-based protocol set up in this study for presumptive differential diagnosis of variola and herpesviral infections is rapid and specific and it can be used also to detect other orthopoxviral infections, like monkeypox.","[MeSH] Bioterrorism; [MeSH] Computer Systems; [MeSH] DNA Primers; [MeSH] DNA, Viral; [MeSH] Diagnosis, Differential; [MeSH] Herpesviridae; [MeSH] Herpesviridae Infections; [MeSH] Humans; [MeSH] Mpox, Monkeypox; [MeSH] Monkeypox virus; [MeSH] Nucleic Acid Denaturation; [MeSH] Orthopoxvirus; [MeSH] Polymerase Chain Reaction; [MeSH] Polymorphism, Restriction Fragment Length; [MeSH] Poxviridae Infections; [MeSH] Sensitivity and Specificity; [MeSH] Smallpox; [MeSH] Species Specificity; [MeSH] Time Factors; [MeSH] Variola virus; [MeSH] Viremia"
38153312,Mpox Management: A Holistic Local Response to a Global Threat.,"Simon Crouch, Edura Jalil, Anna B Pierce, Mohana Baptista, Evelyn Wong, Rhonda Stuart",Journal of public health management and practice : JPHMP. 2023. doi: 10.1097/PHH.0000000000001870..,Crouch,Journal of public health management and practice : JPHMP,2024,2023/12/25,,,10.1097/PHH.0000000000001870,"Newly formed local public health units in Victoria have been established to support a place-based approach that tailors and delivers public health initiatives and responds to public health incidents and issues. Initially, post-establishment of these units, public health activities focused on the prevention and control of communicable diseases. In 2022, mpox emerged as a global public health threat. As case numbers rose across Australia, local public health units in Victoria were engaged by the Department of Health to support a localized response to this new threat. The South East Public Health Unit, Monash Health, developed a number of targeted initiatives to control the local spread of mpox, ranging from capacity building of health professionals to increase early diagnosis, contact tracing, facilitating vaccine delivery, and community engagement. This contributed to effective local elimination within 6 months, demonstrating how LPHUs are well placed to engage with local communities and health care providers to respond rapidly to newly emerging public health threats.","[MeSH] Humans; [MeSH] Mpox, Monkeypox; [MeSH] Public Health"
40128193,Portable molecular diagnostic platform for rapid point-of-care detection of mpox and other diseases.,"Matthew L Cavuto, Kenny Malpartida-Cardenas, Ivana Pennisi, Marcus J Pond, Sohail Mirza, Nicolas Moser, Mark Comer, Isobel Stokes, Lucy Eke, Sian Lant, Katarzyna M Szostak-Lipowicz, Luca Miglietta, Oliver W Stringer, Katerina-Theresa Mantikas, Rebecca P Sumner, Frances Bolt, Shiranee Sriskandan, Alison Holmes, Pantelis Georgiou, David O Ulaeto, Carlos Maluquer de Motes, Jesus Rodriguez-Manzano",Nature communications. 2025. doi: 10.1038/s41467-025-57647-3..,Cavuto,Nature communications,2025,2025/03/24,,,10.1038/s41467-025-57647-3,"The World Health Organization's designation of mpox as a public health emergency of international concern in August 2024 underscores the urgent need for effective diagnostic solutions to combat this escalating threat. The rapid global spread of clade II mpox, coupled with the sustained human-to-human transmission of the more virulent clade I mpox in the Democratic Republic of Congo, highlights a critical gap in point-of-care diagnostics for this emergent disease. In response, we developed Dragonfly, a portable molecular diagnostic platform for point-of-care use that integrates power-free nucleic acid extraction (<5 minutes) with lyophilised colourimetric LAMP chemistry. The platform demonstrated an analytical limit-of-detection of 100 genome copies per reaction for monkeypox virus, effectively distinguishing it from other orthopoxviruses, herpes simplex virus, and varicella-zoster virus. Clinical validation on 164 samples, including 51 mpox-positive cases, yielded 96.1% sensitivity and 100% specificity for orthopoxviruses, and 94.1% sensitivity and 100% specificity for monkeypox virus. Here, we present a rapid, accessible, and robust point-of-care diagnostic solution for mpox, suitable for both low- and high-resource settings, addressing the global resurgence of orthopoxviruses in the context of declining smallpox immunity.","[MeSH] Humans; [MeSH] Point-of-Care Systems; [MeSH] Molecular Diagnostic Techniques; [MeSH] Nucleic Acid Amplification Techniques; [MeSH] Mpox, Monkeypox; [MeSH] Sensitivity and Specificity; [MeSH] Monkeypox virus; [MeSH] Democratic Republic of the Congo; [MeSH] Point-of-Care Testing; [MeSH] Animals; [MeSH] Limit of Detection"
22013221,Evaluation of monkeypox disease progression by molecular imaging.,"Julie Dyall, Reed F Johnson, Dar-Yeong Chen, Louis Huzella, Dan R Ragland, Daniel J Mollura, Russell Byrum, Richard C Reba, Gerald Jennings, Peter B Jahrling, Joseph E Blaney, Jason Paragas",The Journal of infectious diseases. 2011. doi: 10.1093/infdis/jir663..,Dyall,The Journal of infectious diseases,2011,2011/10/19,,,10.1093/infdis/jir663,"Infection of nonhuman primates (NHPs) with monkeypox virus (MPXV) is currently being developed as an animal model of variola infection in humans. We used positron emission tomography and computed tomography (PET/CT) to identify inflammatory patterns as predictors for the outcome of MPXV disease in NHPs. Two NHPs were sublethally inoculated by the intravenous (IV) or intrabronchial (IB) routes and imaged sequentially using fluorine-18 fluorodeoxyglucose ((18)FDG) uptake as a nonspecific marker of inflammation/immune activation. Inflammation was observed in the lungs of IB-infected NHPs, and bilobular involvement was associated with morbidity. Lymphadenopathy and immune activation in the axillary lymph nodes were evident in IV- and IB-infected NHPs. Interestingly, the surviving NHPs had significant (18)FDG uptake in the axillary lymph nodes at the time of MPXV challenge with no clinical signs of illness, suggesting an association between preexisting immune activation and survival. Molecular imaging identified patterns of inflammation/immune activation that may allow risk assessment of monkeypox disease.","[MeSH] Animals; [MeSH] Axilla; [MeSH] Bronchi; [MeSH] Disease Models, Animal; [MeSH] Disease Progression; [MeSH] Female; [MeSH] Fluorodeoxyglucose F18; [MeSH] Injections, Intravenous; [MeSH] Lung; [MeSH] Lymph Nodes; [MeSH] Macaca fascicularis; [MeSH] Male; [MeSH] Mpox, Monkeypox; [MeSH] Monkeypox virus; [MeSH] Multimodal Imaging; [MeSH] Necrosis; [MeSH] Pneumonia; [MeSH] Positron-Emission Tomography; [MeSH] Tomography, X-Ray Computed"
37821379,"Development of a partnership between academia, community, and government in response to the 2022 mpox outbreak in Japan.","Mio Kato, Fumi Yoshimatsu, Tomonori Yamamoto, Nozomi Kobayashi, Tadashi Kikuchi, Saori Matsuoka, Tetsuro Matano, Kota Iwahashi, Yuzuru Ikushima, Satoshi Shiono, Masahiro Ishikane, Shinichiro Morioka, Takato Nakamoto, Itsuro Yoshimi, Tomoya Saito",[Nihon koshu eisei zasshi] Japanese journal of public health. 2023. doi: 10.11236/jph.23-028..,Kato,[Nihon koshu eisei zasshi] Japanese journal of public health,2024,2023/10/12,,,10.11236/jph.23-028,"Objectives In response to the steady rise in the number of cases of mpox in nonendemic countries, starting with an outbreak in the United Kingdom in May 2022, the World Health Organization declared a public health emergency of international concern on July 23, 2022. As of November 13, 2022, seven cases of mpox have been reported in Japan.Methods A community engagement approach was applied to prevent the spread of mpox in Japan.Results A tripartite partnership between academia, community, and government (ACG) was established to promote multisectoral communication between vulnerable communities, medical personnel involved in diagnosis and treatment, public health specialists at public health centers, epidemiologists at the National Institute of Infectious Diseases (NIID), and government and public administration. Through information sharing, this ACG partnership can translate accurate information into effective infection control measures.Conclusion By developing and maintaining the ACG partnership, an environment will be created that allows an immediate response to future public health crises affecting vulnerable communities. This Practice Report describes the process of establishing an ACG partnership.","Academia, community, and government partnership; Community engagement; Mpox; Public health preparedness; Risk communication"
38243966,Monkeypox Virus (MPXV) Infection: A Review.,"Rosy Kumari, Pooja Arya, Surya Prakash Yadav, Ratish Chandra Mishra, Jaya Parkash Yadav",Infectious disorders drug targets. 2024. doi: 10.2174/0118715265258451231214063506..,Kumari,Infectious disorders drug targets,2024,2024/01/01,,,10.2174/0118715265258451231214063506,"Monkeypox is a viral disease; its outbreak was recently declared a global emergency by the World Health Organization. For the first time, a monkeypox virus (MPXV)-infected patient was found in India. Various researchers back-to-back tried to find the solution to this health emergency just after COVID-19. In this review, we discuss the current outbreak status of India, its transmission, virulence factors, symptoms, treatment, and the preventive guidelines generated by the Indian Health Ministry. We found that monkeypox virus (MPXV) disease is different from smallpox, and the age group between 30-40 years old is more prone to MPXV disease. We also found that, besides homosexuals, gays, bisexuals, and non-vegetarians, it also affects normal straight men and women who have no history of travel. Close contact should be avoided from rats, monkeys and sick people who are affected by monkeypox. To date, there are no monkeypox drugs, but Tecovirimat is more effective than other drugs that are used for other viral diseases like smallpox. Therefore, we need to develop an effective antiviral agent against the virulence factor of MXPV.",MPXV; Monkeypox; symptom; transmission; treatment.; virulence factor; virus
39321646,Mpox cases finding: Evaluation of a Primary Care detection program in the Northern Metropolitan area from Barcelona (Spain).,"Andrés Martínez-Arias, Lluís Valerio, Xavier Vallès, Sílvia Roure Díez, Laura Soldevila Langa, Èlia Fernandez Pedregal, Àgueda Hernàndez Rodríguez, Mar Isnard-Blanchard, Josep Maria Bonet Simó, Núria Prat Gil, Anna Cirera, Bonaventura Clotet, Emili Gené Tous",Atencion primaria. 2024. doi: 10.1016/j.aprim.2024.103089..,Martínez-Arias,Atencion primaria,2025,2024/09/24,,,10.1016/j.aprim.2024.103089,"MAIN AIM: In July 2022, an extensive outbreak of Mpox (monkeypox) was considered by WHO as a Public Health Emergency. The objective of this study is to describe the obtained results from a Mpox case detection program in a semi-urban healthcare area where approximately 420 Primary Care physicians work. DESIGN: An observational prospective study performed between June 01, 2022 and December 31, 2023. SETTING: The Northern Metropolitan area of Barcelona, with 1400.000hab (Catalonia, Spain). METHODS: An unified Mpox management procedure was agreed, including a prior online training of Primary Care professionals, to individually assess all Mpox suspected cases from a clinical and epidemiological perspective. PARTICIPANTS: All patients who met clinical and/or epidemiological criteria of Mpox. DATA COLLECTION: Age, gender, risk classification (suspected/probable), cluster-linked (yes/no), high-risk sexual contact (yes/no), general symptoms, genital lesion and final diagnostic. RESULTS: A total of 68 suspected Mpox cases were included, from which 16 (26.6%) were Mpox confirmed by PCR. Up to 13 (81.2%) were male and, among them, 12 (75%) men who have sex with men (MSM). The series, however, included two minors and three women. Among MSM, 3 (18.7%) were HIV positive and 3 had no regular access to the Public Healthcare system. Among discarded patients, any infectious disease was diagnosed in 55% of cases. CONCLUSIONS: In spite of the short series, this Primary Care community-based study identified a sub-population group showing a different profile of Mpox cases compared to other published series (lower HIV prevalence, higher representativeness of heterosexual transmission and hard to reach population).",Atención primaria; Hombres que tienen sexo con hombres (HSH); Infecciones de transmisión sexual; Mens who have sex with men (MSM); Mpox; Primary Care; Sexually transmitted infections
40107344,The first reported case of monkeypox virus clade Ⅰb infection in china-clinical presentation and epidemiologic implications.,"Weizhe Pan, Rui Ge, Guoying Zhu, Yangyang Tian, Yong Yan, Xiaofei Fu, Wei Jiang, Dongfang Zhong, Zhongwen Chen",International journal of infectious diseases : IJID : official publication of the International Society for Infectious Diseases. 2025. doi: 10.1016/j.ijid.2025.107881..,Pan,International journal of infectious diseases : IJID : official publication of the International Society for Infectious Diseases,2025,2025/03/18,,,10.1016/j.ijid.2025.107881,"Recently, Monkeypox Virus (MPXV) clade Ib has caused serious health hazards in several countries. Herein, we report the first case of a clade Ib MPXV infection in China. MPXV was detected in a 28-year-old female on January 2, 2025. Whole-genome sequencing analysis revealed the strain to be clade Ib. The case presented with headache and disseminated rashes, with symptoms resolving symptomatic treatment and scabs shedding prior to discharge. Epidemiological studies and laboratory tests suggested transmission through close contact with a man who recently came from the Democratic Republic of Congo. Significantly, although some environmental samples tested positive, all contacts reminded negative, indicating that absence of secondary transmission. Furthermore, the clinical presentation of this case showed different manifestations from clade IIb MPXV infections. Epidemiological patterns also suggested sexual transmission served as the predominant route for clade Ib MPXV spread. These findings provide critical insights to enhance early detection strategies and inform targeted intervention measures aimed at curbing disease progression while mitigating risks of wider community spread.",Case Report; Communicable Diseases; Monkeypox Virus; Viral infection
36725987,Monkeypox disease and pregnancy. Where are we today? A review of literature.,"Paschalia Kopanou Taliaka, Andreas G Tsantes, Aikaterini Konstantinidi, Paraskevi Liakou, Evangelia-Filothei Tavoulari, Daniele Piovani, Stefanos Bonovas, Nicoletta Iacovidou, Argirios E Tsantes, Rozeta Sokou",Journal of perinatology : official journal of the California Perinatal Association. 2023. doi: 10.1038/s41372-023-01629-0..,Kopanou,Journal of perinatology : official journal of the California Perinatal Association,2023,2023/02/01,,,10.1038/s41372-023-01629-0,"Monkeypox has emerged as a significant human pathogen, posing severe risks in vulnerable populations. At present, there is not enough data available as to whether pregnant women are more vulnerable to monkeypox infection, or they suffer more severe symptoms, and studies on this issue as well as to the possible adverse effects on the developing fetus are limited. The aim of this review, was to bring together what is known so far about monkeypox virus transmission, the clinical course of the disease, and associated maternal-fetal outcomes. Furthermore, to summarize the current available recommendations on the prevention and management of monkeypox infection during pregnancy, in order to help obstetricians and neonatologists navigate through this new challenging area and provide the best available care to their patients.","[MeSH] Pregnancy; [MeSH] Humans; [MeSH] Female; [MeSH] Mpox, Monkeypox; [MeSH] Prenatal Care"
41021859,[Mpox Virus: From Virology to Clinical Aspects. An Update].,"Valeria Alfaro-Fierro, Pamela Vergara P, Claudia Quiroz P",Revista medica de Chile. 2025. doi: 10.4067/s0034-98872025001000720..,Alfaro-Fierro,Revista medica de Chile,2025,2025/10/01,,,10.4067/s0034-98872025001000720,"UNLABELLED: Mpox (formerly known as monkeypox) is an emerging zoonosis caused by the Mpox virus (MPXV), which has raised global concern. AIM: To explore and integrate the advances in the knowledge of the pathogenesis, clinical features, and therapeutic approaches to the Mpox virus in the context of our country. METHODS: A qualitative study through a narrative review of documents related to the international mpox epidemic. RESULTS: According to the search criteria and relevance, 10 articles were included. A general overview of the scientific evidence in microbiological and clinical aspects is presented, considering Chilean public health policies. CONCLUSIONS: Clinicians should understand the pathogenesis, replication cycle, and clinical manifestations of MPXV to make an early diagnosis, develop therapeutic alternatives, and prevent its transmission within the community.","[MeSH] Humans; [MeSH] Chile; [MeSH] Mpox, Monkeypox; [MeSH] Animals; [MeSH] Monkeypox virus"
37294338,Risk factors for mortality and clinical presentation of monkeypox.,"Salma Triana-González, Cristina Román-López, Stefan Mauss, Ana Luz Cano-Díaz, José Antonio Mata-Marín, Edgar Pérez-Barragán, Ericka Pompa-Mera, Jesús Enrique Gaytán-Martínez","AIDS (London, England). 2023. doi: 10.1097/QAD.0000000000003623..",Triana-González,"AIDS (London, England)",2023,2023/06/08,,,10.1097/QAD.0000000000003623,"OBJECTIVES: To describe risk factors for mortality and clinical characteristics in patients with mpox infection at a reference hospital in Mexico. DESIGN: A prospective cohort study was conducted from September to December 2022 at Hospital de Infectología La Raza National Medical Center. METHODS: Study participants were patients that met operational definition of confirmed case of mpox according to WHO criteria. Information was obtained through a case report form that included epidemiological, clinical, and biochemical information. The follow-up period was from initial evaluation for hospitalization until discharge due to clinical improvement or death. Written informed consent was obtained from all participants. RESULTS: Seventy-two patients were included in the analysis, 64 of 72 (88.9%) were people with HIV (PWH). Of the total of patients 71 of 72 (98.6%) were male, with a median age of 32 years old [95% confidence interval (CI), interquartile range (IQR) 27-37]. Coinfection with sexually transmitted infections was reported in 30 of 72 (41.7%). The overall mortality was five of 72 (6.9%). The incidence of mortality rate in PWH was 6.3%. Median days from onset of symptoms to death from any cause during hospitalization was 50 days (95% CI, IQR 38-62). Risk factors for mpox mortality in the bivariate analysis were CD4 + cells count ≤100 cells/μl at the time of assessment RR 20 (95% CI, IQR 6.6-60.2) ( P < 0.001), absence of antiretroviral therapy RR 6.6 (95% CI, IQR 3.6-12.1) ( P = 0.001) and ≥50 skin lesions at presentation RR 6.4 (95% CI, IQR 2.6-15.7) ( P = 0.011). CONCLUSIONS: The clinical presentation between PWH and non-HIV patients was similar in this study, however, reported mortality was associated with advanced-HIV disease.","[MeSH] Humans; [MeSH] Male; [MeSH] Adult; [MeSH] Female; [MeSH] HIV Infections; [MeSH] Mpox, Monkeypox; [MeSH] Prospective Studies; [MeSH] Risk Factors; [MeSH] CD4-Positive T-Lymphocytes"
38573160,"Mpox Diagnosis, Behavioral Risk Modification, and Vaccination Uptake among Gay, Bisexual, and Other Men Who Have Sex with Men, United Kingdom, 2022.","Dana Ogaz, Qudsia Enayat, Jack R G Brown, Dawn Phillips, Ruth Wilkie, Danielle Jayes, David Reid, Gwenda Hughes, Catherine H Mercer, John Saunders, Hamish Mohammed",Emerging infectious diseases. 2024. doi: 10.3201/eid3005.230676..,Ogaz,Emerging infectious diseases,2024,2024/04/04,,,10.3201/eid3005.230676,"During the 2022 multicountry mpox outbreak, the United Kingdom identified cases beginning in May. UK cases increased in June, peaked in July, then rapidly declined after September 2022. Public health responses included community-supported messaging and targeted mpox vaccination among eligible gay, bisexual, and other men who have sex with men (GBMSM). Using data from an online survey of GBMSM during November-December 2022, we examined self-reported mpox diagnoses, behavioral risk modification, and mpox vaccination offer and uptake. Among 1,333 participants, only 35 (2.6%) ever tested mpox-positive, but 707 (53%) reported behavior modification to avoid mpox. Among vaccine-eligible GBMSM, uptake was 69% (95% CI 65%-72%; 601/875) and was 92% (95% CI 89%-94%; 601/655) among those offered vaccine. GBMSM self-identifying as bisexual, reporting lower educational qualifications, or identifying as unemployed were less likely to be vaccinated. Equitable offer and provision of mpox vaccine are needed to minimize the risk for future outbreaks and mpox-related health inequalities.",Mpox; United Kingdom; behavior; bisexual; gay; health equity; homosexual; men who have sex with men; monkeypox virus; risk; risk modification; sexually transmitted infections; vaccination; vaccine uptake; viruses
37302648,Cardiovascular Manifestations of Human Monkeypox Virus: An Updated Review.,"Khawaja Usama Maqbool, Hina Arsh, Deepak Kumar, Fnu Veena, Ashish Kumar Punshi, Fnu Payal, Sameet Kumar, Saroop Kumar, Deepa Rani, Jahanzeb Malik",Current problems in cardiology. 2023. doi: 10.1016/j.cpcardiol.2023.101869..,Maqbool,Current problems in cardiology,2023,2023/06/09,,,10.1016/j.cpcardiol.2023.101869,"Cardiovascular manifestations in human monkeypox virus (MPXV) infection has gained increasing recognition as significant complications with both social and clinical implications. Myocarditis, viral pericarditis, heart failure, and arrhythmias can occur, leading to adverse effects on individuals' health and quality of life. Understanding the detailed pathophysiology of these cardiovascular manifestations is essential for improved diagnosis and management. The social implications of these cardiovascular complications are multifaceted, ranging from public health concerns and the impact on individuals' quality of life to psychological distress and social stigma. Clinically, diagnosing, and managing these complications present challenges, requiring a multidisciplinary approach and specialized care. The burden on healthcare resources necessitates preparedness and resource allocation to effectively address these complications. We delve into the pathophysiological mechanisms involved, including viral-induced cardiac damage, immune response, and inflammatory processes. Additionally, we explore the types of cardiovascular manifestations and their clinical presentations. Addressing cardiovascular manifestations' social and clinical implications in MPXV infection requires a comprehensive approach involving healthcare professionals, public health authorities, and communities. By prioritizing research, enhancing diagnosis and treatment strategies, and promoting preventive measures, we can mitigate the impact of these complications, improve patient care, and protect public health.","[MeSH] Humans; [MeSH] Monkeypox virus; [MeSH] Quality of Life; [MeSH] Mpox, Monkeypox"
40873171,"Clinical Manifestations, Immune Evasion, and Public Health Implications of Monkeypox: Challenges and Future Perspectives.","Bhumika Parashar, Rishabha Malviya, Sathvik Belagodu Sridhar, Javedh Shareef",Infectious disorders drug targets. 2026. doi: 10.2174/0118715265370049250717104044..,Parashar,Infectious disorders drug targets,2026,2026/01/01,,,10.2174/0118715265370049250717104044,"INTRODUCTION: Monkeypox (Mpox) is a disease primarily transmitted through direct contact with infected animals and humans. Recently, it has generated worldwide interest due to its expansion from endemic to non-endemic areas, raising concerns about its clinical consequences. METHODS: A comprehensive literature review was conducted using PubMed, Scopus, and Web of Science, focusing on clinical data, immune evasion mechanisms, and public health reports related to monkeypox. RESULTS: The review revealed that monkeypox presents with fever, rash, and lymphadenopathy. Key findings include the emergence of immune evasion strategies and an increase in human-to-human transmission, highlighting significant challenges for global surveillance, vaccination coverage, and outbreak preparedness. DISCUSSION: The findings underscore the varied clinical manifestations of Mpox, especially its severe impact on vulnerable populations such as HIV co-infected individuals and those with ocular involvement. The detailed analysis of immune evasion strategies reveals critical challenges in developing effective treatments and preventive measures. These insights align with existing research, emphasising the need for targeted interventions and improved diagnostic approaches. However, limitations include a reliance on available clinical reports and the evolving nature of monkeypox outbreaks, which may affect the generalizability of the conclusions. CONCLUSION: Understanding the clinical characteristics of Mpox is crucial for guiding effective treatment and prevention strategies, particularly in vulnerable populations. These insights can support public health efforts, improve patient outcomes, and inform future research on emerging infectious diseases.",Global outbreak; clinical manifestations; immune evasion; monkeypox; ocular complications; zoonotic transmission
39181538,The unique immune evasion mechanisms of the mpox virus and their implication for developing new vaccines and immunotherapies.,"Dong Fang, Yan Liu, Dou Dou, Bin Su",Virologica Sinica. 2024. doi: 10.1016/j.virs.2024.08.008..,Fang,Virologica Sinica,2024,2024/08/22,,,10.1016/j.virs.2024.08.008,"Mpox is an infectious and contagious zoonotic disease caused by the mpox virus (MPXV), which belongs to the genus Orthopoxvirus. Since 2022, MPXV has posed a significant threat to global public health. The emergence of thousands of cases across the Western Hemisphere prompted the World Health Organization to declare an emergency. The extensive coevolutionary history of poxviruses with humans has enabled these viruses to develop sophisticated mechanisms to counter the human immune system. Specifically, MPXV employs unique immune evasion strategies against a wide range of immunological elements, presenting a considerable challenge for treatment, especially following the discontinuation of routine smallpox vaccination among the general population. In this review, we start by discussing the entry of the mpox virus and the onset of early infection, followed by an introduction to the mechanisms by which the mpox virus can evade the innate and adaptive immune responses. Two caspase-1 inhibitory proteins and a PKR escape-related protein have been identified as phylogenomic hubs involved in modulating the immune environment during the MPXV infection. With respect to adaptive immunity, mpox viruses exhibit unique and exceptional T-cell inhibition capabilities, thereby comprehensively remodeling the host immune environment. The viral envelope also poses challenges for the neutralizing effects of antibodies and the complement system. The unique immune evasion mechanisms employed by MPXV make novel multi-epitope and nucleic acid-based vaccines highly promising research directions worth investigating. Finally, we briefly discuss the impact of MPXV infection on immunosuppressed patients and the current status of MPXV vaccine development. This review may provide valuable information for the development of new immunological treatments for mpox.",DNA sensing; Immune evasion; Immune response; Immunopathology; Mpox virus (MPXV)
41060816,Monkeypox in South Asia: a systematic review.,"Kinley Wangdi, Ripon Adhikary, Ziqi Liu, Sotiris Vardoulakis, Rosemary A McFarlane, Manas Kotepui, Wenbiao Hu, Apiporn T Suwannatrai, Tsheten Tsheten",Emerging microbes & infections. 2025. doi: 10.1080/22221751.2025.2572677..,Wangdi,Emerging microbes & infections,2025,2025/10/21,,,10.1080/22221751.2025.2572677,"Monkeypox (Mpox) has emerged as a significant public health concern globally and in South Asia. Therefore, this systematic review aimed to provide a synthesis of the epidemiological pattern, clinical features, disease severity, and mitigation strategies in the region. A systematic review was conducted across four databases including PubMed, Scopus, Web of Science, and Ovid from inception to August 2024. Out of 2,430 studies, only 19 met the inclusion criteria with 111 confirmed Mpox cases. Forty percent (44) of patients were males and 45.9% (51) did not specify their sex. Young to middle-aged adults were most affected, with rare cases in a neonate. Around two-thirds (73.0%, 81) of Mpox patients were from India, followed by Pakistan (16.2%, 18) and Nigeria (resident in India) (9.9%, 11). Sixty-eight percent (76) of Mpox patients reported recent travel, particularly to UAE (27%, 21) and Saudi Arabia (26.3%, 20). Common signs and symptoms among cases were skin lesion (92.8%, 103), fever (82.0%, 91), lymphadenopathy (65.8%, 73), muscle ache (27.0%, 30), and genital and perianal lesions (17.1%, 19). Co-infection with herpes simplex virus and varicella zoster virus led to difficulty in diagnosis. Nearly all the studies used polymerase chain reaction for diagnosis. Public health responses varied across countries, including enhanced surveillance, contact tracing, and awareness campaigns, but vaccine availability remained limited. Mpox in South Asia was largely linked to travel-related transmission and primarily affected younger adults. Strengthening surveillance systems, a syndemic approach, diagnostic capacity, and targeted interventions are crucial to controlling its spread.",Mpox; South Asia; disease severity; epidemiology; public health response; transmission
19025497,Transmission of atypical varicella-zoster virus infections involving palm and sole manifestations in an area with monkeypox endemicity.,"Adam Macneil, Mary G Reynolds, Zach Braden, Darin S Carroll, Vanda Bostik, Kevin Karem, Scott K Smith, Whitni Davidson, Yu Li, Amba Moundeli, Jean-Vivien Mombouli, Aisha O Jumaan, D Scott Schmid, Russell L Regnery, Inger K Damon",Clinical infectious diseases : an official publication of the Infectious Diseases Society of America. 2009. doi: 10.1086/595552..,Macneil,Clinical infectious diseases : an official publication of the Infectious Diseases Society of America,2009,2009/01/01,,,10.1086/595552,"During a suspected monkeypox outbreak in the Republic of Congo, we documented transmission of varicella-zoster virus (VZV) infection with palm and sole manifestations among 5 family members. Genotyping results confirmed the VZV strain European E2, a genotype not previously reported in Africa. VZV with palm and sole involvement should be considered when differentiating a monkeypox diagnosis.","[MeSH] Adolescent; [MeSH] Adult; [MeSH] Child; [MeSH] Congo; [MeSH] DNA, Viral; [MeSH] Diagnosis, Differential; [MeSH] Family Health; [MeSH] Female; [MeSH] Genotype; [MeSH] Hand; [MeSH] Herpes Zoster; [MeSH] Herpesvirus 3, Human; [MeSH] Humans; [MeSH] Infant; [MeSH] Leg; [MeSH] Male; [MeSH] Mpox, Monkeypox; [MeSH] Phylogeny"
40659969,An Adaptive Generative 3D VNet Model for Enhanced Monkeypox Lesion Classification Using Deep Learning and Augmented Image Fusion.,"Shivani Joshi, Rajiv Kumar, Avinash Dwivedi, Ashish Kumar, Praveen Kumar Rai, Amrita",Journal of imaging informatics in medicine. 2025. doi: 10.1007/s10278-025-01594-4..,Joshi,Journal of imaging informatics in medicine,2026,2025/07/14,,,10.1007/s10278-025-01594-4,"As monkeypox is spreading rapidly, the incidence of monkeypox has been increasing in recent times. Therefore, it is very important to detect and diagnose this disease to get effective treatment planning. The prominent aim of this paper is to design an effective monkeypox detection and classification model by utilizing deep learning and classification models. In this study, a novel Adaptive Generative 3D VNet model is presented to effectively classify the monkeypox lesions. Different data augmentation approaches, deep learning, and adaptive fusion are integrated into the proposed model to attain better results in disease classification. The major objective of the proposed model is to mitigate the challenges of limited labeled data by generating synthetic augmented images and combining them with real images for robust classification. The two major components of the proposed system are the Adaptive Generative Network and the 3D VNet. Additional training models are generated by the adaptive generative network through augmentation approaches including cropping, rotation, and flipping, thereby increasing the diversity of the dataset. The 3D VNet processes these images in a volumetric manner to capture spatial relationships within the lesions, improving classification accuracy. The fusion layer then adaptively combines the predictions from the real and augmented data to optimize the overall effectiveness of a model. Key performance metrics including accuracy, precision, sensitivity, specificity, Jaccard Index, Hausdorff distance, and Dice Similarity Coefficient are used to compute the effectiveness of a model. The findings show that the Adaptive Generative 3D VNet model outperforms traditional 2D models by significantly improving the classification accuracy and robustness, especially in the presence of limited labeled data. Therefore, the simulation results demonstrate that the proposed model achieves high accuracy and precision of 98.8% and 98.5%, respectively based on the Monkeypox Skin Lesion Dataset.",Adaptive fusion; Augmented images; Flipping; Fusion layer; Hausdorff distance; Jaccard Index; Monkeypox lesions; Traditional 2D models
40240533,Awareness of monkeypox virus among sexual medicine experts is low: a multi-institutional survey.,"Muhammed A M Hammad, Jake A Miller, Resa G Magill, Akram Tayser Fattash, Ramazan Omer Yazar, Elia Abou Chawareb, Daniel Sanford, Eliad Amini, Lawrence Jenkins, David W Barham, Faysal A Yafi",International journal of impotence research. 2025. doi: 10.1038/s41443-025-01067-w..,Hammad,International journal of impotence research,2026,2025/04/17,,,10.1038/s41443-025-01067-w,"An international outbreak of Monkeypox (mpox), a zoonotic orthopox virus, was confirmed by the World Health Organization in May 2022. The outbreak represented the first sustained community transmission of mpox beyond West or Central Africa, with speculated causes including declining smallpox vaccination rates, increased international travel, expanding populations, and sexual interactions. This study aimed to assess the understanding and recognition of mpox among sexual medicine experts including the identification of pertained genital lesions. An anonymous electronic survey was developed, addressing clinical manifestations, transmission, and management of mpox. It was distributed to attendees of the 23rd Joint Sexual Medicine Society of North America (SMSNA)/the 23rd International Society for Sexual Medicine (ISSM) conference, 2022. We collected data on various aspects of mpox awareness among the attendees, examining frequencies and percentages of responses. Of 960 conference attendees, 97 (10.1%) responded. Respondents exhibited limited knowledge regarding the recognition of mpox lesions (25.8%), likelihood of anogenital lesions (15.5%), and associated oral or proctitis bleeding (19.6 and 3.1% accuracy respectively). While 78.4% accurately identified contact as the primary transmission mode, knowledge regarding vaccination recommendations (42.3%) and median time from exposure to symptom onset (41.2%) was limited. The survey revealed substantial knowledge gaps among sexual medicine experts regarding mpox. Enhancing education and awareness initiatives is essential to improve preparedness for potential mpox outbreaks, enabling better patient care, and effective management within healthcare systems.","[MeSH] Humans; [MeSH] Surveys and Questionnaires; [MeSH] Health Knowledge, Attitudes, Practice; [MeSH] Mpox, Monkeypox; [MeSH] Male; [MeSH] Female; [MeSH] Adult; [MeSH] Monkeypox virus; [MeSH] Middle Aged; [MeSH] Disease Outbreaks"
31142401,Analgesia during Monkeypox Virus Experimental Challenge Studies in Prairie Dogs (Cynomys ludovicianus).,"Christina L Hutson, Nadia Gallardo-Romero, Darin S Carroll, Johanna S Salzer, Jessica D Ayers, Jeff B Doty, Christine M Hughes, Yoshi Nakazawa, Paul Hudson, Nishi Patel, M S Keckler, Victoria A Olson, Tamas Nagy",Journal of the American Association for Laboratory Animal Science : JAALAS. 2019. doi: 10.30802/AALAS-JAALAS-18-000036..,Hutson,Journal of the American Association for Laboratory Animal Science : JAALAS,2019,2019/05/29,,,10.30802/AALAS-JAALAS-18-000036,"Because human patients with monkeypox virus (MPXV) infection report painful symptoms, it is reasonable to assume that animals infected with MPXV experience some degree of pain. Understanding whether and how analgesics affect MPXV disease progression is crucial when planning in vivo challenge experiments. In the current study, we challenged prairie dogs with a low dose (4 ×10³ pfu) of MPXV and treated with meloxicam (NSAID) or buprenorphine (opioid); control animals did not receive analgesia or received analgesia without MPXV challenge. Subsets of animals from each group were serially euthanized during the course of the study. Disease progression and viral kinetics were similar between groups, but MXPVinfected, meloxicam-treated animals showed increasing trends of morbidity and mortality compared with other groups. Differences between no-analgesia MPXV-infected control animals and MPXV-infected animals treated with buprenorphine were minimal. The findings in the current study allow more informed decisions concerning the use of analgesics during experimental MPXV challenge studies, thereby improving animal welfare. In light of these findings, we have modified our pain scale for this animal model to include the use of buprenorphine for pain relief when warranted after MPXV challenge.","[MeSH] Animals; [MeSH] Female; [MeSH] Analgesia; [MeSH] Analgesics, Opioid; [MeSH] Anti-Inflammatory Agents, Non-Steroidal; [MeSH] Buprenorphine; [MeSH] Disease Models, Animal; [MeSH] Meloxicam; [MeSH] Mpox, Monkeypox; [MeSH] Monkeypox virus; [MeSH] Pain; [MeSH] Pain Management; [MeSH] Sciuridae"
35948285,Monkeypox and Herpes Simplex Virus Type 2 Coinfection: Case Report of Perianal Lesions in HIV-Positive Patient.,"Milan Zlámal, Zofia Bartovská, Anna Burantová, Hana Zákoucká, Helena Jiřincová, Martin Chmel, Michal Holub",Sexually transmitted diseases. 2022. doi: 10.1097/OLQ.0000000000001694..,Zlámal,Sexually transmitted diseases,2022,2022/08/11,,,10.1097/OLQ.0000000000001694,"We report a case of monkeypox and herpes simplex type 2 coinfection in an HIV-positive male patient who has sex with men. This case report describes a diagnostic approach for papular rash in the anal area of the male patient who has sex with men with a history of sexually transmitted disease. This is also the first documented case of monkeypox in the Czech Republic, which was confirmed after a retrospective review of swab samples from a previously hospitalized HIV-positive patient.","[MeSH] Coinfection; [MeSH] HIV Infections; [MeSH] HIV Seropositivity; [MeSH] Herpes Simplex; [MeSH] Herpesvirus 2, Human; [MeSH] Humans; [MeSH] Male; [MeSH] Mpox, Monkeypox; [MeSH] Sexually Transmitted Diseases"
38698752,Assessment of Knowledge and Concern of People Living with HIV Regarding Human Mpox and Vaccination.,"Deniz Borcak, Yusuf Emre Özdemir, Zuhal Yesilbag, Esra Ensaroğlu, Samiha Akkaya, Kadriye Kart Yaşar",Current HIV research. 2024. doi: 10.2174/011570162X293673240427062123..,Borcak,Current HIV research,2024,2024/01/01,,,10.2174/011570162X293673240427062123,"INTRODUCTION: Mpox virus is an orthopoxvirus that causes the zoonotic infectious disease known as mpox. The disease can also spread from humans to humans. It can be transmitted through contact with bodily fluids, lesions on the skin, or internal mucosal surfaces. METHOD: The number of mpox cases increased during the COVID-19 pandemic. Early diagnosis and prompt management of mpox are critical in people living with HIV (PLHIV). In this study, a cross-sectional survey was conducted among PLHIV followed at the outpatient clinic between 20 April-20 August 2023. A questionnaire was used to assess the knowledge and anxiety levels of patients as well as their opinions about vaccination against mpox. The severity of symptoms in the past two weeks was assessed using the Generalised Anxiety Disorder 7-item scale. A total of 203 PLHIV were interviewed for this survey study. RESULT: The mean age was 39.37±11.93. The majority of them were male (86.7%), and 41.4% were men who have sex with men (MSM). Only 21 of the surveyed participants (10.4%) had a ""good knowledge"" score about mpox. The mean knowledge score on human Mpox was 2.05 (min:0-max:8), and 107 (52.7%) had a score of 0. CONCLUSION: The future study should focus on continuous education, promoting awareness through programs and establishing measures to successfully overcome identified variables that contribute to mpox pandemic understanding and attitudes. Applying the lessons learned from the COVID-19 pandemic will help the management of mpox virus.",COVID-19; Mpox; Mpox vaccine; PLHIV; human immunodeficiency virus; zoonotic infectious disease.
35919078,Human Monkeypox.,Payam Tabarsi,Iranian journal of medical sciences. 2022. doi: 10.30476/ijms.2022.48507..,Tabarsi,Iranian journal of medical sciences,2022,2022/07/01,,,10.30476/ijms.2022.48507,,"[MeSH] Disease Outbreaks; [MeSH] Humans; [MeSH] Mpox, Monkeypox; [MeSH] Monkeypox virus"
36243019,From early alarm to gradual control of monkeypox.,Tony Kirby,The lancet. HIV. 2022. doi: 10.1016/S2352-3018(22)00299-5..,Kirby,The lancet. HIV,2022,2022/10/13,,,10.1016/S2352-3018(22)00299-5,,"[MeSH] Humans; [MeSH] Mpox, Monkeypox; [MeSH] HIV Infections; [MeSH] Disease Outbreaks"
16111257,[Diagnostic tests: Monkey pox].,Yasuhiro Yoshikawa,Nihon rinsho. Japanese journal of clinical medicine. 2005.,Yoshikawa,Nihon rinsho. Japanese journal of clinical medicine,2005,2005/07/01,,,,,"[MeSH] Animals; [MeSH] DNA, Viral; [MeSH] Haplorhini; [MeSH] Humans; [MeSH] Monkey Diseases; [MeSH] Mpox, Monkeypox; [MeSH] Monkeypox virus; [MeSH] Polymerase Chain Reaction; [MeSH] Rodent Diseases; [MeSH] Rodentia; [MeSH] Zoonoses"
16675987,Monkeypox outbreak diagnostics and implications for vaccine protective effect.,"Kevin L Karem, Mary Reynolds, Victoria Olson, Yu Li, Inger K Damon",Nature medicine. 2006. doi: 10.1038/nm0506-495..,Karem,Nature medicine,2006,2006/05/01,,,10.1038/nm0506-495,,"[MeSH] Animals; [MeSH] Disease Outbreaks; [MeSH] Humans; [MeSH] Mpox, Monkeypox; [MeSH] Monkeypox virus; [MeSH] Viral Vaccines"
36517058,WHO recommends new name for monkeypox disease.,,Saudi medical journal. 2022.,,Saudi medical journal,2022,2022/12/01,,,,,"[MeSH] Humans; [MeSH] Mpox, Monkeypox; [MeSH] World Health Organization; [MeSH] Disease Outbreaks"
38263135,Sources of information on monkeypox virus infection. A systematic review with meta-analysis.,"Darwin A León-Figueroa, Joshuan J Barboza, Mario J Valladares-Garrido",BMC public health. 2024. doi: 10.1186/s12889-024-17741-5..,León-Figueroa,BMC public health,2024,2024/01/23,,,10.1186/s12889-024-17741-5,"BACKGROUND: Monkeypox (Mpox) virus infection is a topic of growing interest today because of its potential public health impact and concern about possible outbreaks. Reliable and up-to-date sources of information that provide accurate data on its transmission, symptoms, prevention, and treatment are essential for understanding and effectively addressing this disease. Therefore, the aim of the present study is to determine the prevalence of sources of information on Mpox virus infection. METHODS: An exhaustive systematic review and meta-analysis was carried out using the information available in the PubMed, Scopus, Web of Science, Embase, and ScienceDirect databases up to August 3, 2023. The data were analyzed using R software version 4.2.3. The quality of the cross-sectional studies that formed part of this review was assessed using the Joanna Briggs Institute Meta-Analysis of Statistics Assessment and Review Instrument (JBI-MAStARI) tool. In addition, a subgroup analysis was performed based on the study populations. RESULTS: Through electronic searches of five databases, a total of 1833 studies were identified. Twenty-four cross-sectional articles were included, with a total sample of 35,959 participants from 34 countries. The pooled prevalence of each of the included information sources was: social networks reached 59% (95% CI: 50-68%; 29,146 participants; 22 studies; I2 = 100%; p < 0.01); the Internet was 61% (95% CI: 44-77%; 14,002 participants; 5 studies; I2 = 100%; p < 0.01), radio reached 10% (95% CI: 07-13%; 8917 participants; 4 studies; I2 = 93%; p < 0.01), television accounted for 24% (95% CI: 09-43%; 14,896 participants; 8 studies; I2 = 100%; p < 0.01), and the combination of radio and television accounted for 45% (95% CI: 31-60%; 4207 participants; 7 studies; I2 = 99%; p < 0.01); for newspapers, it was 15% (95% CI: 05-27%; 2841 participants; 6 studies; I2 = 99%; p < 0.01), friends and relatives accounted for 19% (95% CI: 12-28%; 28,470 participants; 19 studies; I2 = 100%; p < 0.01), the World Health Organization (WHO) accounted for 17% (95% CI: 07-29%; 1656 participants; 3 studies; I2 = 97%; p < 0.01), the Centers for Disease Control and Prevention (CDC) accounted for 10% (95% CI: 03-21%; 2378 participants; 3 studies; I2 = 98%; p < 0.01), and the combination of WHO and CDC websites accounted for 60% (95% CI: 48-72%; 1828 participants; 4 studies; I2 = 96%; p < 0.01), and finally, scientific articles and journals accounted for 24% (95% CI: 16-33%; 16,775 participants; 13 studies; I2 = 99%; p < 0.01). CONCLUSION: The study suggests that people access a variety of information sources to gain knowledge about Mpox virus infection, with a strong emphasis on online sources such as social networks and the Internet. However, it is important to note that the quality and accuracy of information available from these sources can vary, underscoring the need to promote access to reliable and up-to-date information about this disease to ensure public health.",Attitude; Information sources; Knowledge; Monkeypox; Mpox
36511214,Considerations for Diagnosis in Potential Cases of Monkeypox.,Alpana Mohta,Indian pediatrics. 2022.,Mohta,Indian pediatrics,2022,2022/12/15,,,,,"[MeSH] Humans; [MeSH] Mpox, Monkeypox; [MeSH] Disease Outbreaks"
40575914,"Molecular detection and isolation of clade Ib monkeypox virus, Canada, November 2024.","Mable Chan, Jonathan Audet, Jérémie Prévost, Karla Soriano, Kaylie Doan, Lauren Garnett, Yvon Deschambault, Sarah Medina, Marianne Stefopulos, Julia Paul, Santina Lee, Carol Kurbis, Bunmi Fatoye, Ana T Duggan, Katherine Eaton, Connor Chato, Darian Hole, Amber Papineau, Kerry Dust, Paul Van Caeseele, Yonette R Hercules, Shannon Gearhart, John Embil, Andrew Walkty, Donna Romaniuk, David Safronetz, James E Strong",Euro surveillance : bulletin Europeen sur les maladies transmissibles = European communicable disease bulletin. 2025. doi: 10.2807/1560-7917.ES.2025.30.25.2500402..,Chan,Euro surveillance : bulletin Europeen sur les maladies transmissibles = European communicable disease bulletin,2025,2025/06/01,,,10.2807/1560-7917.ES.2025.30.25.2500402,"In November 2024, a case of clade Ib mpox was confirmed in Canada. Here, we describe the events that led to laboratory confirmation of clade Ib monkeypox virus (MPXV) and the public health response. Genomic analysis of the Canadian clade Ib MPXV revealed a number of APOBEC3-related mutations suggesting sustained human-to-human transmission. These findings expand the number of countries with travel-related clade Ib mpox and highlights the continued need for mpox monitoring of potential human adaptations or new transmission patterns.",Canada; MPXV; Monkeypox virus; clade Ib; mpox
23577120,Poxvirus antigen staining of immune cells as a biomarker to predict disease outcome in monkeypox and cowpox virus infection in non-human primates.,"Haifeng Song, Krisztina Janosko, Reed F Johnson, Jing Qin, Nicole Josleyn, Catherine Jett, Russell Byrum, Marisa St Claire, Julie Dyall, Joseph E Blaney, Gerald Jennings, Peter B Jahrling",PloS one. 2013. doi: 10.1371/journal.pone.0060533..,Song,PloS one,2013,2013/04/05,,,10.1371/journal.pone.0060533,"Infection of non-human primates (NHPs) such as rhesus and cynomolgus macaques with monkeypox virus (MPXV) or cowpox virus (CPXV) serve as models to study poxvirus pathogenesis and to evaluate vaccines and anti-orthopox therapeutics. Intravenous inoculation of macaques with high dose of MPXV (>1-2×10(7) PFU) or CPXV (>10(2) PFU) results in 80% to 100% mortality and 66 to 100% mortality respectively. Here we report that NHPs with positive detection of poxvirus antigens in immune cells by flow cytometric staining, especially in monocytes and granulocytes succumbed to virus infection and that early positive pox staining is a strong predictor for lethality. Samples from four independent studies were analyzed. Eighteen NHPs from three different experiments were inoculated with two different MPXV strains at lethal doses. Ten NHPs displayed positive pox-staining and all 10 NHPs reached moribund endpoint. In contrast, none of the three NHPs that survived anticipated lethal virus dose showed apparent virus staining in the monocytes and granulocytes. In addition, three NHPs that were challenged with a lethal dose of MPXV and received cidofovir treatment were pox-antigen negative and all three NHPs survived. Furthermore, data from a CPXV study also demonstrated that 6/9 NHPs were pox-antigen staining positive and all 6 NHPs reached euthanasia endpoint, while the three survivors were pox-antigen staining negative. Thus, we conclude that monitoring pox-antigen staining in immune cells can be used as a biomarker to predict the prognosis of virus infection. Future studies should focus on the mechanisms and implications of the pox-infection of immune cells and the correlation between pox-antigen detection in immune cells and disease progression in human poxviral infection.","[MeSH] Animals; [MeSH] Antigens, Viral; [MeSH] Biomarkers; [MeSH] Cell Line; [MeSH] Cowpox; [MeSH] DNA, Viral; [MeSH] Disease Progression; [MeSH] Early Diagnosis; [MeSH] Female; [MeSH] Intracellular Space; [MeSH] Macaca mulatta; [MeSH] Male; [MeSH] Mpox, Monkeypox; [MeSH] Monocytes; [MeSH] Neutrophils; [MeSH] Poxviridae; [MeSH] Prognosis; [MeSH] Staining and Labeling; [MeSH] Viral Vaccines"
38759768,A review regarding the article 'The potential relationship between cardiovascular diseases and monkeypox'.,"Hong Zeng, Hailin Du, Qi Shua, Jing Fang",Current problems in cardiology. 2024. doi: 10.1016/j.cpcardiol.2024.102649..,Zeng,Current problems in cardiology,2024,2024/05/15,,,10.1016/j.cpcardiol.2024.102649,"Cardiovascular involvement in the context of viral infections is a well-documented phenomenon, for their potential to induce myocarditis, pericarditis, and other cardiac complications. While monkeypox is predominantly known for its predilection for the skin and mucous membranes, manifesting as characteristic skin lesions, emerging research suggests that the monkeypox virus can also infiltrate endothelial cells, thereby disseminating systemically and potentially impacting various organ systems, including the cardiovascular system. This has led to the identification of several inflammatory conditions, such as myocarditis and pericarditis, which can complicate the clinical course of monkeypox virus infection. Notably, an increase in cardiac biomarkers, often associated with symptoms of chest pain, has been observed in case reports detailing monkeypox-induced myocarditis. From a clinical cardiology perspective, it is imperative to deepen our understanding of monkeypox to better recognize and manage its cardiovascular implications. Conditions like myocarditis, viral pericarditis, heart failure, and arrhythmias have been known to arise, significantly impacting patients' health and quality of life. A thorough comprehension of the intricate pathophysiological mechanisms underlying these cardiovascular manifestations is crucial for enhancing diagnostic accuracy and refining management strategies. The social implications of cardiovascular complications from viral infections are multifaceted, extending beyond direct health concerns to include psychological distress, social stigma, and broader public health considerations. The clinical management of these complications is challenging and necessitates a multidisciplinary approach, often requiring specialized care. The resultant strain on healthcare resources underscores the importance of preparedness and strategic resource allocation to effectively address these complex health issues.",Cardiovascular complications; Epidemic disease; Monkeypox; Transmission; Treatment
39225013,Novel point-of-care rapid detection of monkeypox virus.,"Hui Chen, Yuhong Guan, Xinyu Zhang, Yuting Chen, Song Li, Yan Deng, Yanqi Wu",Analytical methods : advancing methods and applications. 2024. doi: 10.1039/d4ay01437e..,Chen,Analytical methods : advancing methods and applications,2024,2024/09/26,,,10.1039/d4ay01437e,"Monkeypox, a viral zoonotic disease caused by MPXV, has emerged as a significant global health concern since the first outbreak outside Africa in 2003. As of the current data, there have been 30 189 confirmed cases of monkeypox in 88 countries, with 29 844 cases reported in 81 countries. Given the absence of prior documented instances of the disease, swift and accurate testing is imperative to contain the spread of monkeypox. In this study, we developed a LAMP detection reagent for monkeypox and evaluated its performance in terms of sensitivity, specificity, repeatability, stability, linear range, and linearity, utilizing a commercial magnetic bead-based nucleic acid extraction system. This has led to the establishment of an integrated on-site detection platform for the monkeypox virus, utilizing a closed cartridge. The sensitivity was found to be 100 copies per μL, with no cross-reactivity observed with three other viruses, indicating robust performance. The parameters of repeatability, stability, linear range, and linearity were also assessed. For 28 simulated samples, the detection results obtained from the integrated system were consistent with those from conventional laboratory methods, specifically qPCR and LAMP detection following nucleic acid extraction. The entire process can be completed in approximately one hour, making it highly suitable for immediate rapid testing.","[MeSH] Humans; [MeSH] Molecular Diagnostic Techniques; [MeSH] Monkeypox virus; [MeSH] Mpox, Monkeypox; [MeSH] Nucleic Acid Amplification Techniques; [MeSH] Point-of-Care Systems; [MeSH] Reproducibility of Results; [MeSH] Sensitivity and Specificity"
38159343,[Monkeypox infection].,"G Rodríguez Parejo, C Montero Peña, R D Lacambra Blasco",Semergen. 2023. doi: 10.1016/j.semerg.2023.102126..,Rodríguez,Semergen,2024,2023/12/29,,,10.1016/j.semerg.2023.102126,,"[MeSH] Humans; [MeSH] Mpox, Monkeypox"
36791179,Monkeypox.,"Yuki Moriyama, Mugen Ujiie",The New England journal of medicine. 2023. doi: 10.1056/NEJMc2215751..,Moriyama,The New England journal of medicine,2023,2023/02/16,,,10.1056/NEJMc2215751,,"[MeSH] Animals; [MeSH] Humans; [MeSH] Mpox, Monkeypox; [MeSH] Monkeypox virus; [MeSH] Zoonoses"
35622356,What to Know About Monkeypox.,Emily Harris,JAMA. 2022. doi: 10.1001/jama.2022.9499..,Harris,JAMA,2022,2022/06/21,,,10.1001/jama.2022.9499,,"[MeSH] Animals; [MeSH] Disease Outbreaks; [MeSH] Mpox, Monkeypox; [MeSH] Zoonoses"
39256731,"Monkeypox pandemic in Sudan, surveillance epidemiologic report, 2022.","Ahmad Izzoddeen, Omer Elbadri, Mohamed Nageeb Abdalla, Mustafa Magbol, Muntasir Osman",BMC public health. 2024. doi: 10.1186/s12889-024-19058-9..,Izzoddeen,BMC public health,2024,2024/09/10,,,10.1186/s12889-024-19058-9,"BACKGROUND: Mpox, is a zoonosis that is known to be endemic in several Central and West African countries. Recently, in 2022, it has emerged in Europe and United States, what raised the alarm to be declared in late June 2024 as a public health event of international concern. This study aimed to give insight about the recent spread of mpox in Sudan, and documents the epidemiologic situation. METHODS: Through a cross-sectional design, Sudan mpox data was extracted from the disease surveillance line-list at the national level at Sudan Federal Ministry of Health. the data was customized and then analyzed using Epi Info7 software. Analysis was done using frequencies and percentages and the results presented in tables and figures. Permission and ethical approval were obtained from the Health Emergency and Epidemic Control Directorate at the Federal Ministry of Health. RESULTS: The outbreak of mpox was confirmed after testing of initial specimens outside Sudan with positivity rate of 72%. Later the cases continued to be reported based on the clinical diagnosis and standard case definition. Out of 375 reported cases, 54.4% were males, while 45.6% were females. The age of cases ranged from one month to 78 years with majority (41.1%) of the cases were children under 5 years of age. Regarding the reported symptoms, all cases had the characteristic skin rash and 74.1% of them had fever. Other symptoms included, headache (31.5%), sore throat (30.9%) and lymphadenopathy (26.1%). For occupation, 35.7% were preschool and 10.4% were school children, 9% of cases were prisoners. Around 22 (5.8%) reported contact history with a confirmed case, while (5.6%) of the cases were imported cases. Cases were reported from 17 states with 42 affected localities (districts) with an overall attack rate of 2.36/ 100,000. The highest number of cases was reported from Gadaref (45.3%), West Darfur (25.9%), Khartoum (13.3%) and north Darfur (3.5%). In Gadaref, 146 (85.8%) of the cases were from a refugees' camp. Started in epi week 19, the outbreak peaked in week 38 and last in week 42. CONCLUSION: Mpox was confirmed in the new Sudan for the first time with cases reported in most of states. Although importation of the virus is hypothesized, internal hidden circulation is possible and more in-depth investigation is highly recommended. The higher rate of infection among preschool, school children and refugees, highlights the need to strengthen the prevention and control measures in schools and camps. More focus on the data completeness is required for better understanding of the disease and can be ensured by the surveillance directorate through training of staff and updating of reporting forms. Strengthening the lab capacity inside the country is a necessity to ensure testing of all the clinically diagnosed cases.",Monkeypox; Mpox; Pandemic; Surveillance
40889734,Epidemiological characteristics and environmental contamination of monkeypox in Beijing's Chaoyang district: Field evidence from 2023 to 2024.,"Chenming Huang, Yunkang Zhao, Baihui Han, Ye Zhang, Huan Zhang, Xin Zhao, Zeyu Zhao, Ke Wu, Yang Lin, Dingyan Zhang, Fanglei Zhang, Han Meng, Jiaqi Wang, Tianmu Chen, Xiao Qi",Travel medicine and infectious disease. 2025. doi: 10.1016/j.tmaid.2025.102896..,Huang,Travel medicine and infectious disease,2025,2025/08/30,,,10.1016/j.tmaid.2025.102896,"OBJECTIVES: The mpox outbreak in Beijing's Chaoyang District after late May 2023, this study aims to evaluate the epidemiological characteristics and environmental contamination of this outbreak. METHODS: A field investigation was conducted to evaluate the epidemiological characteristics of mpox cases and their living environments in Chaoyang District, Beijing, between May 2023 and May 2024. Laboratory testing, epidemiological description, and statistical analysis were conducted subsequently. RESULTS: The outbreak resulted in 43 non-fatal cases, 97.67 % were Men who have Sex with Men (MSM) and symptomatic, tracking a peak in August 2023 and declining thereafter. Travel history was reported in 27.91 % (12 of 43), and coinfections with both HIV and syphilis were among 16.28 % of mpox cases. MPXV-positive rates were 97.67 % for rash swabs, 55.81 % for throat swabs, and 59.38 % for environmental samples. Median cycle threshold (Ct) values were 20.45 (IQR: 4.57) for rash swabs, 31.59 (IQR: 5.64) for throat swabs, and 33.33 (IQR: 4.37) for environmental samples. Contact tracing revealed a 9.09 % prevalence among close contacts and a secondary attack rate of 10.26 %. High environmental contamination was found in bedrooms and items such as electronics and cups. CONCLUSIONS: The mpox outbreak in Beijing's Chaoyang District predominantly affected MSM, that transmitted through diverse transmission routes. Environmental contamination in long-lived rooms or used items highlights the importance of targeted hygiene measures.",China; Environmental persistence; Epidemiology; mpox
36932802,Monkeypox disease a concern worldwide.,"Umair Wajid, Kashif Murtaza",JPMA. The Journal of the Pakistan Medical Association. 2023. doi: 10.47391/JPMA.7160..,Wajid,JPMA. The Journal of the Pakistan Medical Association,2023,2023/03/01,,,10.47391/JPMA.7160,,"[MeSH] Humans; [MeSH] Mpox, Monkeypox; [MeSH] Disease Outbreaks"
29774865,"Strengthening of Surveillance during Monkeypox Outbreak, Republic of the Congo, 2017.","Reena H Doshi, Sarah Anne J Guagliardo, Angelie Dzabatou-Babeaux, Camille Likouayoulou, Nestor Ndakala, Cynthia Moses, Victoria Olson, Andrea M McCollum, Brett W Petersen",Emerging infectious diseases. 2018. doi: 10.3201/eid2406.180248..,Doshi,Emerging infectious diseases,2018,2018/06/01,,,10.3201/eid2406.180248,"Reports of 10 suspected cases of monkeypox in Likouala Department, Republic of the Congo, triggered an investigation and response in March 2017 that included community education and surveillance strengthening. Increasing numbers of outbreaks suggest that monkeypox virus is becoming a more prevalent human pathogen. Diverse approaches are necessary for disease control and prevention.",Likouala Department; Republic of the Congo; community members; epidemiology; healthcare workers; monkeypox; monkeypox virus; outbreak; surveillance; viruses; zoonoses
36155671,Monkeypox transmission-what we know so far.,Priya Venkatesan,The Lancet. Respiratory medicine. 2022. doi: 10.1016/S2213-2600(22)00386-1..,Venkatesan,The Lancet. Respiratory medicine,2022,2022/09/22,,,10.1016/S2213-2600(22)00386-1,,"[MeSH] Humans; [MeSH] Mpox, Monkeypox; [MeSH] Disease Outbreaks"
36183707,Viral loads in clinical samples of men with monkeypox virus infection: a French case series.,"Romain Palich, Sonia Burrel, Gentiane Monsel, Agathe Nouchi, Alexandre Bleibtreu, Sophie Seang, Vincent Bérot, Cécile Brin, Ariane Gavaud, Yara Wakim, Nagisa Godefroy, Antoine Fayçal, Yanis Tamzali, Thomas Grunemwald, Michel Ohayon, Eve Todesco, Valentin Leducq, Stéphane Marot, Vincent Calvez, Anne-Geneviève Marcelin, Valérie Pourcher",The Lancet. Infectious diseases. 2022. doi: 10.1016/S1473-3099(22)00586-2..,Palich,The Lancet. Infectious diseases,2023,2022/09/29,,,10.1016/S1473-3099(22)00586-2,"BACKGROUND: Monkeypox virus (MPXV) is currently spreading among men who have sex with men, outside of sub-Saharan Africa, and close contact during sex seems to be one of the key pathways of viral transmission in the current outbreak. Our aim was to describe the distribution of MPXV in the human body, as it might play a role in its dissemination through sexual contact. METHODS: The study population in this case series consisted of patients with confirmed MPXV infection attending the Pitié-Salpêtrière Hospital (Paris, France), who had been sampled from multiple anatomical sites, including skin, anus, throat, blood, urine, and semen, at diagnosis and 2 weeks later. We compared the proportion of positive samples and MPXV viral loads (given as PCR cycle thresholds [Ct]) between anatomical sites, and between day 0 (D0) and D14. FINDINGS: Overall, 356 samples were collected between May 20 and June 13, 2022, from 50 men with a median age of 34 years (IQR 29-40). 22 (44%) of the 50 men were classified as HIV-negative on day (D)0, and 22 (44%) were living with HIV. At D0, MPXV detection was more frequent from skin (44 [88%] of 50), anus (30 [71%] of 42), and throat (36 [77%] of 47) than from blood (13 [29%] of 45), urine (nine [22%] of 41), or semen (13 [54%] of 24). Viral loads were significantly higher from skin lesions (Ct 19·8) and anal samples (Ct 20·9) than from throat (Ct 27·2), blood (Ct 32·8), urine (31·1), or semen samples (Ct 27·8). When analysing the 107 samples taken from 24 patients at D14, the proportion of positive samples strongly decreased between D0 and D14 at all sites: skin (four [22%] of 18), anus (two [9%] of 22), throat (none of 21), blood (one [5%] of 21), urine (none of 14), and semen (two [9%] of 11). INTERPRETATION: These data contribute to a better understanding of how the virus might spread between sexual partners over a relatively short period of time. High MPXV viral loads from skin and mucosa, including genital and anal sites, suggest that transmission most likely occurs through direct body contact rather than through the respiratory route or contact with body fluids, which should help to refine the prevention messages delivered to individuals most exposed to the virus. FUNDING: None.","[MeSH] Male; [MeSH] Humans; [MeSH] Adult; [MeSH] Monkeypox virus; [MeSH] Mpox, Monkeypox; [MeSH] Viral Load; [MeSH] Homosexuality, Male; [MeSH] Sexual and Gender Minorities; [MeSH] HIV Infections"
40284923,Clinical Predictors and Determinants of Mpox Complications in Hospitalized Patients: A Prospective Cohort Study from Burundi.,"Liliane Nkengurutse, John O Otshudiema, Godefroid Kamwenubusa, Issa Diallo, Odette Nsavyimana, Jean Claude Mbonicura, Jean Claude Nkurunziza, Fidèle Cishahayo, Dieudonné Niyongere, Bonite Havyarimana, Déo Simbarariye, Marc Nimburanira, Bosco Ntiranyibagira, Senya Diane Nzeyimana, Brigitte Ndelema, Denise Nkezimana, Parfait Shingiro, Aimable Sibomana, Stany Nduwimana, Freddy Nyabenda, Alexis Niyomwungere, Mamadou Zongo, Abdoulaye Bousso, Samuel Boland, Jeanine Ndayisenga, Dionis Nizigiyimana, Joseph Nyandwi, Alimuddin Zumla, Rosamund F Lewis, Stanislas Harakandi",Viruses. 2025. doi: 10.3390/v17040480..,Nkengurutse,Viruses,2025,2025/03/27,,,10.3390/v17040480,"(1) Objectives: Studies on mpox patterns, severity predictors, and public health impacts in Burundi remain limited. Therefore, we aimed to identify the clinical predictors and determinants of mpox complications among hospitalized patients in Bujumbura, Burundi, during an active outbreak. (2) Methods: We conducted a prospective cohort study of laboratory-confirmed mpox cases across three treatment centers (July-October 2024). Clinical characteristics and outcomes were assessed through a systematic review of medical and laboratory records supplemented by structured interviews with patients or caregivers. Risk factors for disease complications were evaluated using multivariate Firth penalized logistic regression. (3) Results: Complications developed in 3.1% of 850 patients (54.4% male; median age, 20.3 years). Conjunctivitis (odds ratio [OR]: 27.30; 95% confidence interval [CI], 7.67-122.23) and sore throat (OR: 12.63; 95% CI, 5.78-30.21) were significant predictors of severe disease progression. Conversely, generalized rash (OR, 0.10; 95% CI, 0.04-0.24) and lymphadenopathy (OR, 0.24; 95% CI, 0.08-0.62) were associated with a mild disease course. Sexual transmission was the predominant route of infection (58.6%). (4) Conclusions: Noncutaneous manifestations, particularly conjunctivitis and sore throat, are early indicators of mpox severity. These findings inform clinical risk stratification in resource-limited settings and highlight the need for further investigation of pathophysiological mechanisms.",Burundi; conjunctivitis; mpox (monkeypox); prospective studies; resource-limited settings; risk assessment
35948354,The changing face of monkeypox.,"Larissa Mulka, Jackie Cassell",BMJ (Clinical research ed.). 2022. doi: 10.1136/bmj.o1990..,Mulka,BMJ (Clinical research ed.),2022,2022/08/10,,,10.1136/bmj.o1990,,"[MeSH] Animals; [MeSH] Disease Outbreaks; [MeSH] Humans; [MeSH] London; [MeSH] Mpox, Monkeypox; [MeSH] Zoonoses"
35699601,Monkeypox 2022 outbreak: cases with exclusive genital lesions.,"Benjamin Davido, Emma D'anglejan, Juliette Jourdan, Amelie Robinault, Guillaume Davido",Journal of travel medicine. 2022. doi: 10.1093/jtm/taac077..,Davido,Journal of travel medicine,2022,2022/09/17,,,10.1093/jtm/taac077,,Monkeypox; atypical; genital; penis
39421952,"Diagnostic and surveillance testing capability for mpox in the EU/EEA, September 2024.","Nina Lagerqvist, Jessica Beser, Tamás Bakonyi, Céline M Gossner, Daniel Palm",Euro surveillance : bulletin Europeen sur les maladies transmissibles = European communicable disease bulletin. 2024. doi: 10.2807/1560-7917.ES.2024.29.42.2400632..,Lagerqvist,Euro surveillance : bulletin Europeen sur les maladies transmissibles = European communicable disease bulletin,2024,2024/10/01,,,10.2807/1560-7917.ES.2024.29.42.2400632,"In response to the increasing number of mpox cases caused by monkeypox virus (MPXV) clade I in the African continent and the first reported travel-related clade Ib case of mpox in EU/EEA, the European Centre for Disease Prevention and Control surveyed national capability for detection and characterisation of MPXV in the EU/EEA. The results showed high level of capability for case confirmation by PCR, alongside molecular typing methods for identification of MPXV clades and/or clade I subclades within the EU/EEA.",EU/EEA; MPXV; PCR; clade differentiation; diagnostic testing; laboratory capability; mpox; whole genome sequencing
39161149,The Human Monkeypox Virus and Host Immunity: Emerging Diagnostic and Therapeutic Challenges.,"Vijay Singh, Shailendra Dwivedi, Ruchika Agrawal, Sadashiv, Ghizal Fatima, Afroz Abidi",Infectious disorders drug targets. 2025. doi: 10.2174/0118715265309361240806064619..,Singh,Infectious disorders drug targets,2025,2025/01/01,,,10.2174/0118715265309361240806064619,"This article explores the Human Monkeypox Virus (MPV), a contagious virus that causes disease in both vertebrates and insects. It originated in Denmark in 1958 and expanded beyond Africa during the 1970s. The virus was initially detected in the United States in 2003 following the hospitalisation of a toddler who had been bitten by a prairie dog. The article examines the identification of the virus, its categorization into two genetic groups with different levels of harmfulness, and its genetic changes over time due to specific influences. Additionally, it investigates the immunological reaction to MPXV, encompassing both the innate and adaptive systems. This article also addresses the diagnostic difficulties presented by MPXV's resemblance to other orthopoxviruses and the progress made in molecular diagnostics. The paper analyses different therapeutic interventions, such as tecovirimat, an antiviral medication, and JYNNEOS, a vaccine, in terms of their efficacy, potential drawbacks, and the difficulties encountered in managing outbreaks. The future outlook emphasises the necessity of inventive research methodologies, worldwide monitoring, and individualised medical treatments to counteract the dissemination of MPXV and alleviate its consequences on public health.",Human monkeypox virus; adaptive immunity; diagnostics; genomics; host immunity; innate immunity; treatments.
40681794,Coinfections with monkeypox virus and varicella-zoster virus: a systematic review of case reports and case series.,"Reem Sayad, Ahmed Saad Elsaeidy, Eslam A Hawash, Ahmed M Ali, Alzahraa Mohamed, Ibrahim Khalil",Archives of virology. 2025. doi: 10.1007/s00705-025-06359-6..,Sayad,Archives of virology,2025,2025/07/18,,,10.1007/s00705-025-06359-6,"BACKGROUND: Many studies have shown that, during mpox outbreaks, concomitant infections with monkeypox virus and varicella-zoster virus (VZV) are not uncommon. Infection with either monkeypox virus or VZV may increase the host's susceptibility to contracting a subsequent infection. Here, we summarize the clinical presentation, diagnosis, and management of cases of reported monkeypox virus and VZV coinfection. METHODS: We conducted a thorough search of four databases: PubMed, Scopus, Medline, and Web of Science, covering the period up to 10 March 2025, and identified studies reporting coinfections with monkeypox virus and VZV. Data were extracted using a standardized sheet, and case reports and the quality of case series were assessed using the JBI critical appraisal tool. Cross-sectional and cohort quality was assessed using the NIH tool. RESULTS: Our systematic review included 18 studies with 448 cases of coinfection with monkeypox virus and VZV. The majority of cases were reported in African countries, particularly Nigeria and the DRC. Most of the patients were children or young adults, and 41.51% were male. Common predisposing factors included contact with animals, confirmed exposure to infected individuals, and immunocompromised status. Treatment approaches included antivirals (primarily acyclovir or tecovirimat) and supportive care. While most cases were managed successfully, four deaths (0.89%) were reported. CONCLUSION: This review highlights the complex interplay between monkeypox virus and VZV in coinfections, emphasizing the need for heightened awareness, standardized diagnostic protocols, and tailored management strategies. It is important to consider coinfections when making diagnoses, especially in places where mpox is common or in cases in which the patient is at high risk.",Chickenpox; Coinfection; Monkeypox virus; Varicella-zoster virus; mpox
37486383,Detection of mpox virus in ambient air in a sexual health clinic.,"Joren Raymenants, Liesbeth Van Gestel, Jasmine Coppens, Tessa De Block, Eugene Bangwen, Jojanneke Rutgers, Matilde Hens, Elise De Vos, Sandra Coppens, Els Keyaerts, Emmanuel André, Antonio Mauro Rezende, Marjan Van Esbroeck, Koen Vercauteren, Laurens Liesenborghs",Archives of virology. 2023. doi: 10.1007/s00705-023-05837-z..,Raymenants,Archives of virology,2023,2023/07/24,,,10.1007/s00705-023-05837-z,"Although transmitted mainly through direct (sexual) contact, mpox virus (MPXV) can be detected in ambient air. We explored the use of air sampling for diagnosis or (genomic) surveillance of mpox in a sexual health clinic. For six out of six patients who were infected with MPXV, all four of our ambient air PCR tests were positive. For 14 uninfected patients, PCR was positive in three ambient air samples, albeit with higher cycle threshold (Ct) values. Genomic sequencing of samples from two positive patients showed matching sequences between air and clinical samples.",Air; Monkeypox; Rectum; Saliva; skin
37565756,Monkeypox virus cytologic findings: An institutional experience with an emerging threat.,"Kartik Viswanathan, Katrina M Mansmann, Kimberly Workowski, Jeannette Guarner, Kimberly M Heiman, Daniel J Lubin",American journal of clinical pathology. 2024. doi: 10.1093/ajcp/aqad102..,Viswanathan,American journal of clinical pathology,2024,2024/01/04,,,10.1093/ajcp/aqad102,"OBJECTIVES: Mpox is a viral disease caused by monkeypox, a highly contagious orthopoxvirus that resulted in a global outbreak beginning in spring 2022. Diagnosis is confirmed via polymerase chain reaction (PCR) testing of swabs from mucocutaneous lesions. Rare reports have documented the histologic changes of mpox lesions, but the cytologic features have not been described. We present the cytology findings of samples taken from swabs of mucocutaneous mpox lesions in 3 different patients. METHODS: The patients were all male, aged 55, 43, and 37 years, all with mpox confirmed by PCR testing. Swabs from chest (cases 1 and 2) and tongue (case 3) lesions were directly sampled and submitted in Aptima (case 1) or PreservCyt solution (cases 2 and 3). Liquid-based preps were prepared and stained using the Papanicolaou method. Specimens were assessed for viral cytopathic changes. RESULTS: All cases showed nuclear cytopathic changes (enlarged nuclei with open chromatin and prominent red nucleoli), 2 cases demonstrated multinucleated keratinocytes, and 1 case showed potential Guarnieri bodies. The chromatin margination and nuclear molding typical of herpesviruses was not appreciated. CONCLUSIONS: The cytopathic changes of monkeypox are not specific, but their recognition could prompt appropriate PCR testing. Monkeypox shows distinct cytologic changes compared with herpesviruses.",cytology; cytopathology; microbiology; monkeypox; mpox; orthopoxvirus; virus
36333007,[Monkeypox virus infection].,"P Cacoub, P Halfon",La Revue de medecine interne. 2022. doi: 10.1016/j.revmed.2022.10.383..,Cacoub,La Revue de medecine interne,2022,2022/11/01,,,10.1016/j.revmed.2022.10.383,,Infection sexuellement transmissible; Monkey pox virus; Sexually transmitted infection; Variole du singe
18837778,Monkeypox virus and insights into its immunomodulatory proteins.,"Jessica R Weaver, Stuart N Isaacs",Immunological reviews. 2008. doi: 10.1111/j.1600-065X.2008.00691.x..,Weaver,Immunological reviews,2008,2008/10/01,,,10.1111/j.1600-065X.2008.00691.x,"Monkeypox is a disease that is endemic in Central and Western Africa. However, in 2003, there was an outbreak in the United States, representing the first documented monkeypox cases in the Western hemisphere. Although monkeypox virus is less fatal and not as transmissible as variola virus, the causative agent of smallpox, there is concern that monkeypox virus could become a more efficient human pathogen. The reason for this may lie in the virus' genetic makeup, ecological changes, changes in host behavior, and the fact that with the eradication of variola virus, routine smallpox vaccination is no longer carried out. In this review, we focus on the viral proteins that are predicted to modulate the host immune response and compare the genome of monkeypox virus with the genomes of variola virus and the vaccinia virus, the orthopoxvirus that represented the smallpox vaccine. There are differences found in several of these immune-modulating genes including genes that express proteins that affect cytokines such as interleukin-1, tumor necrosis factor, and interferon. There are also differences in genes that code for virulence factors and host range proteins. Genetic differences likely also explain the differences in virulence between two strains of monkeypox virus found in two different regions of Africa. In the current setting of limited smallpox vaccination and little orthopoxvirus immunity in parts of the world, monkeypox could become a more efficient human pathogen under the right circumstances.","[MeSH] Animals; [MeSH] Humans; [MeSH] Mpox, Monkeypox; [MeSH] Monkeypox virus; [MeSH] Phylogeny; [MeSH] Vaccinia virus; [MeSH] Variola virus; [MeSH] Viral Proteins"
36007810,Human monkeypox outbreak 2022 and asymptomatic human reservoirs: Challenges and opportunities - Correspondence.,"Mohsen Karbalaei, Masoud Keikha","International journal of surgery (London, England). 2022. doi: 10.1016/j.ijsu.2022.106849..",Karbalaei,"International journal of surgery (London, England)",2022,2022/08/23,,,10.1016/j.ijsu.2022.106849,,"[MeSH] Disease Outbreaks; [MeSH] Humans; [MeSH] Mpox, Monkeypox"
36928291,Death-associated with human monkeypox outbreak 2022: the current perspectives - correspondence.,"Masoud Keikha, Mehdi Zandhaghighi, Shahram Shahraki Zahedani","International journal of surgery (London, England). 2023. doi: 10.1097/JS9.0000000000000123..",Keikha,"International journal of surgery (London, England)",2023,2023/06/01,,,10.1097/JS9.0000000000000123,,"[MeSH] Humans; [MeSH] Mpox, Monkeypox; [MeSH] Disease Outbreaks"
36669636,"Sexually transmitted infections and clinical features in monkeypox (mpox) patients in Madrid, Spain.","Alfredo Maldonado-Barrueco, Claudia Sanz-González, Almudena Gutiérrez-Arroyo, David Grandioso-Vas, Patricia Roces-Álvarez, Elena Sendagorta-Cudos, Iker Falces-Romero, Jesús Mingorance, Julio García-Rodríguez, Inmaculada Quiles-Melero",Travel medicine and infectious disease. 2023. doi: 10.1016/j.tmaid.2023.102544..,Maldonado-Barrueco,Travel medicine and infectious disease,2023,2023/01/18,,,10.1016/j.tmaid.2023.102544,"Since the beginning of the monkeypox (mpox) virus outbreak in May 2022, there has been an increase in the number of cases worldwide in the setting of sexual transmission. We have tested by real-time PCR 187 mpox patients, of which 157 patients were screened for sexually transmitted infections (STI) in 245 samples. Thirty-six pathogens were detected in 30 patients: herpes simplex virus (HSV-I/II, 12/36, 33.3%), Neisseria gonorrhoeae (NG, 9/36, 25%), Chlamydia trachomatis (CT, 5/36, 13.8%), Chlamydia trachomatis-lymphogranuloma venereum (CT-LGV, 3/36, 8.3%), Treponema pallidum (TP, 4/36, 11.1%) and Mycoplasma genitalium (MG, 3/36, 8.3%). Screening of STI is recommended in mpox patients for the differential diagnosis of the main infections of sexual tract especially in patients with rectal involvement.",Chlamydia; Coinfections; HIV; LGV; Monkeypox; Neisseria; Proctitis; STI; Sexually; Syphilis; mpox
23400570,Detection of human monkeypox in the Republic of the Congo following intensive community education.,"Mary G Reynolds, Ginny L Emerson, Elisabeth Pukuta, Stomy Karhemere, Jean J Muyembe, Alain Bikindou, Andrea M McCollum, Cynthia Moses, Kimberly Wilkins, Hui Zhao, Inger K Damon, Kevin L Karem, Yu Li, Darin S Carroll, Jean V Mombouli",The American journal of tropical medicine and hygiene. 2013. doi: 10.4269/ajtmh.12-0758..,Reynolds,The American journal of tropical medicine and hygiene,2013,2013/02/11,,,10.4269/ajtmh.12-0758,"Monkeypox is an acute viral infection with a clinical course resembling smallpox. It is endemic in northern and central Democratic Republic of the Congo (DRC), but it is reported only sporadically in neighboring Republic of the Congo (ROC). In October 2009, interethnic violence in northwestern DRC precipitated the movement of refugees across the Ubangi River into ROC. The influx of refugees into ROC heightened concerns about monkeypox in the area, because of the possibility that the virus could be imported, or that incidence could increase caused by food insecurity and over reliance on bush meat. As part of a broad-based campaign to improve health standards in refugee settlement areas, the United Nations International Children's Emergency Fund (UNICEF) sponsored a program of intensive community education that included modules on monkeypox recognition and prevention. In the 6 months immediately following the outreach, 10 suspected cases of monkeypox were reported to health authorities. Laboratory testing confirmed monkeypox virus infection in two individuals, one of whom was part of a cluster of four suspected cases identified retrospectively. Anecdotes collected at the time of case reporting suggest that the outreach campaign contributed to detection of suspected cases of monkeypox.","[MeSH] Adolescent; [MeSH] Animals; [MeSH] Child; [MeSH] Congo; [MeSH] Female; [MeSH] Health Education; [MeSH] Humans; [MeSH] Male; [MeSH] Mpox, Monkeypox; [MeSH] Monkeypox virus; [MeSH] Phylogeny; [MeSH] Sequence Analysis, DNA"
36729940,Monkeypox Infection With Primarily Mucosal Involvement.,"Mafalda Pestana, Margarida Brito Caldeira, Inês Aparício Martins, Clara Valente, José M Neves, Cândida Fernandes",Sexually transmitted diseases. 2022. doi: 10.1097/OLQ.0000000000001751..,Pestana,Sexually transmitted diseases,2023,2022/12/05,,,10.1097/OLQ.0000000000001751,"Since May 2022, several nonendemic countries face a monkeypox outbreak, with clinic and epidemiological characteristics distinct from the classic ones. Primarily affecting the sexually active population, these cases present with mucocutaneous lesions mainly localized in perioral, genital, and anal areas. A retrospective study was conducted in a tertiary center in Lisbon, to characterize the population diagnosed with monkeypox infection with primarily mucosal involvement.","[MeSH] Humans; [MeSH] Mpox, Monkeypox; [MeSH] Retrospective Studies; [MeSH] Ambulatory Care Facilities; [MeSH] Disease Outbreaks; [MeSH] Genitalia"
41663215,Multiplex PCR to Differentiate Monkeypox Virus Clades.,"Christopher T Williams, Alessandra Romero-Ramirez, Adeleye Adesola Semiu, Samuel Oluwafunmbi Ifabumuyi, Caitlin Greenland-Bews, Susan Gould, Dominic Wooding, Collette Allen, Anushri Somasundaran, Nicodemus Nnabuike Mkpuma, Dorcas Gado, Jolly Amoche Adole, Abdulakeem Eniola Amoo, Abisola Ajoke Adeyemi, Laure Bosquillon de Jarcy, Christine Goffinet, Jake Dunning, Malcolm G Semple, Esto Bahizire, Afolabi Akinpelu, Thomas E Fletcher, Ana I Cubas-Atienzar, Cristina Leggio, Adeyinka Adedeji, Adesuyi A Omoare, Thomas Edwards",Emerging infectious diseases. 2026. doi: 10.3201/eid3202.250686..,Williams,Emerging infectious diseases,2026,2026/02/09,,,10.3201/eid3202.250686,"We designed a multiplex quantitative PCR to differentiate monkeypox virus clades. For clinical samples collected in the United Kingdom and Nigeria, sensitivity was 78% (95% CI 67.67%-86.14%) and specificity 94% (95% CI 80.84%-99.30%); for samples with cycle thresholds <35, sensitivity was 98% (95% CI 91.72%-99.96%) and specificity 94% (95% CI 80.84%-99.30%).",MPXV; Nigeria; PCR; United Kingdom; diagnostics; monkeypox virus; mpox; viruses; zoonoses
41518080,"Understanding Monkeypox Virus Evolution, Host-Pathogen Interactions, and Therapeutic Advances.","Anjali Prajapati, Rithika Jella, Meghana Reddy Dendi, Sumithra Salla, Suprabhat Mukherjee, Jagadeesh Bayry, Rajitha Rajeshwar Tatikonda, Haitao Hu, Srinivasa Reddy Bonam",Reviews in medical virology. 2026. doi: 10.1002/rmv.70103..,Prajapati,Reviews in medical virology,2026,2026/01/01,,,10.1002/rmv.70103,"The recent outbreak of the Monkeypox (Mpox) virus has raised significant concerns. First identified in 1958, Monkeypox virus (MPXV) belongs to the Orthopoxvirus genus, sharing similarities with the Smallpox virus. It is a zoonotic disease mainly harboured by rodents and transmitted through direct interaction with infected animals, respiratory droplets, contaminated materials, or body fluids and from mother to child during pregnancy. The MPXV has a brick-shaped lipoprotein envelope, usually containing conserved genes essential for viral replication and variable genes that influence pathogenicity. The virus exists in two genetic clades: West African (Clade II) with lower mortality (∼1%) and Central African (Clade I) with higher mortality (∼10%). The spread of Mpox was primarily limited to Congo Basin (West Africa), which eventually increased globally. In the year 2022, World Health Organisation (WHO) declared Mpox an 'International Public Health Emergency Concern', indicating vital need to develop robust strategies to combat Mpox. As per 2022 outbreak, 40% patients required medical treatment (antiviral, antibacterials, and pain killer), 1%-13% patients required hospitalisation and 0.1% cases ended in fatality. The contemporary pre- and post-prophylactic therapies, include non-replicating modified vaccinia Ankara vaccination, are not yet available in endemic countries in Africa. Moreover, since January 1, 2024, there have been 812 deaths reported linked to the clade Ib Mpox outbreak in Central Africa, mostly in the Democratic Republic of the Congo. This corresponds to a case-fatality rate of about 3% among the nearly 29,000 assumed cases by September 2024. Hence, this review outlines routes of Mpox transmission and early and chronic symptoms of infection. The mechanisms employed by the virus for immune evasion or immune suppression to promote viral survival inside the host are discussed in detail. The review illustrates Mpox therapeutics and medications, including anti-viral drugs that help to treat symptoms, prevent complications, and support recovery, particularly in the immunocompromised patients. In addition, we discuss recent advancements in the development of prophylactic vaccine for Mpox, including ACAM2000, LC16m8, JYNNEOS (MVA), and others. Future research directions include exploiting the conserved Mpox antigens to develop safer and more broadly protective vaccines. There is also an urgent need for international collaborations in surveillance, rapid response systems and comprehensive OMICS studies for understanding the viral evolution and mutations, which will greatly aid vaccine design and therapeutic strategies to combat Mpox.",immunity; mRNA vaccines; monkeypox; orthopoxviruses; pathogenesis; vaccines
35971952,"Human Monkeypox without Viral Prodrome or Sexual Exposure, California, USA, 2022.","Abraar Karan, Ashley R Styczynski, ChunHong Huang, Malaya K Sahoo, Krithika Srinivasan, Benjamin A Pinsky, Jorge L Salinas",Emerging infectious diseases. 2022. doi: 10.3201/eid2810.221191..,Karan,Emerging infectious diseases,2022,2022/08/16,,,10.3201/eid2810.221191,We report human monkeypox in a man who returned to the United States from the United Kingdom and reported no sexual contact. He had vesicular and pustular skin lesions but no anogenital involvement. The potential modes of transmission may have implications for the risk of spread and for epidemic control.,United States; epidemic; monkeypox; orthopoxvirus; viruses
36241815,Monkeypox: what do dental professionals need to know?,"Charifa Zemouri, Edgar O Beltrán, Richard Holliday, Nicholas S Jakubovics, James R Allison",British dental journal. 2022. doi: 10.1038/s41415-022-5079-8..,Zemouri,British dental journal,2022,2022/10/14,,,10.1038/s41415-022-5079-8,"Infection control is critical for the safe delivery of dental care. Infection control practices must be responsive to emerging and re-emerging infectious diseases and outbreaks, as was clearly seen during the peak of the COVID-19 pandemic. An emerging global outbreak of the monkeypox virus has again raised potential challenges for infection control in dentistry. Monkeypox is an infectious disease, characterised by a rash affecting the skin and soft tissues, including the oral cavity. Previously, cases were mostly seen following contact with infected animals in Central and West Africa, with limited human-to-human transmission within and outside of these areas. However, since May 2022, sustained human-to-human transmission has occurred globally. Monkeypox can be transmitted via close contact with an infected person, contaminated objects and surfaces, or by droplets and possibly aerosols, which is therefore of potential importance to dental settings. This article discusses the relevance of monkeypox to dental professionals, the typical presentation of the disease, its potential impact on infection prevention and control practices and the delivery of dental services. The current monkeypox outbreak highlights the need for a more sustained programme of research into dental infection control that can provide a solid evidence base to underpin preparedness planning for future outbreaks and pandemics.","[MeSH] Animals; [MeSH] COVID-19; [MeSH] Dentists; [MeSH] Disease Outbreaks; [MeSH] Humans; [MeSH] Mpox, Monkeypox; [MeSH] Monkeypox virus; [MeSH] Pandemics"
37079556,Newborn Exposed to the Monkeypox Virus: A Brief Report.,"Maria Luíza Custódio Soares, Daniela Caldas Teixeira, Walquíria Rabelo Pinto, Izabel Aparecida Coelho, José Carlos Matos, Roberta Maia de Castro Romanelli",The Pediatric infectious disease journal. 2023. doi: 10.1097/INF.0000000000003935..,Soares,The Pediatric infectious disease journal,2023,2023/03/30,,,10.1097/INF.0000000000003935,,"[MeSH] Infant, Newborn; [MeSH] Humans; [MeSH] Monkeypox virus; [MeSH] Mpox, Monkeypox"
36648135,Monkeypox virus and secondary syphilis co-infection in a HIV-positive man.,"Vassilios Paparizos, Antonios Tsimpidakis, Eleni Paparizou, Eleni Gagari, Electra Nicolaidou, Alexander Stratigos",Journal of the European Academy of Dermatology and Venereology : JEADV. 2023. doi: 10.1111/jdv.18875..,Paparizos,Journal of the European Academy of Dermatology and Venereology : JEADV,2023,2023/01/24,,,10.1111/jdv.18875,,"[MeSH] Humans; [MeSH] Male; [MeSH] Coinfection; [MeSH] HIV Infections; [MeSH] HIV Seropositivity; [MeSH] Monkeypox virus; [MeSH] Syphilis; [MeSH] Mpox, Monkeypox"
37832516,"Prevalence of Undiagnosed Monkeypox Virus Infections during Global Mpox Outbreak, United States, June-September 2022.","Faisal S Minhaj, Vijay Singh, Stephanie E Cohen, Michael B Townsend, Hyman Scott, John Szumowski, C Bradley Hare, Pallavi Upadhyay, Jairus Reddy, Barbara Alexander, Nicolle Baird, Terese Navarra, Lalita Priyamvada, Nhien Wynn, William C Carson, Solomon Odafe, Sarah Anne J Guagliardo, Emily Sims, Agam K Rao, Panayampalli S Satheshkumar, Paul J Weidle, Christina L Hutson",Emerging infectious diseases. 2023. doi: 10.3201/eid2911.230940..,Minhaj,Emerging infectious diseases,2023,2023/10/13,,,10.3201/eid2911.230940,"Since May 2022, mpox has been identified in 108 countries without endemic disease; most cases have been in gay, bisexual, or other men who have sex with men. To determine number of missed cases, we conducted 2 studies during June-September 2022: a prospective serologic survey detecting orthopoxvirus antibodies among men who have sex with men in San Francisco, California, and a retrospective monkeypox virus PCR testing of swab specimens submitted for other infectious disease testing among all patients across the United States. The serosurvey of 225 participants (median age 34 years) detected 18 (8.0%) who were orthopoxvirus IgG positive and 3 (1.3%) who were also orthopoxvirus IgM positive. The retrospective PCR study of 1,196 patients (median age 30 years; 54.8% male) detected 67 (5.6%) specimens positive for monkeypox virus. There are likely few undiagnosed cases of mpox in regions where sexual healthcare is accessible and patient and clinician awareness about mpox is increased.",IgM; Monkeypox virus; Mpox; PCR; United States; orthopoxvirus; undiagnosed; viruses
38001482,Fluorescence-enhanced dual signal lateral flow immunoassay for flexible and ultrasensitive detection of monkeypox virus.,"Xingsheng Yang, Xiaodan Cheng, Hongjuan Wei, Zhijie Tu, Zhen Rong, Chongwen Wang, Shengqi Wang",Journal of nanobiotechnology. 2023. doi: 10.1186/s12951-023-02215-4..,Yang,Journal of nanobiotechnology,2023,2023/11/25,,,10.1186/s12951-023-02215-4,"The outbreak of the monkeypox virus (MPXV) worldwide in 2022 highlights the need for a rapid and low-cost MPXV detection tool for effectively monitoring and controlling monkeypox disease. In this study, we developed a flexible lateral flow immunoassay (LFIA) with strong colorimetric and enhanced fluorescence dual-signal output for the rapid, on-site, and highly sensitive detection of the MPXV antigen in different scenarios. A multilayered SiO2-Au core dual-quantum dot (QD) shell nanocomposite (named SiO2-Au/DQD), which consists of a large SiO2 core (~ 200 nm), one layer of density-controlled gold nanoparticles (AuNPs, 20 nm), and thousands of small QDs, was fabricated instead of a traditional colorimetric nanotag (i.e., AuNPs) and a fluorescent nanotag (QD nanobead) to simultaneously provide good stability, strong colorimetric ability and superior fluorescence intensity. With the dual-signal output LFIA, we achieved the specific screening of the MPXV antigen (A29L) in 15 min, with detection limits of 0.5 and 0.0021 ng/mL for the colorimetric and fluorometric modes, respectively. Moreover, the colorimetric mode of SiO2-Au/DQD-LFIA exhibits the same sensitivity as the traditional AuNP- LFIA, whereas the overall sensitivity of this method on the basis of the fluorescent signal can achieve 238- and 3.3-fold improvements in sensitivity for MPXV compared with the AuNP-based LFIA and ELISA methods, respectively, indicating the powerful performance and good versatility of the dual-signal method in the point-of-care testing of the MPXV.",Antigen detection; Colorimetric/fluorescent dual-mode; Dual-signal nanotag; Lateral flow immunoassay; Monkeypox virus
39025443,Depressive symptoms and its multifaceted associated factors among young men who have sex with men facing the dual threats of COVID-19 and mpox in China.,"Qingyu Li, Yuhang Zhang, Siwen Huang, Yutong Xu, Jingtao Zhou, Yan Li, Yongkang Xiao, Wei Ma, Lin He, Xianlong Ren, Zhen Dai, Wannian Liang, Feng Cheng, Sitong Luo",Journal of affective disorders. 2024. doi: 10.1016/j.jad.2024.07.091..,Li,Journal of affective disorders,2024,2024/07/16,,,10.1016/j.jad.2024.07.091,"INTRODUCTION: The COVID-19 pandemic has significantly impacted the mental health of human beings since 2020, especially the young people and the pre-existing marginalized groups such as men who have sex with men (MSM). During the COVID-19 pandemic, the multi-country outbreak of mpox in 2022 additionally posed a significant stress on the most-affected communities (i.e., MSM). This study investigated the level of depressive symptoms and its multifaceted associated factors among Chinese young men who have sex with men (YMSM) in this unique period. METHODS: In September 2022, a large-scale cross-sectional survey was conducted among YMSM aged 18-29 years across six representative provinces in China. Hierarchical regression analysis was performed to test the various types of associated factors of depressive symptoms. RESULTS: Among the 2493 participants, 65.6 % (n = 1638) reported mild to severe depressive symptoms. The hierarchical regression analysis identified that depressive symptoms was significantly positively associated with unemployment, having substance use in the past 6 months, a higher level of MSM self-stigma, incompletion of COVID-19 vaccination, greater mpox risk perception, and presence of mpox related-like symptoms. LIMITATIONS: This study used the facility-based sampling method to recruit the participants, which may lead to selection bias. CONCLUSIONS: Chinese YMSM faced significant mental health challenges during the concurrent epidemics of COVID-19 and mpox, which was associated with their socio-economic status, risk behaviors, stigma, and multiple diseases-related variables. Proactive measures may hold promise as effective strategies for mitigating mental distress among marginalized groups during public health crises.",COVID-19; China; Depression; Men who have sex with men; Mpox; Young people
40133816,Mpox-XDE: an ensemble model utilizing deep CNN and explainable AI for monkeypox detection and classification.,"Dip Kumar Saha, Sadman Rafi, M F Mridha, Sultan Alfarhood, Mejdl Safran, Md Mohsin Kabir, Nilanjan Dey",BMC infectious diseases. 2025. doi: 10.1186/s12879-025-10811-y..,Kumar,BMC infectious diseases,2025,2025/03/25,,,10.1186/s12879-025-10811-y,"The daily surge in cases in many nations has made the growing number of human monkeypox (Mpox) cases an important global concern. Therefore, it is imperative to identify Mpox early to prevent its spread. The majority of studies on Mpox identification have utilized deep learning (DL) models. However, research on developing a reliable method for accurately detecting Mpox in its early stages is still lacking. This study proposes an ensemble model composed of three improved DL models to more accurately classify Mpox in its early phases. We used the widely recognized Mpox Skin Images Dataset (MSID), which includes 770 images. The enhanced Swin Transformer (SwinViT), the proposed ensemble model Mpox-XDE, and three modified DL models-Xception, DenseNet201, and EfficientNetB7-were used. To generate the ensemble model, the three DL models were combined via a Softmax layer, a dense layer, a flattened layer, and a 65% dropout. Four neurons in the final layer classify the dataset into four categories: chickenpox, measles, normal, and Mpox. Lastly, a global average pooling layer is implemented to classify the actual class. The Mpox-XDE model performed exceptionally well, achieving testing accuracy, precision, recall, and F1-score of 98.70%, 98.90%, 98.80%, and 98.80%, respectively. Finally, the popular explainable artificial intelligence (XAI) technique, Gradient-weighted Class Activation Mapping (Grad-CAM), was applied to the convolutional layer of the Mpox-XDE model to generate overlaid areas that effectively highlight each illness class in the dataset. This proposed methodology will aid professionals in diagnosing Mpox early in a patient's condition.",Deep learning; Detection; Ensemble model; Monkeypox; Mpox; XAI
36322796,Monkeypox-What Pediatricians Need to Know.,"Petra Zimmermann, Nigel Curtis",The Pediatric infectious disease journal. 2022. doi: 10.1097/INF.0000000000003720..,Zimmermann,The Pediatric infectious disease journal,2022,2022/11/03,,,10.1097/INF.0000000000003720,"Monkeypox is a zoonotic disease, presenting with fever, lymphadenopathy and vesicular-pustular skin lesions, that historically has rarely been reported outside the endemic regions of Central and West Africa. It was previously thought that human-to-human transmission was too low to sustain spread. During 2022, the number of cases of monkeypox, caused by clade II, rose rapidly globally, predominantly among men who have sex with men. In previous outbreaks with monkeypox clade 1 in endemic areas, children were disproportionately more affected with higher morbidity and mortality. It is unclear whether children are at similarly higher risk from monkeypox clade II. Nonetheless, children and pregnant women are considered high-risk groups and antiviral treatment should be considered for those affected. While smallpox vaccination offers good protection against monkeypox, the duration of protection is unknown, and infection occurs in vaccinated individuals. Should the current outbreak spread to children, authorities should be prepared to rapidly implement vaccination for children. In this review, we summarize epidemiological and clinical features, as well as the pathogenesis, treatment, and prevention options for monkeypox with a focus on considerations for children.","[MeSH] Child; [MeSH] Male; [MeSH] Animals; [MeSH] Female; [MeSH] Humans; [MeSH] Pregnancy; [MeSH] Mpox, Monkeypox; [MeSH] Homosexuality, Male; [MeSH] Sexual and Gender Minorities; [MeSH] Zoonoses; [MeSH] Pediatricians"
36178142,"Possible Occupational Infection of Healthcare Workers with Monkeypox Virus, Brazil.","Richard Steiner Salvato, Maria Leticia Rodrigues Ikeda, Regina Bones Barcellos, Fernanda Marques Godinho, Patrícia Sesterheim, Leticia Camiza Bulcão Bitencourt, Tatiana Schäffer Gregianini, Ana Beatriz Gorini da Veiga, Fernando Rosado Spilki, Gabriel Luz Wallau",Emerging infectious diseases. 2022. doi: 10.3201/eid2812.221343..,Salvato,Emerging infectious diseases,2022,2022/09/30,,,10.3201/eid2812.221343,"We evaluated epidemiologic and molecular characteristics of monkeypox virus (MPXV) infections sampled from 2 healthcare nurses. Five days after collecting samples from an infected patient, the nurses showed typical MPXV manifestations; quantitative PCR and whole-genome sequencing confirmed MPXV infection, most likely transmitted through contact with fomites.",Brazil; fomites; healthcare personnel; infections; monkeypox; patient interactions; viruses; zoonoses
29029147,Maternal and Fetal Outcomes Among Pregnant Women With Human Monkeypox Infection in the Democratic Republic of Congo.,"Placide K Mbala, John W Huggins, Therese Riu-Rovira, Steve M Ahuka, Prime Mulembakani, Anne W Rimoin, James W Martin, Jean-Jacques T Muyembe",The Journal of infectious diseases. 2017. doi: 10.1093/infdis/jix260..,Mbala,The Journal of infectious diseases,2017,2017/10/17,,,10.1093/infdis/jix260,"Human monkeypox is an endemic disease in rain-forested regions of central Democratic Republic of Congo. We report fetal outcomes for 1 of 4 pregnant women who participated in an observational study at the General Hospital of Kole (Sankuru Province), where 222 symptomatic subjects were followed between 2007 and 2011. Of the 4 pregnant women, 1 gave birth to a healthy infant, 2 had miscarriages in the first trimester, and 1 had fetal death, with the macerated stillborn showing diffuse cutaneous maculopapillary skin lesions involving the head, trunk and extremities, including palms of hands and soles of feet.",Democratic Republic of Congo; Monkeypox; abortion; maternal-fetal infection; orthopoxvirus; pregnancy
37889929,"Understanding the Impact of Mpox on Sexual Health Clinical Services: A National Knowledge, Attitudes, and Practices Survey-United States, 2022.","Sara L Schubert, Kathryn Miele, Laura A S Quilter, Christine Agnew-Brune, Alexandra Coor, Rachel Kachur, Felicia Lewis, Kevin L Ard, Karen Wendel, Teri Anderson, Gowri Nagendra, Erin Tromble",Sexually transmitted diseases. 2023. doi: 10.1097/OLQ.0000000000001882..,Schubert,Sexually transmitted diseases,2024,2023/10/23,,,10.1097/OLQ.0000000000001882,"BACKGROUND: During the 2022 mpox outbreak, most cases were associated with sexual contact, and many people with mpox sought care from sexual health clinics and programs. The National Network of STD Clinical Prevention Training Centers, in partnership with the Centers for Disease Control and Prevention, conducted a survey of US sexual health clinics and programs to assess knowledge, practices, and experiences around mpox to inform a future public health response. METHODS: Between August 31 and September 13, 2022, the National Network of STD Clinical Prevention Training Centers facilitated a web-based survey. Descriptive statistics were generated in R. RESULTS: Among 168 responses by clinicians (n = 131, 78%) and program staff (n = 37, 22%), more than half (51%) reported at least somewhat significant mpox-related clinical disruptions including burdensome paperwork requirements for mpox testing (40%) and tecovirimat use (88%). Long clinic visits (51%) added additional burden, and the median mpox-related visit lasted 1 hour. Few clinicians felt comfortable with advanced pain management, and clinicians felt most uninformed about preexposure (19%) and postexposure (24%) prophylaxis. Of 89 respondents involved in vaccination, 61% reported using equity strategies; however, accounts of these strategies revealed a focus on guideline or risk factor-based screenings instead of equity activities. CONCLUSIONS: These findings highlight the substantial impact of the 2022 mpox outbreak on sexual health care in the United States. Critical gaps and barriers were identified that may inform additional mpox training and technical assistance, including challenges with testing, diagnosis, and management as well as a disconnect between programs' stated goal of equity and operationalization of strategies to achieve equity.","[MeSH] United States; [MeSH] Humans; [MeSH] Health Knowledge, Attitudes, Practice; [MeSH] Mpox, Monkeypox; [MeSH] Sexual Health; [MeSH] Ambulatory Care; [MeSH] Ambulatory Care Facilities"
27024916,[Development of the disease in marmot at the intranasal infection with the monkeypox virus].,"A A Sergeev, A S Kabanov, L E Bulychev, Ar A Sergeev, O V Pyankov, S A Bodnev, D O Galakhova, A S Zamedyanskaya, K A Titova, L N Shishkina, A P Agafonov, A N Sergeev",Voprosy virusologii. 2015.,Sergeev,Voprosy virusologii,2015,2015/01/01,,,,"In experimental study the sensitivity of the Marmota bobak species to the monkeypox virus (MPXV) with the intranasal (i/n) infection was tested. It was demonstrated that 50% of the infective dose (ID50) of the MPXV on external clinical signs of the disease was 2.2 Ig plaque forming units (PFU). The percentage of the marmot mortality is slightly dependent on the infecting dose of the MPXV, therefore it is not possible to correctly determine the value of 50 % fatal dose (FD50) for these animals. The most pronounced external clinical signs of the disease were obtained in the marmots: pox-like skin rash throughout the surface of the body and mucous membranes, purulent discharge from the nose, lymphadenitis, discoordination, tremor of the extremities, fever, increased aggression, and ruffled fur. In the course of experiments intended to determine the dynamics of the accumulation of the MPXV in various organs, tissues, and blood serum of marmot infected i/n with dose of 3.7 Ig PFU, it was found that the trachea, lungs, and the bifurcation lymph nodes are the primary target organs. The trachea, lungs, nasal mucosa membrane, and skin are the organs with maximal virus replication recorded at 5, 7, 9, and 12 days after the infection. The transfer of the MPXV into the secondary target organs (nasal mucosa membrane, brain, spleen, duodenum, adrenal glands, and skin) was carried out in marmots with lymphogenic and hematogenic ways of the dissemination of the infection.","[MeSH] Administration, Intranasal; [MeSH] Animals; [MeSH] Female; [MeSH] Lung; [MeSH] Lymph Nodes; [MeSH] Male; [MeSH] Marmota; [MeSH] Mpox, Monkeypox; [MeSH] Monkeypox virus; [MeSH] Nasal Mucosa; [MeSH] Skin; [MeSH] Spleen; [MeSH] Survival Analysis; [MeSH] Trachea; [MeSH] Virus Replication"
37301977,The Reemerging Condition of Vaccinia: A Case Report and Brief Review of Monkeypox and Vaccinia Vaccines.,"Christian Ryckeley, Glenn Goodwin, Alexandra Alvarez-Calderon",The American journal of case reports. 2023. doi: 10.12659/AJCR.941006..,Ryckeley,The American journal of case reports,2023,2023/06/11,,,10.12659/AJCR.941006,"BACKGROUND The emergence of the monkeypox virus (mpox) is causing a large-scale re-administration of vaccinia-based vaccines. Many physicians have not been exposed to the rare, but implicit, complications, revealing a glaring need for updated evidence and re-examination. We present a case of a Human Immunodeficiency Virus (HIV)-positive male patient who presented to the Emergency Department (ED) with vaccinia symptoms several days after receiving the JYNNEOS vaccine. CASE REPORT A 45-year-old man with a past medical history of well-controlled HIV presented to the ED for 5 days of nocturnal diaphoresis, chills, intermittent arthralgia, and myalgia that began shortly after receiving the JYNNEOS vaccine. The patient reported an intermittent fever of 101°F (38.3°C) but denied cough, chest pain, and dyspnea, and had otherwise normal vital signs. Serum lab test results were significant for elevated leukocytosis of 13.4 and CRP of 7.0, but were otherwise normal. The patient reported complete resolution of his symptoms after a 14-day follow-up via phone call. CONCLUSIONS Mpox is unfortunately spreading across the globe; therefore, many treatments and vaccines are being studied to address the outbreak. The latest generation of vaccines employ an attenuated vaccinia virus and are separated into replicating and non-replicating categories, and while generally safer than previous variola vaccines, they still are associated with rare complications and adverse effects. Generally, vaccinia symptoms are mild and self-resolving. Treatment is largely supportive and most patients can be discharged following general serum lab work-up and cardiopulmonary assessment.","[MeSH] Humans; [MeSH] Male; [MeSH] Middle Aged; [MeSH] Vaccinia virus; [MeSH] Vaccinia; [MeSH] Mpox, Monkeypox; [MeSH] HIV Infections"
36809304,A global update of mpox (monkeypox) in children.,"Nadia A Sam-Agudu, Charles Martyn-Dickens, Atana U Ewa",Current opinion in pediatrics. 2023. doi: 10.1097/MOP.0000000000001232..,Sam-Agudu,Current opinion in pediatrics,2023,2023/02/22,,,10.1097/MOP.0000000000001232,"PURPOSE OF REVIEW: Human mpox disease (formerly monkeypox) was first diagnosed in an infant in the Democratic Republic of the Congo in 1970. Mpox was rarely reported outside West and Central Africa until the global outbreak in May 2022. On 23 July 2022, the WHO declared mpox a public health emergency of international concern. These developments warrant a global update on pediatric mpox. RECENT FINDINGS: Mpox epidemiology in endemic African countries has changed from predominantly affecting children under 10 years to adults 20-40 years old. This shift also applies to the global outbreak, where 18-44-year-old adult men who have sex with men are disproportionately affected. Furthermore, the proportion of children affected in the global outbreak is less than 2%, while children under 18 years constitute nearly 40% of cases in African countries. The highest mortality rates remain among both children and adults in African countries. SUMMARY: Mpox epidemiology has shifted to adults and is affecting relatively few children in the current global outbreak. However, infants, immunocompromised children and African children are still at high risk of severe disease. Mpox vaccines and therapeutic interventions should be accessible to at-risk and affected children globally, especially to those living in endemic African countries.","[MeSH] Adult; [MeSH] Infant; [MeSH] Male; [MeSH] Humans; [MeSH] Child; [MeSH] Adolescent; [MeSH] Young Adult; [MeSH] Homosexuality, Male; [MeSH] Mpox, Monkeypox; [MeSH] Sexual and Gender Minorities; [MeSH] Africa; [MeSH] Disease Outbreaks"
39422181,Monkeypox Virus Infection Stimulates a More Robust and Durable Neutralizing Antibody Response Compared to Modified Vaccinia Virus Ankara Vaccination.,"Christopher N Selverian, Stephanie R Monticelli, Yakin M Jaleta, Gorka Lasso, Megan E DeMouth, Annalisa Meola, Jacob Berrigan, Thomas G Batchelor, Leandro Battini, Pablo Guardado-Calvo, Andrew S Herbert, Kartik Chandran, Eric Meyerowitz, Emily Happy Miller",The Journal of infectious diseases. 2025. doi: 10.1093/infdis/jiae515..,Selverian,The Journal of infectious diseases,2025,2025/04/15,,,10.1093/infdis/jiae515,"Monkeypox virus (MPXV) has recently caused a global disease outbreak in humans. Differences in the neutralizing antibody response to vaccination versus MPXV infection remain poorly understood. Here, we examined the neutralization of MPXV and vaccinia virus by sera from a cohort of convalescent and vaccinated individuals at 1 and 8 months postexposure. Convalescent individuals displayed higher neutralizing antibody titers against MPXV than vaccinated and MPXV-naive persons at 1 month postexposure. Neutralizing antibody titers had waned significantly in both groups at 8 months. This study suggests that additional vaccine strategies are needed to elicit a durable humoral response and prevent breakthrough infections.",humoral immunity; mpox; neutralizing antibodies; orthopoxviruses; vaccine response
37764961,Monitoring Monkeypox: Safeguarding Global Health through Rapid Response and Global Surveillance.,"Marta Giovanetti, Eleonora Cella, Sonia Moretti, Fabio Scarpa, Alessandra Ciccozzi, Svetoslav Nanev Slavov, Francesca Benedetti, Davide Zella, Giancarlo Ceccarelli, Massimo Ciccozzi, Alessandra Borsetti","Pathogens (Basel, Switzerland). 2023. doi: 10.3390/pathogens12091153..",Giovanetti,"Pathogens (Basel, Switzerland)",2023,2023/09/11,,,10.3390/pathogens12091153,"Monkeypox, a viral zoonotic disease, has emerged as a significant global threat in recent years. This review focuses on the importance of global monitoring and rapid response to monkeypox outbreaks. The unpredictable nature of monkeypox transmissions, its potential for human-to-human spread, and its high morbidity rate underscore the necessity for proactive surveillance systems. By analyzing the existing literature, including recent outbreaks, this review highlights the critical role of global surveillance in detecting, containing, and preventing the further spread of monkeypox. It also emphasizes the need for enhanced international collaboration, data sharing, and real-time information exchange to effectively respond to monkeypox outbreaks as a global health concern. Furthermore, this review discusses the challenges and opportunities of implementing robust surveillance strategies, including the use of advanced diagnostic tools and technologies. Ultimately, these findings underscore the urgency of establishing a comprehensive global monitoring framework for monkeypox, enabling early detection, prompt response, and effective control measures to protect public health worldwide.",genomic surveillance; monkeypox; zoonotic disease
37890729,Development and validation of a highly specific in-house chemiluminescent-based serological assay for the detection of antibodies directed against the human monkeypox virus.,"Christian Therrien, Jérémie Prévost, Antoine Cloutier Blais, Sonia Turcotte, Gabrielle Gendron-Lepage, Andrés Finzi, Judith Fafard",Journal of virological methods. 2023. doi: 10.1016/j.jviromet.2023.114836..,Therrien,Journal of virological methods,2023,2023/10/27,,,10.1016/j.jviromet.2023.114836,,A29L; Antibodies; ELISA; HIV-1 co-infection; MPXV; Monkeypox; Mpox; Poxvirus; Serology; Vaccination
39509899,"Facilitating self-testing with a fast, accurate, and simplified shelf-stable colorimetric LAMP system for Mpox and SARS-CoV-2 detection.","Nelson Odiwuor, Junhua Li, Ping He, Nuo Wang, Ali Murtaza, Mengwei Jiang, Junping Yu, Hongping Wei",Talanta. 2024. doi: 10.1016/j.talanta.2024.127119..,Odiwuor,Talanta,2025,2024/11/04,,,10.1016/j.talanta.2024.127119,"The rapid and accurate detection of viral infections is essential for effective disease management and prevention. Quantitative polymerase chain reaction (qPCR) remains the gold standard for viral detection due to its high sensitivity and specificity. However, its limitations-including the need for specialized equipment, trained personnel, and longer processing times-make it impractical for at-home or rapid testing. Although numerous point-of-care assays based on isothermal nucleic acid amplification have been developed, they often lack the simplicity and adaptability required for self-testing in non-laboratory settings such as at home. To address this, we developed and validated the SCOLAR (Shelf-stable Colorimetric LAMP system for Rapid self-testing of viruses) system, a simplified, portable, and accurate diagnostic tool designed for self-testing of Mpox and SARS-CoV-2 infections. The SCOLAR system employs novel lyophilized colorimetric loop-mediated isothermal amplification (LAMP) beads, a customized sample lysis buffer, and smartphone-assisted RGB color analysis for interpreting results. Validation was conducted using 24 mock Mpox skin swabs, 32 wastewater samples, and 104 clinical SARS-CoV-2 nasopharyngeal swabs, with comparisons to an in-house qPCR assay. The SCOLAR system demonstrated an analytical sensitivity of below 10 copies/μL for all targets within 15 min. Diagnostic performance for mock Mpox samples exhibited 93.8 % sensitivity and 100 % specificity, while wastewater samples achieved 100 % sensitivity and specificity. SARS-CoV-2 swabs had 96 % sensitivity and 100 % specificity. The system also proved effective for self-testing by untrained individuals. SCOLAR offers a reliable, easy-to-use platform for rapid self-testing, with potential for broader applications in public health strategies to enhance pandemic preparedness and response.",COVID-19; Colorimetric LAMP; Lyobeads; Mpox; SARS-CoV-2; Self-testing; Smartphone-assisted analysis
38216201,Cross-sectional survey of sexual health professionals' experiences and perceptions of the 2022 mpox outbreak in the UK.,"Rosalie Hayes, Francesca Dakin, Melanie Smuk, Sara Paparini, Vanessa Apea, Claire Dewsnap, L Waters, Jane Anderson, Chloe M Orkin",BMJ open. 2024. doi: 10.1136/bmjopen-2023-080250..,Hayes,BMJ open,2024,2024/01/12,,,10.1136/bmjopen-2023-080250,"OBJECTIVE: To understand the experiences and perceptions of sexual health professionals responding to the May 2022 mpox outbreak in the UK. DESIGN: Cross-sectional, anonymous, online survey collecting quantitative and qualitative data. Convenience sample recruited via an international network of sexual health and HIV clinicians responding to mpox and promoted through clinical associations and social media. Survey domains included: clinical workload; preparedness, support, and training; safety at work; vaccination; and well-being. Qualitative descriptive analysis of open-text responses was conducted to support interpretation of the quantitative data. PARTICIPANTS: Participants who were employed as sexual health professionals in the UK and had direct clinical experience of mpox were included in the analysis. The survey was completed between 11 August and 31 October 2022 by 139 respondents, the majority of whom were doctors (72.7%), cis-female (70.5%) and White (78.4%). RESULTS: 70.3% reported that they were required to respond to mpox in addition to their existing clinical responsibilities, with 46.8% working longer hours as a result. In the open-text data, respondents highlighted that workload pressures were exacerbated by a lack of additional funding for mpox, pre-existing pressures on sexual health services, and unrealistic expectations around capacity. 67.6% of respondents reported experiencing negative emotional impact due to their mpox work, with stress (59.0%), fatigue (43.2%) and anxiety (36.0%) being the most common symptoms. 35.8% stated that they were less likely to remain in their profession because of their experiences during the mpox outbreak. In the open-text data, these feelings were ascribed to post-COVID exhaustion, understaffing and frustration among some participants at the handling of the mpox response. CONCLUSIONS: These findings indicate that sexual health services require increased funding and resources, along with evidence-based well-being interventions, to support sexual health professionals' outbreak preparedness and recovery.",Cross-Sectional Studies; Health Workforce; Health policy; Public health; SEXUAL MEDICINE
32338590,"Imported Monkeypox, Singapore.","Sarah Ee Fang Yong, Oon Tek Ng, Zheng Jie Marc Ho, Tze Minn Mak, Kalisvar Marimuthu, Shawn Vasoo, Tsin Wen Yeo, Yi Kai Ng, Lin Cui, Zannatul Ferdous, Po Ying Chia, Bryan Jun Wei Aw, Charmaine Malenab Manauis, Constance Khia Ki Low, Guanhao Chan, Xinyi Peh, Poh Lian Lim, Li Ping Angela Chow, Monica Chan, Vernon Jian Ming Lee, Raymond Tzer Pin Lin, Mok Kwee Derrick Heng, Yee Sin Leo",Emerging infectious diseases. 2020. doi: 10.3201/eid2608.191387..,Yong,Emerging infectious diseases,2020,2020/04/27,,,10.3201/eid2608.191387,"In May 2019, we investigated monkeypox in a traveler from Nigeria to Singapore. The public health response included rapid identification of contacts, use of quarantine, and postexposure smallpox vaccination. No secondary cases were identified. Countries should develop surveillance systems to detect emerging infectious diseases globally.",Monkeypox; Nigeria; Singapore; communicable disease control; disease outbreaks; imported infectious diseases; monkeypox virus; orthopoxvirus; viruses; zoonoses
39421956,"Monkeypox Clade Ib virus introduction into Burundi: first findings, July to mid-August 2024.","Néhémie Nzoyikorera, Cassien Nduwimana, Leonard Schuele, David F Nieuwenhuijse, Marion Koopmans, Saria Otani, Frank M Aarestrup, Théogène Ihorimbere, Denis Niyomwungere, Armstrong Ndihokubwayo, Idrissa Diawara, Alexis Niyomwungere, Dionis Nizigiyimana, Marie Noelle Uwineza, Bas B Oude Munnink, Joseph Nyandwi",Euro surveillance : bulletin Europeen sur les maladies transmissibles = European communicable disease bulletin. 2024. doi: 10.2807/1560-7917.ES.2024.29.42.2400666..,Nzoyikorera,Euro surveillance : bulletin Europeen sur les maladies transmissibles = European communicable disease bulletin,2024,2024/10/01,,,10.2807/1560-7917.ES.2024.29.42.2400666,"We describe cases with monkeypox virus (MPXV) Clade Ib in Burundi from their first detection in July until 20 August 2024. Testing 442 people with vesicular lesions confirmed 170 cases (98 male; 72 female), 82 (48%) being < 15 years old. Differential diagnosis of the first 30 individuals testing MPXV negative revealed chickenpox in 20. Cases occurred in 26 of 49 Burundi health districts, but mostly in Bujumbura Nord (88/170; 67%). Case-derived MPXV genetic sequences from Burundi and South-Kivu (Democratic Republic of the Congo), clustered together in phylogenetic analysis.",Burundi; Clade Ib; Epidemiology; Mpox; WGS
37555522,Atypical Clinical Presentation of a Patient with Monkeypox.,"N Elsheikh, A Salvia Milos",Irish medical journal. 2023.,Elsheikh,Irish medical journal,2023,2023/05/18,,,,,"[MeSH] Humans; [MeSH] Mpox, Monkeypox; [MeSH] Patients"
41248705,First case of Mpox clade Ib transmitted from human-to-human outside the African continent and not linked to travel.,"Jorge-Alfredo Pérez-García, Laura Dans-Vilan, Laura Montero-Morales, Esther Culebras, Santiago Fernández-Castelao, Ángel Miguel-Benito, Teresa Puerta-López, Alberto Delgado-Iribarren García-Campero",International journal of infectious diseases : IJID : official publication of the International Society for Infectious Diseases. 2025. doi: 10.1016/j.ijid.2025.108224..,Pérez-García,International journal of infectious diseases : IJID : official publication of the International Society for Infectious Diseases,2026,2025/11/15,,,10.1016/j.ijid.2025.108224,"On 14 August 2024, World Health Organization declared Mpox a Public Health Emergency of International Concern due to the risk of international spread of clade Ib. We report the first documented case of human-to-human transmission outside the African endemic regions with no history of travel in the case or their contacts. Maintaining surveillance and precautionary measures is essential to prevent a potential spread in cases caused by clade Ib in non-endemic areas. Further data on transmission and virulence are still required.",Clade Ib; First case; Monkeypox; Outbreak; Sexually transmitted infections
36271480,Estimation of the serial interval of monkeypox during the early outbreak in 2022.,"Zihao Guo, Shi Zhao, Shengzhi Sun, Daihai He, Ka Chun Chong, Eng Kiong Yeoh",Journal of medical virology. 2022. doi: 10.1002/jmv.28248..,Guo,Journal of medical virology,2023,2022/11/03,,,10.1002/jmv.28248,"With increased transmissibility and novel transmission mode, monkeypox poses new threats to public health globally in the background of the ongoing COVID-19 pandemic. Estimates of the serial interval, a key epidemiological parameter of infectious disease transmission, could provide insights into the virus transmission risks. As of October 2022, little was known about the serial interval of monkeypox due to the lack of contact tracing data. In this study, public-available contact tracing data of global monkeypox cases were collected and 21 infector-infectee transmission pairs were identified. We proposed a statistical method applied to real-world observations to estimate the serial interval of the monkeypox. We estimated a mean serial interval of 5.6 days with the right truncation and sampling bias adjusted and calculated the reproduction number of 1.33 for the early monkeypox outbreaks at a global scale. Our findings provided a preliminary understanding of the transmission potentials of the current situation of monkeypox outbreaks. We highlighted the need for continuous surveillance of monkeypox for transmission risk assessment.",contact tracing; monkeypox; reproduction number; serial interval; statistical modeling
36096413,Monkeypox infection in pregnancy: a systematic review and metaanalysis.,"Francesco D'Antonio, Giorgio Pagani, Danilo Buca, Asma Khalil",American journal of obstetrics & gynecology MFM. 2022. doi: 10.1016/j.ajogmf.2022.100747..,D'Antonio,American journal of obstetrics & gynecology MFM,2023,2022/09/09,,,10.1016/j.ajogmf.2022.100747,"OBJECTIVE: The World Health Organization has recently declared a monkeypox outbreak as a public health emergency of global concern. The main aim of this systematic review was to ascertain the maternal and perinatal outcomes of pregnancies complicated by monkeypox infection. DATA SOURCES: The Medline, Embase, and Cochrane databases were searched on June 25, 2022 utilizing combinations of the relevant medical subject heading terms, key words, and word variants for ""monkeypox"" and ""pregnancy."" STUDY ELIGIBILITY CRITERIA: The search and selection criteria were restricted to the English language. METHODS: The outcomes observed were miscarriage; intrauterine, neonatal, and perinatal death; preterm birth, vertical transmission, and maternal symptoms. A metaanalysis of proportions was used to analyze the data. RESULTS: Four studies were included. All the cases in the present systematic review presented with symptoms and signs of monkeypox infection. There was no case of maternal death. Miscarriage occurred in 39% of cases (95% confidence interval, 0-89.0), whereas intrauterine fetal death occurred in 23.0% (95% confidence interval, 0-74.0) of cases. The overall incidence of late fetal and perinatal loss was 77.0% (95% confidence interval, 26.0-100), whereas only 23% (95% confidence interval, 0-74.0) of the included fetuses survived to birth. The incidence of preterm birth before 37 weeks of gestation was 8.0% (95% confidence interval, 0-62.0). Vertical transmission occurred in 62.0% (95% confidence interval, 3.0-100) of cases. When stratifying the analysis according to gestational age at infection, fetal loss was found to occur in 67.0% (95% confidence interval, 9.0-99.0) of cases with first-trimester infection and in 82.0% (95% confidence interval, 17.0-100) of those with second-trimester infection. CONCLUSION: Monkeypox infection in pregnancy is associated with a high risk of perinatal loss and vertical transmission. The preliminary results from this systematic review affected by a very small number of included cases highlight the need for thorough maternal and fetal surveillance in pregnancies complicated by monkeypox infection.",monkey pox; outcome; pregnancy
36113759,Validation Study of a Direct Real-Time PCR Protocol for Detection of Monkeypox Virus.,"Zachary L Chelsky, David Dittmann, Timothy Blanke, Michael Chang, Erica Vormittag-Nocito, Lawrence J Jennings",The Journal of molecular diagnostics : JMD. 2022. doi: 10.1016/j.jmoldx.2022.09.001..,Chelsky,The Journal of molecular diagnostics : JMD,2022,2022/09/13,,,10.1016/j.jmoldx.2022.09.001,"Monkeypox has recently been described as a public health emergency of international concern by the World Health Organization and a public health emergency by the United States. If the outbreak continues to grow, rapid scalability of laboratory testing will be imperative. During the early days of the coronavirus disease 2019 (COVID-19) pandemic, laboratories improved the scalability of testing by using a direct-to-PCR approach. To improve the scalability of monkeypox testing, a direct real-time PCR protocol for the detection of monkeypox virus was validated. The assay retains the sensitivity and accuracy of the indirect assay while eliminating the need for nucleic acid extraction kits, reducing laboratory technologist time per sample and decreasing exposure to an infectious agent. The direct method will make it easier for laboratories across the world to rapidly develop, validate, and scale testing for monkeypox virus.","[MeSH] Humans; [MeSH] United States; [MeSH] Monkeypox virus; [MeSH] Mpox, Monkeypox; [MeSH] Real-Time Polymerase Chain Reaction; [MeSH] COVID-19; [MeSH] Pandemics"
36463895,Monkeypox virus infection in women and non-binary people: uncommon or neglected?,"Alfonso J Rodriguez-Morales, Fatma A Amer","Lancet (London, England). 2022. doi: 10.1016/S0140-6736(22)02396-0..",Rodriguez-Morales,"Lancet (London, England)",2022,2022/12/03,,,10.1016/S0140-6736(22)02396-0,,"[MeSH] Female; [MeSH] Humans; [MeSH] Monkeypox virus; [MeSH] Mpox, Monkeypox"
32717786,Comparison of Multiplexed Immunofluorescence Imaging to Chromogenic Immunohistochemistry of Skin Biomarkers in Response to Monkeypox Virus Infection.,"Anup Sood, Yunxia Sui, Elizabeth McDonough, Alberto Santamaría-Pang, Yousef Al-Kofahi, Zhengyu Pang, Peter B Jahrling, Jens H Kuhn, Fiona Ginty",Viruses. 2020. doi: 10.3390/v12080787..,Sood,Viruses,2020,2020/07/23,,,10.3390/v12080787,"Over the last 15 years, advances in immunofluorescence-imaging based cycling methods, antibody conjugation methods, and automated image processing have facilitated the development of a high-resolution, multiplexed tissue immunofluorescence (MxIF) method with single cell-level quantitation termed Cell DIVETM. Originally developed for fixed oncology samples, here it was evaluated in highly fixed (up to 30 days), archived monkeypox virus-induced inflammatory skin lesions from a retrospective study in 11 rhesus monkeys to determine whether MxIF was comparable to manual H-scoring of chromogenic stains. Six protein markers related to immune and cellular response (CD68, CD3, Hsp70, Hsp90, ERK1/2, ERK1/2 pT202_pY204) were manually quantified (H-scores) by a pathologist from chromogenic IHC double stains on serial sections and compared to MxIF automated single cell quantification of the same markers that were multiplexed on a single tissue section. Overall, there was directional consistency between the H-score and the MxIF results for all markers except phosphorylated ERK1/2 (ERK1/2 pT202_pY204), which showed a decrease in the lesion compared to the adjacent non-lesioned skin by MxIF vs an increase via H-score. Improvements to automated segmentation using machine learning and adding additional cell markers for cell viability are future options for improvement. This method could be useful in infectious disease research as it conserves tissue, provides marker colocalization data on thousands of cells, allowing further cell level data mining as well as a reduction in user bias.",IHC; MPXV; MxIF; Orthopoxvirus; Poxviridae; immunohistochemistry; monkeypox; monkeypox virus; multiplexed immunofluorescence; poxvirus
24158414,Human monkeypox.,"Andrea M McCollum, Inger K Damon",Clinical infectious diseases : an official publication of the Infectious Diseases Society of America. 2013. doi: 10.1093/cid/cit703..,McCollum,Clinical infectious diseases : an official publication of the Infectious Diseases Society of America,2014,2013/10/24,,,10.1093/cid/cit703,"Human monkeypox is a zoonotic Orthopoxvirus with a presentation similar to smallpox. Clinical differentiation of the disease from smallpox and varicella is difficult. Laboratory diagnostics are principal components to identification and surveillance of disease, and new tests are needed for a more precise and rapid diagnosis. The majority of human infections occur in Central Africa, where surveillance in rural areas with poor infrastructure is difficult but can be accomplished with evidence-guided tools and educational materials to inform public health workers of important principles. Contemporary epidemiological studies are needed now that populations do not receive routine smallpox vaccination. New therapeutics and vaccines offer hope for the treatment and prevention of monkeypox; however, more research must be done before they are ready to be deployed in an endemic setting. There is a need for more research in the epidemiology, ecology, and biology of the virus in endemic areas to better understand and prevent human infections.",Orthopoxvirus; monkeypox; smallpox
35872578,[Perspectives on recent monkeypox outbreak in non-endemic areas].,"X D Li, W Cao, T S Li",Zhonghua yi xue za zhi. 2022. doi: 10.3760/cma.j.cn112137-20220526-01162..,Li,Zhonghua yi xue za zhi,2022,2022/07/26,,,10.3760/cma.j.cn112137-20220526-01162,"Monkeypox is a rare infectious disease caused by the monkeypox virus, which used to occur endemically in central and western Africa. As of 25th May, a total of 219 recently confirmed cases of monkeypox have been reported from 19 non-endemic countries. This outbreak unusually takes place in non-endemic areas for monkeypox virus and has exhibited features of high risk of human-to-human transmission. Onset of multiple human monkeypox cases may be related to the decreased level of herd cross-immunity after the cessation of smallpox vaccination. Moreover, behavioral patterns in specific populations may account for the human-to-human transmission in this outbreak. Currently, possibility of global epidemic of monkeypox is extremely low, but China should be cautious about risks of importation of monkeypox cases. The key to prevention and control is to establish a surveillance system to identify suspicious cases and close contacts as soon as possible.","[MeSH] China; [MeSH] Disease Outbreaks; [MeSH] Humans; [MeSH] Mpox, Monkeypox; [MeSH] Monkeypox virus; [MeSH] Vaccination"
36166329,Clinical spectrum of human monkeypox: An Italian single-centre case series.,"Italo F Aromolo, Carlo A Maronese, Gianluca Avallone, Andrea Beretta, Francesca L Boggio, Giulia Murgia, Dario A Marletta, Francesca Barei, Carlo G Carrera, Stefano Ramoni, Alessandra Di Benedetto, Angelo V Marzano",Journal of the European Academy of Dermatology and Venereology : JEADV. 2022. doi: 10.1111/jdv.18612..,Aromolo,Journal of the European Academy of Dermatology and Venereology : JEADV,2023,2022/10/05,,,10.1111/jdv.18612,,"[MeSH] Humans; [MeSH] Mpox, Monkeypox; [MeSH] Disease Outbreaks; [MeSH] Phylogeny"
38972544,Mpox Virus and its ocular surface manifestations.,"Nikhil Chakravarty, Darshi Hemani, Ramya Paravastu, Zeeshan Ahmad, Sankara Naynar Palani, Vaithilingaraja Arumugaswami, Ashok Kumar",The ocular surface. 2024. doi: 10.1016/j.jtos.2024.07.001..,Chakravarty,The ocular surface,2024,2024/07/05,,,10.1016/j.jtos.2024.07.001,"The Mpox virus (MPXV) is the causative agent of human Mpox disease - a debilitating rash illness similar to smallpox. Although Clade I MPXV has remained endemic to West and Central Africa, Clade II MPXV has been responsible for many outbreaks worldwide. The most recent outbreak in 2022 resulted from the rapid spread of a new clade of MPXV, classified into Clade IIb - a distinct lineage from the previously circulating viral strains. The rapid spread and increased severity of Mpox disease by the Clade IIb strain have raised the serious public health imperative of better understanding the host and viral determinants during MPXV infection. In addition to typical skin rashes, including in the periorbital area, MPXV causes moderate to severe ophthalmic manifestations - most commonly, ocular surface complications (e.g., keratitis, conjunctivitis, blepharitis). While ocular manifestations of Clade I Mpox within the Congo basin have been well-reported, global incidence trends of ocular Mpox cases by Clade IIb are still emerging. Given the demonstrated ability of all MPXV strains to auto-inoculate ocular tissue, alongside the enhanced transmissibility of the Clade IIb virus, there is an urgent need to elucidate the mechanisms by which MPXV causes ocular anomalies. In this review, we discuss the viral and genomic structures of MPXV, the epidemiology, and pathology of systemic and ocular Mpox, as well as potential prophylactic and therapeutic interventions.",Cidofovir; Monkeypox; Mpox; Ocular; Ophthalmic; Orthopoxvirus; Tecovirimat (TPOXX)
37099022,"Monkeypox Virus Outbreak 2022: Key Epidemiologic, Clinical, Diagnostic, and Prevention Considerations.","Jeffrey Kwong, Katherine C McNabb, Joachim G Voss, Alanna Bergman, Kara McGee, Jason Farley",The Journal of the Association of Nurses in AIDS Care : JANAC. 2022. doi: 10.1097/JNC.0000000000000365..,Kwong,The Journal of the Association of Nurses in AIDS Care : JANAC,2022,2022/10/04,,,10.1097/JNC.0000000000000365,"Monkeypox is a zoonotic infection that manifests as dermatologic lesions that may be painful or pruritic and can appear on the face, trunk, extremities, genitals, and mucosal surfaces. In 2022, cases of monkeypox increased exponentially and it was declared a public health emergency by the World Health Organization and the U.S. Department of Health and Human Services. Unlike previous monkeypox outbreaks, the current situation has disproportionately affected men who have sex with men and seems to be associated with lower mortality. Options for treatment and prevention are limited. The distribution and availability of vaccines and antivirals has posed challenges for patients, clinicians, and public health systems. Early recognition and management of persons with monkeypox is critical in controlling the spread of this infection. This article reviews key features of monkeypox and highlights current recommendations for clinical management, prevention, and considerations for persons with HIV. Implications for public health and nursing are discussed.","[MeSH] Male; [MeSH] Humans; [MeSH] Monkeypox virus; [MeSH] Mpox, Monkeypox; [MeSH] Homosexuality, Male; [MeSH] Sexual and Gender Minorities; [MeSH] HIV Infections; [MeSH] Disease Outbreaks"
36216412,Monkeypox as an emerging infectious disease: the ophthalmic implications.,"Alice L Milligan, Su-Yin Koay, Jake Dunning",The British journal of ophthalmology. 2022. doi: 10.1136/bjo-2022-322268..,Milligan,The British journal of ophthalmology,2022,2022/10/10,,,10.1136/bjo-2022-322268,"The 2022 outbreak of monkeypox is of worldwide significance. There has been a rapid escalation in case numbers despite efforts to contain it and the WHO has declared it a Public Health Emergency of International Concern. To date, over 51 257 laboratory-confirmed cases have been reported, the majority in non-endemic countries, with 3279 in the UK. It is vital for ophthalmologists to understand this disease and the risk it poses. Human monkeypox is a zoonotic disease caused by the monkeypox virus, a double-stranded DNA virus in the Orthopoxvirus genus of the Poxviridae family. Other orthopoxviruses include variola (smallpox), cowpox and vaccinia; all of which have significant ocular sequelae. Transmission occurs from an animal reservoir (unknown, likely rodents) to a human host, leading to secondary human-to-human spread. During the recent outbreak, a higher incidence has been found in gay, bisexual or other men who have sex with men. Clinical diagnosis may be challenging as presentation can mimic common ophthalmic diseases. A thorough history is key to identifying potential cases. Ophthalmic manifestations may include preseptal cellulitis, conjunctivitis and keratitis. The oral antiviral agent tecovirimat, which was developed to treat smallpox, is the mainstay of treatment. Trifluorothymidine (trifluridine) eye-drops can be used for ophthalmic involvement. In addition, smallpox vaccines have provided some cross-immunity. Ocular monkeypox should be managed by infectious diseases specialists, in consultation with ophthalmologists to provide the expertise needed to treat potentially vision-threatening complications. This outbreak highlights the need for healthcare providers to implement appropriate infection control measures and be familiar with the identification and treatment of both cutaneous and ocular disease.",conjunctiva; cornea; epidemiology; infection; microbiology
36220037,[Monkeypox: description of two cases under follow-up in Buenos Aires].,"Isabel Pastor, Mariana A Kundro, Guillermo A Viloria, Marcelo H Losso",Medicina. 2022.,Pastor,Medicina,2022,2022/01/01,,,,"Monkeypox is an endemic disease in several African countries. In May 2022, an outbreak was reported in dozens of non-endemic countries. On July 23, 2022, the WHO Director-General declared this multinational outbreak a public health emergency of international concern. We report two cases of patients under follow-up in Buenos Aires, Argentina, between June and July 2022. Both were men who have sex with men, with the appearance of lesions in the genital area without a prodromal period. In both cases, treatment was carried out in the first instance with suspicion of sexually transmitted infections. We highlight the importance of considering this pathology as a differential diagnosis, taking into account the current epidemiological context.",clinical features; monkeypox; multinational outbreak; orthopoxvirus
32202967,Knowledge of human monkeypox viral infection among general practitioners: a cross-sectional study in Indonesia.,"Harapan Harapan, Abdul M Setiawan, Amanda Yufika, Samsul Anwar, Sri Wahyuni, Febrivan W Asrizal, Muhammad R Sufri, Reza P Putra, Nanda P Wijayanti, Salwiyadi Salwiyadi, Razi Maulana, Afriyani Khusna, Ina Nusrina, Muhammad Shidiq, Devi Fitriani, Muharrir Muharrir, Cut A Husna, Fitria Yusri, Reza Maulana, Mohd Andalas, Abram L Wagner, Mudatsir Mudatsir",Pathogens and global health. 2020. doi: 10.1080/20477724.2020.1743037..,Harapan,Pathogens and global health,2020,2020/03/23,,,10.1080/20477724.2020.1743037,"After the first, imported, laboratory-confirmed case of monkeypox in human was reported in Singapore on May 2019, countries in Asia started to strengthen disease surveillance systems. One challenge in preventing monkeypox is a lack of knowledge, particularly among healthcare workers. The aim of this study was to assess the knowledge of monkeypox among general practitioners (GPs) in Indonesia. A cross-sectional online survey was conducted. The survey collected participants' knowledge on a 21-item scale and explanatory variables. A two-step logistic regression analysis was employed to assess the predictors of knowledge of monkeypox. A total of 432 GPs were included; 10.0% and 36.5% of them had a good knowledge using an 80% and 70% cutoff point for knowledge domain, respectively. No explanatory variables were associated with knowledge when using 80% cutoff point. Using the lower cutoff, there was lower knowledge among GPs who graduated from universities located in Sumatra or other islands versus Java (adjusted odds ratio (aOR): 0.53; 95%CI: 0.28-0.97, p = 0.041) and among those were older than 30 years compared to younger GPs (aOR: 0.61; 95%CI: 0.39-0.96, p = 0.033). GPs working in private clinics had less knowledge compared to GPs in community health centers (aOR: 0.55; 95%CI: 0.31-0.99, p = 0.047). In conclusion, knowledge of monkeypox among GPs in Indonesia is relatively low in all groups. Increasing knowledge of monkeypox will be key to improving the capacity of GPs to respond to human monkeypox cases and to report into a disease surveillance system.",Indonesia; Monkeypox; general practitioner; healthcare provider; knowledge; online survey
36326768,Monkeypox Virus and Ophthalmology-A Primer on the 2022 Monkeypox Outbreak and Monkeypox-Related Ophthalmic Disease.,"Aaron R Kaufman, James Chodosh, Roberto Pineda",JAMA ophthalmology. 2023. doi: 10.1001/jamaophthalmol.2022.4567..,Kaufman,JAMA ophthalmology,2023,2023/01/01,,,10.1001/jamaophthalmol.2022.4567,"IMPORTANCE: An ongoing global monkeypox virus outbreak in 2022 includes the US and other nonendemic countries. Monkeypox ophthalmic manifestations may present to the ophthalmologist, or the ophthalmologist may be involved in comanagement. This narrative review creates a primer for the ophthalmologist of clinically relevant information regarding monkeypox, its ophthalmic manifestations, and the 2022 outbreak. OBSERVATIONS: Monkeypox virus is an Orthopoxvirus (genus includes variola [smallpox] and vaccinia [smallpox vaccine]). The 2022 outbreak is of clade II (historically named West African clade), specifically subclade IIb. In addition to historic transmission patterns (skin lesions, bodily fluids, respiratory droplets), sexual transmission has also been theorized in the current outbreak due to disproportionate occurrence in men who have sex with men. Monkeypox causes a characteristic skin eruption and mucosal lesions and may cause ophthalmic disease. Monkeypox-related ophthalmic disease (MPXROD) includes a spectrum of ocular pathologies including eyelid/periorbital skin lesions, blepharoconjunctivitis, and keratitis). Smallpox vaccination may reduce MPXROD occurrence. MPXROD seems to be rarer in the 2022 outbreaks than in historical outbreaks. MPXROD may result in corneal scarring and blindness. Historical management strategies for MPXROD include lubrication and prevention/management of bacterial superinfection in monkeypox keratitis. Case reports and in vitro data for trifluridine suggest a possible role in MPXROD. Tecovirimat, cidofovoir, brincidofovir and vaccinia immune globulin intravenous may be used for systemic infection. There is a theoretical risk for monkeypox transmission by corneal transplantation, and the Eye Bank Association of America has provided guidance. Smallpox vaccines (JYNNEOS [Bavarian Nordic] and ACAM2000 [Emergent Product Development Gaithersburg Inc]) provide immunity against monkeypox. CONCLUSIONS AND RELEVANCE: The ophthalmologist may play an important role in the diagnosis and management of monkeypox. MPXROD may be associated with severe ocular and visual morbidity. As the current outbreak evolves, up-to-date guidance from public health organizations and professional societies are critical.","[MeSH] Male; [MeSH] Humans; [MeSH] Ophthalmology; [MeSH] Monkeypox virus; [MeSH] Mpox, Monkeypox; [MeSH] Smallpox; [MeSH] Homosexuality, Male; [MeSH] Vaccinia; [MeSH] Sexual and Gender Minorities; [MeSH] Eye Diseases; [MeSH] Disease Outbreaks"
37589804,Design and validation of a laboratory-developed diagnostic assay for monkeypox virus.,"Nikola Sklenovská, Mandy Bloemen, Valentijn Vergote, Anne-Sophie Logist, Bert Vanmechelen, Lies Laenen, Emmanuel André, Jean-Jacques Muyembe-Tamfum, Elke Wollants, Marc Van Ranst, Piet Maes, Tony Wawina-Bokalanga",Virus genes. 2023. doi: 10.1007/s11262-023-02024-9..,Sklenovská,Virus genes,2023,2023/08/17,,,10.1007/s11262-023-02024-9,"Mpox is a viral zoonosis with endemic circulation in animals and humans in some West and Central African countries. The disease was imported a few times in the past to countries outside the African continent through infected animals or travelers, one of which resulted in an unprecedented global outbreak sustained by human-to-human transmission in 2022. Although timely and reliable diagnosis is a cornerstone of any disease control, availability of accurate diagnostic assays and comparative performance studies of diagnostic assays remains limited despite of the long-known identification of monkeypox virus (MPXV) as a human pathogen since 1970. We laboratory-developed a real-time PCR test (LDT) and evaluated its performance against the commercial TaqMan™ Monkeypox Virus Microbe Detection Assay (Applied Biosystems, Cat A50137). The limit of detection of the LDT was established at 1.2 genome copies/ml. The sensitivity and specificity of both assays were 99.14% and 100%, respectively, and both are capable of detecting both clade I and clade II of MPXV. Our results demonstrate the validity and accuracy of the LDT for confirmation of MPXV infection from lesion swabs samples.",Diagnosis; Monkeypox virus; Mpox; Real-time PCR
36101012,"Is monkeypox a new, emerging sexually transmitted disease? A rapid review of the literature.","Nicola Luigi Bragazzi, Jude Dzevela Kong, Jianhong Wu",Journal of medical virology. 2022. doi: 10.1002/jmv.28145..,Bragazzi,Journal of medical virology,2023,2022/09/21,,,10.1002/jmv.28145,"Monkeypox, a milder disease compared to smallpox, is caused by a virus initially discovered and described in 1958 by the prominent Danish virologist von Magnus, who was investigating an infectious outbreak affecting monkey colonies. Currently, officially starting from May 2022, an outbreak of monkeypox is ongoing, with 51 000 cases being notified as of September 1, 2022-51 408 confirmed, 28 suspected, and 12 fatalities, for a grand total of 51 448 cases. More than 100 countries and territories are affected, from all the six World Health Organization regions. There are some striking features, that make this outbreak rather unusual when compared with previous outbreaks, including a shift on average age and the most affected age group, affected sex/gender, risk factors, clinical course, presentation, and the transmission route. Initially predominantly zoonotic, with an animal-to-human transmission, throughout the last decades, human-to-human transmission has become more and more sustained and effective. In particular, clusters of monkeypox have been described among men having sex with men, some of which have been epidemiologically linked to international travel to nonendemic countries and participation in mass gathering events/festivals, like the ""Maspalomas (Gran Canaria) 2022 pride."" This review will specifically focus on the ""emerging"" transmission route of the monkeypox virus, that is to say, the sexual transmission route, which, although not confirmed yet, seems highly likely in the diffusion of the infectious agent.",human male semen; men having sex with men; monkeypox; poxviruses; sexually transmitted disease
40872243,"Vaccinia and Monkeypox Virus-Neutralizing Antibodies in People Living with HIV: A Serological Study in a Orthopoxvirus-Endemic, Low-Income Region in Brazil.","Thyago José Silva, Ana Gabriella Stoffella-Dutra, Victor Lacerda Gripp, Pollyana R C Gorgens, Iago José da Silva Domingos, Pedro Henrique Bastos E Silva, Bruna Caroline Chaves-Garcia, Erna Geessien Kroon, Etel Rocha-Vieira, Giliane de Souza Trindade, Danilo Bretas de Oliveira","Pathogens (Basel, Switzerland). 2025. doi: 10.3390/pathogens14080733..",Silva,"Pathogens (Basel, Switzerland)",2025,2025/07/25,,,10.3390/pathogens14080733,"Co-infections of Orthopoxviruses (OPVs), such as vaccinia virus (VACV) and monkeypox virus (MPXV), and the human immunodeficiency virus (HIV) can be associated with severe outcomes. Serro's dairy region, located in Minas Gerais, southeastern Brazil, is an endemic area for VACV, where zoonotic outbreaks affect rural communities. This epidemiological context is especially relevant for at-risk populations, such as people living with HIV (PLHIV). This study aimed to assess the presence of neutralizing antibodies (NAbs) against OPV in PLHIV in this endemic setting. Serum samples were collected from 177 PLHIV in treatment at the specialized service between December 2021 and August 2022. VACV and MPXV NAbs were measured using the plaque reduction neutralization test (PRNT) and VACV-infected cells. The overall occurrence of OPV NAbs was 27.7%. NAbs were higher in individuals born before 1980 (53.3%) than those born after 1980 (1.1%). Among anti-VACV-seropositive individuals, 40.8% also had MPXV NAbs, suggesting cross-immunity. These findings indicate the circulation of VACV in PLHIV and highlight the increased susceptibility to OPV infections among individuals born after the cessation of smallpox vaccination. The results reinforce the importance of continued surveillance of OPV, especially in endemic regions and vulnerable populations.",cross protection; human immunodeficiency virus; orthopoxvirus; vaccination
34387184,"Family cluster of three cases of monkeypox imported from Nigeria to the United Kingdom, May 2021.","Gemma Hobson, James Adamson, Hugh Adler, Richard Firth, Susan Gould, Catherine Houlihan, Christopher Johnson, David Porter, Tommy Rampling, Libuse Ratcliffe, Katherine Russell, Ananda Giri Shankar, Tom Wingfield",Euro surveillance : bulletin Europeen sur les maladies transmissibles = European communicable disease bulletin. 2021. doi: 10.2807/1560-7917.ES.2021.26.32.2100745..,Hobson,Euro surveillance : bulletin Europeen sur les maladies transmissibles = European communicable disease bulletin,2021,2021/08/01,,,10.2807/1560-7917.ES.2021.26.32.2100745,"Most reported cases of human monkeypox occur in Central and West Africa, where the causing virus is endemic. We describe the identification and public health response to an imported case of West African monkeypox from Nigeria to the United Kingdom (UK) in May 2021. Secondary transmission from the index case occurred within the family to another adult and a toddler. Concurrent COVID-19-related control measures upon arrival and at the hospital, facilitated detection and limited the number of potential contacts.",England; Monkeypox; Nigeria; Orthopox; Wales; health protection
36177717,Tecovirimat therapy for severe monkeypox infection: Longitudinal assessment of viral titers and clinical response pattern-A first case-series experience.,"Lennart Hermanussen, Ilka Grewe, Hui Ting Tang, Dominik Nörz, Lukas C Bal, Susanne Pfefferle, Stefan Unger, Christian Hoffmann, Dirk Berzow, Matin Kohsar, Martin Aepfelbacher, Ansgar W Lohse, Marylyn M Addo, Marc Lütgehetmann, Julian Schulze Zur Wiesch, Stefan Schmiedel",Journal of medical virology. 2022. doi: 10.1002/jmv.28181..,Hermanussen,Journal of medical virology,2023,2022/10/20,,,10.1002/jmv.28181,,"[MeSH] Humans; [MeSH] Mpox, Monkeypox"
38604840,AIDS complicated by monkeypox infection: A case report.,"Zuo-Cheng Ren, Jun Luo, Ya-Li Zhu",Asian journal of surgery. 2024. doi: 10.1016/j.asjsur.2024.03.173..,Ren,Asian journal of surgery,2024,2024/04/10,,,10.1016/j.asjsur.2024.03.173,,"[MeSH] Humans; [MeSH] Male; [MeSH] Acquired Immunodeficiency Syndrome; [MeSH] Mpox, Monkeypox; [MeSH] Adult"
38226405,Update on monkeypox virus infection: Focusing current treatment and prevention approaches.,"Rishika Dhapola, Sneha Kumari, Prajjwal Sharma, Pramod KumarKushawaha, Dibbanti HariKrishnaReddy",Fundamental & clinical pharmacology. 2024. doi: 10.1111/fcp.12980..,Dhapola,Fundamental & clinical pharmacology,2024,2024/01/16,,,10.1111/fcp.12980,"BACKGROUND: While the world is still facing the global pandemic COVID-19, another zoonosis monkeypox (Mpox) has emerged posing a great threat to society. Insight into the pathogenesis, symptoms, and management strategies will aid in the development of potent therapeutics for the treatment of monkeypox virus infection. OBJECTIVES: To get insight into the current treatment and prevention strategies will aid in effectively coping with the disease. METHODS: For obtaining information regarding the ongoing treatment and prevention strategies and the drugs under pipeline, we referred to Google Scholar, Pub Med, Pub Chem, and WHO official site. RESULTS: There are a few drugs that came out to be effective for the treatment of Mpox. Tecovirimat acts by inhibiting viral replication and viral wrapping. Another drug is cidofovir, which hinders the activity of viral DNA polymerase but has the drawback of nephrotoxicity. To overcome this, a conjugate of cidofovir is being used-known as brincidofovir-which has a similar mechanism as cidofovir but lesser toxicity. Ribavirin acts via inhibiting inosine monophosphate dehydrogenase (IMPDPH) thus disrupting viral translation. It also interferes with helicase activity. Tiazofurin, Adenosine N1 oxide, and HPMPA have shown efficacy in in-vitro studies by inhibiting IMPDH, DNA polymerase, and viral mRNA translation respectively. In-silico studies have proven the effect of nilotinib, simeprevir, and dihydroergotamine for Mpox treatment. They have shown binding affinity for proteins required for the growth and release of MPXV. Vaccines have also been employed for the prevention of Mpox, which includes JYNNEOS, ACAM2000, and VIGIV. CONCLUSION: This review highlights the pathogenesis of the virus, disease manifestations, drugs, and vaccines that are being used and those under pipeline for the treatment and prevention of Mpox.",drugs; in‐silico; monkeypox; pathogenesis; preclinical; vaccines
38556220,"Dynamics of viral DNA shedding and culture viral DNA positivity in different clinical samples collected during the 2022 mpox outbreak in Lombardy, Italy.","Antonio Piralla, Davide Mileto, Alberto Rizzo, Guglielmo Ferrari, Federica Giardina, Stefano Gaiarsa, Greta Petazzoni, Micol Bianchi, Federica Salari, Fiorenza Bracchitta, Josè Camilla Sammartino, Alessandro Ferrari, Gloria Gagliardi, Alessandro Mancon, Claudio Fenizia, Mara Biasin, Francesca Rovida, Stefania Paolucci, Elena Percivalle, Alessandra Lombardi, Valeria Micheli, Silvia Nozza, Antonella Castagna, Davide Moschese, Spinello Antinori, Andrea Gori, Paolo Bonfanti, Roberto Rossotti, Antonella D'Arminio Monforte, Federica Attanasi, Marcello Tirani, Danilo Cereda, Fausto Baldanti, Maria Rita Gismondo",Travel medicine and infectious disease. 2024. doi: 10.1016/j.tmaid.2024.102698..,Piralla,Travel medicine and infectious disease,2024,2024/03/29,,,10.1016/j.tmaid.2024.102698,"BACKGROUND: Mpox virus (MPXV) has recently spread outside of sub-Saharan Africa. This large multicentre study was conducted in Lombardy, the most densely populated Italian region accounting for more than 40% of Italian cases. The present study aims to: i) evaluate the presence and the shedding duration of MPXV DNA in different body compartments correlating the MPXV viability with the time to onset of symptoms; ii) provide evidence of MPXV persistence in different body compartment as a source of infection and iii) characterize the MPXV evolution by whole genome sequencing (WGS) during the outbreak occurred in Italy. MATERIAL AND METHODS: The study included 353 patients with a laboratory-confirmed diagnosis of MPXV infection screened in several clinical specimens in the period May 24th - September 1st, 2022. Viral isolation was attempted from different biological matrices and complete genome sequencing was performed for 61 MPXV strains. RESULTS: MPXV DNA detection was more frequent in the skin (94.4%) with the longest median time of viral clearance (16 days). The actively-replicating virus in cell culture was obtained for 123/377 (32.6%) samples with a significant higher viral quantity on isolation positive samples (20 vs 31, p < 0.001). The phylogenetic analysis highlighted the high genetic identity of the MPXV strains collected, both globally and within the Lombardy region. CONCLUSION: Skin lesion is gold standard material and the high viral load and the actively-replicating virus observed in genital sites confirms that sexual contact plays a key role in the viral transmission.",Molecular epidemiology; Mpox virus; Multiple samples; Next generation sequencing; Re-Emerging virus
36752042,"Absence of detectable monkeypox virus DNA in 11,000 English blood donations during the 2022 outbreak.","Chanice Knight, Julien Andreani, Neil Garrett, Mark Winter, Tanya Golubchik, Judy Breuer, Claire Reynolds, Susan R Brailsford, Heli Harvala, Peter Simmonds",Transfusion. 2023. doi: 10.1111/trf.17266..,Knight,Transfusion,2023,2023/02/08,,,10.1111/trf.17266,"BACKGROUND: A large, worldwide outbreak of mpox (formerly referred to as monkeypox) involving mainly men who have sex with men commenced in May 2022. We evaluated the frequency of positivity for the causative agent, monkeypox virus (MPXV), in blood donations collected in August 2022, during the outbreak period in Southern England. METHODS/MATERIALS: The sensitivity and specificity of an MPXV-specific PCR and a generic non-variola orthopoxvirus (NVO) PCR were evaluated using samples from mpox cases and synthetic DNA standards. Residual minipools from nucleic acid testing were obtained from 10,896 blood donors in Southern England, with 21% from London. RESULTS: MPXV and NVO PCRs were both capable of detection of single copies of target sequence with calculated limits of detection (LOD)90 s of 2.3 and 2.1 DNA copies and analytical sample sensitivities of 46 and 42 MPXV DNA copies/ml, respectively. 454 minipools produced from 10,896 unique donors were assayed for MPXV DNA by both methods. No positive minipools were detected by either PCR. CONCLUSIONS: Although blood donors are unrepresentative of the UK population in terms of MPXV infection risk, the uniformly negative MPXV DNA testing results provide reassurance that MPXV viraemia and potential transmission risk were rare or absent in donors during the outbreak period. Minipools from blood donors allow rapid implementation of large-scale population-based screening for emerging pathogens and represent an important resource for pandemic preparedness.","[MeSH] Male; [MeSH] Humans; [MeSH] Female; [MeSH] Monkeypox virus; [MeSH] Mpox, Monkeypox; [MeSH] Blood Donation; [MeSH] Homosexuality, Male; [MeSH] Sexual and Gender Minorities; [MeSH] Disease Outbreaks"
40008874,Detection of mpox and other orthopoxviruses using a lateral flow device as a point-of-care diagnostic.,"Stephen M Laidlaw, David Ulaeto, Steve Lonsdale, Graeme Clark, Rebecca Sumner, Thomas Edwards, Emily Adams, Anne-Sophie Logist, Bram Van Holm, Carlos Maluquer de Motes, Peter Horby, Piet Maes, Miles W Carroll",Microbiology spectrum. 2025. doi: 10.1128/spectrum.02456-24..,Laidlaw,Microbiology spectrum,2025,2025/02/26,,,10.1128/spectrum.02456-24,"In 2022, the World Health Organization declared the worldwide outbreak of mpox to be a public health emergency of international concern. The causative monkeypox virus (MPXV) belonged to clade IIb and is transmitted through sexual contact with a low case fatality rate (0.1%), which, together with under-detection, all contributed to a rapid global spread particularly within the MSM (men who have sex with men) community. As MPXV clade II remains circulating worldwide, a new outbreak of the more fatal clade I disease has been declared in Central and East Africa, and remains uncontrolled in part due to the lack of point-of-care (POC) diagnostics for rapid decisions on treatment and self-isolation. To address the lack of POC solutions for mpox, we have designed and evaluated an orthopoxvirus-specific lateral flow device (LFD) that could be used for the diagnosis of mpox. Using an LFD comprising four monoclonal antibodies against the A27 protein, we demonstrate sensitivity to 3 × 105 pfu/mL. This sensitivity is expected to be sufficient for the detection of MPXV from lesion sites and may also be sufficient for other sample types such as saliva and urine. We found that the presence of guanidinium thiocyanate, a common ingredient in inactivating viral transport media, masked the LFD antigen, resulting in false negatives. POC diagnosis of mpox may be possible using an LFD to reduce delays arising from sample shipment to centralized laboratory testing facilities. In order to achieve this, our work demonstrates that an LFD-optimized buffer is required, as the sample collection buffer may have a detrimental impact on sensitivity for clinical material.IMPORTANCEMpox cases have dramatically increased both in traditionally monkeypox virus endemic countries and also worldwide. This increase comes at a time when immunity derived from smallpox vaccination is no longer available. Diagnosis of mpox is complicated due to both disease presentation and the availability of local diagnostic laboratories. The availability of a point-of-care diagnostic tool such as an lateral flow device (LFD) would play an important role to both diagnose and prevent onward transmission. This manuscript provides developers and assessors with key data for defining true sensitivity and specificity of a successful LFD in addition to buffer conditions for sample collection.",LFD; diagnostics; mpox
35688169,Global human monkeypox outbreak: atypical presentation demanding urgent public health action.,"Akaninyene Otu, Bassey Ebenso, John Walley, Josep Mercader Barceló, Chinwe Lucia Ochu",The Lancet. Microbe. 2022. doi: 10.1016/S2666-5247(22)00153-7..,Otu,The Lancet. Microbe,2022,2022/06/07,,,10.1016/S2666-5247(22)00153-7,,"[MeSH] Disease Outbreaks; [MeSH] Global Health; [MeSH] Humans; [MeSH] Mpox, Monkeypox; [MeSH] Monkeypox virus; [MeSH] Public Health"
40920722,"Post COVID attitude, intent, awareness and preparedness of public to combat monkeypox infection in Odisha state, India.","Abdullah S Alanazi, Dibya S Panda, Ranjan K Giri, Iswori P Padhy, Ameeduzzafar Zafar, Pratap K Sahu, Shaliputra P Magar",Journal of infection in developing countries. 2025. doi: 10.3855/jidc.21212..,Alanazi,Journal of infection in developing countries,2025,2025/08/31,,,10.3855/jidc.21212,"INTRODUCTION: The coronavirus disease 2019 (COVID-19) pandemic highlighted the importance of public knowledge, vaccination, government preparedness, and a strong healthcare system in managing infectious diseases. Recently, monkeypox (mpox) cases have emerged globally. This study aimed to assess: (i) the public knowledge related to COVID-19 and its translation into preventive behavior, and (ii) the preparedness of the government and healthcare providers in addressing mpox. METHODOLOGY: An online survey was conducted among the adults in Odisha, India. Data were analyzed using SPSS version 26. RESULTS: Most participants recognized mpox as a viral infection transmitted between animals and humans. Awareness of its cause and symptoms was generally good. However, knowledge about vaccine availability and treatment was limited. The COVID-19 experience positively influenced attitudes toward vaccination, trust in the World Health Organization (WHO) guidance, preventive behavior, and digital health adoption. Despite this, participants felt that the government's response to mpox lacked sufficient preparedness. CONCLUSIONS: These findings highlight gaps in awareness and government readiness. They emphasize the need for stronger preventive strategies to avoid future epidemics or pandemics.",digital health; intention; knowledge; preparedness; prevention; vaccine acceptance
36179973,Monkeypox virus: An emerging epidemic.,"Alaa Aa Aljabali, Mohammad A Obeid, Mohammad B Nusair, Ali Hmedat, Murtaza M Tambuwala",Microbial pathogenesis. 2022. doi: 10.1016/j.micpath.2022.105794..,Aljabali,Microbial pathogenesis,2022,2022/09/28,,,10.1016/j.micpath.2022.105794,"INTRODUCTION: A monkeypox outbreak is spreading in territories where the virus is not generally prevalent. The rapid and sudden emergence of monkeypox in numerous nations at the same time means that unreported transmission may have persisted. The number of reported cases is on a constant increase worldwide. At least 20 non-African countries, like Canada, Portugal, Spain, and the United Kingdom, have reported more than 57662 as of September 9th suspected or confirmed cases. This is the largest epidemic seen outside of Africa. Scientists are struggling to determine the responsible genes for the higher virulence and transmissibility of the virus. Because the viruses are related, several countries have begun acquiring smallpox vaccinations, which are believed to be very effective against monkeypox. METHODS: Bibliographic databases and web-search engines were used to retrieve studies that assessed monkeypox basic biology, life cycle, and transmission. Data were evaluated and used to explain the therapeutics that are under use or have potential. Finally, here is a comparison between how vaccines are being made now and how they were made in the past to stop the spread of new viruses. CONCLUSIONS: Available vaccines are believed to be effective if administered within four days of viral exposure, as the virus has a long incubation period. As the virus is zoonotic, there is still a great deal of concern about the viral genetic shift and the risk of spreading to humans. This review will discuss the virus's biology and how dangerous it is. It will also look at how it spreads, what vaccines and treatments are available, and what technologies could be used to make vaccines quickly using mRNA technologies.",Epidemic; Infectious pathogens; Monkeypox; Outbreak; Outbreak investigation; Transmission
37218612,Monkeypox: a review of epidemiological modelling studies and how modelling has led to mechanistic insight.,"Marina Banuet-Martinez, Yang Yang, Behnaz Jafari, Avneet Kaur, Zahid A Butt, Helen H Chen, Svetlana Yanushkevich, Iain R Moyles, Jane M Heffernan, Chapin S Korosec",Epidemiology and infection. 2023. doi: 10.1017/S0950268823000791..,Banuet-Martinez,Epidemiology and infection,2023,2023/05/23,,,10.1017/S0950268823000791,"Human monkeypox (mpox) virus is a viral zoonosis that belongs to the Orthopoxvirus genus of the Poxviridae family, which presents with similar symptoms as those seen in human smallpox patients. Mpox is an increasing concern globally, with over 80,000 cases in non-endemic countries as of December 2022. In this review, we provide a brief history and ecology of mpox, its basic virology, and the key differences in mpox viral fitness traits before and after 2022. We summarize and critique current knowledge from epidemiological mathematical models, within-host models, and between-host transmission models using the One Health approach, where we distinguish between models that focus on immunity from vaccination, geography, climatic variables, as well as animal models. We report various epidemiological parameters, such as the reproduction number, R0, in a condensed format to facilitate comparison between studies. We focus on how mathematical modelling studies have led to novel mechanistic insight into mpox transmission and pathogenesis. As mpox is predicted to lead to further infection peaks in many historically non-endemic countries, mathematical modelling studies of mpox can provide rapid actionable insights into viral dynamics to guide public health measures and mitigation strategies.",MPXV; One Health; climatic variables; mathematical modelling; monkeypox; mpox; mpox vaccination; reproduction number
38012656,"Clinical, molecular, and histological characteristics of severely necrotic and fatal mpox in HIV-infected patients.","Sandra Rajme-López, Ever A Corral-Herrera, Andrea C Tello-Mercado, Karen M Tepo-Ponce, Raúl E Pérez-Meléndez, Ángela Rosales-Sotomayor, Grecia Figueroa-Ramos, Karla López-López, Judith G Domínguez-Cherit, Oswaldo San-Martín-Morante, Marcela Saeb-Lima, Armando Gamboa-Domínguez, Alfredo Ponce-de-León, Brenda Crabtree-Ramírez, Pilar Ramos-Cervantes, Guillermo M Ruíz-Palacios",AIDS research and therapy. 2023. doi: 10.1186/s12981-023-00580-6..,Rajme-López,AIDS research and therapy,2023,2023/11/27,,,10.1186/s12981-023-00580-6,"BACKGROUND: This case series of 5 patients with severely necrotic mpox highlights the predominantly necrotic nature of lesions seen in cases of severe mpox as shown by skin and lung biopsy, as well as the extensive dissemination of the infection, as shown by polymerase chain reaction (PCR) assessment in different body sites. CASE PRESENTATIONS: Patients were male, the median age was 37, all lived with HIV (2 previously undiagnosed), the median CD4+ cell count was 106 cells/mm3, and 2/5 were not receiving antiretroviral treatment. The most common complication was soft tissue infection. Skin and lung biopsies showed extensive areas of necrosis. Mpox PCR was positive in various sites, including skin, urine, serum, and cerebrospinal fluid. The initiation of antiretroviral treatment, worsened the disease, like that seen in immune reconstitution syndrome. Three patients died due to multiple organ failure, presumably associated with mpox since coinfections and opportunistic pathogens were ruled out. CONCLUSIONS: Severely necrotic manifestations of mpox in people living with advanced and untreated HIV are related to adverse outcomes.",HIV; Histopathology; Mpox; Severe Disease
36645815,Response to 'Clinical spectrum of human monkeypox: An Italian single-centre case series'. The experience of an STD Centre in Florence.,"Luigi Pisano, Martina Turco, Nicola Pimpinelli",Journal of the European Academy of Dermatology and Venereology : JEADV. 2023. doi: 10.1111/jdv.18862..,Pisano,Journal of the European Academy of Dermatology and Venereology : JEADV,2023,2023/01/25,,,10.1111/jdv.18862,,"[MeSH] Humans; [MeSH] Mpox, Monkeypox; [MeSH] Disease Outbreaks; [MeSH] Sexually Transmitted Diseases; [MeSH] Italy"
36504122,Wide mismatches in the sequences of primers and probes for monkeypox virus diagnostic assays.,"Fuqing Wu, Jeremiah Oghuan, Anna Gitter, Kristina D Mena, Eric L Brown",Journal of medical virology. 2023. doi: 10.1002/jmv.28395..,Wu,Journal of medical virology,2023,2023/01/01,,,10.1002/jmv.28395,"Rapid and accurate diagnosis of infections is fundamental to containment of disease. Several monkeypox virus (MPV) real-time diagnostic assays have been recommended by the CDC; however, the specificity of the primers and probes in these assays for the ongoing MPV outbreak has not been investigated. We analyzed the primer and probe sequences present in the CDC recommended MPV generic real-time PCR assay by aligning those sequences against 1730 MPV complete genomes reported in 2022 worldwide. Sequence mismatches were found in 99.08% and 97.46% of genomes for the MPV generic forward and reverse primers, respectively. Mismatch-corrected primers were synthetized and compared to the generic assay for MPV detection. Results showed that the two primer-template mismatches resulted in a ~11-fold underestimation of initial template DNA in the reaction and 4-fold increase in the 95% LOD. We further evaluated the specificity of seven other real-time PCR assays used for MPV and orthopoxvirus (OPV) detection and identified two assays with the highest matching score (>99.6%) to the global MPV genome database in 2022. Genetic variations in the primer-probe regions across MPV genomes could indicate the temporal and spatial emergence pattern of monkeypox disease. Our results show that the current MPV real-time generic assay may not be optimal to accurately detect MPV, and the mismatch-corrected assay with full complementarity between primers and current MPV genomes could provide a more sensitive and accurate detection of MPV.",genome alignment; limit of detection; monkeypox virus; orthopoxvirus; sequence mismatch
30981594,"Human Monkeypox: Epidemiologic and Clinical Characteristics, Diagnosis, and Prevention.","Eskild Petersen, Anu Kantele, Marion Koopmans, Danny Asogun, Adesola Yinka-Ogunleye, Chikwe Ihekweazu, Alimuddin Zumla",Infectious disease clinics of North America. 2019. doi: 10.1016/j.idc.2019.03.001..,Petersen,Infectious disease clinics of North America,2019,2019/04/11,,,10.1016/j.idc.2019.03.001,"Recently, concern has been raised about the emergence of human monkeypox virus and the occasionally severe clinical presentation bearing resemblance to that of smallpox. In 2018 3 patients in the UK were diagnosed with monkeypox, and the frequency and geographic distribution of cases across West and Central Africa have increased in recent years. In Nigeria, most monkeypox patients are aged <40 years and lack cross-protective immunity because they were born after discontinuation of the smallpox eradication campaign. This article reviews the epidemiology, clinical features, and management of monkeypox and discusses its growing public health threat in this context.",Epidemic; Monkeypox; Smallpox; West Africa
36473345,Performance evaluation of the Viasure PCR assay for the diagnosis of monkeypox: A multicentre study.,"Ngee Keong Tan, Cindy P Madona, Joshua F Taylor, Lynda Hadjilah Fourali, Jasveen K Sehmi, Madeline J Stone, Marcus J Pond, Penelope R Cliff, Cassie F Pope",Journal of clinical virology : the official publication of the Pan American Society for Clinical Virology. 2022. doi: 10.1016/j.jcv.2022.105350..,Tan,Journal of clinical virology : the official publication of the Pan American Society for Clinical Virology,2023,2022/12/01,,,10.1016/j.jcv.2022.105350,"BACKGROUND: Monkeypox virus (MPXV) is the causative agent of the 2022 monkeypox global outbreak. Rapid detection of MPXV infection is essential to inform patient management and public health response. Currently, there is a lack of established real-time PCR assays to support a rapid diagnosis of monkeypox. OBJECTIVES: To evaluate the performance characteristics of the Viasure MPXV PCR assay in three London teaching hospitals. STUDY DESIGN: Prospectively collected paired patient swabs from matched or unmatched anatomical sites were evaluated by the reference laboratory and Viasure MPXV PCR assays. A subset of samples were also tested for HSV, VZV, and/or Treponema pallidum DNA. RESULTS: 217 paired samples were evaluated. 91.2% of the paired swabs generated concordant results whilst 8.8% generated discordant results. The accuracy, diagnostic sensitivity, diagnostic specificity, positive predictive value, negative predictive value, likelihood ratio positive, and likelihood ratio negative of the Viasure PCR assay across the hospitals were 93.2 - 96.3%, 90.0 - 100%, 88.2 - 100%, 94.9 - 100%, 87.9 - 100%, 8.50 - 14.41, and 0.00 - 0.10 respectively. MPXV co-infections with HSV were detected in two patients. Five patients were negative for monkeypox but positive for herpes or chickenpox. CONCLUSIONS: The Viasure MPXV PCR assay demonstrated excellent performance characteristics, was easy to use, and is fit for routine diagnostic purpose. Where implemented, the assay would allow rapid and accurate laboratory diagnosis of MPXV infections and support a timely management of monkeypox. To reduce the risk of false negative detections, vesicular lesions from any anatomical site should be preferentially and optimally sampled.",Diagnosis; Likelihood ratio; Monkeypox; Predictive value; Sensitivity; Specificity
31126795,Recombinase polymerase amplification assay for rapid detection of Monkeypox virus.,"Saskia Dede Davi, Jonas Kissenkötter, Martin Faye, Susanne Böhlken-Fascher, Christiane Stahl-Hennig, Oumar Faye, Ousmane Faye, Amadou A Sall, Manfred Weidmann, Olusegun George Ademowo, Frank T Hufert, Claus-Peter Czerny, Ahmed Abd El Wahed",Diagnostic microbiology and infectious disease. 2019. doi: 10.1016/j.diagmicrobio.2019.03.015..,Davi,Diagnostic microbiology and infectious disease,2019,2019/04/11,,,10.1016/j.diagmicrobio.2019.03.015,"In this study, a rapid method for the detection of Central and West Africa clades of Monkeypox virus (MPXV) using recombinase polymerase amplification (RPA) assay targeting the G2R gene was developed. MPXV, an Orthopoxvirus, is a zoonotic dsDNA virus, which is listed as a biothreat agent. RPA was operated at a single constant temperature of 42°C and produced results within 3 to 10 minutes. The MPXV-RPA-assay was highly sensitive with a limit of detection of 16 DNA molecules/μl. The clinical performance of the MPXV-RPA-assay was tested using 47 sera and whole blood samples from humans collected during the recent MPXV outbreak in Nigeria as well as 48 plasma samples from monkeys some of which were experimentally infected with MPXV. The specificity of the MPXV-RPA-assay was 100% (50/50), while the sensitivity was 95% (43/45). This new MPXV-RPA-assay is fast and can be easily utilised at low resource settings using a solar powered mobile suitcase laboratory.",Monkeypox Virus; Recombinase polymerase amplification assay; mobile suitcase; point of need; rapid detection system
38654686,"Mpox outbreak in Rio de Janeiro, Brazil: A translational approach.","Guilherme S Lira, Victor A Ota, Mariana Q S Melo, Anna C P Castiñeiras, Isabela C Leitão, Bianca O Silva, Diana Mariani, Cássia C A Gonçalves, Liane J Ribeiro, Marcia Halpern, Thalita F Abreu, Fabiana A Carneiro, Helena T Scheid, Leonardo A V Souza, Débora G M Rodrigues, Nádia V G Cruz, Andrea Cony, Silvia Carvalho, Loyze P O de Lima, Vincent L Viala, Lucio A Caldas, Wanderley de Souza, Luiza M Higa, Carolina M Voloch, Orlando C Ferreira, Clarissa R Damaso, Rafael M Galliez, Débora S Faffe, Amilcar Tanuri, Terezinha M P P Castiñeiras",Journal of medical virology. 2024. doi: 10.1002/jmv.29621..,Lira,Journal of medical virology,2024,2024/05/01,,,10.1002/jmv.29621,"Mpox is a zoonotic disease historically reported in Africa. Since 2003, limited outbreaks have occurred outside Africa. In 2022, the global spread of cases with sustained interhuman transmission and unusual disease features raised public health concerns. We explore the mpox outbreak in Rio de Janeiro (RJ) state, Brazil, in an observational study of mpox-suspected cases from June to December 2022. Data collection relied on a public healthcare notification form. Diagnosis was determined by MPXV-PCR. In 46 confirmed cases, anti-OPXV IgG was determined by ELISA, and seven MPXV genomes were sequenced. A total of 3095 cases were included, 816 (26.3%) with positive MPXV-PCR results. Most positive cases were men in their 30 s and MSM. A total of 285 (34.9%) MPXV-PCR+ patients live with HIV. Eight were coinfected with varicella-zoster virus. Anogenital lesions and adenomegaly were associated with the diagnosis of mpox. Females and individuals under 18 represented 9.4% and 5.4% of all confirmed cases, respectively, showing higher PCR cycle threshold (Ct) values and fewer anogenital lesions compared to adult men. Anti-OPXV IgG was detected in 29/46 (63.0%) patients. All analyzed sequences belonged to clade IIb. In RJ state, mpox presented a diverse clinical picture, represented mainly by mild cases with low complication rates and prominent genital involvement. The incidence in females and children was higher than usually reported. The observation of a bimodal distribution of Ct values, with few positive results, may suggest the need to review the diagnostic criteria in these groups.",Mpox outbreak; children; females; monkeypox virus; sexual transmitted infection; zoonotic disease
40517247,Monkeypox virus and type 1 diabetes: a molecular insight into inflammatory signaling and β-cell autoimmunity.,"Yahya A Almutawif, Haydar M Al-Kuraishy, Ali I Al-Gareeb, Ali K Albuhadily, Hamza M A Eid, Athanasios Alexiou, Marios Papadakis, Mohammed E Abo-El Fetoh, Gaber El-Saber Batiha",Virology journal. 2025. doi: 10.1186/s12985-025-02822-7..,Almutawif,Virology journal,2025,2025/06/14,,,10.1186/s12985-025-02822-7,"The current worldwide pandemic of monkeypox (MPXV) elicited apprehensions over its possible long-term health ramifications. Recent data indicate a potential association between MPXV infection and the onset of autoimmune disorders, such as type 1 diabetes (T1D). This article analyzes the possible methods for MPXV infection to induce autoimmune responses and damage pancreatic β-cells. We examine from published articles the possible MPXV-induced immune dysregulation and inflammation in the development of T1D. Utilizing insights from other diabetogenic viruses, such as enterovirus and SARS-CoV-2. Currently, the association between MPXV and the development of T1D is scarce. Therefore, additional studies are essential for establishing a conclusive causal link between MPXV and T1D.",Autoimmunity; COVID-19; Cytokines; Diabetogenic viruses; Immune dysregulation; Inflammation; Monkeypox; Pancreatic β-cells; Type 1 diabetes; Viral infections
37515218,Clinical Strategies and Therapeutics for Human Monkeypox Virus: A Revised Perspective on Recent Outbreaks.,"Nilanjan Ghosh, Leena Chacko, Jayalakshmi Vallamkondu, Tanmoy Banerjee, Chandrima Sarkar, Birbal Singh, Rajkumar Singh Kalra, Jasvinder Singh Bhatti, Ramesh Kandimalla, Saikat Dewanjee",Viruses. 2023. doi: 10.3390/v15071533..,Ghosh,Viruses,2023,2023/07/12,,,10.3390/v15071533,"An enveloped double-stranded DNA monkeypox virus (MPXV) is a causative agent of the zoonotic viral disease, human monkeypox (HMPX). MPXV belongs to the genus Orthopoxviridae, a family of notorious smallpox viruses, and so it shares similar clinical pathophysiological features. The recent multicountry HMPX outbreak (May 2022 onwards) is recognized as an emerging global public health emergency by the World Health Organization, shunting its endemic status as opined over the past few decades. Re-emergence of HMPX raises concern to reassess the present clinical strategy and therapeutics as its outbreak evolves further. Keeping a check on these developments, here we provide insights into the HMPX epidemiology, pathophysiology, and clinical representation. Weighing on its early prevention, we reviewed the strategies that are being enrolled for HMPX diagnosis. In the line of expanded MPXV prevalence, we further reviewed its clinical management and the diverse employed preventive/therapeutic strategies, including vaccines (JYNNEOS, ACAM2000, VIGIV) and antiviral drugs/inhibitors (Tecovirimat, Cidofovir, Brincidofovir). Taken together, with a revised perspective of HMPX re-emergence, the present report summarizes new knowledge on its prevalence, pathology, and prevention strategies.",MPXV pathophysiology; diagnosis; epidemiology; human monkeypox (HMPX); monkeypox virus (MPXV); therapeutics
38407263,Mpox Tongue Lesions.,"David Dickson, Angela Lai",The New England journal of medicine. 2024. doi: 10.1056/NEJMicm2307920..,Dickson,The New England journal of medicine,2024,2024/02/24,,,10.1056/NEJMicm2307920,,"[MeSH] Humans; [MeSH] Mpox, Monkeypox; [MeSH] Tongue; [MeSH] Tongue Diseases"
35926767,Monkeypox virus neurological manifestations in comparison to other orthopoxviruses.,"Maryam Shafaati, Milad Zandi",Travel medicine and infectious disease. 2022. doi: 10.1016/j.tmaid.2022.102414..,Shafaati,Travel medicine and infectious disease,2022,2022/08/02,,,10.1016/j.tmaid.2022.102414,"Viral infectious diseases have various neurological manifestations, whether they are epidemic or pandemic in nature. Nonspecific encephalopathy is the most common central nervous system (CNS) manifestation. The spectrum of nervous evidence varies for viral pathogens. Some infectious viruses, such as the Ebola virus, exhibit direct neurotropism. Others, such as the Rift Valley fever virus, have the potential for neurotropism. Direct neurotropism is unknown in monkeypox virus, SARS-CoV-2, MERS-CoV, and even smallpox. As seen in the COVID-19, there may be evidence of para-infectious neurological syndrome. There have only been a few reports of neurological diseases caused by monkeypox infection. Future efforts to prevent the spread of infectious disease surges can reduce mortality complications, the therapeutic burden on the health-care system, and prevent further spread. This study describes the clinical and neurological complications of monkeypox infection, particularly encephalitis, as well as the laboratory diagnosis of these cases.",Monkeypox virus; Nervous system; Neurology
38070873,Rapid identification of full-length genome and tracing variations of monkeypox virus in clinical specimens based on mNGS and amplicon sequencing.,"Changcheng Wu, Ruhan A, Sheng Ye, Fei Ye, Weibang Huo, Roujian Lu, Yue Tang, Jianwei Yang, Xuehong Meng, Yun Tang, Shuang Chen, Li Zhao, Baoying Huang, Zhongxian Zhang, Yuda Chen, Dongfang Li, Wenling Wang, Ke-Jia Shan, Jian Lu, Wenjie Tan",Virologica Sinica. 2023. doi: 10.1016/j.virs.2023.12.002..,Wu,Virologica Sinica,2024,2023/12/07,,,10.1016/j.virs.2023.12.002,"The monkeypox virus (MPXV) has triggered a current outbreak globally. Genome sequencing of MPXV and rapid tracing of genetic variants will benefit disease diagnosis and control. It is a significant challenge but necessary to optimize the strategy and application of rapid full-length genome identification and to track variations of MPXV in clinical specimens with low viral loads, as it is one of the DNA viruses with the largest genome and the most AT-biased, and has a significant number of tandem repeats. Here we evaluated the performance of metagenomic and amplicon sequencing techniques, and three sequencing platforms in MPXV genome sequencing based on multiple clinical specimens of five mpox cases in Chinese mainland. We rapidly identified the full-length genome of MPXV with the assembly of accurate tandem repeats in multiple clinical specimens. Amplicon sequencing enables cost-effective and rapid sequencing of clinical specimens to obtain high-quality MPXV genomes. Third-generation sequencing facilitates the assembly of the terminal tandem repeat regions in the monkeypox virus genome and corrects a common misassembly in published sequences. Besides, several intra-host single nucleotide variations were identified in the first imported mpox case. This study offers an evaluation of various strategies aimed at identifying the complete genome of MPXV in clinical specimens. The findings of this study will significantly enhance the surveillance of MPXV.",Amplicon; Metagenomic; Monkeypox virus (MPXV); Next generation sequencing; Third-generation sequencing
40081123,"Association of HIV infection, other sexually transmitted infections or their coexistence with mpox among men who have sex with men: A national questionnaire-based study in China using propensity score matching.","Meihui Zhang, Yuxuan Wang, Yinghuan Zhang, Ying Wang, Jianyu Chen, Gang Xu, Jiechen Zhang, Fan Hu, Yong Cai",Journal of infection and public health. 2025. doi: 10.1016/j.jiph.2025.102737..,Zhang,Journal of infection and public health,2025,2025/03/07,,,10.1016/j.jiph.2025.102737,"BACKGROUND: A marked increase in mpox cases was observed in May 2022 in previously non-endemic regions. The men who have sex with men (MSM) population exhibited a disproportionately higher rate of infection. OBJECTIVES: This study aimed to investigate the coexistence of HIV infection and other sexually transmitted infections (STIs) and their association with mpox among MSM, with validatiton conducted through a case-control study utilizing propensity score matching (PSM). METHODS: A total of 2403 eligible MSM participants were recruited for a cross-sectional study conducted across six geographically representative regions of China from October 2023 to March 2024. Data were collected via an anonymous online questionnaire. Univariable and multivariable logistic regression analyses were performed to evaluate the association between status of HIV infection and other STIs and risk of mpox. Validatiton was conducted through a case-control study employing PSM. RESULTS: Among the total 2403 participants, 56 (2.33 %) reported diagnosis of mpox. Taking participants negative for both HIV infection and other STIs (group 1) as reference, the adjusted ORs (95 % CIs) (p value) for mpox were 2.00 (0.60-6.65) (p = 0.256), 6.26 (2.97-13.16) (p < 0.001), and 8.72 (3.45-22.00) (p < 0.001) for those who were only positive for HIV infection (group 2), only positive for other STIs (group 3) and positive for both (group 4), respectively. In the case-control study, 53 participants from the mpox group were matched to 149 participants from the non-infection group at a ratio of 1:3. The positive association between status of HIV infection and other STIs and mpox persisted, with adjusted ORs (95 % CIs) (p value) of 1.53 (0.38-6.11) (p = 0.547), 7.01 (3.00-16.38) (p < 0.001), and 6.20 (2.21-17.43) (p < 0.001) for group 2 to group 4, respectively. CONCLUSIONS: This study demonstrated a significant association between other STIs and the risk of mpox among MSM. HIV infection alone didn't significantly increase the risk of mpox, while other STIs were found to be strong and robust risk factors for mpox.",HIV infection and other sexually transmitted infections; Men who have sex with men; Mpox; Propensity score matching
40698517,Harnessing Artificial Intelligence and Innovative Vaccines for Mpox Diagnosis and Control: A Comprehensive Narrative Review.,"Excel Onajite Ernest-Okonofua, Zainab Abdullahi Zubairu, Malik Olatunde Oduoye, Maryam Tariq, Syed Muhammad, Zainab Siddiqua, Monica Vuyyuru, Benjamin Wafula, Riaz Akhtar, Abdulbasit Fasasi, Samuel Chinonso Ubechu, Bakare Sikiru Olayinka",Journal of primary care & community health. 2025. doi: 10.1177/21501319251357701..,Ernest-Okonofua,Journal of primary care & community health,2025,2025/07/23,,,10.1177/21501319251357701,"BACKGROUND: The re-emergence of monkeypox (mpox) has triggered a global alert and galvanized efforts toward a scientific reappraisal of the disease. AIM: This study aims to provide a review of the use of Artificial Intelligence (AI) and novel vaccines in reducing the burden of mpox. METHODOLOGY: A narrative review was conducted according to Preferred Reporting Items for Systematic reviews and Meta-Analyses (PRISMA) guidelines through electronic databases including PubMed, Google Scholar, ResearchGate, and Web of Science (WOS), using keywords such as Mpox, machine learning, deep learning, diagnosis and novel vaccines between the last 5 years (2019-2024). Included studies comprised clinical trials, cross-sectional studies, systematic reviews, meta-analyses, case reports, and case series written in the English language. RESULT: The diagnosis of mpox has been greatly aided by the use of AI, including machine learning (ML), deep learning (DL), artificial neural network (ANN), convolutional neural network (CNN), and transfer learning (TL). AI can help with the development of novel diagnostic tests, increasing the accuracy and speed of mpox detection, which is critical for successful epidemic management. Reported model accuracies for mpox lesion classification and disease trend prediction ranged from 83 to 99.8%, underscoring the high potential of AI-based tools in this field. Vaccines developed against smallpox, such as ACAM2000, LC16m8, and MVA-BN (JYNNEOS), have shown partial efficacy in preventing mpox transmission, providing cross-protection against mpox due to the genetic similarity between the 2 viruses. CONCLUSION: AI has proven to be significant in mpox detection, treatment, and prevention. Future directions should be focused on healthcare professionals to establish the validity and reliability of the models, a measure of the algorithm's robustness, and the continuous auditing of AI systems.",deep learning; detection; diagnosis; identification; machine learning; mpox; novel vaccines
38102810,Monkeypox (Mpox) Vaccine Hesitancy Among Mpox Cases: A Qualitative Study.,"Harit Agroia, Emily Smith, Akanksha Vaidya, Sarah Rudman, Monika Roy",Health promotion practice. 2023. doi: 10.1177/15248399231215054..,Agroia,Health promotion practice,2025,2023/12/15,,,10.1177/15248399231215054,"Human mpox has been an increasing concern in the United States and California since late 2022. While the Jynneos vaccine offers a degree of cross-protection against the disease, vaccine hesitancy is common among those recommended for vaccination. The purpose of this study was to assess vaccine knowledge, facilitators, and barriers to vaccine uptake among individuals previously diagnosed with mpox, or mpox cases, in Santa Clara County, California. In-depth interviews were conducted by public health department staff among mpox cases diagnosed in Santa Clara County between July and September 2022. Responses were analyzed using a grounded theory data analysis approach. Among the 47 participants, 36 (77%) had heard of mpox before diagnosis, and of these, 20 (56%) did not think they were at risk of developing mpox, and 28 (78%) were aware that a vaccine was available. Those who did not receive the vaccine stated vaccine access and availability were the main barriers. Among the six participants not interested in the vaccine, the main hesitancies were lack of perceived risk, stigma of being branded by scarring and labeled gay, and vaccine safety. Overall, the following themes were attributed to reasons for vaccine hesitancy: (a) lack of awareness of the disease and vaccine, including perceived risks; (b) lack of vaccine availability and accessibility; and (c) stigma associated with receiving the vaccine, including being publicly labeled as ""gay"" and the scarring on forearm potentially seen as branding. We recommend tailoring outreach and educational campaigns to address reasons for mpox vaccine hesitancy.",communicable disease; disease investigation; infectious disease; monkeypox; risk perception; vaccine hesitancy
38624185,Rapid detection of monkeypox virus and differentiation of West African and Congo Basin strains using endonuclease restriction-mediated real-time PCR-based testing.,"Juan Zhou, Fei Xiao, Xiaolan Huang, Jin Fu, Nan Jia, Chunrong Sun, Min Chen, Zheng Xu, Hui Huang, Yi Wang",Analytical methods : advancing methods and applications. 2024. doi: 10.1039/d4ay00492b..,Zhou,Analytical methods : advancing methods and applications,2024,2024/05/03,,,10.1039/d4ay00492b,"The ongoing multi-country outbreak of monkeypox virus (MPXV) has continuously attracted global attention, highlighting the critical need for timely and accurate methods to detect MPXV and differentiate its clades. Herein, we devised a novel multiplex ET-PCR (endonuclease restriction-mediated real-time PCR) assay that integrates PCR amplification, restriction endonuclease cleavage and real-time fluorescence detection to diagnose MPXV infection and distinguish the Congo Basin and West African MPXV strains. In the MPXV ET-PCR system, three sets of specific primers were designed for MPXV, Congo Basin and West African strains. A short sequence, which could be recognized by restriction endonuclease enzyme BstUI, was added to the 5'end of amplification primers. Then, the modified primers were assigned different reporter dyes and corresponding quenching dyes to each of the three targets, enabling real-time fluorescence reporting of the results and multiplex detection. The designed assay enabled the detection of single or three targets in a single tube, with excellent specificity and analytical sensitivity in terms of plasmid and pseudotyped virus. Moreover, the clinical feasibility of our assay was validated using artificially simulated plasma, nasopharyngeal swab and skin swab samples. In conclusion, the multiplex ET-PCR assay devised here had the advantages of simple primer design, cost-effectiveness, low contamination risk, excellent sensitivity, high specificity and multiplex detection, making it a valuable and dependable tool for curbing the extensive spread of MPXV.","[MeSH] Real-Time Polymerase Chain Reaction; [MeSH] Humans; [MeSH] Monkeypox virus; [MeSH] Africa, Western; [MeSH] Sensitivity and Specificity; [MeSH] Mpox, Monkeypox; [MeSH] Multiplex Polymerase Chain Reaction"
36729529,Clinical Description of Sixty-Six Cases of Monkeypox Virus (MKPV) Infection Among Men Who Have Sex With Men (MSM) in an HIV/PrEP French Clinic.,"Meghann Antoine, Emma Rubenstein, Caroline Lascoux-Combe, Sylvain Chawki, Jeremy Zeggagh, Claire Pintado, Mariagrazia Tateo, Diane Ponscarme, Valentine-Marie Ferre, Diane Descamps, Jean-Michel Molina",Journal of acquired immune deficiency syndromes (1999). 2023. doi: 10.1097/QAI.0000000000003146..,Antoine,Journal of acquired immune deficiency syndromes (1999),2023,2023/03/01,,,10.1097/QAI.0000000000003146,,"[MeSH] Humans; [MeSH] Male; [MeSH] Anti-HIV Agents; [MeSH] HIV Infections; [MeSH] Monkeypox virus; [MeSH] Pre-Exposure Prophylaxis; [MeSH] Sexual and Gender Minorities; [MeSH] Sexual Behavior; [MeSH] Mpox, Monkeypox"
37335757,Sexually transmitted infections in Spain: Current status.,"J Del Romero, S Moreno Guillén, F J Rodríguez-Artalejo, J Ruiz-Galiana, R Cantón, P De Lucas Ramos, A García-Botella, A García-Lledó, T Hernández-Sampelayo, J Gómez-Pavón, J González Del Castillo, M C Martín-Delgado, F J Martín Sánchez, M Martínez-Sellés, J M Molero García, J Gómez Castellá, M Palomo, R García Berrio, A Couso González, C Sotomayor, E Bouza",Revista espanola de quimioterapia : publicacion oficial de la Sociedad Espanola de Quimioterapia. 2023. doi: 10.37201/req/038.2023..,Del,Revista espanola de quimioterapia : publicacion oficial de la Sociedad Espanola de Quimioterapia,2023,2023/06/19,,,10.37201/req/038.2023,"Sexually Transmitted Infections (STI) are a major public health problem. The problems inherent to their diagnosis, treatment and prevention have to do not only with their nature, but also with organizational issues and overlapping competencies of the different health authorities in Spain. The real situation of STI in Spain, at present, is poorly known. For this reason, the Scientific Committee on COVID and Emerging Pathogens of the Illustrious Official College of Physicians of Madrid (ICOMEM) has formulated a series of questions on this subject which were distributed, not only among the members of the Committee, but also among experts outside it. The central health authorities provide very high and increasing figures for gonococcal infection, syphilis, Chlamydia trachomatis infection and lymphogranuloma venereum (LGV). Both HIV infection and Monkeypox are two important STI caused by viruses in our environment, to which it should be added, mainly, Herpes simplex virus (HSV) and Human papillomavirus (HPV) infections. Emerging microorganisms such as Mycoplasma genitalium pose not only pathogenic challenges but also therapeutic problems, as in the case of N. gonohrroeae. The pathways that patients with suspected STI follow until they are adequately diagnosed and treated are not well known in Spain. Experts understand that this problem is fundamentally managed in public health institutions, and that Primary Care and Hospital Emergency Services, together with some institutions that deal monographically with this problem, are the recipients of most of these patients. One of the most serious difficulties of STI lies in the availability of the microbiological tests necessary for their diagnosis, particularly in this era of outsourcing of microbiology services. Added to this is the increased cost of implementing the latest generation of molecular techniques and the difficulties of transporting samples. It is clear that STI are not diseases to which the entire population is equally exposed and it is necessary to have a better knowledge of the risk groups where to focus the necessary interventions adapted to their characteristics. It should not be forgotten that STI are also a problem in the pediatric age group and that their presence can be a marker of sexual abuse with all that this implies in terms of health care and medicolegal activity. Finally, STI are infections that are associated with a high cost of care for which we have very little information. The possibility of expanding the automatic performance of laboratory tests for STI surveillance through laboratory routines is encountering ethical and legal problems that are not always easy to solve. Spain has created a ministerial area of specific attention to STI and there are plans to improve the diagnosis, treatment and prevention of these problems, but we still lack the necessary evidence on their impact. We cannot forget that these are diseases that transcend the individual and constitute a Public Health problem.",Gonococcal infections; HIV; Herpes simplex virus; High risk groups; Human Papillomavirus; Monkeypox; Mycoplasma genitalium; Neisseria gonorrhoeae; Public Health; STD; STI; Sexually Transmitted Diseases; Sexually Transmitted Infections; syphilis
38333932,Analysing monkeypox epidemic drivers: Policy simulation and multi-index modelling across 39 nations.,"Mengxuan Lin, Yingrong Xin, Jiaojiao Wang, Pengyuan Nie, Qunjiao Yan, Ligui Wang, Lei Wang",Journal of global health. 2024. doi: 10.7189/jogh.14.04037..,Lin,Journal of global health,2024,2024/02/09,,,10.7189/jogh.14.04037,"BACKGROUND: This study aimed to analyse the drivers of the monkeypox (Mpox) epidemic and policy simulation to support health care policies against the Mpox epidemic. METHODS: We established a three-round selection mechanism for 164 factors using Lasso and negative binomial regression to investigate the correlation between significant drivers and the cumulative confirmed cases of Mpox. Policy simulation for each driver was evaluated, and the varying effects of implementation at different times were examined. RESULTS: HIV/AIDS prevalence and air transport passengers carried were significant determinants of the risk of the Mpox epidemic across various countries, with regression coefficients of 1.417 and 0.766, respectively. A decrease in HIV/AIDS prevalence by 10, 20, 30, and 40% corresponded to reductions in the number of Mpox cases by 6.28, 6.55, 6.87, and 7.26%, respectively. Similarly, 20, 40, 60, and 80% travel restrictions led to reductions in Mpox cases by 7.16, 15.63, 26.28%, and 41.46%, respectively. Controlling air transport passengers carried in the first month could postpone outbreak onset by 0.5-2.0 months. CONCLUSIONS: Mpox prevention and control policies should primarily focus on travel restrictions during high disease-risk periods and flight suspensions from high-risk nations in combination with regular HIV/AIDS prevention and treatment strategies.","[MeSH] Humans; [MeSH] Mpox, Monkeypox; [MeSH] Acquired Immunodeficiency Syndrome; [MeSH] Epidemics; [MeSH] Disease Outbreaks; [MeSH] Health Policy"
36436538,Monitoring monkeypox virus in saliva and air samples in Spain: a cross-sectional study.,"Bruno Hernaez, Ana Muñoz-Gómez, Africa Sanchiz, Eva Orviz, Adrian Valls-Carbo, Iñigo Sagastagoitia, Oskar Ayerdi, Rocío Martín, Teresa Puerta, Mar Vera, Noemi Cabello, Jorge Vergas, Cristina Prieto, María Pardo-Figuerez, Anabel Negredo, José María Lagarón, Jorge Del Romero, Vicente Estrada, Antonio Alcamí",The Lancet. Microbe. 2022. doi: 10.1016/S2666-5247(22)00291-9..,Hernaez,The Lancet. Microbe,2023,2022/11/24,,,10.1016/S2666-5247(22)00291-9,"BACKGROUND: The transmission of monkeypox virus occurs through direct contact, but transmission through saliva or exhaled droplets and aerosols has not yet been investigated. We aimed to assess the presence of monkeypox virus DNA and infectious virus in saliva samples and droplets and aerosols exhaled from patients infected with monkeypox virus. METHODS: We did a cross-sectional study in patients with monkeypox confirmed by PCR who attended two health centres in Madrid, Spain. For each patient, we collected samples of saliva, exhaled droplets within a mask, and aerosols captured by air filtration through newly developed nanofiber filters. We evaluated the presence of monkeypox virus in the samples by viral DNA detection by quantitative PCR (qPCR) and isolation of infectious viruses in cell cultures. FINDINGS: Between May 18 and July 15, 2022, 44 patients with symptomatic monkeypox attended two health centres in Madrid and were included in the study. All were cisgender men, with a median age of 35·0 years (IQR 11·3). We identified high loads of monkeypox virus DNA by qPCR in 35 (85%) of 41 saliva samples. Infectious monkeypox virus was recovered from 22 (67%) of 33 saliva samples positive for monkeypox virus DNA. We also found a significant association between the number of affected cutaneous areas or general symptoms and the viral load present in saliva samples. Droplets exhaled from patients with monkeypox, detected inside a mask, contained monkeypox virus DNA in 32 (71%) of 45 samples, with two of the 32 positive samples showing the presence of the infectious virus. Monkeypox virus DNA in aerosols, collected from the medical consultation room, were detected in 27 (64%) of 42 samples, despite patients wearing an FFP2 mask during the visit. Infectious virus was not recovered from aerosol samples. High levels of monkeypox virus DNA were identified in aerosols collected from a hospital isolation room housing a patient with monkeypox. INTERPRETATION: The identification of high viable monkeypox virus loads in saliva in most patients with monkeypox and the finding of monkeypox virus DNA in droplets and aerosols warrants further epidemiological studies to evaluate the potential relevance of the respiratory route of infection in the 2022 monkeypox virus outbreak. FUNDING: EU, Consejo Superior de Investigaciones Científicas, and Ciberinfec.","[MeSH] Male; [MeSH] Humans; [MeSH] Child; [MeSH] Monkeypox virus; [MeSH] Mpox, Monkeypox; [MeSH] Cross-Sectional Studies; [MeSH] Saliva; [MeSH] Spain; [MeSH] Aerosols; [MeSH] DNA"
36695684,"Demographic and Clinical Characteristics of Mpox in Persons Who Had Previously Received 1 Dose of JYNNEOS Vaccine and in Unvaccinated Persons - 29 U.S. Jurisdictions, May 22-September 3, 2022.","Jennifer L Farrar, Nathaniel M Lewis, Kennedy Houck, Michelle Canning, Amy Fothergill, Amanda B Payne, Adam L Cohen, Joshua Vance, Bridget Brassil, Erin Youngkin, Bailey Glenn, Anil Mangla, Nikki Kupferman, Katharine Saunders, Cristina Meza, Dawn Nims, Susan Soliva, Brandon Blouse, Tiffany Henderson, Emily Banerjee, Brooklyn White, Rachael Birn, Anna M Stadelman, Meaghan Abrego, Meagan McLafferty, Michael G Eberhart, Michael Pietrowski, Sandra Miranda De León, Emma Creegan, Abdoulaye Diedhiou, Caleb Wiedeman, Jade Murray-Thompson, Elizabeth McCarty, Jessica Marcinkevage, Anna Kocharian, Elizabeth A Torrone, Logan C Ray, Daniel C Payne",American journal of transplantation : official journal of the American Society of Transplantation and the American Society of Transplant Surgeons. 2023. doi: 10.1016/j.ajt.2023.01.003..,Farrar,American journal of transplantation : official journal of the American Society of Transplantation and the American Society of Transplant Surgeons,2023,2023/01/11,,,10.1016/j.ajt.2023.01.003,,"[MeSH] Humans; [MeSH] Demography; [MeSH] Vaccination; [MeSH] Mpox, Monkeypox; [MeSH] Smallpox Vaccine; [MeSH] Vaccines, Attenuated"
37378642,Insights into the challenging multi-country outbreak of Mpox: a comprehensive review.,"Shreyas Bhat, Sumana Saha, Tanisha Garg, Himanshu Sehrawat, Balu Ananda Chopade, Vandana Gupta",Journal of medical microbiology. 2023. doi: 10.1099/jmm.0.001725..,Bhat,Journal of medical microbiology,2023,2023/06/01,,,10.1099/jmm.0.001725,"Human monkeypox virus (hMpoxV) is of zoonotic origin and is closely related to the once-dreaded smallpox virus. It is largely endemic to the African continent but has moved out of the endemic regions as sporadic clusters in the past 20 years, raising concerns worldwide. Human Mpox is characterized by a mild to severe, self-limiting infection, with mortality ranging from less than 1% to up to 10% during different outbreaks caused by different clades of MpoxV. Bushmeat hunting is one of the primary reasons for its transmission from animals to humans. Various international and national health regulatory bodies are closely monitoring the disease and have laid down guidelines to manage and prevent hMpox cases. Emergency Use Status has been granted to Tecovirimat and Brincidofovir to treat severe cases and vaccination with the smallpox vaccine is recommended for high-risk group individuals. Strategies to repurpose and discover novel therapeutics and vaccines to control the outbreak are being researched. The current Mpox outbreak that has mainly affected men as approximately 96% of all cases are reported in men, is probably the result of a complex intersection of various factors. This necessitates a strong One Health response coordination involving human, animal and environmental health institutions. This review is an attempt to provide an all-inclusive overview of the biology, history, epidemiology, pathophysiology, diagnosis and management of hMpox in context to the recent 2022-2023 multi-country outbreak which is termed by WHO a 'Public Health Emergency of International Concern (PHEIC)'.",Monkeypox; Mpox; One Health approach; Public Health Emergency of International Concern (PHEIC); case management; clades; diagnosis; epidemiology; interventions; pathophysiology; social stigma regarding Mpox
23658452,Assessment of the protective effect of Imvamune and Acam2000 vaccines against aerosolized monkeypox virus in cynomolgus macaques.,"Graham J Hatch, Victoria A Graham, Kevin R Bewley, Julia A Tree, Mike Dennis, Irene Taylor, Simon G P Funnell, Simon R Bate, Kimberley Steeds, Thomas Tipton, Thomas Bean, Laura Hudson, Deborah J Atkinson, Gemma McLuckie, Melanie Charlwood, Allen D G Roberts, Julia Vipond",Journal of virology. 2013. doi: 10.1128/JVI.03481-12..,Hatch,Journal of virology,2013,2013/05/08,,,10.1128/JVI.03481-12,"To support the licensure of a new and safer vaccine to protect people against smallpox, a monkeypox model of infection in cynomolgus macaques, which simulates smallpox in humans, was used to evaluate two vaccines, Acam2000 and Imvamune, for protection against disease. Animals vaccinated with a single immunization of Imvamune were not protected completely from severe and/or lethal infection, whereas those receiving either a prime and boost of Imvamune or a single immunization with Acam2000 were protected completely. Additional parameters, including clinical observations, radiographs, viral load in blood, throat swabs, and selected tissues, vaccinia virus-specific antibody responses, immunophenotyping, extracellular cytokine levels, and histopathology were assessed. There was no significant difference (P > 0.05) between the levels of neutralizing antibody in animals vaccinated with a single immunization of Acam2000 (132 U/ml) and the prime-boost Imvamune regime (69 U/ml) prior to challenge with monkeypox virus. After challenge, there was evidence of viral excretion from the throats of 2 of 6 animals in the prime-boost Imvamune group, whereas there was no confirmation of excreted live virus in the Acam2000 group. This evaluation of different human smallpox vaccines in cynomolgus macaques helps to provide information about optimal vaccine strategies in the absence of human challenge studies.","[MeSH] Animals; [MeSH] Female; [MeSH] Male; [MeSH] Antibodies, Neutralizing; [MeSH] Enzyme-Linked Immunosorbent Assay; [MeSH] Flow Cytometry; [MeSH] Immunization; [MeSH] Macaca fascicularis; [MeSH] Real-Time Polymerase Chain Reaction; [MeSH] Smallpox Vaccine; [MeSH] Vaccines, Attenuated; [MeSH] Virus Shedding; [MeSH] Mpox, Monkeypox; [MeSH] Monkeypox virus"
36344230,[Research progress of monkeypox epidemic in multiple countries].,"S Su, H C Zou, H M Qiao",Zhonghua jie he he hu xi za zhi = Zhonghua jiehe he huxi zazhi = Chinese journal of tuberculosis and respiratory diseases. 2022. doi: 10.3760/cma.j.cn112147-20220623-00529..,Su,Zhonghua jie he he hu xi za zhi = Zhonghua jiehe he huxi zazhi = Chinese journal of tuberculosis and respiratory diseases,2022,2022/11/12,,,10.3760/cma.j.cn112147-20220623-00529,"Monkeypox is a zoonotic disease caused by Monkeypox virus, which can cause the change of smallpox pattern in human. Monkeypox has been epidemic in central and west African countries, and infections outside the African continent are rare. Since May 2022, unprecedented outbreaks of human monkeypox and clusters of cases have occurred in non-epidemic countries such as Europe, the Americas and Australia, with multi-country outbreaks drawing global attention. The prevalence, transmission route and reoccurrence of monkeypox are still unknown. In view of the rapid increase of monkeypox cases, this paper reviewed the epidemiological changes, outbreak causes, clinical characteristics, and treatment methods of monkeypox, so as to clarify the epidemic background and transmission characteristics, improve the understanding of the disease, prevent the disease as soon as possible and formulate diagnosis and treatment measures.","[MeSH] Animals; [MeSH] Humans; [MeSH] Mpox, Monkeypox; [MeSH] Monkeypox virus; [MeSH] Zoonoses; [MeSH] Epidemics; [MeSH] Disease Outbreaks"
36722989,Gold-based paper for antigen detection of monkeypox virus.,"Liya Ye, Xianlu Lei, Xinxin Xu, Liguang Xu, Hua Kuang, Chuanlai Xu",The Analyst. 2023. doi: 10.1039/d2an02043b..,Ye,The Analyst,2023,2023/02/27,,,10.1039/d2an02043b,"In 2022, the outbreak of the monkeypox virus occurred in many non-endemic countries, and the World Health Organization (WHO) assessed that this outbreak was ""atypical"". The establishment of a rapid and effective assay that can be used for the early diagnosis of monkeypox virus infection is crucial for outbreak prevention and control. In this study, the monkeypox virus A29 protein and the homologous vaccinia virus A27 protein and cowpox virus 162 protein were expressed in Escherichia coli BL21 for screening. We synthesized the monkeypox virus A2917-49 peptide as the immunogen and obtained 25 monoclonal antibodies (mAbs) against the A29 protein using mouse hybridoma techniques. Then an immunochromatographic test strip method for detecting A29 was established. The strips utilizing mAb-7C5 and 5D8 showed the best sensitivity and lowest limit of detection: 50 pg mL-1 for purified A29 and specificity tests showed that the strips did not cross-react with other orthopox viruses (vaccinia virus or cowpox virus) as well as common respiratory pathogens (SARS-CoV-2, influenza A and influenza B). Therefore, this method can be used for early and rapid diagnosis of monkeypox virus infection by antigen detection.","[MeSH] Animals; [MeSH] Humans; [MeSH] Mice; [MeSH] Gold; [MeSH] Mpox, Monkeypox; [MeSH] Monkeypox virus"
37741892,Hyper-parameter tuned deep learning approach for effective human monkeypox disease detection.,"Neeraj Dahiya, Yogesh Kumar Sharma, Uma Rani, Shekjavid Hussain, Khan Vajid Nabilal, Anand Mohan, Nasratullah Nuristani",Scientific reports. 2023. doi: 10.1038/s41598-023-43236-1..,Dahiya,Scientific reports,2023,2023/09/23,,,10.1038/s41598-023-43236-1,"Human monkeypox is a very unusual virus that can devastate society. Early identification and diagnosis are essential to treat and manage an illness effectively. Human monkeypox disease detection using deep learning models has attracted increasing attention recently. The virus that causes monkeypox may be passed to people, making it a zoonotic illness. The latest monkeypox epidemic has hit more than 40 nations. Computer-assisted approaches using Deep Learning techniques for automatically identifying skin lesions have shown to be a viable alternative in light of the fast proliferation and ever-growing problems of supplying PCR (Polymerase Chain Reaction) Testing in places with limited availability. In this research, we introduce a deep learning model for detecting human monkeypoxes that is accurate and resilient by tuning its hyper-parameters. We employed a mixture of convolutional neural networks and transfer learning strategies to extract characteristics from medical photos and properly identify them. We also used hyperparameter optimization strategies to fine-tune the Model and get the best possible results. This paper proposes a Yolov5 model-based method for differentiating between chickenpox and Monkeypox lesions on skin pictures. The Roboflow skin lesion picture dataset was subjected to three different hyperparameter tuning strategies: the SDG optimizer, the Bayesian optimizer, and Learning without Forgetting. The proposed Model had the highest classification accuracy (98.18%) when applied to photos of monkeypox skin lesions. Our findings show that the suggested Model surpasses the current best-in-class models and may be used in clinical settings for actual Human Monkeypox disease detection and diagnosis.","[MeSH] Humans; [MeSH] Bayes Theorem; [MeSH] Deep Learning; [MeSH] Mpox, Monkeypox; [MeSH] Chickenpox; [MeSH] Epidemics"
37487464,Otolaryngologic manifestations among MPOX patients: A systematic review and meta-analysis.,"Jaffer Shah, Tiana M Saak, Angel N Desai, David A Gudis, Huzaifa Ahmad Cheema, Mohamed Abuelazm, Diego Preciado, Jason Zucker, Jonathan B Overdevest",American journal of otolaryngology. 2023. doi: 10.1016/j.amjoto.2023.103991..,Shah,American journal of otolaryngology,2023,2023/07/11,,,10.1016/j.amjoto.2023.103991,"PURPOSE: MPOX has numerous otolaryngologic presentations that have been recognized as clinically important, especially with the onset of the 2022 outbreak. However, how these features vary across region and outbreak have yet to be elucidated or supported by meta-analysis. The objective of this study is to identify the otolaryngologic manifestations of MPOX across previous and current outbreaks and among endemic and non-endemic regions. BASIC PROCEDURES: Data sources of MEDLINE (PubMed), the Cochrane Library, Scopus, Embase, Web of Science, Google Scholar, and OpenGrey were searched through August 2022. All observational studies reporting data on laboratory-confirmed MPOX patients with otolaryngologic symptoms were included. Two authors independently performed the screening process while a third resolved disagreements. Data were extracted into a structured form by two authors independently. We performed a meta-analysis of the prevalence of otorhinolaryngologic symptoms using MetaXL software (version 5.3) under a random-effects model. MAIN FINDINGS: 38 studies with 5952 patients were included. The four most prevalent manifestations were headache at 31 % (95 % CI [0.16-0.49], I 2 = 99 %), sore throat at 22 % (95 % CI [0.09-0.37], I 2 = 99 %), cough at 16 % (95 % CI [0.05-0.30], I 2 = 99 %), and cervical lymphadenopathy at 10 % (95 % CI [0.01-0.26], I 2 = 100 %). Otolaryngologic features were more prevalent in previous outbreaks as compared to the 2022 outbreak including 37 % prevalence of headache (95 % CI [0.11-0.66], I 2 = 100 %), 33 % prevalence of cough (95 % CI [0.21-0.47], I 2 = 98 %), 27 % prevalence of sore throat (95 % CI [0.07-0.53], I 2 = 99 %), 15 % prevalence of cervical lymphadenopathy (95 % CI [0.00-0.428], I 2 = 100 %), 13 % prevalence of oral ulcers (95 % CI [0.02-0.30], I 2 = 99 %), 6 % prevalence of oral exanthem (95 % CI [0.00-0.17], I 2 = 99 %), 5 % prevalence of dysphagia (95 % CI [0.00-0.18], I 2 = 99 %), and 5 % prevalence of tonsillar signs (95 % CI [0.00-0.13], I 2 = 99 %). Features that were more prevalent in endemic areas versus non-endemic areas include 27 % prevalence of cough (95 % CI [0.14-0.41], I 2 = 99 %), 15 % prevalence of oral ulcers (95 % CI [0.02-0.36], I 2 = 99 %), 6 % prevalence of tonsillar signs (95 % CI [0.00-0.18], I 2 = 99 %), and 19 % prevalence of cervical lymphadenopathy (95 % CI [0.00-0.48], I 2 = 100 %), while the only feature more prevalent in non-endemic areas was headache with a prevalence of 36 % (95 % CI [0.24-0.47], I 2 = 96 %). PRINCIPAL CONCLUSIONS: In this systematic review and meta-analysis, four symptoms - headache, sore throat, cough, and cervical lymphadenopathy - were found to be the most prevalent otolaryngologic features of MPOX. Otolaryngologic manifestations of MPOX were more pronounced in prior outbreaks and in endemic areas as compared to the 2022 outbreak and non-endemic areas. These findings may aid MPOX recognition in an otolaryngology setting.",ENT; MPOX; Monkeypox; Otolaryngology; Viral pharyngitis
36471498,"Mpox in Children and Adolescents: Epidemiology, Clinical Features, Diagnosis, and Management.","Amy M Beeson, Julia Haston, David W McCormick, Mary Reynolds, Kevin Chatham-Stephens, Andrea M McCollum, Shana Godfred-Cato",Pediatrics. 2023. doi: 10.1542/peds.2022-060179..,Beeson,Pediatrics,2023,2023/02/01,,,10.1542/peds.2022-060179,"Although mpox is rare among children in the United States, pediatric cases are being reported during the 2022 multinational mpox outbreak. Vaccines and antiviral medications developed for other orthopoxviruses have recently become widely used to prevent and treat mpox in both children and adults in the United States. Although scientific literature regarding mpox in children and adolescents is scant, prior case reports can provide valuable information about the clinical features and potential complications of untreated clade II mpox in these age groups. In this review, we summarize the epidemiology and clinical features of mpox in children and adolescents and provide recommendations for clinicians regarding its diagnosis, management, and prevention. Robust, dedicated surveillance of pediatric exposures and cases in the current outbreak, including the use of vaccines and therapeutics, are needed to guide clinical management and public health strategies.","[MeSH] Adolescent; [MeSH] Child; [MeSH] Humans; [MeSH] Antiviral Agents; [MeSH] Population Surveillance; [MeSH] Public Health; [MeSH] United States; [MeSH] Mpox, Monkeypox"
40276350,"Knowledge and attitude of human monkeypox among university students and staff in Tehran, Iran.","Yousef Alimohamadi, Mojtaba Sepandi, Tahereh Marhamati",Frontiers in public health. 2025. doi: 10.3389/fpubh.2025.1510185..,Alimohamadi,Frontiers in public health,2025,2025/04/10,,,10.3389/fpubh.2025.1510185,"BACKGROUND: Effective control of any disease, including Monkey pox (mpox), is highly dependent on public knowledge and adherence to preventive measures. This cross-sectional study was conducted with the aim of investigating the knowledge of students and staff of Baqiyatallah University about the origin of mpox and its symptoms, transmission, prevention, and management. METHODS: In the current cross-sectional study, the data was collected from Aug 5, 2024 to Sep 5, 2024. The target population consisted of students, teachers, and the staff of Baqiyatallah University, aged 18 or above. Multiple Logistic regressions were employed to assess the association between participants' overall knowledge about human mpox as well as their attitude and their demographic data. Data was analyzed using IBM SPSS statistics version 23.0 (IBM Corp., Armonk, NY, USA) and subsequently coded and labeled. The statistical significance level was set at 5%. RESULTS: The overall mean score of participants' knowledge and attitude was 6.37 ± 2.20 and 4.24 ± 1.71, respectively. Based on Bloom's cut-off points, 458 (84.3%), 78 (14.4%), and 7 (1.3%) of the participants had low, moderate, and high knowledge levels, respectively and, 279 (51.4%), 221 (40.7%), and 43 (7.9%) of the participants had low, moderate, and high attitude levels, respectively. Logistic regression analysis showed that job status(OR: 9.6, 95% CI: 1.3-66.4), major(OR: 4.3, 95% CI: 1.3-14), and higher educational level (OR: 7.6, 95% CI: 1.03-61.8), was significantly associated with participants' knowledge about mpox. CONCLUSION: This study showed that university students and staff in Iran do not have enough knowledge about mpox, including its symptoms, preventive measures, and treatment, with a good understanding of local and international health authorities in the control of emerging mpox. People with higher education tend to have better knowledge, which indicates that access to reliable information sources is necessary to acquire accurate knowledge.",Iran; attitude; human monkey pox; knowledge; staff; university students
36074752,"Orthopoxvirus Testing Challenges for Persons in Populations at Low Risk or Without Known Epidemiologic Link to Monkeypox - United States, 2022.","Faisal S Minhaj, Julia K Petras, Jennifer A Brown, Anil T Mangla, Kelly Russo, Christina Willut, Michelle Lee, Jason Beverley, Rachel Harold, Lauren Milroy, Brian Pope, Emily Gould, Cole Beeler, Jack Schneider, Heba H Mostafa, Shana Godfred-Cato, Eleanor S Click, Brian F Borah, Romeo R Galang, Shama Cash-Goldwasser, Joshua M Wong, David W McCormick, Patricia A Yu, Victoria Shelus, Ann Carpenter, Sabrina Schatzman, David Lowe, Michael B Townsend, Whitni Davidson, Nhien T Wynn, Panayampalli S Satheshkumar, Siobhán M O'Connor, Kevin O'Laughlin, Agam K Rao, Andrea M McCollum, María E Negrón, Christina L Hutson, Johanna S Salzer",MMWR. Morbidity and mortality weekly report. 2022. doi: 10.15585/mmwr.mm7136e1..,Minhaj,MMWR. Morbidity and mortality weekly report,2022,2022/09/09,,,10.15585/mmwr.mm7136e1,"Since May 2022, approximately 20,000 cases of monkeypox have been identified in the United States, part of a global outbreak occurring in approximately 90 countries and currently affecting primarily gay, bisexual, and other men who have sex with men (MSM) (1). Monkeypox virus (MPXV) spreads from person to person through close, prolonged contact; a small number of cases have occurred in populations who are not MSM (e.g., women and children), and testing is recommended for persons who meet the suspected case definition* (1). CDC previously developed five real-time polymerase chain reaction (PCR) assays for detection of orthopoxviruses from lesion specimens (2,3). CDC was granted 510(k) clearance for the nonvariola-orthopoxvirus (NVO)-specific PCR assay by the Food and Drug Administration. This assay was implemented within the Laboratory Response Network (LRN) in the early 2000s and became critical for early detection of MPXV and implementation of public health action in previous travel-associated cases as well as during the current outbreak (4-7). PCR assays (NVO and other Orthopoxvirus laboratory developed tests [LDT]) represent the primary tool for monkeypox diagnosis. These tests are highly sensitive, and cross-contamination from other MPXV specimens being processed, tested, or both alongside negative specimens can occasionally lead to false-positive results. This report describes three patients who had atypical rashes and no epidemiologic link to a monkeypox case or known risk factors; these persons received diagnoses of monkeypox based on late cycle threshold (Ct) values ≥34, which were false-positive test results. The initial diagnoses were followed by administration of antiviral treatment (i.e., tecovirimat) and JYNNEOS vaccine postexposure prophylaxis (PEP) to patients' close contacts. After receiving subsequent testing, none of the three patients was confirmed to have monkeypox. Knowledge gained from these and other cases resulted in changes to CDC guidance. When testing for monkeypox in specimens from patients without an epidemiologic link or risk factors or who do not meet clinical criteria (or where these are unknown), laboratory scientists should reextract and retest specimens with late Ct values (based on this report, Ct ≥34 is recommended) (8). CDC can be consulted for complex cases including those that appear atypical or questionable cases and can perform additional viral species- and clade-specific PCR testing and antiorthopoxvirus serologic testing.","[MeSH] Animals; [MeSH] Child; [MeSH] Communicable Diseases; [MeSH] Female; [MeSH] Homosexuality, Male; [MeSH] Humans; [MeSH] Male; [MeSH] Mpox, Monkeypox; [MeSH] Monkeypox virus; [MeSH] Orthopoxvirus; [MeSH] Sexual and Gender Minorities; [MeSH] Travel; [MeSH] United States"
36828001,Mpox in people with advanced HIV infection: a global case series.,"Oriol Mitjà, Andrea Alemany, Michael Marks, Jezer I Lezama Mora, Juan Carlos Rodríguez-Aldama, Mayara Secco Torres Silva, Ever Arturo Corral Herrera, Brenda Crabtree-Ramirez, José Luis Blanco, Nicolo Girometti, Valentina Mazzotta, Aniruddha Hazra, Macarena Silva, Juan José Montenegro-Idrogo, Kelly Gebo, Jade Ghosn, María Fernanda Peña Vázquez, Eduardo Matos Prado, Uche Unigwe, Judit Villar-García, Noah Wald-Dickler, Jason Zucker, Roger Paredes, Alexandra Calmy, Laura Waters, Cristina Galvan-Casas, Sharon Walmsley, Chloe M Orkin","Lancet (London, England). 2023. doi: 10.1016/S0140-6736(23)00273-8..",Mitjà,"Lancet (London, England)",2023,2023/02/21,,,10.1016/S0140-6736(23)00273-8,"BACKGROUND: People living with HIV have accounted for 38-50% of those affected in the 2022 multicountry mpox outbreak. Most reported cases were in people who had high CD4 cell counts and similar outcomes to those without HIV. Emerging data suggest worse clinical outcomes and higher mortality in people with more advanced HIV. We describe the clinical characteristics and outcomes of mpox in a cohort of people with HIV and low CD4 cell counts (CD4 <350 cells per mm3). METHODS: A network of clinicians from 19 countries provided data of confirmed mpox cases between May 11, 2022, and Jan 18, 2023, in people with HIV infection. Contributing centres completed deidentified structured case report sheets to include variables of interest relevant to people living with HIV and to capture more severe outcomes. We restricted this series to include only adults older than 18 years living with HIV and with a CD4 cell count of less than 350 cells per mm3 or, in settings where a CD4 count was not always routinely available, an HIV infection clinically classified as US Centers for Disease Control and Prevention stage C. We describe their clinical presentation, complications, and causes of death. Analyses were descriptive. FINDINGS: We included data of 382 cases: 367 cisgender men, four cisgender women, and ten transgender women. The median age of individuals included was 35 (IQR 30-43) years. At mpox diagnosis, 349 (91%) individuals were known to be living with HIV; 228 (65%) of 349 adherent to antiretroviral therapy (ART); 32 (8%) of 382 had a concurrent opportunistic illness. The median CD4 cell count was 211 (IQR 117-291) cells per mm3, with 85 (22%) individuals with CD4 cell counts of less than 100 cells per mm3 and 94 (25%) with 100-200 cells per mm3. Overall, 193 (51%) of 382 had undetectable viral load. Severe complications were more common in people with a CD4 cell count of less than 100 cells per mm3 than in those with more than 300 cells per mm3, including necrotising skin lesions (54% vs 7%), lung involvement (29% vs 0%) occasionally with nodules, and secondary infections and sepsis (44% vs 9%). Overall, 107 (28%) of 382 were hospitalised, of whom 27 (25%) died. All deaths occurred in people with CD4 counts of less than 200 cells per mm3. Among people with CD4 counts of less than 200 cells per mm3, more deaths occurred in those with high HIV viral load. An immune reconstitution inflammatory syndrome to mpox was suspected in 21 (25%) of 85 people initiated or re-initiated on ART, of whom 12 (57%) of 21 died. 62 (16%) of 382 received tecovirimat and seven (2%) received cidofovir or brincidofovir. Three individuals had laboratory confirmation of tecovirimat resistance. INTERPRETATION: A severe necrotising form of mpox in the context of advanced immunosuppression appears to behave like an AIDS-defining condition, with a high prevalence of fulminant dermatological and systemic manifestations and death. FUNDING: None.","[MeSH] Adult; [MeSH] Male; [MeSH] Humans; [MeSH] Female; [MeSH] HIV Infections; [MeSH] Mpox, Monkeypox; [MeSH] Acquired Immunodeficiency Syndrome; [MeSH] CD4 Lymphocyte Count; [MeSH] Viral Load"
39513669,Programmable Macrophage Vesicle Based Bionic Self-Adjuvanting Vaccine for Immunization against Monkeypox Virus.,"Weiqiang Lin, Chenguang Shen, Mengjun Li, Shengchao Ma, Chenxin Liu, Jialin Huang, Zuning Ren, Yuechao Yang, Minghai Zhao, Qiulin Xie, Shuang Guo, Wei Wang, Kaiyuan Wang, Qiang Ma, Yideng Jiang, Judun Zheng, Yuhui Liao","Advanced science (Weinheim, Baden-Wurttemberg, Germany). 2024. doi: 10.1002/advs.202408608..",Lin,"Advanced science (Weinheim, Baden-Wurttemberg, Germany)",2025,2024/11/08,,,10.1002/advs.202408608,"The emergence of monkeypox has become a global health threat after the COVID-19 pandemic. Due to the lack of available specifically treatment against MPV, developing an available vaccine is thus the most prospective and urgent strategy. Herein, a programmable macrophage vesicle based bionic self-adjuvanting vaccine (AM@AEvs-PB) is first developed for defending against monkeypox virus (MPV). Based on MPV-related antigen-stimulated macrophage-derived vesicles, the nanovaccine is constructed by loading the mature virion (MV)-related intracellular protein (A29L/M1R) and simultaneously modifying with the enveloped virion (EV) antigen (B6R), enabling them to effectively promote antigen presentation and enhance adaptive immune through self-adjuvant strategy. Owing to the synergistic properties of bionic vaccine coloaded MV and EV protein in defensing MPV, the activation ratio of antigen-presenting cells is nearly four times than that of single antigen in the same dose, resulting in stronger immunity in host. Notably, intramuscular injection uptake of AM@AEvs-PB demonstrated vigorous immune-protective effects in the mouse challenge attempt, offering a promising strategy for pre-clinical monkeypox vaccine development.",bionic vaccine; extracellular enveloped virion; intracellular mature virion; macrophage vesicles; monkeypox virus
36355615,"Epidemiologic Features of the Monkeypox Outbreak and the Public Health Response - United States, May 17-October 6, 2022.","Christine Marie Kava, Dallas M Rohraff, Bailey Wallace, Jennifer L Mendoza-Alonzo, Dustin W Currie, Anna E Munsey, Nicole M Roth, Jonathan Bryant-Genevier, Jordan L Kennedy, Daniel L Weller, Athalia Christie, Jennifer H McQuiston, Peter Hicks, Penelope Strid, Emily Sims, Maria E Negron, Kashif Iqbal, Sascha Ellington, Dawn K Smith",MMWR. Morbidity and mortality weekly report. 2022. doi: 10.15585/mmwr.mm7145a4..,Kava,MMWR. Morbidity and mortality weekly report,2022,2022/11/11,,,10.15585/mmwr.mm7145a4,"On May 17, 2022, the Massachusetts Department of Health announced the first suspected case of monkeypox associated with the global outbreak in a U.S. resident. On May 23, 2022, CDC launched an emergency response (1,2). CDC's emergency response focused on surveillance, laboratory testing, medical countermeasures, and education. Medical countermeasures included rollout of a national JYNNEOS vaccination strategy, Food and Drug Administration (FDA) issuance of an emergency use authorization to allow for intradermal administration of JYNNEOS, and use of tecovirimat for patients with, or at risk for, severe monkeypox. During May 17-October 6, 2022, a total of 26,384 probable and confirmed* U.S. monkeypox cases were reported to CDC. Daily case counts peaked during mid-to-late August. Among 25,001 of 25,569 (98%) cases in adults with information on gender identity,† 23,683 (95%) occurred in cisgender men. Among 13,997 cisgender men with information on recent sexual or close intimate contact,§ 10,440 (75%) reported male-to-male sexual contact (MMSC) ≤21 days preceding symptom onset. Among 21,211 (80%) cases in persons with information on race and ethnicity,¶ 6,879 (32%), 6,628 (31%), and 6,330 (30%) occurred in non-Hispanic Black or African American (Black), Hispanic or Latino (Hispanic), and non-Hispanic White (White) persons, respectively. Among 5,017 (20%) cases in adults with information on HIV infection status, 2,876 (57%) had HIV infection. Prevention efforts, including vaccination, should be prioritized among persons at highest risk within groups most affected by the monkeypox outbreak, including gay, bisexual, and other men who have sex with men (MSM); transgender, nonbinary, and gender-diverse persons; racial and ethnic minority groups; and persons who are immunocompromised, including persons with advanced HIV infection or newly diagnosed HIV infection.","[MeSH] Adult; [MeSH] United States; [MeSH] Humans; [MeSH] Male; [MeSH] Female; [MeSH] Homosexuality, Male; [MeSH] Ethnicity; [MeSH] HIV Infections; [MeSH] Mpox, Monkeypox; [MeSH] Minority Groups; [MeSH] Sexual and Gender Minorities; [MeSH] Gender Identity; [MeSH] Cause of Death; [MeSH] Disease Outbreaks"
39236707,Comparison of protection against mpox following mRNA or modified vaccinia Ankara vaccination in nonhuman primates.,"Eric M Mucker, Alec W Freyn, Sandra L Bixler, Deniz Cizmeci, Caroline Atyeo, Patricia L Earl, Harini Natarajan, Genesis Santos, Tiffany R Frey, Rafael H Levin, Anusha Meni, Guha A Arunkumar, Daniel Stadlbauer, Patricia A Jorquera, Hamilton Bennett, Joshua C Johnson, Kath Hardcastle, Jeffrey L Americo, Catherine A Cotter, Jeff W Koehler, Christopher I Davis, Joshua D Shamblin, Kristin Ostrowski, Jo Lynne Raymond, Keersten M Ricks, Andrea Carfi, Wen-Han Yu, Nancy J Sullivan, Bernard Moss, Galit Alter, Jay W Hooper",Cell. 2024. doi: 10.1016/j.cell.2024.08.043..,Mucker,Cell,2024,2024/09/04,,,10.1016/j.cell.2024.08.043,"In 2022, mpox virus (MPXV) spread worldwide, causing 99,581 mpox cases in 121 countries. Modified vaccinia Ankara (MVA) vaccine use reduced disease in at-risk populations but failed to deliver complete protection. Lag in manufacturing and distribution of MVA resulted in additional MPXV spread, with 12,000 reported cases in 2023 and an additional outbreak in Central Africa of clade I virus. These outbreaks highlight the threat of zoonotic spillover by Orthopoxviruses. mRNA-1769, an mRNA-lipid nanoparticle (LNP) vaccine expressing MPXV surface proteins, was tested in a lethal MPXV primate model. Similar to MVA, mRNA-1769 conferred protection against challenge and further mitigated symptoms and disease duration. Antibody profiling revealed a collaborative role between neutralizing and Fc-functional extracellular virion (EV)-specific antibodies in viral restriction and ospinophagocytic and cytotoxic antibody functions in protection against lesions. mRNA-1769 enhanced viral control and disease attenuation compared with MVA, highlighting the potential for mRNA vaccines to mitigate future pandemic threats.",MVA; antibody; challenge; correlate; mRNA; monkeypox; mpox; primate; serology; vaccine
36882313,Mpox proctitis as a likely predisposing factor for chlamydial perihepatitis in a male patient.,"Shir Azrielant, Amichai Sheffy, Fahim Kanani, Israel Nissan, Amos Adler, Michal Dekel",Sexually transmitted infections. 2023. doi: 10.1136/sextrans-2023-055757..,Azrielant,Sexually transmitted infections,2023,2023/03/07,,,10.1136/sextrans-2023-055757,"Perihepatitis (Fitz-Hugh-Curtis syndrome) is a rare complication of sexually transmitted infections, mostly seen in women. Only 12 male cases have been reported to date, of which Chlamydia trachomatis was confirmed in 2. We report a case of chlamydial perihepatitis in a male patient, occurring 1 month after Mpox and associated with the unusual LGV ST23 strain. Our case suggests that rectal Mpox lesions may facilitate chlamydial dissemination.","Chlamydia trachomatis; genital diseases, male; lymphogranuloma venereum; sexual health"
41209598,Non-exanthematous mpox infections in Nigeria: a possible explanation of the sporadic outbreaks in city centers?,"Simeon Cadmus, Matthias Besong, Victor Akinseye, Samuel Ayanwale, Adekunle Ayinmode, Daniel Oluwayelu, Hyacinth Ebenyi, Adeola Fowotade, Michael Olisa, Emeka Sampson, Ephraim Nwanga, Terese Gabriel Orum, Opeyemi Alayande, Rasheed Ansumana, Eniola Cadmus, Solomon Odemuyiwa, Oyewale Tomori",The Pan African medical journal. 2025. doi: 10.11604/pamj.supp.2025.50.1.46087..,Cadmus,The Pan African medical journal,2025,2025/04/08,,,10.11604/pamj.supp.2025.50.1.46087,"INTRODUCTION: non-exanthematous presentations in mpox infection are increasingly reported, posing a risk of underestimating the true burden of the disease. In Nigeria, border towns play a unique role in shaping the dynamics of mpox transmission, yet they have received relatively little research attention. This study aims to address this gap by investigating the prevalence of mpox infection in a potential hotspot region of Nigeria. METHODS: a cross-sectional study was conducted during a free medical outreach in Iboko, Izzi Local Government Area, Ebonyi State, Nigeria, from April 15 to May 20, 2024. Participants were educated on the study objectives and provided informed consent for clinical evaluation and sample collection. Blood samples from 75 participants were tested for the mpox virus using quantitative PCR. Socio-demographic data and clinical presentations were also recorded. RESULTS: the mean age of participants was 51.3 ± 18.0 years, and 73.3% were female. Most participants (78.7%) were farmers, and 52.0% had no formal education. Headache (69.3%) and body pain (37.3%) were the most common clinical symptoms, with only 3.6% presenting with fever. Mpox virus DNA was detected in two participants (2.67%) designated K3 and K4. Both cases lacked exanthematous lesions but reported headache and body pain. CONCLUSION: this study identified the presence of non-exanthematous mpox infections in Nigeria, emphasizing the need to recognize and address ""subclinical"" spreaders to mitigate sporadic outbreaks of mpox infection. In addition, the findings highlight the importance of integrating targeted awareness campaigns to enhance surveillance and improve case detection of asymptomatic mpox in Nigeria.",CAN; Mpox; Nigeria; One Health; non-exanthematous
37128764,"Mpox in pregnancy: Management, risks and challenges in Africa and lessons from the COVID-19 pandemic.","Akaninyene Eseme Ubom, Sebastine Oseghae Oiwoh, Akinyosoye Deji Ajiboye, Solomon Nyeche, Adu Appiah-Kubi, Aisha Ebehireme Sokunbi, Christabel Mweene Mbiiza, Fatai Olatunde Olanrewaju, Edesiri Ejovwoke Ighorodje, Ayesha Akinkugbe, Joseph Okoeguale, Oluwaseun Dorcas Ojo, Emmanuel Adeiza Unwaha, Peter Chibuzor Oriji, Tolulope Oluwatimileyin Adebawojo, Obinna Prince Ekwebalam, Treasure Inyeneobong Okwaraoha, Omotade Adebimpe Ijarotimi, Reuben Agbons Eifediyi, Sylvanus Akhalufo Okogbenin, Tochi Okwor, John Igemo Ikimalo, Oluwafemi Kuti, Olusola Benjamin Fasubaa, Dimie Ogoina",International journal of gynaecology and obstetrics: the official organ of the International Federation of Gynaecology and Obstetrics. 2023. doi: 10.1002/ijgo.14810..,Ubom,International journal of gynaecology and obstetrics: the official organ of the International Federation of Gynaecology and Obstetrics,2023,2023/05/02,,,10.1002/ijgo.14810,"Data on mpox in pregnancy are currently limited. Historically, only 65 cases in pregnancy have been reported globally since mpox was discovered in 1958. This includes 59 cases in the current outbreak. Vertical transmission was confirmed in one patient. Pregnant women are at high risk of severe disease owing to immunological and hormonal changes that increase susceptibility to infections in pregnancy. African women appear to be at higher risk of mpox infection and adverse outcomes in pregnancy for epidemiological and immunologic reasons, in addition to the background high rates of adverse feto-maternal outcomes in the region. This risk is potentially heightened during the COVID-19 pandemic due to the possibility of mpox virus exportation/importation as a result of the lifting of movement restrictions and trans-border travels between countries affected by the current outbreak. Furthermore, coinfection with mpox and COVID-19 in pregnancy is possible, and the clinical features of both conditions may overlap. Challenges of diagnosis and management of mpox in pregnancy in Africa include patients concealing their travel history from healthcare providers and absconding from/evading isolation after diagnosis, shortage of personal protective equipment and polymerase chain reaction testing facilities for diagnosis, vaccine hesitancy/resistance, and poor disease notification systems. There is a need for local, regional and global support to strengthen the capacity of African countries to address these challenges and potentially reduce the disease burden among pregnant women in the continent.",infectious diseases; low-resource settings; maternal and perinatal outcomes; monkeypox; mpox; sub-Saharan Africa; zoonotic diseases
39774420,Risk factors for human infection with mpox among the Mexican population with social security.,"Alfonso Vallejos Parás, Lumumba Arriaga Nieto, David Alejandro Cabrera Gaytán, Bernardo Cacho Díaz, Leticia Jaimes Betancourt, Porfirio Felipe Hernández Bautista, Oscar Cruz Orozco, Gabriel Valle Alvarado, Alejandro Moctezuma Paz, Mónica Grisel Rivera Mahey",PloS one. 2025. doi: 10.1371/journal.pone.0313691..,Vallejos,PloS one,2025,2025/01/08,,,10.1371/journal.pone.0313691,"BACKGROUND: The 2022 mpox outbreak marked a significant shift in the epidemiology of this zoonotic disease, traditionally confined to Central and West Africa. With over 80 countries reporting cases, this outbreak was characterized by a rapid spread in non-endemic regions, leading to more than 70,000 confirmed cases globally. OBJECTIVE: To quantify the cumulative incidence of mpox and identify associated factors of mpox among the Mexican population affiliated by the Mexican Social Security Institute during the 2022-2023 outbreak. MATERIAL AND METHODS: A retrospective observational study using a cross-sectional survey to assess the cumulative incidence and factors associated with mpox. The cumulative incidence of laboratory confirmed mpox cases was calculated by dividing the number of confirmed cases by the insured population in the Mexican Social Security Institute as of mid-2022, per 100,000 individuals, this was analyzed by sex, age group, sexual orientation and people living with HIV. Logistic regression analyses were conducted to identify sociodemographic and clinical factors associated with mpox infection. RESULTS: A total of 2,956 probable cases were reported, with 1,744 (59%) laboratory-confirmed mpox cases. Most confirmed cases were male, with a median age of 32 years. The overall cumulative incidence was 4.05 per 100,000 persons, significantly higher in men and men who have sex with men. Logistic regression revealed that male sex was significantly associated with higher odds of laboratory-confirmed mpox. Age groups 30-34, 35-39, and 40-44 had an elevated risk of infection. Men who have sex with men showed a substantially increased likelihood of mpox, while individuals living with HIV were at higher risk compared to those without HIV. Key clinical predictors included fever, arm rash, and inguinal lymphadenopathy. CONCLUSION: The 2022 mpox outbreak revealed significant disparities in infection risk, particularly among men, men who have sex with men, and individuals living with HIV.","[MeSH] Adolescent; [MeSH] Adult; [MeSH] Aged; [MeSH] Child; [MeSH] Child, Preschool; [MeSH] Female; [MeSH] Humans; [MeSH] Infant; [MeSH] Male; [MeSH] Middle Aged; [MeSH] Young Adult; [MeSH] Cross-Sectional Studies; [MeSH] Disease Outbreaks; [MeSH] Incidence; [MeSH] Mexico; [MeSH] Mpox, Monkeypox; [MeSH] Retrospective Studies; [MeSH] Risk Factors; [MeSH] Social Security"
36298710,Monkeypox: A Comprehensive Review.,"Harapan Harapan, Youdiil Ophinni, Dewi Megawati, Andri Frediansyah, Sukamto S Mamada, Mirnawati Salampe, Talha Bin Emran, Wira Winardi, Raisha Fathima, Salin Sirinam, Pichamon Sittikul, Ana M Stoian, Firzan Nainu, Malik Sallam",Viruses. 2022. doi: 10.3390/v14102155..,Harapan,Viruses,2022,2022/09/29,,,10.3390/v14102155,"The 2022 multi-country monkeypox outbreak in humans has brought new public health adversity on top of the ongoing coronavirus disease 2019 (COVID-19) pandemic. The disease has spread to 104 countries throughout six continents of the world, with the highest burden in North America and Europe. The etiologic agent, monkeypox virus (MPXV), has been known since 1959 after isolation from infected monkeys, and virulence among humans has been reported since the 1970s, mainly in endemic countries in West and Central Africa. However, the disease has re-emerged in 2022 at an unprecedented pace, with particular concern on its human-to-human transmissibility and community spread in non-endemic regions. As a mitigation effort, healthcare workers, public health policymakers, and the general public worldwide need to be well-informed on this relatively neglected viral disease. Here, we provide a comprehensive and up-to-date overview of monkeypox, including the following aspects: epidemiology, etiology, pathogenesis, clinical features, diagnosis, and management. In addition, the current review discusses the preventive and control measures, the latest vaccine developments, and the future research areas in this re-emerging viral disease that was declared as a public health emergency of international concern.",emergency; emerging viral infectious diseases; epidemic; international concern; prevention; public health; vaccination; zoonosis
36288762,"Genital pustules, fever, lymphadenopathy in a heterosexual couple.","Luca Pipitò, Antonio Cascio",Travel medicine and infectious disease. 2022. doi: 10.1016/j.tmaid.2022.102483..,Pipitò,Travel medicine and infectious disease,2022,2022/10/23,,,10.1016/j.tmaid.2022.102483,,Genital herpes; HSV; MPXV; Monkeypox
38674608,Molecular Diagnosis of Human Monkeypox Virus during 2022-23 Outbreak: Preliminary Evaluation of Novel Real-Time Qualitative PCR Assays.,"Vanessa De Pace, Bianca Bruzzone, Valentina Ricucci, Alexander Domnich, Giulia Guarona, Giada Garzillo, Rexhina Qosja, Giulia Ciccarese, Antonio Di Biagio, Andrea Orsi, Giancarlo Icardi",Microorganisms. 2024. doi: 10.3390/microorganisms12040664..,De,Microorganisms,2024,2024/03/27,,,10.3390/microorganisms12040664,"In 2022-23, the human monkeypox virus (MPXV) caused a global outbreak in several non-endemic countries. Here, we evaluated the diagnostic performance of four real-time qualitative PCR assays for the laboratory diagnosis of mpox (monkeypox) monkeypox disease. From July to August 2022, 27 positive and 10 negative specimens (lesion, crust and exudate swabs) were tested in the laboratory of the Hygiene Unit of the San Martino Hospital (Genoa, Italy) by using home-made real-time PCR to detect MPXV generic G2R_G DNA. According to the manufacturer's instructions, we also retrospectively analyzed these specimens using RealCycler MONK-UX/-GX (Progenie Molecular), STANDARD M10 MPX/OPX (SD Biosensor), Novaplex MPXV (Seegene Inc.) and RealStar Orthopoxvirus PCR Kit 1.0 (Altona Diagnostics) assays, recognized as research-use-only tests. The diagnostic accuracy and sensitivity of these assays ranged from 97.3% (95% CI: 86.2-99.5%) to 100% (95% CI: 90.6-100%) and 96.3% (95% CI: 81.72-99.34%) to 100% (95% CI: 72.2-100%), respectively. The RealCycler MONK-UX and STANDARD M10 MPX/OPX did not detect one positive sample with a cycle threshold of 36. The overall specificity was 100% (95% CI: 72.2-100%), and Cohen's Kappa values ranged from 1 (95% CI: 0.67-1) to 0.93 (95% CI: 0.61-1). As they are highly accurate, reliable and user-friendly, these tests should be recommended for the routine or rapid laboratory discrimination of mpox from other rash illnesses.",diagnosis; monkeypox virus; real-time PCR
41080304,Mpox in a Gynecological Setting: A Case Report.,"Yaw Abrefa Safo, Dorothy Sackey",Cureus. 2025. doi: 10.7759/cureus.92052..,Abrefa,Cureus,2025,2025/09/11,,,10.7759/cureus.92052,"Monkeypox, now called mpox, is a DNA viral-associated infection with both zoonotic and person-to-person transmission. It typically starts with the onset of prodromal symptoms followed by maculopapular or vesicular rashes at the site of primary infection, which later spreads in a disseminated fashion. The clinical presentation and disease severity of Mpox infection have varied immensely, mostly depending on the viral strain, the route of transmission, host susceptibility, and the quantity of virus inoculated. We present a 24-year-old female patient with no comorbidities who developed multiple vulval rashes and purulent vaginal discharge. Mpox infection from clade II (formerly West African clade) with sub-clade IIa was confirmed by polymerase chain reaction (PCR). The patient was managed with supportive care at our Infectious Disease Centre and later discharged home to continue isolation until all scabs had fallen off. Given the heterogeneous presentation of mpox disease, obstetricians and gynecologists should maintain a high index of suspicion in patients with genital lesions. Establishment and optimization of PCR protocols in the sub-Saharan region are necessary for prompt confirmation and management.",epidermiology; genital rash; ghana; gynecology; monkeypox; mpox; vulval lesions
39027066,Monkeypox-related ophthalmic disease.,"Liang Yi-Ting, Huang Chien-Hsien, Fang Hwa-Hsin, Cheng Cheng-Kuo, Peng Pai-Huei",Taiwan journal of ophthalmology. 2024. doi: 10.4103/tjo.TJO-D-23-00141..,Yi-Ting,Taiwan journal of ophthalmology,2024,2024/04/18,,,10.4103/tjo.TJO-D-23-00141,"Monkeypox (Mpox) is an acute febrile rash illness caused by the Mpox virus. The ongoing international outbreak since mid-2022 has spread worldwide, including Taiwan. Ocular involvement in Mpox infection is uncommon, including external and ocular surface lesions. Here, we describe a man who developed unilateral blepharoconjunctivitis and preseptal cellulitis, followed by the appearance of skin symptoms 6 days after the ocular manifestations. Samples taken from his oropharynx and skin lesions tested positive for the Mpox virus through a polymerase chain reaction test. He was hospitalized for isolation with topical lubricant, antibiotic, and acyclovir eye ointment until the skin lesions healed. However, on the day of discharge, punctate epithelial keratitis was observed in the same eye. The corneal lesion also tested positive for the Mpox virus. His keratitis progressed to dendritic ulceration, and treatment with tecovirimat was initiated. Initially, his corneal ulcer responded well to tecovirimat, but 12 days later, it deteriorated along with cells in the anterior chamber. To treat his condition, low-dose steroid and ganciclovir eye drops were administered. Eventually, the patient experienced resolution of the corneal lesion, leaving a scar.",Blepharoconjunctivitis; keratitis; monkeypox; uveitis
41626196,"Operationalizing a Hub-and-Spoke Telemedicine Model for Mpox Surveillance in a High-Alert, Zero-Prevalence Setting: An Observational Study, Real-World Experience From Iran.","Owrang Eilami, Nader Eilami, Alireza Heiran, Mehdi Nejat, Mehrab Sayadi",Interdisciplinary perspectives on infectious diseases. 2026. doi: 10.1155/ipid/9955516..,Eilami,Interdisciplinary perspectives on infectious diseases,2026,2026/01/31,,,10.1155/ipid/9955516,"BACKGROUND: The global monkeypox (Mpox) outbreak prompted heightened surveillance in regions with significant travel links. Fars Province, Iran, implemented a structured telemedicine response to manage patients presenting with Mpox-like symptoms. OBJECTIVES: This study aimed to describe and evaluate the impact of a tiered, hub-and-spoke telemedicine model on the triage, differential diagnosis, and cost efficiency of managing suspected Mpox cases in a setting with no confirmed Mpox. MATERIALS AND METHODS: In this observational study conducted from August 27 to September 22, 2024, 150 patients presenting with fever and vesiculopustular rash across Fars Province were managed via a mandated protocol. Cases unresolved by local physicians were escalated via asynchronous (store-and-forward) WhatsApp consultations to a central specialist hub. Diagnostic testing, including Orthopoxvirus (Mpox) PCR, varicella zoster virus PCR, and herpes simplex virus testing, was performed based on telemedicine triage. A cost-consequence analysis compared the implemented pathway to a hypothetical standard referral scenario. RESULTS: Among 150 teleconsultations, 28 patients (18.7%) were triaged as high suspicion for Mpox; three had relevant international travel history. No Mpox cases were confirmed. Final diagnoses were varicella (56.7%), herpes zoster (27.3%), herpes simplex (8.0%), and other conditions (8.0%). The telemedicine model prevented 122 (81.3%) unnecessary in-person specialist referrals. The median consultation response time was 95 min. The cost analysis showed a 76% reduction in direct costs, saving an estimated 1,087,500,000 Iranian Rials compared to standard care. CONCLUSION: A tiered telemedicine model proved effective for outbreak preparedness, enabling rapid expert triage, accurate differential diagnosis, and significant resource savings in a high-alert, zero-prevalence setting. This approach might yield a scalable blueprint for managing future alerts of emerging infectious diseases with cutaneous manifestations.",Mpox; mHealth; monkeypox; monkeypox virus; telecommunications; telehealth; telemedicine; virtual medicine
40792286,The Role of Public Health Interventions and Control Measures During Mpox Outbreaks: Enhancing Strategies for Disease Prevention and Management.,"Muhammad Shaheer Bin Faheem, Ahmed Ali Khan, Qasra Faheem, Hafiza Qurat Ul Ain, Wajiha Imam, Yusra Aimen, Raheel Ahmed",Public health challenges. 2025. doi: 10.1002/puh2.70103..,Faheem,Public health challenges,2025,2025/08/11,,,10.1002/puh2.70103,"Mpox (formerly-monkeypox) is the second viral pit break after COVID-19. It is a zoonotic viral illness caused by an orthopox virus belonging to the same genus as various cowpox and vaccinia viruses. The mpox virus has two clades, clade IIb, responsible for the disease's global expansion in 2022. The virus can be isolated from rodents, squirrels, and dormice; however, the actual reservoir is unknown. Animal-to-human and human-to-human transmission can occur through noninvasive as well as invasive routes. The disease is more prevalent among homosexuals and injectable drug users, as long-term contact is required for transmission. The disease typically presents with fever, myalgia, rash, and lymphadenopathy following an incubation period of 1-2 weeks. Skin lesions are considered preferred diagnostic specimen, with polymerase chain reaction (PCR) remaining the gold standard for confirming diagnosis. Symptomatic treatment antipyretics, antihistamines, and warm baths are given. Oral and intravenous antivirals like tecovirimat and cidofovir are used only in emergency settings, as the clinical trials on their efficacy are still in progress. Vaccinia intravenous immunoglobulins IVIG can be used in immunocompromised individuals. ACAM 2000, IMVAMUNE, and Dryvax are the available vaccines. Non-pharmacological interventions like hand hygiene, social distancing, and personal protective equipment can significantly reduce viral transmission, whereas early diagnosis can limit the prevalence by providing timely public health interventions.",COVID‐19; GeneXpert; lymphadenopathy; monkeypox; nucleic acid amplification tests
39006424,A Label-free Optical Biosensor-Based Point-of-Care Test for the Rapid Detection of Monkeypox Virus.,"Mete Aslan, Elif Seymour, Howard Brickner, Alex E Clark, Iris Celebi, Michael B Townsend, Panayampalli S Satheshkumar, Megan Riley, Aaron F Carlin, M Selim Ünlü, Partha Ray",medRxiv : the preprint server for health sciences. 2024. doi: 10.1101/2024.07.03.24309903..,Aslan,medRxiv : the preprint server for health sciences,2024,2024/07/05,,,10.1101/2024.07.03.24309903,"Diagnostic approaches that combine the high sensitivity and specificity of laboratory-based digital detection with the ease of use and affordability of point-of-care (POC) technologies could revolutionize disease diagnostics. This is especially true in infectious disease diagnostics, where rapid and accurate pathogen detection is critical to curbing the spread of disease. We have pioneered an innovative label-free digital detection platform that utilizes Interferometric Reflectance Imaging Sensor (IRIS) technology. IRIS leverages light interference from an optically transparent thin film, eliminating the need for complex optical resonances to enhance the signal by harnessing light interference and the power of signal averaging in shot-noise-limited operation to achieve virtually unlimited sensitivity. In our latest work, we have further improved our previous 'Single-Particle' IRIS (SP-IRIS) technology by allowing the construction of the optical signature of target nanoparticles (whole virus) from a single image. This new platform, 'Pixel-Diversity' IRIS (PD-IRIS), eliminated the need for z-scan acquisition, required in SP-IRIS, a time-consuming and expensive process, and made our technology more applicable to POC settings. Using PD-IRIS, we quantitatively detected the Monkeypox virus (MPXV), the etiological agent for Monkeypox (Mpox) infection. MPXV was captured by anti-A29 monoclonal antibody (mAb 69-126-3) on Protein G spots on the sensor chips and were detected at a limit-of-detection (LOD) - of 200 PFU/ml (~3.3 attomolar). PD-IRIS was superior to the laboratory-based ELISA (LOD - 1800 PFU/mL) used as a comparator. The specificity of PD-IRIS in MPXV detection was demonstrated using Herpes simplex virus, type 1 (HSV-1), and Cowpox virus (CPXV). This work establishes the effectiveness of PD-IRIS and opens possibilities for its advancement in clinical diagnostics of Mpox at POC. Moreover, PD-IRIS is a modular technology that can be adapted for the multiplex detection of pathogens for which high-affinity ligands are available that can bind their surface antigens to capture them on the sensor surface.",Intact Virus detection; Label-free biosensor; Monkeypox (Mpox); Pixel Diversity Interferometric Reflectance Imaging Sensor (PD-IRIS); Point of Care (POC) diagnostics
37363720,Knowledge of mpox and its determinants among the healthcare personnel in Arabic regions: A multi-country cross-sectional study.,"Sarya Swed, Haidara Bohsas, Muhammad Mainuddin Patwary, Hidar Alibrahim, Amine Rakab, Abdulqadir J Nashwan, Wael Hafez, Noheir A I Hassan, Sheikh Shoib, Mohamed Elsayed, Bisher Sawaf, Mhd Kutaiba Albuni, Elias Battikh, Gihan Mustafa Kamal Mohamed, Adel AlBozom, Ebrahim Shaddad, Sherihan Fathey, Mila Nu Nu Htay, Sanjit Sah, Ivan Cherrez-Ojeda, Aroop Mohanty, Bijaya Kumar Padhi, Alfonso J Rodriguez-Morales, Aravind Gandhi P, Ranjit Sah",New microbes and new infections. 2023. doi: 10.1016/j.nmni.2023.101146..,Swed,New microbes and new infections,2023,2023/06/09,,,10.1016/j.nmni.2023.101146,"BACKGROUND & AIM: The monkeypox virus (MPXV), an Orthopoxvirus family member, is the zoonotic agent that causes mpox (formerly known as monkeypox). The ongoing mpox pandemic has caused cases across continents involving 110 countries. This study aimed to assess mpox knowledge and its determinants among healthcare personnel. METHODS: This cross-sectional study was conducted from June 6 to June 25, 2022, among 17 Arab countries. The self-administered questionnaire consists of 53 questions assessing the knowledge about the monkeypox virus. RESULTS: In total, 5874 medical students and clinical doctors from 17 Arab countries participated in this study. Only 13.8% (n = 812) of respondents have ever received information about mpox during their studies in medicine. The mean knowledge score was 13.84, and the median score was 15 (range 1-34). More than half (51.3%, n = 3012) have heard about mpox before. A low proportion of the participants had a good level of knowledge on mpox. Only 11.7% of respondents had correctly identified the natural host and the incubation period of mpox. More than half (58.9%) were aware of the signs and symptoms of mpox. Few respondents (28%) believed that mpox and smallpox have similar signs and symptoms. Specialist doctors had higher knowledge of mpox (AOR = 2.96, 95% CI = 2.24-3.92, p < 0.001) than other cadres. CONCLUSION: Mpox awareness among Arabic medical students and practitioners is low; hence immediate action in creating awareness among arab healthcare professionals is the need of the hour. This is crucial in the mpox early detection and prevention of its spread.",Awareness; Clinicians; Medical students; Middle East; Monkeypox
38028364,"Re-purposed drive-through vaccination set-up for Mpox, New York Metropolitan Area.","Marina Keller, Vishnu Chaturvedi, Rebecca Glassman, Donald S Chen, Marc El-Khoury, Mary Dundas, Nicholas Feola, Varghese Thankachen, Marie Yezzo, Keri Tone, Justin Williams, Renee Garrick",Infection prevention in practice. 2023. doi: 10.1016/j.infpip.2023.100316..,Keller,Infection prevention in practice,2023,2023/11/02,,,10.1016/j.infpip.2023.100316,"BACKGROUND: This report details how one large medical center in the Metropolitan New York area re-purposed a drive-through COVID-19 vaccination structure to handle a surge in Mpox cases in July 2022.Methods/Results: Simultaneous to on-going COVID -19 vaccination and testing, Mpox vaccination was rolled out in the same drive through structure. More than 1,820 Jynneos (Smallpox and Monkeypox Vaccine, Live, Non-replicating) vaccine dosages were delivered subcutaneously and then intradermally to 1,123 individuals through the open window of their vehicles, averaging 8-10 patients an hour. Five vaccine recipients suffered Mpox rash; there was no exposure among healthcare providers. CONCLUSION: Drive-through vaccination is an efficient model to be redeployed for future unexpected vaccine initiatives.",Epidemic surge; Intradermal; Jynneos; Monkeypox; Mpox; Vaccine drive-through
40929585,Treatment of a Patient with Severe Rash Pain Secondary to Monkeypox Virus: A Case Report.,"Trong Phu Nguyen, Alec Cartegenas, Paul Shekane",Pain medicine case reports. 2023.,Nguyen,Pain medicine case reports,2023,2023/09/01,,,,"BACKGROUND: The following case describes a multimodal analgesic approach for pain control in a patient with monkeypox (mpox) lesions. CASE REPORT: A 48-year-old man presented with a positive mpox test, an inability to tolerate solid foods due to severe throat pain and painful oral lesions, and severe genital burning and rectal pain. The pain management team utilized a multimodal analgesia regimen, which included a viscous lidocaine mouth solution, lidocaine jelly for perineal pain, acetaminophen, ketorolac, gabapentin, and oxycodone. On the following day, he was able to tolerate solid food and reported significantly less pain with defecation and urination. CONCLUSION: This case report introduces an effective multimodal approach for pain control of mpox related lesions, which utilizes viscous and/or jelly lidocaine, acetaminophen, gabapentin, nonsteroidal antiinflammatory drugs, such as ketorolac, and opioids, such as oxycodone.",Anorectal pain; Mpox; multimodal analgesia; oropharyngeal pain; rash
37753488,Cardiac Involvement in Monkeypox Outbreak.,"Muhammad Romail Manan, Iqra Nawaz, Fatima Zafar, Hamna Manan, Yashfa Nawaz","Discoveries (Craiova, Romania). 2023. doi: 10.15190/d.2023.10..",Manan,"Discoveries (Craiova, Romania)",2023,2023/09/18,,,10.15190/d.2023.10,"Unusual presentations and uncommon clinical manifestations of Monkeypox (Mpox) in the current outbreak highlight the need to focus on cardiac symptoms of the virus. Owing to limited discussion regarding cardiac involvement in recent cases of Mpox, we conducted a scoping review to determine the range of existing research and provide a descriptive overview of the current literature on these manifestations. This review was conducted using a previously developed six-stage methodological approach and keeping in view the Preferred Reporting Items for Systematic Reviews and Meta-analyses extension for Scoping Reviews (PRISMA-ScR). Records retrieved from PubMed, ScienceDirect and Google Scholar, using a two-step search strategy, were subjected to title and abstract screening, followed by full text screening of remaining articles against specified eligibility criteria. Relevant information was extracted and summarized. Our search yielded 707 records. Following title and abstract screening, 23 articles were retrieved for full text screening. Finally, a total of nine articles were included in this review (three case series and six case reports discussing a total of 13 patients). Myocarditis was identified as the most frequently reported cardiac manifestation of Mpox. Novel clinical presentations included pharyngitis, sore throat, proctalgia, and perianal irritation. Most patients reported chest pain as the primary symptom of cardiac system involvement. Elevated troponin was the most commonly reported investigation finding followed by an elevated C- Reactive Protein. There exists a lack of high-quality studies investigating cardiac system involvement in the current outbreak of Mpox. More information is needed regarding risk factors for cardiac complications, disease progression, and cardio tropism and immunological response to improve preventive/therapeutic strategies. We highlight the paucity of relevant data and call for further discussion to improve the understanding of cardiac manifestations of Mpox. This scoping review sheds light on the underexplored cardiac manifestations of Mpox and highlights the need for heightened awareness of cardiac symptoms in the current outbreak.",Heart; Monkeypox; Myocarditis; Pericarditis; Smallpox.
37611539,"Mpox (monkeypox) knowledge, concern, willingness to change behaviour, and seek vaccination: results of a national cross-sectional survey.","James MacGibbon, Vincent J Cornelisse, Anthony K J Smith, Timothy R Broady, Mohamed A Hammoud, Benjamin R Bavinton, Dash Heath-Paynter, Matthew Vaughan, Edwina J Wright, Martin Holt",Sexual health. 2023. doi: 10.1071/SH23047..,MacGibbon,Sexual health,2023,2023/10/01,,,10.1071/SH23047,"BACKGROUND: In mid-2022, a global mpox (formerly 'monkeypox') outbreak affecting predominantly gay and bisexual men emerged in non-endemic countries. Australia had never previously recorded mpox cases and there was no prior research on knowledge or attitudes to mpox among gay and bisexual men across Australia. METHODS: We conducted a national, online cross-sectional survey between August 2022 and September 2022. Participants were recruited through community organisation promotions, online advertising, and direct email invitations. Eligible participants were gay, bisexual or queer; identified as male (cisgender or transgender) or non-binary; aged 16years or older; and lived in Australia. The main outcome measures were: knowledge and concern about mpox; recognition of mpox symptoms and transmission routes; vaccination history; acceptability of behavioural changes to reduce mpox risk, and willingness to be vaccinated. RESULTS: Of 2287 participants, most participants were male (2189/2287; 95.7%) and gay (1894/2287; 82.8%). Nearly all had heard about mpox (2255/2287; 98.6%), and the majority were concerned about acquiring it (1461/2287; 64.4%). Most of the 2268 participants not previously diagnosed with mpox correctly identified skin lesions (2087; 92%), rash (1977; 87.2%), and fever (1647; 72.6%) as potential symptoms, and prolonged and brief skin-to-skin contact as potential ways to acquire mpox (2124, 93.7%; and 1860, 82%, respectively). The most acceptable behavioural changes were reducing or avoiding attendance at sex parties (1494; 65.9%) and sex-on-premises venues (1503; 66.4%), and having fewer sexual partners (1466; 64.6%). Most unvaccinated and undiagnosed participants were willing to be vaccinated (1457/1733; 84.1%). CONCLUSIONS: People at risk of mpox should be supported to adopt acceptable risk reduction strategies during outbreaks and to seek vaccination.","[MeSH] Humans; [MeSH] Male; [MeSH] Cross-Sectional Studies; [MeSH] Health Knowledge, Attitudes, Practice; [MeSH] Adult; [MeSH] Australia; [MeSH] Middle Aged; [MeSH] Young Adult; [MeSH] Patient Acceptance of Health Care; [MeSH] Adolescent; [MeSH] Vaccination; [MeSH] Surveys and Questionnaires; [MeSH] Sexual and Gender Minorities; [MeSH] Disease Outbreaks; [MeSH] Homosexuality, Male"
38817885,Prediction of potential public health risk of the recent multicountry monkeypox outbreak: An update after the end declaration of global public health emergency.,"Md Aminul Haque, Angelina Samantha Halder, Md Jamal Hossain, Md Rabiul Islam",Health science reports. 2024. doi: 10.1002/hsr2.2136..,Haque,Health science reports,2024,2024/05/29,,,10.1002/hsr2.2136,"BACKGROUND AND AIMS: A double-stranded DNA virus called monkeypox virus (MPV) belonging to the Poxviridae family and Orthopoxvirus genus causes monkeypox (mpox) infection. This virus used to infect only Central, East, and West Africa. However, it has spread to an extent outside Africa recently. The range of MPV outbreaks was so high that on July 23, 2022, the World Health Organization (WHO) declared it a Public Health Emergency of International Concern (PHEIC). About a year later, the WHO notified the end of a global public health emergency for mpox on May 11, 2023. Here, we aimed to assess the current pathogenicity and potential risk of MPV causing public health emergencies. METHODS: We searched information from published articles available in PubMed, Scopus, and ScienceDirect. We used monkeypox, mpox, monkeypox outbreak, and monkeypox virus as keywords during the literature search. RESULTS: Many new variants of MPV have emerged throughout the world that created PHEIC for mpox. Considering the low lethality and transmission rate, mpox is no longer a global public health threat. In addition, the availability of therapeutic and preventive measures helped the healthcare authorities fight the mpox infection in an efficient manner. In this review, we have portrayed the history and evolution of mpox from past to present and an idea of its future outcomes. Also, we have discussed the symptoms related to mpox and approved antiviral treatment strategies to fight off the infection in this piece. This review also emphasized the preventive guidelines set by the WHO for patients, caregivers, and healthcare providers to control the outbreak of mpox infection. CONCLUSION: We believe this article would give an idea about the potential public health threats of the recent multi-country monkeypox outbreak to the healthcare authorities for taking measures accordingly.",monkeypox; monkeypox virus; mpox; orthopoxvirus; poxvirus; zoonotic disease
36676198,"Current Insights into Diagnosis, Prevention Strategies, Treatment, Therapeutic Targets, and Challenges of Monkeypox (Mpox) Infections in Human Populations.","Mitesh Patel, Mohd Adnan, Abdu Aldarhami, Abdulrahman S Bazaid, Nizar H Saeedi, Almohanad A Alkayyal, Fayez M Saleh, Ibrahim B Awadh, Amir Saeed, Khalid Alshaghdali","Life (Basel, Switzerland). 2023. doi: 10.3390/life13010249..",Patel,"Life (Basel, Switzerland)",2023,2023/01/16,,,10.3390/life13010249,"In the wake of the emergence and worldwide respread of a viral infection called Monkeypox (Mpox), there is a serious threat to the health and safety of the global population. This viral infection was endemic to the western and central parts of Africa, but has recently spread out of this endemic area to various countries, including the United Kingdom (UK), Portugal, Spain, the United States of America (USA), Canada, Sweden, Belgium, Italy, Australia, Germany, France, the Netherlands, Israel, and Mexico. This is a timely review focusing on recent findings and developments in the epidemiology, clinical features, therapeutic targets, diagnosis, prevention mechanisms, research challenges and possible treatment for Mpox. To date (29 November 2022), there have been around 81,225 reported cases of Mpox. In most cases, this illness is mild; however, there is a fatality rate ranging from 1 to 10%, which might be increased due to associated complications and/or secondary infections. There is a real challenge in the diagnosis of Mpox, since its symptoms are very similar to those of other infections, including smallpox and chickenpox. Generally, to prevent/limit the risk and transmission of Mpox, the detection and isolation of infected individuals, as well as hand hygiene and cleanliness, are essential and effective approaches to control/combat this viral infection. Nevertheless, updated information about Mpox from different angles is lacking. Thus, this review provides updated and comprehensive information about the Mpox illness, which should highlight the global burden, pathogenicity, symptoms, diagnosis, prevention measures and possible treatment of this emerging disease.",Monkeypox virus; Mpox; emerging diseases; infectious diseases; orthopoxvirus; zoonotic disease
37317160,"Overview of Diagnostic Methods, Disease Prevalence and Transmission of Mpox (Formerly Monkeypox) in Humans and Animal Reservoirs.","Ravendra P Chauhan, Ronen Fogel, Janice Limson",Microorganisms. 2023. doi: 10.3390/microorganisms11051186..,Chauhan,Microorganisms,2023,2023/04/30,,,10.3390/microorganisms11051186,"Mpox-formerly monkeypox-is a re-emerging zoonotic virus disease, with large numbers of human cases reported during multi-country outbreaks in 2022. The close similarities in clinical symptoms that Mpox shares with many orthopoxvirus (OPXV) diseases make its diagnosis challenging, requiring laboratory testing for confirmation. This review focuses on the diagnostic methods used for Mpox detection in naturally infected humans and animal reservoirs, disease prevalence and transmission, clinical symptoms and signs, and currently known host ranges. Using specific search terms, up to 2 September 2022, we identified 104 relevant original research articles and case reports from NCBI-PubMed and Google Scholar databases for inclusion in the study. Our analyses observed that molecular identification techniques are overwhelmingly being used in current diagnoses, especially real-time PCR (3982/7059 cases; n = 41 studies) and conventional PCR (430/1830 cases; n = 30 studies) approaches being most-frequently-used to diagnose Mpox cases in humans. Additionally, detection of Mpox genomes, using qPCR and/or conventional PCR coupled to genome sequencing methods, offered both reliable detection and epidemiological analyses of evolving Mpox strains; identified the emergence and transmission of a novel clade 'hMPXV-1A' lineage B.1 during 2022 outbreaks globally. While a few current serologic assays, such as ELISA, reported on the detection of OPXV- and Mpox-specific IgG (891/2801 cases; n = 17 studies) and IgM antibodies (241/2688 cases; n = 11 studies), hemagglutination inhibition (HI) detected Mpox antibodies in human samples (88/430 cases; n = 6 studies), most other serologic and immunographic assays used were OPXV-specific. Interestingly, virus isolation (228/1259 cases; n = 24 studies), electron microscopy (216/1226 cases; n = 18 studies), and immunohistochemistry (28/40; n = 7 studies) remain useful methods of Mpox detection in humans in select instances using clinical and tissue samples. In animals, OPXV- and Mpox-DNA and antibodies were detected in various species of nonhuman primates, rodents, shrews, opossums, a dog, and a pig. With evolving transmission dynamics of Mpox, information on reliable and rapid detection methods and clinical symptoms of disease is critical for disease management.",Mpox; Mpox diagnostics; Mpox genome sequencing; Mpox host range; Mpox transmission; orthopoxvirus; zoonosis
37324126,Interdisciplinary management of mpox-related local complications: report on a series of cases.,"María Gamo Guerrero, Ana Simón Gozalbo, Mariángeles Martín Díaz, Kevin Díez Madueño, Emilio Del Río Pena, Pablo De la Cueva, Tamar Talaván, Eva Jiménez, Juan Torres, Jorge Valencia, Guillermo Cuevas, Carlos Bibiano, Pablo Ryan",Frontiers in medicine. 2023. doi: 10.3389/fmed.2023.1184924..,Gamo,Frontiers in medicine,2023,2023/06/01,,,10.3389/fmed.2023.1184924,"Monkeypox (mpox) is a viral zoonosis, and human-to-human transmission can result from close contact with the respiratory secretions and mucocutaneous lesions of an infected person. The prodromal phase is followed by an eruptive phase, with skin and/or mucosal lesions that progress through several stages at different sites. In this study, we describe the importance of interdisciplinary care management and follow-up of patients with complicated mpox. A cross-sectional study was conducted from May 2022 until August 2022 at a secondary hospital in Madrid (Spain). Out of 100 patients with mpox seen at this institution, we selected and analyzed 11 with local complications. All the patients were male at birth, and the mean age was 32 (30-42) years. The clinical manifestations included skin rash or mucosal lesions, fever, myalgia and lymphadenopathies. The most frequent local complications were pharyngitis associated with dysphagia, penile edema, infection of the mucocutaneous lesions, and ulceration of the genital lesions. A multidisciplinary team was created for the care of patients with complications secondary to mpox. The team comprised dermatologists and specialists in infectious diseases, preventive medicine, and emergency medicine. This approach improved the ability to diagnose and treat early with supportive, topical, and systemic treatment. In our center most of the cases were self-limiting, and none were life-threatening. An interdisciplinary response to a public health alert enhances the management of complex patients and should be implemented in successive outbreaks of mpox.",complication; interdisciplinary; monkeypox; mpox; outbreak; secondary infection; treatment
38756609,Hospitalization determinants in patients with Mpox disease: The CEME-22 Project.,"G Ramírez Olivencia, M M Vera García, M Velasco Arribas, J Casabona, M J Martínez, F J Membrillo De Novales",Heliyon. 2024. doi: 10.1016/j.heliyon.2024.e30564..,Olivencia,Heliyon,2024,2024/05/01,,,10.1016/j.heliyon.2024.e30564,"OBJECTIVES: This sub-analysis seeks to delineate and characterize factors influencing hospitalization in individuals diagnosed with Mpox disease amidst the initial outbreak in Spain in the onset of 2022. METHODS: Employing a non-probabilistic convenience sampling approach, a retrospective multicenter investigation was carried out to examine Monkeypox virus infection within Spanish healthcare facilities. RESULTS: The median duration of the disease was 16 days, with 4.2 % of cases resulting in hospitalization. There was a single ICU admission leading to fatality. Sequelae were observed in 2.3 % of cases. Multivariate analysis revealed that hospitalization decisions were influenced by immunosuppression and severe symptoms, including gastrointestinal, neurological, ear-nose-throat, and respiratory manifestations. Significant analytical parameter differences were restricted to hemoglobin levels at diagnosis. CONCLUSIONS: This study elucidates factors influencing hospitalization decisions for Monkeypox patients in Spain, emphasizing the importance of immunosuppression and extracutaneous symptoms involving the gastrointestinal, ear-nose-throat, and respiratory pathways. In summary, hospitalization determinations arise from the interplay of these crucial dimensions.",Healthcare facilities; Hospitalization; Immunocompromised; Mpox disease; Outbreak
38887434,Systemic and Dermatologic Impact of Mpox: An Overview of Guideline-Based Management for Nigerian Healthcare Workers.,"Sebastine O Oiwoh, Perpetua U Ibekwe, Atinuke A Ajani, Olufolakemi M Cole-Adeife, Fatai O Olanrewaju, Murphy M Oripelaye, Adeolu O Akinboro, Ayesha O Akinkugbe, Tahir T Mohammed",Nigerian medical journal : journal of the Nigeria Medical Association. 2023. doi: 10.3390/v12111257..,Oiwoh,Nigerian medical journal : journal of the Nigeria Medical Association,2023,2023/05/05,,,10.3390/v12111257,"Monkeypox/Mpox is an Orthopoxvirus infection of the skin and mucous membranes in the same family as smallpox virus. Infection mainly affects the skin, but the eyes, lungs, brain, gastrointestinal tract, and other organs may also be involved to varying degrees. This narrative review on the systematic and dermatologic impact of Mpox is meant for healthcare workers, providers of social services, community leaders, religious leaders, staff of schools, influencers, and institutions. This is in a bid to bring them up to date with the clinical protocol involved in the diagnosis, management, and prevention of the spread of Mpox. Data and other pieces of information used in this review were accessed from PubMed, Google Scholar, and situation reports from the website of the Nigerian Centre for Disease Control (NCDC), the World Health Organization (WHO), and the Centre for Disease Control and Prevention (CDC). The search date was from 1980 to May 2022. Prompt recognition and diagnosis were found to be predicated on a high index of clinical suspicion while diagnosis can be confirmed through viral DNA polymerase chain reaction tests. The management of Mpox involves a multidisciplinary approach with Dermatologists playing a central role alongside other specialists and experts as it affects diagnosis, management, and follow-up. The Government should provide an enabling environment for surveillance, notification, and research of this global infection. Since the clinical presentation of Mpox is regularly changing, a regular review of the available guidelines is recommended.",Dermatology; Mpox; Skin Health Advisory
39429728,"The resurgence of monkeypox: Epidemiology, clinical features, and public health implications in the post-smallpox eradication era.","Parminder Singh, Sathvik Belagodu Sridhar, Javedh Shareef, Sirajunisa Talath, Priyanka Mohapatra, Mahalaqua Nazli Khatib, Suhas Ballal, Mandeep Kaur, Deepak Nathiya, Shilpa Sharma, G V Siva Prasad, Aashna Sinha, Amit Varma, Ganesh Bushi, Abhay M Gaidhane, Prakasini Satapathy, Muhammed Shabil, Renu Sah, Jaffar A Al-Tawfiq, Ranjit Sah, Alfonso J Rodriguez-Morales",New microbes and new infections. 2024. doi: 10.1016/j.nmni.2024.101487..,Singh,New microbes and new infections,2024,2024/09/24,,,10.1016/j.nmni.2024.101487,"The recent global resurgence of Mpox (formerly monkeypox), primarily transmitted via close contact and respiratory droplets, highlights a significant shift in its epidemiology, particularly among men who have sex with men (MSM). This resurgence underscores the need for robust public health responses and improved surveillance. This comprehensive review of current literature focuses on recent outbreaks, virology, and available treatments. Epidemiological data were gathered from various international health reports and analysed to understand transmission dynamics and outbreak patterns. Mpox, characterised by symptoms like fever and rash, has shown variable clinical presentations, particularly among immunocompromised individuals. Recent outbreaks have prompted the development of new diagnostic methods and treatments, including antivirals like Tecovirimat and vaccines such as MVA-BN. Studies have demonstrated the effectiveness of these vaccines in preventing infection, which is crucial for outbreak containment. The global response to the Mpox resurgence requires integrated strategies combining vaccination, antiviral treatments, and public health policies tailored to high-risk populations. Future efforts should focus on vaccine distribution equity and enhancing diagnostic capabilities to effectively manage and mitigate the impact of Mpox.",Antiviral treatment; Epidemiology; Mpox; Public health response; Transmission; Vaccination
41551841,Undetected circulation of monkeypox virus in Portugal: Evidence for a 50-day gap before first detection.,"Rita Cordeiro, Fernando da Conceição Batista, Ana Pelerito, Isabel Lopes de Carvalho, Sílvia Lopo, Raquel Neves, Raquel Rocha, Paula Palminha, Maria José Borrego, Maria Sofia Núncio, João Paulo Gomes",Global epidemiology. 2025. doi: 10.1016/j.gloepi.2025.100238..,Cordeiro,Global epidemiology,2026,2025/12/15,,,10.1016/j.gloepi.2025.100238,"As mpox continues to spread globally, proactive monitoring and preparedness are crucial to minimize impact and enhance response strategies. Using a mathematical model combining a negative binomial distribution with Richards' logistic curve, we reconstructed the hidden phase of mpox transmission in Portugal, offering insights into the timing and dynamics of the initial outbreak. The analysis of 950 PCR-positive and 986 negative cases suggested that symptom onset occurred between March 24 and April 2, 2022, with March 27 identified as the most probable date. This study delineates the likely period of silent circulation of MPXV in Portugal, providing a clearer understanding of early outbreak dynamics and surveillance performance. Possible imperfections in early diagnostic testing and limited awareness of mpox may have contributed to delayed recognition of the outbreak. By demonstrating how retrospective mathematical modelling can estimate undetected transmission periods, our findings highlight the value of such approaches in epidemic reconstruction and underscore the importance of strengthening early surveillance systems to detect undiagnosed transmission of mpox in non-endemic countries.",First case; Mathematical modelling; Mpox; Portugal; Surveillance; Symptom onset
38371541,Monkeypox (Mpox): Evolution of Transmission and Comprehensive Review.,"Pankhuri Dudani, Ananya Sharma, Morini S Tammineni, Somesh Gupta",Indian journal of dermatology. 2024. doi: 10.4103/ijd.ijd_335_23..,Dudani,Indian journal of dermatology,2023,2024/01/09,,,10.4103/ijd.ijd_335_23,"The human monkeypox (mpox) virus is an orthopox virus that can be transmitted to humans. Though the disease has been endemic in Africa, the recent mpox outbreak since May 2022. We attempted to examine differences between the endemic form of mpox and the current outbreak. Review of electronic medical database with relevant keywords. The current outbreak of mpox has disproportionately impacted the gay, bisexual and other men who have sex with men (MSM) community. This is also the first time that widespread semen testing has turned up evidence of mpox viral deoxyribonucleic acid (DNA). Cases in the present outbreak are more likely to affect adults, involve the genitalia, and have no prodrome. Close diagnostic differentials include varicella and hand-foot-mouth disease. The disease is usually self-limiting; though secondary infections, anorectal pain, pharyngitis, ocular lesions and rarely, renal injury and myocarditis may occur. This review focuses primarily on the novel clinical characteristics and emerging sexual transmission route of the mpox virus, which, although unconfirmed, appears extremely likely as the route of spread. Dermatologists have an important role in this health emergency, as early diagnosis can cause a significant reduction in disease transmission.",Monkeypox; outbreak; sexual transmission
40134704,Mpox and oral health among children in Africa.,"Moréniké Oluwátóyìn Foláyan, Adeyinka Ganiyat Ishola, Ahmed Bhayat, Maha El Tantawi, Nadia Adjoa Sam-Agudu, Nicaise Ndembi",Frontiers in oral health. 2025. doi: 10.3389/froh.2025.1539833..,Foláyan,Frontiers in oral health,2025,2025/03/11,,,10.3389/froh.2025.1539833,"Much like it has historically, recent mpox outbreaks in Africa have significantly affected children and highlight major public health challenges, including oral healthcare in pandemic responses. The global 2022 outbreak saw an unprecedented number of mpox cases outside Africa, however children were a minority, constituting less than 2%, with the vast majority of cases reported among adult men who have sex with men. However, African countries continue to report high proportions of pediatric mpox cases, particularly Clade 1 in Burundi, the DRC, and the Congo, and Clade 2 in Nigeria. Oral manifestations of mpox such as ulcers and lesions on the lips and tongue are common and can precede skin rash, making early diagnosis challenging, especially in low-resource settings. Misdiagnosis is also a risk due to the similarity of mpox oral lesions to common pediatric exanthems and enanthems. Oral and other manifestations so mpox among affected children in Africa may be worsened due to delayed treatment and increased morbidity from high rates of malnutrition and immunosuppression, including due to HIV. This paper explores the implications of mpox on the oral health of children in Africa, emphasizing the need for improved surveillance, early detection, and the integration of the mpox response into existing child health programs. Child-focused clinical and public health research, healthcare worker training, and accessible, child-friendly diagnostic tools will be crucial for mitigating the impact of mpox on this vulnerable population.",Africa; child; disease surveillance; monkeypox; oral health; outbreaks; pandemics
39338574,"Mpox and Surgery: Protocols, Precautions, and Recommendations.","Nikolaos Kamaratos-Sevdalis, Islam Kourampi, Nazli Begum Ozturk, Anna C Mavromanoli, Christos Tsagkaris",Microorganisms. 2024. doi: 10.3390/microorganisms12091900..,Kamaratos-Sevdalis,Microorganisms,2024,2024/09/15,,,10.3390/microorganisms12091900,"Mpox, also known as Monkeypox, is an infectious disease known to spread via direct contact and fomites, which poses a significant contagion risk in surgical settings and may increase the challenges already posed by COVID-19. Within the three years following the outbreak of Mpox, we conducted a review of the impact of Mpox on surgical practice. We searched Pubmed/Medline and Scopus, focusing on original studies and case reports in English or German. Our search terms included ""Mpox"", ""Monkeypox"", and ""Surgery"". Out of 60 clinical or epidemiological studies, as well as expert opinions, brief reports, and pertinent literature reviews, eight were included after full-text assessment. We also incorporated two pertinent literature reviews, including a total of 10 papers, in this analysis. The main topics addressed by the literature are 1. manifestations of Mpox for surgical consideration or urgent management, for which it is important to consider whether a surgical approach is needed to address long-term Mpox-related lesions and 2. infection control in surgical settings, especially considering its impact on elective surgery and the well-being of healthcare workers. Mpox could affect surgical services and access to operating theaters. Unlike COVID-19, Mpox, compared to initial concerns, has not substantially compromised surgical delivery. However, limited reports exist on the surgical impact of Mpox. It is crucial to involve surgeons in Mpox diagnosis, educate surgical practitioners on its mimicry of common surgical conditions, enhance infection control during surgery, and ensure access to corrective surgery as a means of tackling the stigmatization associated with Mpox and sexually transmitted diseases in general.",Mpox; Poxviridae infections; monkeypox; operating room; operative; orthopoxvirus; surgical procedures; viral zoonoses
40204171,Genetic stability of Mpox virus during in-vitro serial passaging: Insights from mutational analysis.,"J Khurana, Y Joshi, S Yadav, P D Yadav, A M Shete","Infection, genetics and evolution : journal of molecular epidemiology and evolutionary genetics in infectious diseases. 2025. doi: 10.1016/j.meegid.2025.105748..",Khurana,"Infection, genetics and evolution : journal of molecular epidemiology and evolutionary genetics in infectious diseases",2025,2025/04/07,,,10.1016/j.meegid.2025.105748,,APOBEC mutations; In vitro; Monkeypox; SNPs
37078655,Diagnosing viral encephalitis and emerging concepts.,"Heather Y F Yong, Daniel M Pastula, Ronak K Kapadia",Current opinion in neurology. 2023. doi: 10.1097/WCO.0000000000001155..,Yong,Current opinion in neurology,2023,2023/04/17,,,10.1097/WCO.0000000000001155,"PURPOSE OF REVIEW: This review offers a contemporary clinical approach to the diagnosis of viral encephalitis and discusses recent advances in the field. The neurologic effects of coronaviruses, including COVID-19, as well as management of encephalitis are not covered in this review. RECENT FINDINGS: The diagnostic tools for evaluating patients with viral encephalitis are evolving quickly. Multiplex PCR panels are now in widespread use and allow for rapid pathogen detection and potentially reduce empiric antimicrobial exposure in certain patients, while metagenomic next-generation sequencing holds great promise in diagnosing challenging and rarer causes of viral encephalitis. We also review topical and emerging infections pertinent to neuroinfectious disease practice, including emerging arboviruses, monkeypox virus (mpox), and measles. SUMMARY: Although etiological diagnosis remains challenging in viral encephalitis, recent advances may soon provide the clinician with additional tools. Environmental changes, host factors (such as ubiquitous use of immunosuppression), and societal trends (re-emergence of vaccine preventable diseases) are likely to change the landscape of neurologic infections that are considered and treated in clinical practice.","[MeSH] Humans; [MeSH] COVID-19; [MeSH] COVID-19 Testing; [MeSH] Encephalitis, Viral; [MeSH] Nervous System Diseases"
38562836,"Health activism, vaccine, and mpox discourse: BERTopic based mixed-method analyses of tweets from sexual minority men and gender diverse (SMMGD) individuals in the U.S.","Yunwen Wang, Karen O'Connor, Ivan Flores, Carl T Berdahl, Ryan J Urbanowicz, Robin Stevens, José A Bauermeister, Graciela Gonzalez-Hernandez",medRxiv : the preprint server for health sciences. 2024. doi: 10.1101/2024.03.19.24304519..,Wang,medRxiv : the preprint server for health sciences,2024,2024/03/19,,,10.1101/2024.03.19.24304519,"OBJECTIVES: To synthesize discussions among sexual minority men and gender diverse (SMMGD) individuals on mpox, given limited representation of SMMGD voices in existing mpox literature. METHODS: BERTopic (a topic modeling technique) was employed with human validations to analyze mpox-related tweets (n = 8,688; October 2020-September 2022) from 2,326 self-identified SMMGD individuals in the U.S.; followed by content analysis and geographic analysis. RESULTS: BERTopic identified 11 topics: health activism (29.81%); mpox vaccination (25.81%) and adverse events (0.98%); sarcasm, jokes, emotional expressions (14.04%); COVID-19 and mpox (7.32%); government/public health response (6.12%); mpox symptoms (2.74%); case reports (2.21%); puns on the virus' naming (i.e., monkeypox; 0.86%); media publicity (0.68%); mpox in children (0.67%). Mpox health activism negatively correlated with LGB social climate index at U.S. state level, ρ = -0.322, p = 0.031. CONCLUSIONS: SMMGD discussions on mpox encompassed utilitarian (e.g., vaccine access, case reports, mpox symptoms) and emotionally-charged themes-advocating against homophobia, misinformation, and stigma. Mpox health activism was more prevalent in states with lower LGB social acceptance. PUBLIC HEALTH IMPLICATIONS: Findings illuminate SMMGD engagement with mpox discourse, underscoring the need for more inclusive health communication strategies in infectious disease outbreaks to control associated stigma.",SMMGD; emerging infectious disease; health activism; health equity; mpox (monkeypox); natural language processing; social media; stigma prevention
40792247,Monkeypox: A comprehensive review with a focus on the Middle East and North Africa (MENA) region.,Aya A Al-Rubaye,Qatar medical journal. 2025. doi: 10.5339/qmj.2025.52..,Al-Rubaye,Qatar medical journal,2025,2025/06/18,,,10.5339/qmj.2025.52,"Background: Monkeypox (Mpox) was identified as a virus endemic to Central and Western Africa. Since 2022, the virus has gained global attention due to increasing cases in non-endemic countries among patients having no link to travel to endemic areas. The virus is primarily transmitted through animal-to-human contact but has increasingly spread via human-to-human transmission. A comprehensive understanding of the epidemiology of Mpox in the Middle East and North Africa (MENA) region is essential for effective disease prevention, diagnosis, surveillance, and control. Methods: This review investigates historical data and recent global and regional epidemiological trends of Mpox. The review discusses the clinical features, public health challenges, and preventive measures relevant to the MENA region using updated data from World Health Organization (WHO) reports, national health statistics, and additional relevant resources. Results: Mpox cases significantly spread globally during the 2022-2024 period. The MENA region has a relatively low number of documented cases, with 857 confirmed cases by August 2024. Saudi Arabia and the United Arab Emirates (UAE) reported the highest case numbers, reflecting effective surveillance and case detection. However, new cases of Mpox were announced in September 2024 in Morocco and Jordan following the WHO's declaration of Mpox as a public health emergency of international concern. Conclusion: The current number of cases in the MENA region could be underestimated due to underreporting, stigmatization, limited resources, and ongoing conflicts in several countries. It is essential to prioritize the containment of the outbreak, exploring all possible strategies to protect vulnerable communities.",Mpox; epidemiology; monkeypox; public health
39944657,Systematic review: characteristics of myocarditis followed by fixed drug eruption and dry eye syndrome in patients who have been vaccinated with monkeypox in children and adults.,"R Mohamad Javier, Stephanie Angela Prijanto, Vallexa Septina Yora, Desak Gede Yuliana Eka Pratiwi, Errini Sabilla Lilhawa Ditsi, Bella Adelia, Verika Christabela Tansuri, Hendry Wijaya, Georaldhy Yussufy Caecarma, Intan Trikumala Damayanti, Anisa Ramadhanti, Atika Rahmaputri, Chabib Fachry Albab, Afif Ferdian, Fatih Farabi, Fadila Risang Ayu, Ni Putu Ika Regina Maharani, Andika Prasetyo Arifin, Eko Setyo Herwanto, Saidah Rahmat A, Safira Dita Arviana, Syifa Nur Lathifah, Nanda Rizki Yulinar, Laksmitha Saktiono Safitri, Basyar Adnani, M Rizki Fazrian Danu, Natasya Naomi, Dayu Dwi Deria, Aulia Syifa, Panca Andana, Adrian Prasetya, Fachira Rachel Agfata, Magistra Cylvia Margaretha, Subandono Bambang Indrasto, Sukirman, Rachmanto, Hayatun Nufus, Pertiwi Febriana Chandrawati, Aan Dwi Prasetyo, Lucky Sutanto, Moch Aleq Sander",Frontiers in cardiovascular medicine. 2025. doi: 10.3389/fcvm.2024.1505298..,Mohamad,Frontiers in cardiovascular medicine,2024,2025/01/29,,,10.3389/fcvm.2024.1505298,"BACKGROUND: The Monkeypox Virus (MPOX) has caused a surge in viral infections, leading to the WHO recognizing it as a public health emergency of international concern. MPOX infection shares clinical similarities with smallpox but can cause complications like myocarditis, anorectal pain, ocular lesions, kidney damage, or soft tissue superinfection. The study aims to understand the characteristics of myocarditis, fixed drug eruption, and dry eye syndrome in Monkeypox patients. METHODS: This review was conducted based on PRISMA (Preferred Reporting Items for Systematic Reviews and Meta-Analyses), and the Cochrane Handbook for Systematic Reviews of Interventions. The data was obtained from Scopus and international journal databases by conducting combined keyword searches restricted to English-language publications. RESULT: The study examined 25 cases of Monkeypox, primarily involving males aged 32.9 years and experiencing chest pain. The prognosis was generally good, with no reported death. Risk factors for infection include sexual activity, STD diagnosis, sexual encounters, and workplace exposure to orthopoxviruses. Most cases were male and involved chest pain. Myocarditis, an inflammation in the myocardium, can cause dilated cardiomyopathy, acute arrhythmia, and heart failure. The pathophysiology of myocarditis in Monkeypox patients is not yet determined due to rarity of cases. CONCLUSION: MPOX infection presents unique complications like myocarditis, necessitating research for vaccines, antiviral drugs, and infection prevention measures. Early screening for chest pain and investigating MPXV infection's pathogenesis and clinical features are crucial for differential diagnosis during outbreaks. This systematic review can determine MPOX infection outcomes and prepare appropriate treatment for patients with complications.",MPOX vaccination; characteristics; diagnosis; dry eye syndrome; fixed drug eruption; monkeypox; myocarditis
38590626,"Epidemiology, clinical presentation, and outcome of mpox: A study of 381 cases in Saudi Arabia.","Abdullah M Assiri, Haleema Alserehi, Musallam Yunus Abuhasan, Einas Adul Aziz Khalil, Mohammed Hussain Al-Thunayan, Mohammed Saaban Alshehri, Amirah Abdulmohsen Alrossais, Abdulrahman Saeed Abudahish, Abdullah Jaber Alsahafi, Jaffar A Al-Tawfiq",IJID regions. 2024. doi: 10.1016/j.ijregi.2024.100358..,Assiri,IJID regions,2024,2024/03/21,,,10.1016/j.ijregi.2024.100358,"OBJECTIVES: There are limited data on the clinical and epidemiological aspects of mpox in Saudi Arabia. This study investigates the characteristics of Mpox cases from May to September 2023. METHODS: A total of 381 cases of Mpox were included in this study, diagnosed based on a combination of clinical symptoms and laboratory testing. RESULTS: The majority of mpox cases were males (91.1%), with a mean age of (±SD) of 32.4 (±8.3) years; 356 (93.4%) did not report travel, 277 (72.7%) denied engaging in extra-marital sex, and 379 (99.5%) were not linked to secondary cases. Fever was reported in 371 (97.4%), whereas headache was present in 314 (82.4%). Cough (1.3%) and conjunctivitis (0.5%) were rare. The most commonly affected areas in terms of lesions were the palms and soles (297 cases, 78%), followed by the genitals (206 cases, 54%), face (198 cases, 52%), and mouth (160 cases, 42%). Of the 1325 identified contacts, 1134 (85.5%) were hospital contacts, and 191 (14.5%) were community contacts, and 393 (29.6%) were high-risk contact. Of the high-risk contacts, 284 (72.3%) accepted post-exposure vaccination. The genotyped samples were all subclade IIb (formerly the West Africa clade). CONCLUSIONS: This study provides valuable insights into mpox characteristics in Saudi Arabia. The genome of monkeypox virus belonged to subclade IIb of the West Africa clade. Further analysis of the global tree sublineage is needed.",Clinical characteristics; Epidemiology; Genomic sequencing; Monkeypox virus; Mpox; Saudi Arabia
41878589,Peri-Umbilicated Pseudopustules in Mpox.,"Nitin Gupta, Shantala Gb, Rima Sahay, Kumar Singh, Pothumarthy Venkata Swathikiran, Muralidhar Varma, Tirlangi Praveen Kumar",Oxford medical case reports. 2026. doi: 10.1093/omcr/omag021..,Gupta,Oxford medical case reports,2026,2026/03/23,,,10.1093/omcr/omag021,"Mpox is an emerging zoonotic infection that has shown sustained human-to-human transmission since 2022, often through sexual contact networks. We report a case of mpox in a 43-year-old Indian-origin man residing in the United Arab Emirates who presented with fever, sore throat, and a painful genital ulcer, followed by widespread vesiculo-pseudopustular lesions. Examination revealed firm, well-circumscribed, peri-umbilicated pseudopustules, distinctive lesions lacking purulent content. Laboratory investigations were unremarkable, and a polymerase chain reaction test for the Monkeypox virus, conducted on throat and skin swabs, confirmed the diagnosis. The patient was managed with supportive care and recovered uneventfully. This case highlights the characteristic pseudopustular morphology of mpox, which serves as a key diagnostic clue distinguishing it from other genital and vesicular eruptions, and underscores the need for clinicians to be aware of this condition amid evolving global epidemiology.",emerging infections; genital ulcer; monkeypox; mpox; pseudopustules; viral exanthem
41322099,Fatal Mpox Coinfection in Advanced AIDS: A Case Report.,"Yansi Lu, Xiaoshu Yu, Changjing Zhou, Shengyi Li, Zhaoshun Ou Yang, Yuanyuan Huang",Infection and drug resistance. 2025. doi: 10.2147/IDR.S546140..,Lu,Infection and drug resistance,2025,2025/11/25,,,10.2147/IDR.S546140,"The mpox virus (MPXV) is a zoonotic pathogen that has been causing a worldwide pandemic outbreak since 2022, posing a significant threat to global public health security. During this outbreak, monkeypox has been more prevalent among immunocompromised individuals, particularly those infected with HIV (Human Immunodeficiency Virus). We report a case of a 21-year-old male patient with advanced AIDS in China who developed severe complications, including skin tissue infection, proctitis, and conjunctivitis, following monkeypox infection. Despite early aggressive treatment, the patient ultimately succumbed to infectious shock and multiple organ failure. This case strongly underscores that such patients experience severe skin infections and rapid disease progression, necessitating urgent early recognition and treatment.",AIDS; clinical manifestations; differential diagnosis; mpox virus
39106926,Cutaneous Diseases of Penoscrotal Skin-Part II: Infectious and Inflammatory Dermatoses.,"Michael J Martinez, Christina S Oh, Trevor Young, Shane Meehan, Anthony Hall, John G Zampella",Journal of the American Academy of Dermatology. 2024. doi: 10.1016/j.jaad.2024.05.104..,Martinez,Journal of the American Academy of Dermatology,2025,2024/08/04,,,10.1016/j.jaad.2024.05.104,"Penoscrotal skin diseases encompass an array of pathologies that present with unique clinical features. A patient-tailored approach to management is necessary. This article, part of a continuing medical education series, is dedicated to offering insights for managing penoscrotal dermatoses. The first article will provide an overview of normal variations, benign lesions, and malignant growths. We will then highlight up-to-date diagnostic and treatment protocols. In the second article, we will discuss inflammatory and infectious conditions, reviewing common diseases such as syphilis, human papillomavirus, and psoriasis, as well as rarer, difficult to treat diseases such as lichen sclerosus, lichen planus, and genital dyesthesias. Considering 70% of patients with genital skin diseases report that physicians lack awareness of these conditions, this continuing medical education (CME) Education series will help practitioners identify penoscrotal diseases, expand differential diagnoses, and discuss appropriate and emerging therapies.",candida; candidal balanitis; chancre; condyloma acuminata; condyloma lata; genital contact dermatitis; genital herpes; genital lichen planus; genital psoriasis; herpes simplex virus; human papillomavirus; molluscum contagiosum; monkeypox; mpox; penile skin diseases; penoscrotal disease; sclerosing lymphangitis; scrotal skin diseases; syphilis
39659658,Nail Disorders in Patients Living with HIV Coinfected with Monkeypox: A Clinical Study in 69 Mexican Cases.,"Carlos Daniel Sánchez-Cárdenas, Gustavo Antolín Silva Flores, Tania Mendoza Ibarra, Laura Contreras Jimenez, Rosa María Guevara Castillo, Nancy Pulido Díaz, Roberto G Arenas, Gabriela Moreno Coutiño, Eckart Haneke",Skin appendage disorders. 2024. doi: 10.1159/000539761..,Sánchez-Cárdenas,Skin appendage disorders,2024,2024/07/10,,,10.1159/000539761,"INTRODUCTION: Several infectious diseases can present nail manifestations, which may be useful for diagnosis and prognosis, and only a few reports have been made regarding monkeypox (mpox). The objective of this study was to describe the clinical characteristics of nail alterations in patients living with HIV coinfected with mpox. METHODS: A prospective, cross-sectional study included patients living with HIV/AIDS, coinfected with mpox. We examined all 20 nails in search of nail plate alterations. Patients were divided into two groups, with and without nail disease, and the CD4 count was noted according to the Centers for Disease Control and Prevention (CDC) classification. A χ2 or Fisher's exact test for qualitative variables and Mann-Whitney U and Kruskal-Wallis tests with post hoc Bonferroni test for quantitative variables were used to compare them. Data were analyzed with the SPSS Statistics 25 software. RESULTS: Sixty-nine patients were included. The frequency of nail involvement was 58%. Papulonodular lesions were the most frequent type identified, with 21 cases (30.4%). A significant difference was observed between patients with nail disease versus median CD4 count (160 vs. 700/mm3; p = 0.002) and median HIV viral load (45,000 vs. 900/mL; p = 0.009). When comparing the characteristics of the nail lesions with the CDC Classification System for HIV infection by the CD4 count, a significant difference was observed in foot involvement, splinter hemorrhages, papulo-nodular lesions, anonychia, onychomadesis, acute paronychia, and nail bed ulcer-atrophy (p < 0.05). CONCLUSIONS: The frequency of nail lesions is high in patients living with HIV coinfected with mpox. In addition, they tend to be more destructive in patients with lower CD4 counts and higher viral loads.",HIV/AIDS; Monkeypox; Nails
37701385,Update on Mpox: a brief narrative review.,"Spinello Antinori, Giacomo Casalini, Andrea Giacomelli, Alfonso J Rodriguez-Morales",Le infezioni in medicina. 2023. doi: 10.53854/liim-3103-1..,Antinori,Le infezioni in medicina,2023,2023/09/01,,,10.53854/liim-3103-1,"Mpox (formerly Monkeypox), a neglected tropical disease once confined to Central and West Africa, emerged as a global epidemic outbreak in May, 2022 with 87,529 cases reported as of May, 23, 2023. It predominantly affected men (96.2%) who have sex with men (84-100%), although other transmission routes have been reported, including occupational exposure and vertical transmission. Concomitant HIV infection has been recorded in 21-46.9% and pre-exposure prophylaxis against HIV infection has been reported in 11-57% of published cases. The current outbreak clinical presentation differs from endemic cases with prodromal symptoms that could be absent: the number of lesions is generally low, with skin lesions predominantly localised in the ano-genital areas and frequent lesions present in different stages of progression (i.e., asynchronous). Asymptomatic Mpox infection can occur in 1.8-6.5% of at-risk subjects. People living with HIV with severe immunodeficiency (less than 100 CD4+ lymphocytes per microliter) are at risk of more severe clinical manifestations and death. According to a systematic review and meta-analysis, the hospitalisation rate is around 6% and the observed case-fatality rate is less than 0.1%. Tecovirimat is the drug of choice for treating severe cases although there is no evidence of efficacy from randomised controlled trials. Immunization with a live non-replicating vaccine (JYNNEOS) effectively reduces the disease's incidence.",Mpox; emerging infectious diseases; sexually transmitted infection; skin lesions; tecovirimat
39113827,A Cross-Sectional Evaluation of the Virtual Outpatient Management of People With Mpox.,"Clare E Warrell, Zain Chaudhry, Marianne Shawe-Taylor, Evanthia Mastoraki, Ashwin Delmonte Sen, Hannah Rafferty, Angus De Wilton, Naomi Mescall, Catherine Houlihan, Philip Gothard, Eva Jungmann, Sarah Logan, Tommy Rampling, Laura Waters, Rita Browne, Michael Marks, Emily Shaw",Open forum infectious diseases. 2024. doi: 10.1093/ofid/ofae413..,Warrell,Open forum infectious diseases,2024,2024/07/26,,,10.1093/ofid/ofae413,"BACKGROUND: To report on the implementation and outcomes of a virtual ward established for the management of mpox during the 2022 outbreak, we conducted a 2-center, observational, cross-sectional study over a 3-month period. METHODS: All patients aged ≥17 years with laboratory polymerase chain reaction-confirmed monkeypox virus managed between 14 May and 15 August 2022, at the Hospital for Tropical Diseases at University College London Hospitals National Health Service (NHS) Foundation Trust and sexual health services at Central North and West London NHS Foundation Trust, were included. Main outcomes included the proportion of patients managed exclusively on the virtual ward, proportion of patients requiring inpatient admission, proportion of patients with human immunodeficiency virus, and duration of lesion reepithelialization. RESULTS: Among confirmed cases (N = 221), 86% (191/221) were managed exclusively on the virtual ward, while 14% (30/221) required admission. Treatment for concomitant sexually transmitted infections was provided to 25% (55/221) of patients, antibiotics for other infective complications to 16% (35/221), and symptomatic relief to 27% (60/221). The median time from onset to complete lesion reepithelialization and de-isolation was 18 days (range, 8-56 days). Eleven percent (24/221) of individuals disengaged from services within 4 days of testing. CONCLUSIONS: The virtual ward model facilitated safe and holistic outpatient management of mpox, while minimizing admissions. This approach could serve as a model for future outbreak responses.",high consequence infectious disease (HCID); monkeypox virus; mpox; telemedicine; virtual ward
40242136,Mpox: Characterization and clinical outcomes of patients in Colombian healthcare institutions.,"Carlos Arturo Álvarez-Moreno, Ludovic Reveiz, Claudia Aristizabal, Jesús Quevedo, María Lucia Mesa Rubio, Leonardo Arévalo-Mora, Julián Felipe Porras Villamil, Monica Padilla, Juan Carlos Alzate-Angel, Jamie Rylance, Kurbonov Firdavs, Ilich de la Hoz, Sandra Liliana Valderrama-Beltran, Santiago Arboleda, Otto Sussmann, Javier Andrade, Carolina Murillo Velásquez, Estefania García, Ximena Galindo, Daniela Martínez, Lisandra Arango, Ernesto Martínez, Karyna Reyes-Caicedo, Mónica Mantilla Suarez, Juana Gutiérrez Ríos, Alexandra Garay, Wendy Pinzón, Ana María Crispin, Antoine Chaillon",Global epidemiology. 2025. doi: 10.1016/j.gloepi.2025.100197..,Álvarez-Moreno,Global epidemiology,2025,2025/03/14,,,10.1016/j.gloepi.2025.100197,"INTRODUCTION: In 2022, the world experienced a monkeypox outbreak caused by the Clade IIb strain of the virus. While this outbreak had widespread effects, more information is needed on mpox's specific impact in Colombia, particularly regarding how it is managed, its burden, and its epidemiology. This research seeks to examine the medical context, clinical presentation, and health outcomes of individuals diagnosed with mpox infection, with a particular focus on those with HIV in Colombia. METHODS: This retrospective study was conducted in fourteen Health institutions in Colombia based on computerized clinical records from Jan 2022 to Dec 2023. Clinical and epidemiological characteristics were collected from diagnosis until discharge (or death). Participants in the study were diagnosed through molecular methods (PCR) and their clinical evolution was tracked through hospital and/or outpatient medical records. Registered variables were based on the mpox 2023 Case Report Form (2023 - CRF) proposed by the World Health Organization. RESULTS: One thousand four hundred thirteen (1413, 97.2 % male) individuals, including 2.6 % identified as healthcare workers, were included in this study. The majority (54 %, 764/1413 individuals) were persons living with HIV (PWH) and almost one-third of them (30.1 %, n = 284) of participants had concomitant sexually transmitted diseases and HIV, with syphilis being the most prevalent (20.4 %), followed by Neisseria gonorrhoeae (16.4 %). Complications were infrequent, with cellulitis being the most common, and no individuals received mpox-specific treatment or vaccination. Although all individuals had skin lesions distributed across various body regions, differences were noted in lesion distribution among women. Those living with HIV showed higher emergency department attendance and reported having known mpox contacts. While complications were rare, with cellulitis being the most common, women living with HIV showed a higher rate of emergency room visits and known mpox contacts. Although not statistically significant, gastrointestinal, musculoskeletal, psychological, respiratory, and STI symptoms, including syphilis and urethritis, were more common in the virologically non-suppressed HIV group. At the same time, proctitis was more prevalent in the suppressed group. No significant differences were found based on CD4 count, using 200 cells/mm3 in PWH. CONCLUSION: Over half of the participants were people living with HIV (PWH), with a significant presence of STIs like syphilis. While skin lesions and complications varied, no significant differences were linked to CD4 count or viral load suppression. Mpox symptomatology was not significantly associated with unsuppressed viral loads or low CD4 levels, highlighting the need for further research.",Colombia; Complications; HIV; Monkeypox; Mpox; Outbreak
41675719,The emergence of Clade IIb and Ib mpox viruses: a state-of-the-art review.,"Toufik Abdul-Rahman, Jann Ludwig Mueller-Gomez, Hala Ibrahim Thaalibi, Innocent Ayesiga, Oyinbolaji Akinwande Ajetunmobi, Aderinto Nicholas, Godfred Yawson Scott, Lukman Lawal, Muritala Adewale Lawal, Selimat Ibrahim",Annals of medicine and surgery (2012). 2025. doi: 10.1097/MS9.0000000000004534..,Abdul-Rahman,Annals of medicine and surgery (2012),2026,2025/12/11,,,10.1097/MS9.0000000000004534,"Mpox, a zoonotic Orthopoxvirus infection, was historically endemic to West and Central Africa. In 2022, it sparked a significant global outbreak, raising concerns about its spread beyond traditional regions. Notably, the emergence of Clade IIb and Ib strains has alarmed the global health community due to their increased transmission among humans. This paper examines mpox viruses and their general characteristics, their evolution, and the emergence of novel clades with unique features. Clade IIb stands out for its unique genetic mutations, which may enhance its transmissibility. Clinically, infections often present with fewer anogenital lesions and milder symptoms, which can complicate diagnosis. PCR testing remains the most reliable diagnostic tool, although emerging point-of-care tests show promise. Treatments such as tecovirimat and immune-based therapies (e.g., VIGIV) have demonstrated success, despite limitations. The MVA vaccine provides partial protection, although its efficacy against Clade IIb requires further validation. The emergence of Clades IIb and Ib, with distinct transmission dynamics, especially among specific population groups, underscores the need for targeted public health responses. This review highlights critical surveillance challenges in endemic African regions, where underreporting and limited diagnostic infrastructure hinder early detection. By analyzing the evolution and spread of newer clades, this review provides unique insights into mpox's shifting epidemiology and outlines implications for global preparedness, including the urgent need for strengthened surveillance systems, equitable access to vaccines, and coordinated international efforts focusing on research and preparedness to help mitigate future risks.",Clade IIb; Clade Ib; monkeypox; mpox; orthopoxvirus
41660558,Atypical genital mpox mimicking a sexually transmitted infection with secondary Staphylococcus aureus infection: A case report.,"Douglas Jaxon Vadner, Monica Bailey, Sidney Smith",IDCases. 2026. doi: 10.1016/j.idcr.2026.e02503..,Vadner,IDCases,2026,2026/01/20,,,10.1016/j.idcr.2026.e02503,"INTRODUCTION: Mpox is an Orthopoxvirus infection with evolving clinical presentations, including genital-dominant disease that can resemble common sexually transmitted infections (STIs). Secondary bacterial superinfection is uncommon but may alter lesion morphology and delay diagnosis. CASE PRESENTATION: A 64-year-old unhoused heterosexual male presented with a two-week history of painful, malodorous groin ulcers after unprotected intercourse. Lesions began as groin-confined vesicles and later spread to the face and peri-auricular area. Because of ulceration, purulence, and sexual exposure, initial evaluation focused on more common sexually transmitted infections, all of which tested negative. Dermatology was consulted when the eruption showed umbilicated vesiculopustules at uniform developmental stages. Punch biopsies demonstrated neutrophilic pustules consistent with Orthopoxvirus infection, and PCR confirmed mpox. During hospitalization, several lesions became purulent with foul odor; culture grew methicillin-sensitive Staphylococcus aureus. Linezolid therapy produced rapid improvement. DISCUSSION: This case demonstrates genital-dominant mpox in a heterosexual male, a less commonly reported demographic, and highlights how lesion morphology may mimic bacterial or viral STIs. Bacterial superinfection can obscure classic diagnostic features, contribute to malodor and purulence, and delay recognition. PCR remains essential for confirmation, particularly when presentation overlaps with other genital ulcer etiologies. CONCLUSION: Clinicians should include mpox in the differential diagnosis of genital ulcer disease regardless of sexual orientation and maintain vigilance for bacterial superinfection in non-healing or purulent lesions. Early PCR testing and culture-directed therapy are essential for accurate diagnosis and optimal management.",Case report; Genital ulcers; Monkeypox; Mpox; Sexually transmitted infections; Staphylococcus aureus; Superinfection
41651909,Targeted metagenomics reveals hidden chickenpox epidemic amid Mpox surveillance in Uganda.,"Stephen Kanyerezi, Alisen Ayitewala, Jupiter Marina Kabahita, Hellen Rosette Oundo, Julius Sseruyange, Wilson Tenywa, Godwin Tusabe, Stacy Were, Moses Murungi, Martha Nabukyu, Valeria Nakintu, Caroline Makoha, Ivan Sserwadda, Harris Onywera, Collins Tanui, Ibrahim Mugerwa, Atek Kagirita, Benard Lubwama, Eilu Roggers Michael, David Patrick Kateete, Morgan Otita, Samuel Giduddu, Daudi Jjingo, Andrew Nsawotebba, Gerald Mboowa, Aloysious Ssemaganda, Susan Nabadda, Sofonias K Tessema, Isaac Ssewanyana",Scientific reports. 2026. doi: 10.1038/s41598-026-38778-z..,Kanyerezi,Scientific reports,2026,2026/02/06,,,10.1038/s41598-026-38778-z,"In regions where both monkeypox virus (MPXV) and varicella zoster virus (VZV) are co-circulating, overlapping clinical manifestations can complicate clinical diagnosis. During the MPXV outbreak declared in Uganda in July, 2024, symptomatic suspected cases tested PCR negative for Mpox. To determine the cause of symptoms, we employed metagenomic sequencing with a targeted Viral Surveillance panel in 284 MPXV negative samples. VZV was identified as the predominant pathogen in 86% of MPXV-negative cases, suggesting a concurrent chickenpox surge. Using the VaricellaGen pipeline for variant calling, clade typing, and phylogeny, 118 (49%) samples that achieved ≥ 70% genome coverage were of clade 5 based on the single-nucleotide polymorphism (SNP) dataset. This data confirms co-circulation of VZV during the MPXV outbreak in Uganda. Our results underscore the need for laboratory confirmation of MPXV and the inclusion of VZV in the testing algorithm during the Mpox outbreak.",Clade 5; Metagenomic sequencing; Misdiagnosis; Mpox; Uganda; Varicella zoster virus (VZV); VaricellaGen
41643608,Identification of 3-cyanoquinolines as broad-spectrum inhibitors of Monkeypox virus and other sexually transmitted pathogens.,"Maria Grazia Martina, Gregory Mathez, Daniele Rubini, Martina Eleonora Valenti, Paul Lachat, Sara Cristinelli, Carole Kebbi Beghdadi, Vincent Carlen, Emmanuele Crespan, Elena Bianchi, Onya Opota, Gilbert Greub, Angela Ciuffi, Jérôme Gouttenoire, Marco Radi, Valeria Cagno",Biomedicine & pharmacotherapy = Biomedecine & pharmacotherapie. 2026. doi: 10.1016/j.biopha.2026.119080..,Martina,Biomedicine & pharmacotherapy = Biomedecine & pharmacotherapie,2026,2026/02/04,,,10.1016/j.biopha.2026.119080,"Sexually transmitted infections (STIs) remain a major global health concern, contributing significantly to morbidity and facilitating the co-transmission of other pathogens. Recent outbreaks of Monkeypox virus (MPXV) have further underscored the urgent need for broad-spectrum antiviral agents effective against emerging and re-emerging sexually transmissible viruses. We report here the design and synthesis of a series of 3-cyanoquinoline-based Src inhibitors to evaluate their antimicrobial efficacy against sexually transmitted pathogens. Among them, compound 7d demonstrated potent inhibitory activity against MPXV, Herpes simplex virus types 1 and 2, Hepatitis C virus, Human immunodeficiency virus, and Chlamydia trachomatis at non-toxic concentrations. Owing to its broad-spectrum profile and favorable cytotoxicity profile, compound 7d represents a promising candidate for development as a topical microbicide for the prevention and treatment of STIs. Interestingly, the screening also identified compound 7g, which, despite lacking Src inhibitory activity, exhibited selective antiviral activity against members of the Poxviridae family, suggesting the involvement of alternative host-dependent mechanisms that can be further exploited. Both compounds were non-toxic in relevant epithelial and mucosal tissue models. Collectively, these findings highlight the therapeutic potential of 3-cyanoquinoline derivatives as scaffolds for the development of novel broad-spectrum microbicides targeting a range of sexually transmitted pathogens.",Antiviral; Broad-spectrum; Kinase inhibitor; Microbicide; Mpox; Sexually transmitted infections
41204857,Changes in HIV-1 Reservoir Dynamics After Mpox Infection.,"Guiomar Casado-Fernández, Olivia de la Calle-Jiménez, Inés Armenteros, Luis Lemus Aguilar, Daniel Fuertes, Juan Cantón, Elena Mateos, Noemi Cabello, Javier Rodríguez Añover, Anabel Negredo, Miguel Cervero, María Paz Sánchez Seco, Montserrat Torres, Vicente Estrada, Mayte Coiras",Journal of medical virology. 2025. doi: 10.1002/jmv.70690..,Casado-Fernández,Journal of medical virology,2025,2025/11/01,,,10.1002/jmv.70690,"In May 2022, a large outbreak of monkeypox virus (MPXV) occurred in several non-endemic regions worldwide. Another outbreak in 2024 raised global concerns, particularly for immunocompromised individuals like people with HIV (PWH). Since the latent HIV-1 reservoir remains a major barrier to a cure, we investigated how past mpox infection affected reservoir dynamics in this population. PWH who had mpox at an average of 9 months before sampling showed a significantly smaller HIV-1 reservoir than MPXV-unexposed PWH. This reduction was accompanied by enhanced antigen-driven proviral reactivation in CD4+ T cells, especially central memory cells (TCM), and increased expression of T-cell activation and proliferation markers like CD32 and Ki67. Mpox also induced sustained immune stress, as reflected by a prolonged decrease in CD4+ T naïve (TN) cells, increased expression of immune senescence and exhaustion markers like PD-1, LAG-3, and CD57, as well as metabolic dysfunction in CD4+ TN and TCM cells, which showed impaired glucose uptake and reduced proliferative capacity. These findings suggest that MPXV-induced immune activation leads to long-lasting changes in T-cell homeostasis and reprograms the HIV-1 reservoir, which may have implications for monitoring immune competence and vaccine responses in this population. Understanding the interplay between HIV-1/MPXV co-infection, T-cell dynamics, and HIV-1 reservoir modulation provides novel insights into how controlled proviral reactivation may inform the design of cure-oriented strategies.",CD4+ coinfection; HIV‐1; MPXV; T cells; lymphocyte activation; mpox; viral reservoir
39051248,Primary Varicella Infection in a Young Adult from the Democratic Republic of the Congo: A Case Report and Mini-Review.,"Andrew McNaughton, Nessika Karsenti, Jason Kwan, Asal Adawi, Saniya Mansuri, Andrea K Boggild",Infectious disease reports. 2024. doi: 10.3390/idr16040048..,McNaughton,Infectious disease reports,2024,2024/07/19,,,10.3390/idr16040048,"We describe a case of an immunocompetent adult male patient originally from the Democratic Republic of Congo (DRC), who was referred to our unit for a several-day history of fever and a pruritic, vesicular rash. There was initial concern in the Emergency Department for Mpox (formerly known as ""monkeypox"") given the current epidemiology versus other viral etiologies. Primary varicella zoster virus (pVZV) infection was ultimately diagnosed by PCR from a swabbed, unroofed lesion, and he recovered completely with supportive management and without antiviral therapy. We herein describe how common viral exanthems may best be differentiated in an emergency or outpatient setting.",chicken pox; fever in the returned traveler; herpesviridae; varicella zoster virus; viral exanthem
40160936,Promoting risk communication and community engagement during Mpox outbreak in fragile conflict zones of Eastern DRC.,"Simon Binezero Mambo, Glory Mbe Egom Nja, Umi Omar Bunu, Gloria Neema Bizimana, Amos M'yisa Makelele, Fatuma Djuma Sonia, Malcolm K Jones, Franck Katembo Sikakulya","One health (Amsterdam, Netherlands). 2025. doi: 10.1016/j.onehlt.2025.101012..",Mambo,"One health (Amsterdam, Netherlands)",2025,2025/03/12,,,10.1016/j.onehlt.2025.101012,"The Democratic Republic of the Congo (DRC) declared a national outbreak of monkeypox (Mpox) in December 2022, and in February 2023, an incident management system was implemented. As of May 26, 2024, the DRC had recorded 7851 cases of Mpox, with 384 fatalities. The number of confirmed cases in the province has been increasing. Of all cases, 117 (36 %) were individuals living in camps for Internally Displaced People (IDP) in North and South Kivu provinces. These provinces are currently considered as foci of the outbreak. The challenges of this outbreak in Eastern DRC, where there exist high levels of general insecurity, distrust of government and foreign actors, and ongoing violence, have contributed to widespread community resistance to potentially lifesaving interventions. The complex relationship between armed conflict and public health highlights the need for a One Health approach to address both short-term and long-term health challenges in conflict-affected regions. Armed conflict often disrupts healthcare systems, making it difficult for people to access diagnosis, treatment, and prevention services, thus leading to increased disease transmission and severe outcomes. An effective Risk Communication and Community Engagement (RCCE) strategy is the bedrock to addressing these specific needs of people in conflict zones and improving their acceptability of health interventions. A One Health approach integrating RCCE would empower communities to manage risks, identify outbreaks and avoid infected animals, improving community acceptability to public health interventions. In the delicate war zones of the DRC, conveying emergency concerns related to Mpox is a worry in terms of preserving and fostering trust in the government. This paper seeks to highlight the need for urgent intervention by the local and global public health communities to work together to put stronger policies and long-term plans into place that prioritize building a resilient healthcare system, encouraging risk communication, and engaging the community in order to combat the Mpox outbreak in the Eastern DRC fragile conflict zones.",Mpox; Outbreak in fragile conflict zones; Risk communication and community engagement
37364498,Laboratory assessment of a multi-target assay for the rapid detection of viruses causing vesicular diseases.,"Mitchell Batty, Georgina Papadakis, Changxu Zhang, Thomas Tran, Julian Druce, Chuan Kok Lim, Deborah A Williamson, Kathy Jackson",Journal of clinical virology : the official publication of the Pan American Society for Clinical Virology. 2023. doi: 10.1016/j.jcv.2023.105525..,Batty,Journal of clinical virology : the official publication of the Pan American Society for Clinical Virology,2023,2023/06/22,,,10.1016/j.jcv.2023.105525,"BACKGROUND: The recent mpox outbreak has highlighted the need to rapidly diagnose the causative agents of viral vesicular disease to inform treatment and control measures. Common causes of vesicular disease include Monkeypox virus (MPXV), clades I and II, Herpes simplex viruses Type 1 and Type 2 (HSV-1, HSV-2), human herpes virus 6 (HHV-6), Varicella-zoster virus (VZV) and Enteroviruses (EVs). Here, we assessed a syndromic viral vesicular panel for rapid and simultaneous detection of these 7 targets in a single cartridge. OBJECTIVE: The aim of this study was to evaluate the QIAStat-Dx ® viral vesicular (VV) panel and compare with laboratory developed tests (LDTs). Limit of detection, inter-run variability, cross-reactivity and specificity were assessed. Positive and negative percent agreement, and correlation between assays was determined using 124 clinical samples from multiple anatomical sites. RESULTS: The overall concordance between the QIAstat and LDTs was 96%. Positive percent agreement was 82% for HHV-6, 89% for HSV-1 and 100% for MPXV, HSV-2, EV and VZV. Negative percent agreement was 100% for all targets assessed. There was no cross-reactivity with Vaccinia, Orf, Molluscum contagiosum viruses, and a pooled respiratory panel. CONCLUSION: The QIAstat VV multi-target syndromic panel combine ease of use, rapid turnaround, good sensitivity and specificity for enhanced diagnosis, clinical care and public health responses.",Enterovirus; Herpes simplex virus; Human herpes virus 6; Monkeypox virus; Varicella-zoster virus; Vesicular disease
36483191,"Isolation and Characterization of Monkeypox Virus from the First Case of Monkeypox - Chongqing Municipality, China, 2022.","Baoying Huang, Hua Zhao, Jingdong Song, Li Zhao, Yao Deng, Wen Wang, Roujian Lu, Wenling Wang, Jiao Ren, Fei Ye, Houwen Tian, Guizhen Wu, Hua Ling, Wenjie Tan",China CDC weekly. 2022. doi: 10.46234/ccdcw2022.206..,Huang,China CDC weekly,2022,2022/11/18,,,10.46234/ccdcw2022.206,"INTRODUCTION: The first imported case of monkeypox (MPX) from the mainland of China was reported in September 2022. Herein, the study reports the isolation and characterization of MPX virus (MPXV) in this case. METHODS: Clinical specimens including skin blister fluid, oropharyngeal and nasopharyngeal swabs, and blood were collected and inoculated onto Vero cells. The isolated virus was identified as MPXV using quantitative polymerase chain reaction (qPCR), cytopathic effects (CPEs), immunofluorescence assay (IFA) and transmission electron microscopy (TEM). Plaque assays were employed to quantify infectious plaque-forming units (PFUs). The plaque reduction neutralization test (PRNT) was developed to determine the neutralizing antibody (nAb) against MPXV. RESULTS: MPXV replication was confirmed with qPCR. Typical CPEs were observed 48 h post-incubation. The isolated virus was named MPXV-B.1-China-C-Tan-CQ01. IFA showed that MPXV reacted with serum of MPX case. Orthopoxvirus morphology was observed using TEM. The virus titer increased to >106 PFU/mL after three passages. The serum PRNT 50% neutralization titer (NT50) was 35 for the MPX patient 6 days after symptom onset. DISCUSSION: The study successfully isolated the first MPXV strain in the mainland of China, MPXV-B.1-China-C-Tan-CQ01. Infectious titration and PRNT methods have been developed. The study provides key resources and technical platforms for further research as well as anti-viral drug and vaccine development against MPX.",Monkeypox virus; Plaque assays; Plaque reduction neutralization test; Virus isolation
37614259,Evaluation of Monkeypox as an Unrecognized Sexually Transmitted Disease: A Rare Case of Monkeypox Infection with HIV and Syphilis Coinfection.,"Ahmed Ali Aziz, Maleeha Saleem, Sara L Wallach, Shazia M Shah",Cureus. 2023. doi: 10.7759/cureus.42326..,Aziz,Cureus,2023,2023/07/23,,,10.7759/cureus.42326,"Monkeypox (MPX) virus is endemic in Africa. However, since May 2022, many cases have been reported worldwide in many non-endemic regions as well. The virus usually spreads from animals to humans or from humans to humans through respiratory droplets or after contact with infected lesions. In the recent outbreak of MPX, many cases did not have any travel history to endemic areas and were reported in men who have sex with men (MSM) along with the diagnosis of other sexually transmitted diseases (STDs). However, MPX is not yet considered a sexually transmitted infection (STI), even though a relationship between MPX and other STIs may exist with a possible facilitating action on their spreading. We present a similar case of MPX infection in an MSM patient with concomitant HIV and syphilis infections and no travel history to an endemic area.",hiv aids; infectious disease transmission; monkey pox; sexually transmitted infection; syphilis rash
41305514,High-Throughput Discovery of Inhibitors Targeting Monkeypox Virus H1 Phosphatase.,"Chengcheng Tao, Mailikezhati Alifu, Haojun Huang, Zhi Luo, Yaxian Li, Xuecen Guan, Mengmeng Liu, Junchi Hu, Wen Cui, Wei Wang",Viruses. 2025. doi: 10.3390/v17111493..,Tao,Viruses,2025,2025/11/12,,,10.3390/v17111493,"Mpox, caused by monkeypox virus (MPXV), remains a Public Health Emergency of International Concern (PHEIC) and poses a serious global health threat. Current therapeutic options for MPXV infection are limited. The orthopoxvirus dual-specificity phosphatase H1 plays critical roles in suppressing interferon signaling, regulating early viral transcription, and modulating viral core protease activity. Suppressing H1 expression markedly reduces the production of infectious viral particles, highlighting it as a promising antiviral target. Here, we developed a high-throughput enzymatic assay using p-nitrophenyl phosphate as a substrate to discover MPXV H1 inhibitors. We demonstrated that both the N-terminal helix α1, which mediates H1 dimerization, and the catalytic residue Cys110 are indispensable for enzymatic activity, validating them as potential ""hot spots"" for drug design. Screening identified 17 potent inhibitors with nanomolar IC50 values and minimal cytotoxicity. Molecular docking revealed that these inhibitors bind within the active site of MPXV H1, interacting with residues in the P-loop and WPD-loop, thereby restricting substrate access and suppressing activity. This study identifies several potent inhibitors of MPXV H1, establishing a foundation for the development of novel antivirals against MPXV infection.",enzymatic assay; high-throughput screening; inhibitor; molecular docking analysis; monkeypox virus; phosphatase H1
40865523,Structural basis of poxvirus fusion regulation and anti-A16/G9 antibody-mediated neutralization and protection.,"Annalisa Meola, Riccardo Vernuccio, Leandro Battini, Guillermo Albericio, Pilar Delgado, Rebecca Bamford, Laura Pokorny, Manon Broutin, Alejandro Martínez León, Sébastien Gallien, María Gil, María A Noriega, Florence Guivel-Benhassine, Françoise Porrot, Jeanne Postal, Julian Buchrieser, Mathieu Hubert, Ahmed Haouz, Pierre Lafaye, Mariano Esteban, Jochen S Hub, Matthieu Mahévas, Pascal Chappert, Jason Mercer, Juan Garcia-Arriaza, Olivier Schwartz, Pablo Guardado-Calvo",Cell. 2025. doi: 10.1016/j.cell.2025.07.040..,Meola,Cell,2025,2025/08/26,,,10.1016/j.cell.2025.07.040,"Monkeypox virus (MPXV) is a poxvirus endemic to Central and West Africa with high epidemic potential. Poxviruses enter host cells via a conserved entry-fusion complex (EFC), which mediates viral fusion to the cell membrane. The EFC is a promising therapeutic target, but the absence of structural data has limited the development of fusion-inhibiting treatments. Here, we investigated A16/G9, a subcomplex of the EFC that controls fusion timing. Using cryo-electron microscopy, we showed how A16/G9 interacts with A56/K2, a viral fusion suppressor that prevents superinfection. Immunization with A16/G9 elicited a protective immune response in mice. Using X-ray crystallography, we characterized two neutralizing antibodies and engineered a chimeric antibody that cross-neutralizes several poxviruses more efficiently than 7D11, the most potent antibody targeting the EFC described to date. These findings highlight the potential of A16/G9 as a candidate for subunit vaccines and identify regions of the EFC as targets for antiviral development.",entry-fusion complex; mpox; neutralizing antibodies; poxvirus; serpin; structural virology; vaccines; vaccinia virus; viral entry; viral fusion
36439787,Comprehensive update on the monkeypox outbreak.,"Asad Mustafa Karim, Jeong Eun Kwon, Mujahid Aizaz Karim, Haseeb Iftikhar, Muhammad Yasir, Irfan Ullah, Se Chan Kang",Frontiers in microbiology. 2022. doi: 10.3389/fmicb.2022.1037583..,Karim,Frontiers in microbiology,2022,2022/11/10,,,10.3389/fmicb.2022.1037583,"Monkeypox (MPX) was first reported in 1970 in humans and outbreaks were restricted and highly localised to endemic regions of western and central Africa. However, after the first reported case in the UK in early May, 2022, the pattern of epidemic spreading in the geographical regions was much larger compared to past, posing a risk MPX might become entrenched beyond endemic areas. This virus is less transmissible than SARS-CoV-2, as it transmitted mainly through personal, close, often skin-to-skin contact with infectious MPX rash, body fluids, or scabs from an individual with MPX. Infections usually present with chills, fever, fatigue, muscle aches, headache, sore throat, skin lesions, and lymphadenopathy. Currently, there are no antivirals approved for MPX. However, an antiviral drug called ""tecovirimat,"" approved for the treatment of smallpox, has been made accessible to treat MPX. Moreover, to prevent MPX, there are two vaccines available which are approved by FDA: Bavarian Nordic JYNNEOS, and ACAM2000 vaccine. Contact tracing is absent in case of MPX outbreak and there is lack of information from the data systems in rapid manner. Additionally, test capacity needs to be increased. Like SARS-CoV-2, global MPX outbreak demand for vaccines far exceeds availability.",monkeypox outbreak; monkeypox vaccine; monkeypox virus; orthopoxvirus infections; tecovirimat
36249992,Monkeypox 2022 Identify-Isolate-Inform: A 3I Tool for frontline clinicians for a zoonosis with escalating human community transmission.,"Kristi L Koenig, Christian K Beÿ, Aileen M Marty","One health (Amsterdam, Netherlands). 2022. doi: 10.1016/j.onehlt.2022.100410..",Koenig,"One health (Amsterdam, Netherlands)",2022,2022/06/24,,,10.1016/j.onehlt.2022.100410,"Monkeypox 2022, a zoonotic virus similar to smallpox, presented as a rapidly escalating human outbreak with community transmission outside endemic regions of Africa. In just over one month of detection, confirmed cases escalated to over 3300, with reports of patients in at least 43 non-African nations. Mechanisms of transmission in animals and the reservoir host remain uncertain; spread from humans to wild or domestic animals risks the creation of new endemic zones. While initial cases were reported in men who have sex with men (MSM), monkeypox is not considered a sexually transmitted infection. Anyone with close contact with an infected person, aerosolized infectious material (e.g., from shaken bedsheets), or contact with fomites or infected animals is at risk. In humans, monkeypox typically presents with a non-specific prodromal phase followed by a classic rash with an incubation period of 5-21 days (usually 6-13 days). The prodrome may be subclinical, and the monkeypox virus may be transmissible from person-to-person before observed symptom onset. Most clinicians are unfamiliar with monkeypox. Information is rapidly evolving, producing an urgent need for immediate access to clear, concise, fact-based, and actionable information for frontline healthcare workers in prehospital, emergency departments/hospitals, and acute care/sexual transmitted infection clinics. This paper provides a novel Identify-Isolate-Inform (3I) Tool for the early detection and management of patients under investigation for monkeypox 2022. Patients are identified as potentially exposed or infected after an initial assessment of risk factors and signs/symptoms. Management of exposed patients includes consideration of quarantine and post-exposure prophylaxis with a smallpox vaccine. For infectious patients, providers must immediately don personal protective equipment and isolate patients. Healthcare workers must report suspected and confirmed cases in humans or animals to public health authorities. This innovative 3I Tool will assist emergency, primary care, and prehospital clinicians in effectively managing persons with suspected or confirmed monkeypox.",3I; Climate change; Clinical; Identify-isolate-inform; Monkeypox; Orthopox virus; Outbreak; Prodrome; Quarantine; Rash; Smallpox; Transmission; Worldwide; Zoonotic virus
38023611,Monkeypox Presenting with Blepharoconjunctivitis.,"Jeffrey Bloom, Michael Parise, Omar Saeed, Cameron Holicki, Brian Mihok",Case reports in ophthalmology. 2023. doi: 10.1159/000533914..,Bloom,Case reports in ophthalmology,2023,2023/11/24,,,10.1159/000533914,"A 38-year-old male with recently diagnosed HIV and gonorrhea presented with umbilicated facial lesions and blepharoconjunctivitis of the right eye. Polymerase chain reaction test was performed of the skin were positive for Monkeypox (MPX). The patients' ocular symptoms improved with acyclovir, azithromycin, gemifloxacin, and tecovirimat after 3 weeks of treatment. The incidence of MPX has been on the rise in 2022, and this case represents a unique presentation and an addition to the pool of data pertinent to diagnosis and treatment of MPX and its ocular manifestations. Due to the MPX reemergence, it is imperative for ophthalmologists to keep MPX on the differential for patients presenting with blepharoconjunctivitis.",Case report; Conjunctivitis; Eye discharge; Monkeypox
41086112,CircRNA vaccine encoding a chimeric immunogen of B6 and M1 demonstrates robust immune responses against MPXV.,"Jiahao Wu, Wei Rou, Zhengrong Gao, Xu Ma, Haoyi Ding, Tingting Zheng, Lei Wang, Lu Zhao, Kai Yang, Xiaoyu Li, Yongfeng Qiao, Shihua Li, Xiao Qu, Chunbo Dong, Guocan Yu, Jikui Deng, Han Wang, Hangping Yao, Haidong Wang, George Fu Gao, Zhida Liu",Cell reports. 2025. doi: 10.1016/j.celrep.2025.116432..,Wu,Cell reports,2025,2025/10/12,,,10.1016/j.celrep.2025.116432,"The mpox outbreak has been declared a Public Health Emergency of International Concern on two occasions, with the status remaining effective, highlighting the urgency of this global health crisis. Developing safe and effective vaccines specifically targeting the MPXV is therefore critical. Our current study presents a bivalent circular RNA (circRNA) vaccine encoding a chimeric immunogen comprising the tandem fusion of MPXV extracellular enveloped virions antigen B6 and intracellular mature virions antigen M1 (CircRNAB6M1). The B6M1 chimeric immunogen preserves the conformation of the major neutralizing epitopes derived from both antigens. Furthermore, the CircRNAB6M1 vaccine elicits potent neutralizing antibodies against both MPXV and VACV, while also inducing antigen-specific T cell responses. Notably, the CircRNAB6M1 vaccine confers complete protection to immunized mice against the lethal VACV challenge. Collectively, these findings identify promising immunogen candidates for developing next-generation circRNA vaccines against the MPXV and other orthopoxviruses.",CP: Immunology; CP: Microbiology; chimeric immunogen; circular RNA vaccine; monkeypox virus; neutralization; protection
36742286,Delayed clearance of monkeypox virus in a patient with co infection with secondary syphilis.,"Almira Opardija, Geetha Sivasubramanian",IDCases. 2023. doi: 10.1016/j.idcr.2023.e01707..,Opardija,IDCases,2023,2023/02/01,,,10.1016/j.idcr.2023.e01707,"Several studies from the current 2022 monkeypox (MPX) outbreak have documented co-infections with sexually transmitted infections (STIs), such as gonorrhea, chlamydia, and syphilis. We present a patient with MPX and secondary syphilis who failed to clear the MPX virus 30 days after illness onset despite a 14-day course of tecovirimat therapy.",Co-infection; Monkeypox; Syphilis
36338228,2022 Monkeypox outbreak: Why is it a public health emergency of international concern? What can we do to control it?,"Shi-Yan Ren, Jing Li, Rong-Ding Gao",World journal of clinical cases. 2022. doi: 10.12998/wjcc.v10.i30.10873..,Ren,World journal of clinical cases,2022,2022/10/26,,,10.12998/wjcc.v10.i30.10873,"The World Health Organization (WHO) called the recent monkeypox (MPX) outbreak a Public Health Emergency of International Concern on July 23, 2022. The United States of America (US) alarmed the recent MPX outbreak as the US public health emergency on August 4, 2022. Since early May 2022, more than 35000 MPX cases and 12 deaths had been reported to WHO from 92 countries and territories by August 17, 2022, and MPX cases continue rising rapidly with improved surveillance, access to diagnosis, and continuous virus spreading globally. Approximately 99% MPX cases are men, of which 95% cases are men who have sex with man. No evidence of MPX being sexually transmitted infections (STIs) is found; however, a high percentage (25%) of concurrent STIs and frequent anogenital symptoms suggest transmission through local inoculation during close intimate contact or sexual activity. Many approaches including a comprehensive international vaccination strategy and adequate supplies are mandatory to prevent MPX pandemic. Education, vaccination, MPX scrutiny and careful monitoring, and crossborder collaborations with international sectors are practical strategy to contain MPX outbreaks. People are educated to reduce the risk of exposure and to reduce the number of sexual partners especially new ones, to avoid contacting travelers from epidemic regions or animals that may carry MPX virus, and avoid traveling to endemic areas.",Infectivity; Man who have sex with man; Monkeypox; Outbreak; Public Health Emergency of International Concern vaccination; Transmission
41405636,[Mpox as a Clinical Imitator of Molluscum Contagiosum].,"Óscar Navea, Jaime Pérez-Wilson, Daniela Calderón, María Belén Navea",Revista medica de Chile. 2025. doi: 10.4067/s0034-98872025001100825..,Navea,Revista medica de Chile,2025,2025/10/15,,,10.4067/s0034-98872025001100825,"We present the case of a 34-year-old male patient who consulted for genital lesions of 2 days evolution following unprotected sexual contact with his male partner 8 days prior. The physical examination revealed three white and umbilicated papules on the glans, foreskin, and pubis, as well as an ulcer on the foreskin. Initial tests yielded negative results, but a subsequent PCR test confirmed the infection with MPOX. MPOX is a zoonotic disease caused by an orthopoxvirus, with an increase in cases since 2016 and a declared public health emergency in 2022. The main transmission occurs through direct contact with secretions or lesions, primarily affecting men who have sex with men. The clinical course is similar to smallpox, with a prodromal stage followed by the appearance of cutaneous exanthema. It is important to highlight the possibility of diagnostic confusion with molluscum contagiosum, especially in initial stages. A precise diagnosis and appropriate treatment are crucial to avoid complications. In Chile, 1.441 confirmed cases of MPOX have been reported, with this being one of the few cases reported in the literature with initial presentation of molluscum contagiosum-like lesions in the genital area.","[MeSH] Humans; [MeSH] Male; [MeSH] Adult; [MeSH] Molluscum Contagiosum; [MeSH] Diagnosis, Differential; [MeSH] Poxviridae Infections; [MeSH] Polymerase Chain Reaction; [MeSH] Orthopoxvirus"
36637577,Monkeypox epidemic at the door: should we remain idly by or prepare strongly?,"Hayder M Al-Kuraishy, Ali I Al-Gareeb, Helal F Hetta, Athanasios Alexiou, Marios Papadakis, Gaber El-Saber Batiha",AMB Express. 2023. doi: 10.1186/s13568-023-01507-0..,Al-Kuraishy,AMB Express,2023,2023/01/13,,,10.1186/s13568-023-01507-0,"Monkeypox (MPX) is a common zoonotic disease caused by a double-strand DNA MPX virus (MPXV). MPX was considered a sporadic rare disease causing a mild disease with a low capacity to spread among humans. The clinical picture of human MPX highly resembles smallpox, though early lymphadenopathy in human MPX is the distinguishing sign not present in smallpox. The incubation period is 1-3 weeks, and fever, headache, joint pain, myalgia, and nausea for about 3 days. Skin lesions that appear 1-3 days following fever and lymphadenopathy usually appear simultaneously on the face and periphery. By cross-reactivity and protection, the smallpox vaccine produced 85% protection against infection with Orthopoxviruses, including MPX. Antiviral drugs like tecovirimate and brincidofovir could be effective agents against the development of MPX. MPX epidemics are less reported and described as other life-threatening epidemics, leading to an unclear picture of this disease's pathogenesis, epidemiology, and management. With the recent wide range of MPX outbreaks, immense research is mandatory to revise the importance of MPX pathogenesis and risk for epidemic development worldwide. Therefore, this critical study aimed to review MPX's pathogenesis, epidemiology, and management with possible repurposed drugs.",Monkeypox; Pathogenesis; Zoonotic disease
37065384,Monkeypox Proctitis: A Case of Targeted Treatment With Tecovirimat.,"Premalkumar Patel, Cynthia Espinosa, Varsha Konyala, Nicholas S Camps, Estafenia Cecilio, Aakangsha Jain, Claudio Tuda",Cureus. 2023. doi: 10.7759/cureus.36238..,Patel,Cureus,2023,2023/03/16,,,10.7759/cureus.36238,"Monkeypox (MPX) is an exanthematous disease first identified in the 1950s, associated with animals in Central and Western Africa, and has since been found sporadically worldwide. In May 2022, a returning family from Nigeria tested positive for MPX, which marked the onset of the current outbreak. It has now become a disease of concern in most parts of the world. The current standings are nearing 90,000 cases, with numbers increasing daily. The United States reported 29,711 cases so far. The characteristic exanthem of MPX is known to be present ubiquitously on the human habitus, with recent reports describing anogenital and mucosal lesions. Here, we present a rare case of a 43-year-old male presenting with excruciating perianal pain and purulent discharge, found to have proctitis secondary to MPX, and subsequently treated with Tecovirimat, a targeted antiviral therapy.",anogenital lesion; hiv; monkeypox virus; muscosal lesion; proctitis; tecovirimat
21265484,Acute vesiculopapular rash in the setting of atopic dermatitis.,"Ross Allen Miller, James McGrann, Ali D Jassim, Tara Nikole Miller",South Dakota medicine : the journal of the South Dakota State Medical Association. 2010.,Miller,South Dakota medicine : the journal of the South Dakota State Medical Association,2010,2010/12/01,,,,"Atopic dermatitis is a common entity encountered in clinical practice. A subgroup within the atopic dermatitis cohort may develop viral infection on skin lesions appearing as a vesiculopapular pattern. This process is termed eczema herpeticum and may pose a challenge to the clinician as it can appear similar to orthopoxvirus infections, most notably smallpox and monkeypox. Because these conditions are considered as potential bioterrorism threats, confirmatory testing via histological examination, viral culture, immunohistochemical staining or PCR is recommended. Additionally, antiviral therapy should be promptly initiated as eczema herpeticum can disseminate or become superinfected with bacterial species. Early recognition and good communication with pathology can reduce morbidity and confirm the disease process.","[MeSH] Adolescent; [MeSH] Antiviral Agents; [MeSH] Dermatitis, Atopic; [MeSH] Diagnosis, Differential; [MeSH] Humans; [MeSH] Kaposi Varicelliform Eruption; [MeSH] Male"
36742119,The reemergence of the human monkeypox: strengthening Africa's epidemic preparedness and response system.,"Toluwase A Ayorinde, Isaac I Olufadewa, Miracle A Adesina, Ruth I Oladele, Moyinoluwa J Oladoye, Tejumade Adene, Oluwadarasimi Asaolu",Annals of medicine and surgery (2012). 2023. doi: 10.1097/MS9.0000000000000039..,Ayorinde,Annals of medicine and surgery (2012),2023,2023/01/23,,,10.1097/MS9.0000000000000039,"The reemergence of the monkeypox (MPX) virus poses a serious threat to global health security. While the first human case was reported in Democratic Republic of Congo in 1970, a recent outbreak of this disease in May 2022 has gone 'viral,' spreading to most continents and occurring in nonendemic countries. Outside Africa, there have been reports of cases of MPX in countries such as Singapore in May 2019, Israel in September 2018, UK in September 2018, among others which have been traced back to importation of infected wild rodents from Africa. The Centers for Disease Control and Prevention (CDC) recommends that the standard laboratory facility to carry out MPX tests is Biosafety Containment Level (BSL)-2 working standards if the laboratory staff has taken smallpox vaccine within the last 3 years and BSL-3 working standards if the laboratory staff has not taken the smallpox vaccine. However, African countries have a shortage of BSL laboratories. Hence, there is a need to improve the integrated surveillance of the MPX virus, strengthen diagnostic capacity, capacity building of health workforce, public education programs, fund research, and development, among others. Leveraging a 'One Health' approach will offer fresh insight into the human-animal-environment interface and boost the understanding on the possibility and mechanisms of spillback and reverse zoonosis as well as disease severity and risk factors for severe disease as well as its epidemiology in various subpopulations. Not leaving Africa behind in the prevention, diagnosis, and management of MPX is important to stopping the spread and reemergence of this virus.",Africa; epidemic; monkeypox; preparedness; response
36882801,When a neglected tropical zoonotic disease emerges in non-endemic countries: need to proactively fill the unveiled knowledge gaps towards human monkeypox among the Lebanese population.,"Dalal Youssef, Edmond Abboud, Malak Kawtharani, Zahraa Zheim, Nisrine Abou Arrage, Janet Youssef",Journal of pharmaceutical policy and practice. 2023. doi: 10.1186/s40545-023-00544-1..,Youssef,Journal of pharmaceutical policy and practice,2023,2023/03/07,,,10.1186/s40545-023-00544-1,"INTRODUCTION: The ongoing multi-country outbreak of monkeypox (MPX) that emerges in non-endemic areas is a rare and unprecedented event that has sparked a widespread public health concern. Lebanon has reported four confirmed cases of MPX so far. Since good knowledge about the MPX virus and its associated disease is paramount for helping the Lebanese population prepare for a possible outbreak, therefore, it is important to assess their current level of knowledge regarding MPX and to identify its associated factors to highlight any knowledge gaps that need to be filled. METHODS: An online cross-sectional study was conducted over the first 2 weeks of August 2022 among adults aged 18 years and above recruited from all Lebanese provinces using a convenience sampling technique. An anonymous, Arabic, self-reported questionnaire covering all main aspects of knowledge regarding MPX was developed and adapted based on the available literature. The Chi-square test was used to determine the associations between knowledge levels and independent variables including baseline characteristics. Multivariable logistic regression was also carried out on the significant variables in the bivariate analyses to identify the factors associated with the good knowledge level. RESULTS: A total of 793 Lebanese adults participated in the study. The overall level of knowledge level regarding human MPX was poor among the Lebanese population; with only 33.04% of them having a good knowledge level ≥ 60%. Knowledge gaps and a substantial poor knowledge level were found in the majority of MPX knowledge domains especially those related to the routes of transmission (76.67%), clinical presentation and symptoms (71.63%), treatment (86.25%), and severity of the disease (91.3%). Interestingly, participants have a good knowledge level of the precautionary measures (80.45%), and the response to a suspected infection (65.20%). Female gender [(aOR = 0.870, CI 95% (0.613-0.941)], increased age 49 [aOR = 0.743, CI 95% (0.381-0.908)], and living in rural areas [aOR = 0.412, CI 95% (0.227-0.861)] were found negatively associated with a good level of knowledge. However, participants with higher educational levels [aOR = 1.243, CI 95% (1.032-3.801)], those working in the medical field [aOR = 1.932, CI 95% (1.331-3.419)], those suffering from chronic disease/immunodeficiency [aOR = 1.231, CI 95% (1.128-2.002)], and participants with moderate/high economic situations [aOR = 2.131, CI 95% (1.431-4.221)] were more likely to have a good knowledge score compared to their counterparts. CONCLUSIONS: The current study pointed out to poor knowledge level regarding MPX among the Lebanese population with substantial knowledge gaps in most aspects of MPX knowledge. The findings stress the urgent need to raise awareness and proactively fill the unveiled gaps, especially among less informed groups.",Assessment; Knowledge; Lebanese population; Monkeypox; Non-endemic countries
36089749,Rapid and reliable inactivation protocols for the diagnostics of emerging viruses: The example of SARS-CoV-2 and monkeypox virus.,"Grégory Quéromès, Emilie Frobert, Maude Bouscambert-Duchamp, Antoine Oblette, Martine Valette, Geneviève Billaud, Vanessa Escuret, Bruno Lina, Florence Morfin, Alexandre Gaymard",Journal of medical virology. 2022. doi: 10.1002/jmv.28126..,Quéromès,Journal of medical virology,2023,2022/09/21,,,10.1002/jmv.28126,"The emergence and sustained transmission of novel pathogens are exerting an increasing demand on the diagnostics sector worldwide, as seen with the ongoing severe acute respiratory coronavirus 2 (SARS-CoV-2) pandemic and the more recent public health concern of monkeypox virus (MPXV) since May 2022. Appropriate and reliable viral inactivation measures are needed to ensure the safety of personnel handling these infectious samples. In the present study, seven commercialized diagnosis buffers, heat (56°C and 60°C), and sodium dodecyl sulfate detergent (2.0%, 1.0%, and 0.5% final concentrations) were tested against infectious SARS-CoV-2 and MPXV culture isolates on Vero cell culture. Cytopathic effects were observed up to 7 days postinoculation and viral load evolution was measured by semiquantitative polymerase chain reaction. The World Health Organization recommends an infectious titer reduction of at least 4 log10 . As such, the data show efficacious SARS-CoV-2 inactivation by all investigated methods, with >6.0 log10 reduction. MPXV inactivation was also validated with all investigated methods with 6.9 log10 reductions, although some commercial buffers required a longer incubation period to yield complete inactivation. These results are valuable for facilities, notably those without biosafety level-3 capabilities, that need to implement rapid and reliable protocols common against both SARS-CoV-2 and MPXV.",SARS-CoV-2; emerging pathogen; inactivation; monkeypox virus; risk management
40144431,Monkeypox in a Non-endemic Setting: Challenges in the Diagnosis and Management of an Atypical Case.,"Yves N Mrad, Kalpana Jain, Jogi Vikas, Axel B Lichtenberg, Ali Z Ansari, Nilay Bhatt, Shivam Gupta",Cureus. 2025. doi: 10.7759/cureus.79547..,Mrad,Cureus,2025,2025/02/24,,,10.7759/cureus.79547,"Monkeypox is a zoonotic viral disease caused by the monkeypox virus, an Orthopoxvirus closely related to smallpox. While historically confined to endemic regions in Africa, recent outbreaks have demonstrated its capacity to spread globally, posing significant diagnostic and therapeutic challenges. We present the case of a 28-year-old previously healthy Caucasian male who repeatedly sought care in the emergency department (ED) for nonspecific flu-like symptoms, including fever, lymphadenopathy, dysphagia, and a progressive vesiculopustular rash. The initial lack of a clear clinical picture led to multiple misdiagnoses and treatments for presumed bacterial infections. Despite multiple evaluations and initial misdiagnoses, the persistence and progression of symptoms - including worsening lymphadenopathy, dysphagia, and a vesiculopustular rash with umbilicated lesions - raised concern for an Orthopoxvirus infection. Given the patient's history of intimate contact with a male partner who had recently traveled internationally, monkeypox became a key diagnostic consideration. Other possible differential diagnoses included bacterial tonsillitis, peritonsillar abscess, syphilis, varicella, and other sexually transmitted infections. This evolving clinical picture prompted expedited non-variola Orthopoxvirus DNA polymerase chain reaction (PCR) testing, which ultimately confirmed the diagnosis. This report highlights the diagnostic challenges posed by monkeypox in non-endemic settings, where healthcare providers may have limited familiarity with the disease. It demonstrates the need for heightened clinical suspicion in patients with compatible symptoms, especially during outbreak periods. The patient's subsequent treatment with tecovirimat demonstrated its potential effectiveness in mitigating symptoms and improving outcomes when initiated promptly. Additionally, this report emphasizes the crucial role of public health measures, including robust surveillance systems such as enhanced case reporting, rapid diagnostic testing networks, and contact tracing programs, alongside healthcare provider education and vaccination strategies, in combating the spread of this reemerging infectious disease.",fever of obscure origin; monkeypox diagnosis; monkeypox symptoms; monkeypox treatment; monkeypox virus; non-endemic region; oral dysphagia; orthopoxvirus; viral lymphadenopathy; zoonotic infections
12149352,Outbreaks of disease suspected of being due to human monkeypox virus infection in the Democratic Republic of Congo in 2001.,"Hermann Meyer, Mathilde Perrichot, Markus Stemmler, Petra Emmerich, Herbert Schmitz, Francis Varaine, Robert Shungu, Florimond Tshioko, Pierre Formenty",Journal of clinical microbiology. 2002. doi: 10.1128/JCM.40.8.2919-2921.2002..,Meyer,Journal of clinical microbiology,2002,2002/08/01,,,10.1128/JCM.40.8.2919-2921.2002,"Seven outbreaks of disease characterized by a pustular rash and suspected to have been caused by human monkeypox virus were investigated. The outbreaks occurred between February and August 2001 in the province of Equateur in the Democratic Republic of Congo. The outbreaks involved a total of 31 persons and caused five deaths. Specimens from 14 patients were available and were analyzed by electron microscopy, virus isolation, and PCR assays specific for monkeypox virus and varicella-zoster virus. We provide evidence that two outbreaks were indeed caused by monkeypox virus (16 cases, with four deaths), that in two outbreaks both monkeypox and varicella-zoster virus were involved (seven cases, with one death), and that two outbreaks were cases of chickenpox caused by infection with varicella-zoster virus (six cases, with no deaths). In one outbreak, no evidence for either monkeypox or chickenpox was found (two cases, with no deaths).","[MeSH] Adult; [MeSH] Animals; [MeSH] Child, Preschool; [MeSH] Democratic Republic of the Congo; [MeSH] Disease Outbreaks; [MeSH] Female; [MeSH] Humans; [MeSH] Infant; [MeSH] Male; [MeSH] Microscopy, Electron; [MeSH] Monkeypox virus; [MeSH] Polymerase Chain Reaction; [MeSH] Poxviridae Infections; [MeSH] Virus Cultivation"
11384521,"Outbreak of human monkeypox, Democratic Republic of Congo, 1996 to 1997.","Y J Hutin, R J Williams, P Malfait, R Pebody, V N Loparev, S L Ropp, M Rodriguez, J C Knight, F K Tshioko, A S Khan, M V Szczeniowski, J J Esposito",Emerging infectious diseases. 2001. doi: 10.3201/eid0703.010311..,Hutin,Emerging infectious diseases,2001,2001/01/01,,,10.3201/eid0703.010311,"Human monkeypox is a zoonotic smallpox-like disease caused by an orthopoxvirus of interhuman transmissibility too low to sustain spread in susceptible populations. In February 1997, 88 cases of febrile pustular rash were identified for the previous 12 months in 12 villages of the Katako-Kombe Health Zone, Democratic Republic of Congo (attack rate = 22 per 1,000; case-fatality rate = 3.7%). Seven were active cases confirmed by virus isolation. Orthopoxvirus- neutralizing antibodies were detected in 54% of 72 patients who provided serum and 25% of 59 wild-caught animals, mainly squirrels. Hemagglutination-inhibition assays and Western blotting detected antibodies in 68% and 73% of patients, respectively. Vaccinia vaccination, which protects against monkeypox, ceased by 1983 after global smallpox eradication, leading to an increase in the proportion of susceptible people.","[MeSH] Adolescent; [MeSH] Adult; [MeSH] Animals; [MeSH] Child; [MeSH] Child, Preschool; [MeSH] Democratic Republic of the Congo; [MeSH] Disease Outbreaks; [MeSH] Female; [MeSH] Hemagglutination Inhibition Tests; [MeSH] Humans; [MeSH] Infant; [MeSH] Male; [MeSH] Middle Aged; [MeSH] Monkeypox virus; [MeSH] Poxviridae Infections; [MeSH] Time Factors"
38871569,Sexually Transmitted Infections in People with Human Immunodeficiency Virus.,"Jessica Tuan, Morgan M Goheen, William Trebelcock, Dana Dunne",Infectious disease clinics of North America. 2024. doi: 10.1016/j.idc.2024.04.007..,Tuan,Infectious disease clinics of North America,2024,2024/06/12,,,10.1016/j.idc.2024.04.007,"Sexually transmitted infections (STIs) are more commonly seen in patients with human immunodeficiency virus (PWH). Routine sexual history taking and appropriate multisite screening practices support prompt identification and treatment of patients, which in turn reduces morbidity and spread of STIs including HIV. Nucleic acid amplification testing has high accuracy for diagnosing many of the major STIs. Diagnosis of syphilis remains complex, requiring 2 stage serologic testing, along with provider awareness of the myriad symptoms that can be attributable to this disease. Prevention through mechanisms such as vaccines and postexposure prophylaxis hold promise to reduce the burden of STIs in PWH.",Chlamydia; Gonorrhea; Human immunodeficiency virus; Mpox; Mycoplasma; Sexually transmitted infections; Syphilis; Trichomonas
6304185,Human monkeypox.,"Z Jezek, A I Gromyko, M V Szczeniowski","Journal of hygiene, epidemiology, microbiology, and immunology. 1983.",Jezek,"Journal of hygiene, epidemiology, microbiology, and immunology",1983,1983/01/01,,,,"Human monkeypox, occurring in the tropical rainforest of west and central Africa, is regarded as the most important orthopoxvirus infection for epidemiological surveillance during the post-smallpox era. This disease, first recognized in Zaïre in 1970 resembles smallpox clinically but differs epidemiologically. Clinical features, their evolution and sequelae of monkeypox could be compared with discrete ordinary or modified type of smallpox. A case-fatality rate of 14% has been observed but some cases can be exceedingly mild or atypical and may easily remain undetected and unreported. Pronounced lymphadenopathy has been the only clinical feature found commonly in monkeypox but not in smallpox. Fifty-seven cases of human monkeypox have occurred since 1970, in the tropical rainforests in six west and central African countries, the majority of them (45) being reported from Zaïre. The disease appears to be more frequent in dry season. Children below ten years of age comprise 84% of the cases. Smallpox vaccination protects against monkeypox. Clusters of cases have been observed in certain areas within countries and within affected households. Human-to-human spread has possibly occurred seven times. No cases of possible tertiary spread were observed. The secondary attack rate among susceptible close household contacts was 10%, among all susceptible contacts 5%. This is much lower than that occurring with smallpox, which is between 25-40%. The limited avidity of monkeypox virus for human beings indicates that monkeypox is probably a zoonosis, although the animal reservoir(s) have not yet been identified. The low transmissibility, resulting in low frequency of disease in man indicates that monkeypox is not a public health problem. Human monkeypox has been a relatively newly recognized disease. Studies are in progress to identify the natural cycle of monkeypox virus and to define better its clinical and epidemiological characteristics. Special surveillance is maintained in endemic areas with the aim to provide assurance that in spite of waning immunity of the human population following cessation of the smallpox vaccination, the disease does not constitute a potential danger to man.","[MeSH] Adolescent; [MeSH] Adult; [MeSH] Africa, Central; [MeSH] Africa, Western; [MeSH] Animals; [MeSH] Child; [MeSH] Child, Preschool; [MeSH] Democratic Republic of the Congo; [MeSH] Diagnosis, Differential; [MeSH] Female; [MeSH] Humans; [MeSH] Infant; [MeSH] Male; [MeSH] Monkeypox virus; [MeSH] Poxviridae Infections; [MeSH] Seasons; [MeSH] Smallpox; [MeSH] Zoonoses"
20688948,Application of a multiplex PCR to cervical cells collected by a paper smear for the simultaneous detection of all mucosal human papillomaviruses (HPVs) and typing of high-risk HPV types 16 and 18.,"Shirish Shukla, Alok C Bharti, Sutapa Mahata, Showket Hussain, Suresh Hedau, Rajyashri Sharma, M Radhakrishna Pillai, Sudhir Krishna, Shubhada Chiplunkar, Hemant Tongaonkar, Bhudev C Das",Journal of medical microbiology. 2010. doi: 10.1099/jmm.0.019240-0..,Shukla,Journal of medical microbiology,2010,2010/08/05,,,10.1099/jmm.0.019240-0,"A simple paper smear (PS) method for dry collection and storage of cervical specimens was employed to develop an easy multiplex (MPX) PCR for simultaneous detection of generic human papillomaviruses (HPVs) as well as typing of the high-risk HPV-16 and -18, the two clinically most important HPV genotypes, which are responsible for more than 80 % of cervical cancers. Multiplexing was performed with a small amount of DNA eluted by boiling from a single PS punch in a single tube and using a mixture of four pairs of primers specific for the HPV L1 consensus sequence, HPV-16, HPV-18 and the β-globin gene. Sixty HPV-positive biopsies and corresponding PS specimens from cervical cancer patients as well as cervical smears from 100 healthy women with or without abnormal cytology were collected both as PSs and in PBS. Detection of HPV DNA from cervical biopsies collected in PBS and corresponding cervical scrapes on a PS or in PBS by conventional and MPX-PCR showed a concordance of 100 % and adequacy of 93 %. A similar comparative study in cervical scrapes from normal women also revealed 100 % concordance. The technique was validated in a multicentric study at four different national laboratories. PSs collected by different centres showed variable adequacy (73-82 %) but the use of multiple PS discs for DNA extraction significantly increased the adequacy. Integration of PSs with MPX-PCR for the detection and typing of HPVs is a highly convenient, efficient, simple and cost-effective method for large-scale clinico-epidemiological studies and is also suitable for HPV vaccine monitoring programmes in resource-poor settings.","[MeSH] Cervix Uteri; [MeSH] DNA Primers; [MeSH] DNA, Viral; [MeSH] Desiccation; [MeSH] Female; [MeSH] Human papillomavirus 16; [MeSH] Human papillomavirus 18; [MeSH] Humans; [MeSH] Papillomaviridae; [MeSH] Papillomavirus Infections; [MeSH] Polymerase Chain Reaction; [MeSH] Reproducibility of Results; [MeSH] Sensitivity and Specificity; [MeSH] Specimen Handling; [MeSH] Vaginal Smears; [MeSH] Virology"
4308335,Trsmission of smallpox by contact and by aerosol routes in Macaca irus.,"J Noble, J A Rich",Bulletin of the World Health Organization. 1969.,Noble,Bulletin of the World Health Organization,1969,1969/01/01,,,,"Smallpox is believed not to occur naturally in species other than man. However, reports of several epizootics of an exanthematous disease, similar to smallpox, in wild monkeys have raised the question of a simian reservoir. If such a reservoir for smallpox exists, the eradication of this disease from the world would be a difficult or impossible task. Transmission of smallpox in Macaca irus has been studied to determine whether transmission occurs and if infection chains can be maintained by this species.Transmission was consistently accomplished by both contact and aerosol routes. In the contact transmission studies, the smallpox infection was maintained through 6 passages but was lost with the seventh passage. The virulence of the virus did not appear to increase as the virus was serially passed in monkeys. Continuing studies of the possible occurrence of smallpox and of monkeypox in simian populations are warranted.",[MeSH] Aerosols; [MeSH] Animals; [MeSH] Disease Reservoirs; [MeSH] Haplorhini; [MeSH] Hemagglutination Inhibition Tests; [MeSH] Humans; [MeSH] Monkey Diseases; [MeSH] Smallpox; [MeSH] Variola virus
6132084,Human monkeypox transmitted by a chimpanzee in a tropical rain-forest area of Zaire.,"M Mutombo, I Arita, Z Jezek","Lancet (London, England). 1983. doi: 10.1016/s0140-6736(83)92027-5..",Mutombo,"Lancet (London, England)",1983,1983/04/02,,,10.1016/s0140-6736(83)92027-5,"A case of monkeypox infection in a six-month-old baby girl who had been bitten by a wild chimpanzee in Kivu, Zaire, was investigated. The child had not been exposed to any monkeypox-like disease and no cases of such disease had occurred in the surrounding area during previous months. The time of onset of rash was consistent with the virus having been transmitted from the chimpanzee. However, it is still not known whether chimpanzees and other primates or lower mammals are the primary reservoir of monkeypox infection.","[MeSH] Accidents, Home; [MeSH] Animals; [MeSH] Animals, Wild; [MeSH] Bites and Stings; [MeSH] Democratic Republic of the Congo; [MeSH] Female; [MeSH] Humans; [MeSH] Infant; [MeSH] Monkey Diseases; [MeSH] Monkeypox virus; [MeSH] Pan troglodytes; [MeSH] Poxviridae Infections; [MeSH] Tropical Medicine"
24738835,Comparison of seven hepatitis B virus (HBV) nucleic acid testing assays in selected samples with discrepant HBV marker results from United States blood donors.,"Florence Enjalbert, David E Krysztof, Daniel Candotti, Jean-Pierre Allain, Susan L Stramer",Transfusion. 2014. doi: 10.1111/trf.12653..,Enjalbert,Transfusion,2014,2014/04/17,,,10.1111/trf.12653,"BACKGROUND: Sensitive triplex nucleic acid tests (NATs) are implemented for blood donation screening worldwide. Assays have variable ability to detect low-level hepatitis B virus (HBV) DNA. At borderline DNA detection levels, where Poisson distribution impacts results, distinguishing true-positive from false-positive results is challenging. Algorithms are needed to confirm such low-level HBV DNA-positive samples. STUDY DESIGN AND METHODS: A total of 135 blood donor samples reactive by one or more HBV markers that provided discrepant results were tested undiluted with four commercial NATs: Ultrio, Ultrio Plus, MPX, and a quantitative assay (SuperQuant). To further explore discrepancies, three additional in-house NATs including real-time polymerase chain reaction (PCR) and nested PCR and sequencing were performed. RESULTS: The numbers reactive of these 135 ""difficult"" samples by four commercial NATs were as follows: 39 of 107 (36%) with SuperQuant, 40 (30%) with Ultrio, 100 (74%) with Ultrio Plus, and 102 (76%) with MPX. Of the seven NATs, 109 (81%) samples were reactive by at least two assays and thus considered confirmed positive of which 67 (50%) generated a sequence. Ultrio Plus and MPX performed similarly as above (80%-85% detected of 109 and 81%-90% of 67, respectively). Older (median, 49 years), HBV core antibody-reactive donors carried predominantly Genotype A (58%) with high-frequency amino acid substitutions in the major hydrophilic region of the S-protein. Younger (median, 24 years) hepatitis B surface antigen-positive donors carried wild-type strains predominantly Genotype B (32%) and E (24%), the latter in an apparent cluster. CONCLUSIONS: Highly sensitive NATs require new confirmatory algorithms as presented optimally using different genomic regions or sequence generation. The introduction of immigration-related HBV genotypes may impact HBV epidemiology in the United States.","[MeSH] Adult; [MeSH] Aged; [MeSH] Biomarkers; [MeSH] Blood Donors; [MeSH] DNA, Viral; [MeSH] Female; [MeSH] Hepatitis B; [MeSH] Hepatitis B virus; [MeSH] Humans; [MeSH] Male; [MeSH] Mass Screening; [MeSH] Middle Aged; [MeSH] Polymerase Chain Reaction; [MeSH] United States; [MeSH] Young Adult"
41056625,A fatal case of Herpes simplex virus-2 infection imported from Sharjah to India: Need for differential diagnosis amid Mpox surveillance.,"Rima R Sahay, Deepak Y Patil, Shubin Chenayil, Anita M Shete, Abhinendra Kumar, Triparna Majumdar, Pragya D Yadav",Diagnostic microbiology and infectious disease. 2025. doi: 10.1016/j.diagmicrobio.2025.117128..,Sahay,Diagnostic microbiology and infectious disease,2026,2025/09/26,,,10.1016/j.diagmicrobio.2025.117128,"We describe a fatal Herpes simplex virus-2 (HSV-2) infection in a 48-year-old, Indian male travelled from Sharjah, United Arab Emirates (UAE). The case presented with fever, painful oral ulcerations and hepatic dysfunction. The clinical specimens were tested for Mpox, MERS-CoV, Crimean Congo hemorrhagic fever and hepatitis viruses. Further, HSV-2 was confirmed using real-time PCR, while next-generation sequencing recovered entire genome from serum, urine, blood and oropharyngeal swabs. The patient succumbed to infection with multiorgan failure after two days of hospitalization. Genomic analysis showed that HSV-2 strain shared similarities with U.S. strain (1997). Because clinicians initially considered Mpox as the primary threat in this returning traveler, recognition of HSV-2 and initiation of antiviral therapy were delayed. This report emphasizes increased alertness for differential diagnosis of HSV-2 in returning travelers primarily because of public health emergency of international concern related to Mpox. Enhanced early detection together with improved monitoring functions as a fundamental aspect for preventing major HSV-2 complications.",Fatal case; Herpes simplex virus; India; Mpox; Travel; UAE
40540241,Annular Lesions Mimicking Mpox in a Patient With HIV.,"Ruixin Deng, Tianyi Xu, Yalong Li, Shaoqin Zhou, Yinggai Song, Aiping Wang",The American Journal of dermatopathology. 2025. doi: 10.1097/DAD.0000000000003044..,Deng,The American Journal of dermatopathology,2025,2025/06/20,,,10.1097/DAD.0000000000003044,"Syphilis, a chronic bacterial infection caused by Treponema pallidum , is now reemerging as a global public health problem, particularly among men who have homosexual relationships. Because syphilis could mimic various diseases and could coexist with other sexually transmitted diseases, accurate recognition of syphilis, with its versatile presentations, can challenge even the most experienced clinician. Here, we presented a case of syphilis mimicking mpox in a homosexual patient with HIV infection and summarized the key points in differentiating syphilis from mpox.",human immunodeficiency virus; mpox; sexually transmitted diseases; syphilis
38872848,Ocular Mpox in a Breastfeeding Healthcare Provider.,"Sara Lovett, Jayne Griffith, Nick Lehnertz, Teresa Fox, Greg Siwek, Aaron M T Barnes, Aaron D Kofman, Kaitlin Hufstetler, Alexander L Greninger, Michael B Townsend, William C Carson, Ruth Lynfield, Shama Cash-Goldwasser",Open forum infectious diseases. 2024. doi: 10.1093/ofid/ofae290..,Lovett,Open forum infectious diseases,2024,2024/05/30,,,10.1093/ofid/ofae290,"A healthcare provider unknowingly treated a patient with mpox and subsequently developed ocular mpox without rash. She breastfed during illness; her infant was not infected. This report addresses 3 challenges in mpox management and control: diagnosis in the absence of rash, exposures in healthcare settings, and management of lactating patients.",breastfeeding; infection control; mpox; occupational exposure; severe disease
19493467,Contrast-enhanced ultrasound for detection and diagnosis of renal clear cell carcinoma.,"Xiao-qiu Dong, Yi Shen, Li-wei Xu, Chun-mei Xu, Wei Bi, Xiao-min Wang",Chinese medical journal. 2009.,Dong,Chinese medical journal,2009,2009/05/20,,,,"BACKGROUND: Renal clear cell carcinoma (RCCC) is the most common malignant renal tumor. It is highly malignant, does not cause clinical symptoms in its early stages, and cannot be diagnosed using conventional ultrasound. This study was aimed to investigate the contrast-enhanced ultrasound (CEUS) mode and characteristics of the time-intensity curve for RCCC and its pathological basis. METHODS: Forty-two patients with pathologically diagnosed RCCC underwent CEUS examination before surgery. The patients' kidneys were visualized after injection of contrast agents using the Technos MPX DU8. We analyzed the CEUS mode, time-intensity curve, and pathological findings. RESULTS: The detection rate of RCCC with conventional ultrasound was about 71%, while the rate using CEUS was 100%. Larger tumors (33 cases) showed non-uniform enhancement with defective filling. CEUS modes were divided into 4 types: type I, ""quick in and out"" (26.19%, 11/42); type II, ""quick in and slow out"" (40.48%, 17/42); type III, ""Simultaneous in and out"" (16.67%, 7/42); and type IV ""slow in and out"" (16.67%, 7/42). All types had a close correlation to the pathological basis. Time-intensity curve of CEUS consisted of 3 phases, the perfusion phase, regression phase, and lag phase. Cases of types I and III only had a perfusion and regression phase, those of type II and IV had a perfusion phase, regression phase, and lag phase. Quantitative analysis of the time-intensity curve showed that the time-to-peak (TTP) of the lesions was shorter than that of normal renal parenchyma (P < 0.0001), the mean value of the up slope rate of the absolute value of lesions was higher than that of the ipsilateral normal renal parenchyma (P < 0.0001), and that the mean value of descent slope rate of the absolute value of lesions was lower than that of the ipsilateral normal renal parenchyma (P < 0.0001). CONCLUSIONS: CEUS is useful in detecting small vessels in tumors. Although there are several different CEUS modes, type I ""quick in and out"" and type II ""quick in and slow out"" accounted for the most cases that had a close correlation to pathologic angiogenesis. Time-intensity curves also showed some special characteristics. These data could provide valuable information for the clinical diagnosis of RCCC.","[MeSH] Adult; [MeSH] Aged; [MeSH] Carcinoma, Renal Cell; [MeSH] Contrast Media; [MeSH] Female; [MeSH] Humans; [MeSH] Kidney Neoplasms; [MeSH] Male; [MeSH] Middle Aged; [MeSH] Ultrasonography"
19043920,Using biomarkers to stage disease progression in a lethal mousepox model treated with CMX001.,"Scott Parker, Jill Schriewer, Christina Oberle, Alice Robertson, Randall Lanier, George Painter, R Mark Buller",Antiviral therapy. 2008.,Parker,Antiviral therapy,2008,2008/01/01,,,,"BACKGROUND: The emergence of human monkeypox and the potential use of recombinant variola and monkeypox viruses as biological terrorist agents have necessitated the development of therapeutic and prophylactic therapies. The primary, or index, cases of smallpox and/or human monkeypox will likely be identified by a characteristic rash. Effective biomarkers will be required to monitor disease progression, guide the choice of therapeutic intervention strategies and evaluate their efficacies. To address this we have evaluated several biomarkers of disease in a lethal mousepox model. METHODS: The efficacy of a single dose of a hexadecyloxypropyl ester of cidofovir (CMX001) at 20, 25 and 30 mg/kg doses administered on days 4, 5, 6 and 7 post-infection was evaluated in A/Ncr mice intranasally infected with low doses of ectromelia virus (<20 plaque-forming units). Mice were monitored for weight loss, blood interferon-gamma levels, alanine aminotransferase (ALT), aspartate aminotransferase, viral DNA copies and neutrophilia levels to stage disease progression. RESULTS: We have used these biomarkers to establish the optimal dosing regimen for treatment and reveal that a single dose of 25 mg/kg of CMX001 can be efficacious at treating lethal mousepox when administered on days 4 or 5 post-infection. This dose significantly reduces ALT, interferon-gamma and DNA copies found in the blood of infected animals. CONCLUSIONS: A single dose regimen of CMX001 is efficacious at treating mousepox. Disease progression and antiviral efficacy can be monitored using several biomarkers that could readily be used in the case of a human monkeypox or smallpox outbreak.","[MeSH] Alanine Transaminase; [MeSH] Animals; [MeSH] Antiviral Agents; [MeSH] Aspartate Aminotransferases; [MeSH] Biomarkers; [MeSH] Cell Line; [MeSH] Cytosine; [MeSH] DNA, Viral; [MeSH] Disease Models, Animal; [MeSH] Disease Progression; [MeSH] Ectromelia virus; [MeSH] Ectromelia, Infectious; [MeSH] Female; [MeSH] Humans; [MeSH] Interferon-gamma; [MeSH] Mice; [MeSH] Organophosphonates; [MeSH] Treatment Outcome; [MeSH] Weight Loss"
4340223,Human infection with monkeypox virus: laboratory investigation of six cases in West Africa.,"B Lourie, P G Bingham, H H Evans, S O Foster, J H Nakano, K L Herrmann",Bulletin of the World Health Organization. 1972.,Lourie,Bulletin of the World Health Organization,1972,1972/01/01,,,,"Between September 1970 and May 1971 six cases of human infection with monkeypox virus were identified in three West African countries-Liberia, Sierra Leone, and Nigeria. Four of the cases were confirmed by viral isolation, and two were diagnosed on epidemiological and serological evidence. Poxvirus strains isolated from the four cases were indistinguishable from reference monkeypox strains (Copenhagen and Utrecht), and all were easily differentiated from variola and vaccinia viruses. The isolated strains produced small necrotic haemorrhagic pocks on CAM, grew well at 39.0 degrees C, formed large plaques in Vero cell cultures, showed markedly more virulence for chick embryos and mice than do variola strains, and produced large necrotic haemorrhagic local lesions with generalized illness and florid secondary exanthem when inoculated into rabbit skin.The finding of smallpox-like illness in humans resulting from infection with a poxvirus of lower animal origin serves to emphasize the importance of thorough epidemiological and laboratory evaluation of all suspect smallpox cases occurring in areas where smallpox has been or is about to be eradicated.","[MeSH] Africa, Western; [MeSH] Animals; [MeSH] Chick Embryo; [MeSH] Culture Techniques; [MeSH] Cytopathogenic Effect, Viral; [MeSH] Humans; [MeSH] Mice; [MeSH] Poxviridae; [MeSH] Poxviridae Infections; [MeSH] Rabbits; [MeSH] Virus Cultivation"
39188496,Monkeypox Presenting as Periorbital Cellulitis: A Case Report.,"Unaiza Batool, Fahad S Siddiqui, Jessika Sanz, Shoaib Siddiqui",Cureus. 2024. doi: 10.7759/cureus.65517..,Batool,Cureus,2024,2024/07/27,,,10.7759/cureus.65517,"Monkeypox, a viral disease caused by the monkeypox virus is well known for its characteristic rash with macular, papular, and vesicular stages. Although the skin is one of the most affected organs by monkeypox, the virus can also impact the respiratory, ophthalmologic, genitourinary, and gastrointestinal systems, among others. It is extremely common for the disease to begin with flu-like symptoms in the prodromal phase before cutaneous manifestations emerge. Here, we describe a unique case of monkeypox infection in which a patient first presented with periorbital cellulitis before any characteristic skin findings appeared. The source of the infection was unknown and the patient recovered without any complications to date. This odd presentation of monkeypox reiterates the need for a detailed evaluation of patients with a similar presentation.",case report; dermatology; infectious disease; monkeypox; periorbital cellulitis
40914436,Remarkable photodynamic activity of tetra-cationic porphyrins against Vaccinia virus and Monkeypox virus.,"Gilneia da Rosa, Paulo Henrique Hümmelgen Silva, José Valter Joaquim Silva Júnior, Micheli Mainardi Pillat, Bernardo Almeida Iglesias, Rudi Weiblen, Eduardo Furtado Flores",Antiviral research. 2025. doi: 10.1016/j.antiviral.2025.106279..,da,Antiviral research,2025,2025/09/04,,,10.1016/j.antiviral.2025.106279,"In this context, we evaluated the photodynamic effects of four cationic tetra-(pyridyl)porphyrins against Vaccinia virus Western Reserve (VACV WR) and Monkeypox virus (MPXV). The porphyrins were initially analyzed for cytotoxicity to Vero cells by MTT assay and the maximal non-cytotoxic concentrations were used in virucidal assays. For virucidal assays, VACV-WR (107.5 TCID50/mL) and MPXV suspensions (106.97 TCID50/mL) were incubated with porphyrins, exposed (or not) to white light conditions at 45 min. Aliquots of virus suspensions were collected and quantitated, comparing the titers with those of virus suspensions not exposed to porphyrins and/or to light. Porphyrins 4-PtTPyP, 3-H2TMeP and 4-H2TMeP exhibited light-dependent activity and completely inactivated VACV-WR and MPXV after 5, 30 and 45 min of light exposure, respectively. In contrast, derivative 3-PtTPyP inactivated the viruses even in the absence of white light exposure, a light-independent virucidal activity. Virucidal assays were performed in the presence/absence of ROS scavengers. Ascorbic acid (AA) was the only capable of completely inhibiting photodynamic inactivation by the three porphyrins. This indicates a type II photodynamic mechanism by singlet oxygen (1O2). These results demonstrated photodynamic inactivation of poxviruses by tetra-cationic porphyrins, supporting their potential use - especially 4-PtTPyP - for virus inactivation in many applications. These results also pave the way for testing porphyrin in PDT of poxvirus-induced cutaneous lesions. In addition, our data validated the use of VACV as a in vitro model for targeted MPXV virucidal testing.",Cationic porphyrins; Photodynamic therapy; Poxviridae; Virus inactivation
3036967,Human monkeypox: clinical features of 282 patients.,"Z Jezek, M Szczeniowski, K M Paluku, M Mutombo",The Journal of infectious diseases. 1987. doi: 10.1093/infdis/156.2.293..,Jezek,The Journal of infectious diseases,1987,1987/08/01,,,10.1093/infdis/156.2.293,"We present the clinical features and course of 282 patients with human monkeypox in Zaire during 1980-1985. The ages of the patients ranged from one month to 69 years; 90% were less than 15 years of age. The clinical picture was similar to that of the ordinary and modified forms of smallpox. Lymphadenopathy, occurring in the early stage of the illness, was the most important sign differentiating human monkeypox from smallpox and chickenpox. The symptoms, signs, and the course of the disease in patients who had been vaccinated against smallpox differed significantly from those in unvaccinated subjects. Pleomorphism and ""cropping"" similar to that in chickenpox occurred in 31% of vaccinated and 18% of unvaccinated patients. The prognosis depended largely on the presence of severe complications. No deaths occurred among vaccinated patients. In unvaccinated patients the crude case-fatality rate was 11% but was higher among the youngest children (15%).","[MeSH] Adolescent; [MeSH] Adult; [MeSH] Age Factors; [MeSH] Aged; [MeSH] Child; [MeSH] Child, Preschool; [MeSH] Female; [MeSH] Humans; [MeSH] Infant; [MeSH] Infant, Newborn; [MeSH] Lymph Nodes; [MeSH] Male; [MeSH] Middle Aged; [MeSH] Monkeypox virus; [MeSH] Poxviridae Infections; [MeSH] Prognosis; [MeSH] Vaccination"
12017086,The zoonotic poxviruses.,Susan Lewis-Jones,Dermatology nursing. 2002.,Lewis-Jones,Dermatology nursing,2002,2002/04/01,,,,Animal poxviruses occasionally produce human skin disease often associated with systemic illness. Lesions are painful blisters and crusted eschars and are usually self-limiting and rarely fatal. Treatment is generally supportive.,"[MeSH] Diagnosis, Differential; [MeSH] Female; [MeSH] Humans; [MeSH] Male; [MeSH] Monkeypox virus; [MeSH] Orthopoxvirus; [MeSH] Parapoxvirus; [MeSH] Poxviridae; [MeSH] Poxviridae Infections; [MeSH] Zoonoses"
37657835,Mpox: Keep it on the differential.,"Sara L Clemens, Stuart N Isaacs",Cleveland Clinic journal of medicine. 2023. doi: 10.3949/ccjm.90a.23020..,Clemens,Cleveland Clinic journal of medicine,2023,2023/09/01,,,10.3949/ccjm.90a.23020,"In its current global outbreak, mpox has exhibited several novel clinical presentations that clinicians should be aware of so they can recognize it if they see it. Although the case rate has decreased, mpox could linger at a low rate or resurface in other populations and thus should remain in the differential diagnosis in patients presenting with potential infections after intimate encounters.","[MeSH] Humans; [MeSH] Diagnosis, Differential; [MeSH] Disease Outbreaks"
38328470,A Review of Mpox Outbreak and Public Health Response in Spain.,"Daniel Cuetos-Suárez, Rick Kye Gan, David Cuetos-Suárez, Pedro Arcos González, Rafael Castro-Delgado",Risk management and healthcare policy. 2024. doi: 10.2147/RMHP.S440035..,Cuetos-Suárez,Risk management and healthcare policy,2024,2024/02/02,,,10.2147/RMHP.S440035,"OBJECTIVE: In May 2022, an unprecedented Mpox outbreak was reported in several non-endemic countries with unknown epidemiological links. Since May 2022, more than 20,000 cases have been reported in Europe. Spain has been the most affected country in Europe. We aim to describe the Mpox epidemiological profile in Spain, identify its outbreak risks, and describe public health interventions implemented by the Spanish authorities. METHODS: A literature review was conducted, using specific selection criteria to obtain relevant publications describing Mpox clinical presentation and risk factors and the public health response in Spain to the ongoing outbreak. RESULTS: 63.1% of the cases presented an anogenital rash, considered a specific and early symptom in this outbreak. Low case fatality rate is observed, mainly in risk groups, such as the immunocompromised population. Patients evolution was generally favorable, although 3-8% required hospitalization and two deaths occurred; 40% of patients were previously diagnosed with HIV infection. Most of the cases were seen among young population and concentrated in men who had sex with other men, mainly with multiple sexual partners, who did not practice safe sex such as using condoms, and those attending mass event parties. CONCLUSION: To date, the Mpox outbreak is not considered a public health emergency of international concern. The epidemiological trend of the virus in Spain shows that public health response interventions (health education, contact tracing, vaccination, etc.) have adequately controlled the epidemic curve in high-risk populations and avoided spreading the virus to other groups within the community.",Mpox outbreak; Spain; public health emergency of international concern; public health response interventions
21635922,"Species-specific identification of variola, monkeypox, cowpox, and vaccinia viruses by multiplex real-time PCR assay.","Sergei N Shchelkunov, Dmitrii N Shcherbakov, Rinat A Maksyutov, Elena V Gavrilova",Journal of virological methods. 2011. doi: 10.1016/j.jviromet.2011.05.002..,Shchelkunov,Journal of virological methods,2011,2011/05/27,,,10.1016/j.jviromet.2011.05.002,"A method of one-stage rapid identification of variola (VARV), monkeypox (MPXV), cowpox (CPXV), and vaccinia (VACV) viruses, pathogenic for humans, utilizing multiplex real-time TaqMan PCR (MuRT-PCR) assay was developed. Four pairs of oligonucleotide primers and four hybridization probes with various fluorescent dyes and the corresponding fluorescence quenchers were concurrently used for MuRT-PCR assay. The hybridization probe specific for the VARV sequence contained FAM/BHQ1 as a dye/quencher pair; MPXV-specific, TAMRA/BHQ2; CPXV-specific, JOE/BHQ1; VACV-specific, Cy5/BHQ3. The specificity and sensitivity of the developed method were assessed by analyzing DNA of 29 strains belonging to six orthopoxvirus species as well as the DNA samples isolated from archive clinical specimens of human smallpox cases and experimental specimens isolated from CPXV-infected mice and MPXV-infected marmot.",[MeSH] Humans; [MeSH] Molecular Diagnostic Techniques; [MeSH] Oligonucleotide Probes; [MeSH] Polymerase Chain Reaction; [MeSH] Poxviridae; [MeSH] Poxviridae Infections; [MeSH] Sensitivity and Specificity; [MeSH] Virology
8676429,Predicting survival from head trauma 24 hours after injury: a practical method with therapeutic implications.,"A N Mamelak, L H Pitts, S Damron",The Journal of trauma. 1996. doi: 10.1097/00005373-199607000-00014..,Mamelak,The Journal of trauma,1996,1996/07/01,,,10.1097/00005373-199607000-00014,"OBJECTIVE: To develop a method to predict long-term outcome after head injury and determine if outcome can be accurately predicted 24 hours after injury. DESIGN: A retrospective review was performed on a study cohort of 672 head-injured patients admitted in coma (Glascow Coma Scale score < or = 8) who remained comatose for at least 6 hours, survived more than 24 hours, and had 6-month outcome data available. Stepwise logistic regression analysis was used to determine which clinical variables predicted 6-month outcome. Statistically significant clinical predictors were combined into a single examination variable (MPX score), which reflected a rank-ordering of examinations from worst to best, which was then further weighted by patient age. The relation between 6-month outcome and MPX score at admission and 24 hours was plotted and analyzed. MEASUREMENT AND MAIN RESULTS: Age, best motor score, and pupillary reactivity at admission and 24 hours were significant predictors of outcome; extraocular motility was predictive at 24 hours only. Age was the most important independent predictor, followed by best motor score, pupillary reactivity, and extraocular motility. Combining these predictors into MPX score resulted in a set of graphs that reliably predicted long-term outcome. The 24-hour MPX data were better predictors of 6-month outcome and were more specific in predicting negative outcomes than admission data. CONCLUSIONS: The method is simple to use, relying on bedside neurologic examination and a single graph, but appears to predict long-term outcome accurately as early as 24 hours after head injury. If validated on other large series of patients, this method could provide an objective and practical basis for terminating care in patients unlikely to survive a head injury.","[MeSH] Adolescent; [MeSH] Adult; [MeSH] Age Factors; [MeSH] Aged; [MeSH] Aged, 80 and over; [MeSH] Child; [MeSH] Child, Preschool; [MeSH] Craniocerebral Trauma; [MeSH] Female; [MeSH] Humans; [MeSH] Infant; [MeSH] Logistic Models; [MeSH] Male; [MeSH] Middle Aged; [MeSH] Neurologic Examination; [MeSH] Predictive Value of Tests; [MeSH] Retrospective Studies; [MeSH] Survival Rate; [MeSH] Treatment Outcome"
40051961,Necrotizing Fasciitis as a Novel Complication of Penile Edema in a Patient With Monkeypox: A Case Report.,"Sara S Gawargeous, Aysha M Almeqbaali, Omar A Al Hammadi",Cureus. 2025. doi: 10.7759/cureus.78509..,Gawargeous,Cureus,2025,2025/02/04,,,10.7759/cureus.78509,"Unlike classical smallpox and other orthopoxviruses, primary genital lesions may be the initial presentation of monkeypox, particularly in sexually active or immunocompromised individuals, with a rising incidence in certain populations. We report a case of monkeypox with an unusual presentation of penile edema and phimosis in an uncircumcised male complicated by bacterial superinfection and necrotizing fasciitis. The patient presented with fever, painful genital swelling, and a vesiculopapular rash that progressed to involve the peripheries. Prompt diagnosis and surgical intervention, including circumcision, debridement, and appropriate antibiotic coverage, effectively managed the necrotizing fasciitis and improved the patient's outcome. This case highlights the need for heightened clinical suspicion of monkeypox in patients presenting with genital lesions, as early diagnosis and management are critical in preventing severe complications.",infectious disease medicine; male circumcision; monkeypox virus; necrotizing fasciitis; penile edema
27191380,Extended Human-to-Human Transmission during a Monkeypox Outbreak in the Democratic Republic of the Congo.,"Leisha Diane Nolen, Lynda Osadebe, Jacques Katomba, Jacques Likofata, Daniel Mukadi, Benjamin Monroe, Jeffrey Doty, Christine Marie Hughes, Joelle Kabamba, Jean Malekani, Pierre Lokwa Bomponda, Jules Inonga Lokota, Marcel Pie Balilo, Toutou Likafi, Robert Shongo Lushima, Benoit Kebela Ilunga, Frida Nkawa, Elisabeth Pukuta, Stomy Karhemere, Jean-Jacques Muyembe Tamfum, Beatrice Nguete, Emile Okitolonda Wemakoy, Andrea M McCollum, Mary G Reynolds",Emerging infectious diseases. 2016. doi: 10.3201/eid2206.150579..,Nolen,Emerging infectious diseases,2016,2016/06/01,,,10.3201/eid2206.150579,"A >600% increase in monkeypox cases occurred in the Bokungu Health Zone of the Democratic Republic of the Congo during the second half of 2013; this increase prompted an outbreak investigation. A total of 104 possible cases were reported from this health zone; among 60 suspected cases that were tested, 50 (48.1%) cases were confirmed by laboratory testing, and 10 (9.6%) tested negative for monkeypox virus (MPXV) infection. The household attack rate (i.e., rate of persons living with an infected person that develop symptoms of MPXV infection) was 50%. Nine families showed >1 transmission event, and >6 transmission events occurred within this health zone. Mean incubation period was 8 days (range 4-14 days). The high attack rate and transmission observed in this study reinforce the importance of surveillance and rapid identification of monkeypox cases. Community education and training are needed to prevent transmission of MPXV infection during outbreaks.",Africa; Democratic Republic of the Congo; animal diseases; incubation; monkeypox; monkeypox virus; orthopoxvirus; transmission; viruses; zoonosis
38077831,Monkeypox: A comprehensive review of a multifaceted virus.,"Randa Elsheikh, Abdelrahman M Makram, Tamilarasy Vasanthakumaran, Shubham Tomar, Khizer Shamim, Nguyen Dong Tranh, Sara S Elsheikh, Nguyen Thanh Van, Nguyen Tien Huy",Infectious medicine. 2023. doi: 10.1016/j.imj.2023.04.009..,Elsheikh,Infectious medicine,2023,2023/05/12,,,10.1016/j.imj.2023.04.009,"In May 2022, the world witnessed the re-emergence of the zoonotic disease monkeypox. While this was not the first epidemic of this disease, what differentiated the outbreak was the rapid global spread and increase of cases, which led the WHO to declare monkeypox a global health emergency. Although the disease spreads mainly through inadequately cooked meat of various rodent species, this virus also shows droplet, respiratory, sexual, and even vertical transmission. Monkeypox further multiplies in lymphoproliferative organs and presents with a classical smallpox-like rash, fever, headache, and muscle aches. Diagnosis is confirmed with a polymerase-chain-reaction test and is managed largely supportively with possible usage of some antivirals and immunoglobulins. Moreover, some pre-exposure and postexposure prophylactic vaccines have been developed. This paper aims to conduct an in-depth review of the historical epidemics, transmission, pathophysiology, clinical presentation, and management of the monkeypox disease.",Monkeypox; Orthopoxvirus; Outbreak; Smallpox
32895964,Cutaneous manifestations of viral outbreaks.,"Atul Bothra, Anshu Maheswari, Mehak Singh, Manoj Pawar, Kirti Jodhani",The Australasian journal of dermatology. 2020. doi: 10.1111/ajd.13421..,Bothra,The Australasian journal of dermatology,2021,2020/09/08,,,10.1111/ajd.13421,"As the world tries to grapple with the COVID-19 pandemic, dermatologists are left in a lurch as there is a lacuna in dermatologic literature as well as training regarding the cutaneous manifestations of varied viral agents capable of causing epidemics/pandemics or the potential to be bio-weaponised. Such outbreaks have the potential to become a pandemic given this age of globalisation. The quote by George Santayana stands true 'Those who cannot remember the past are condemned to repeat it'. Thus, this article lends a perspective to the recent viral outbreaks and is aimed at summarising these agents and their clinical features to serve as a quick reference for dermatologists.",COVID-19/SARS-CoV-2; Ebola; Lassa fever; bioweapon; chikungunya; dengue; monkeypox; oropouche fever; outbreaks; yellow fever; zika
36134109,A Review of the Recent Monkeypox Outbreak in 2022.,"Saleh Al-Gburi, Zainab Namuq",Cureus. 2022. doi: 10.7759/cureus.27880..,Al-Gburi,Cureus,2022,2022/08/11,,,10.7759/cureus.27880,"The coincidence of the monkeypox outbreak with the coronavirus disease 2019 (COVID-19) pandemic raises a global concern about a potential new pandemic and the possible consequences. As the World Health Organization declared the international monkeypox outbreak a global emergency, there is apprehension about the complications and mortality of monkeypox infection. The monkeypox virus is a zoonosis: a disease that is transmitted from animals to humans. It is an enveloped double-stranded DNA virus that belongs to the Orthopoxvirus genus. Human-to-human transmission occurs with close contact with respiratory secretions, sores on an infected person's skin, or contaminated items like clothing. Monkeypox is endemic in regions of Africa, however, because of smallpox eradication and a decrease in vaccination efforts, this led to an outbreak in the United States of America in 2003 and a new world outbreak in 2022. Most patients experience prodromal sickness with fever, malaise, and enlarged lymph nodes before developing a rash. In addition to skin lesions, individuals may also experience secondary skin and/or soft tissue infection, pneumonitis, ocular problems, and encephalitis. There is an increased risk of infection among men who have sex with men and human immunodeficiency virus infection (HIV) patients. The polymerase chain reaction is the gold standard for diagnosis. Management is usually supportive but some cases may require tecovirimat. This is a comprehensive review of monkeypox virus epidemiology, clinical features, and the most up-to-date, effective management and prevention.",infectious disease; monkeypox; orthopoxvirus; outbreak; review article
11428626,Procedure for assessing myeloperoxidase and inflammatory mediator responses in hairless mouse skin.,"J A Blank, L A Lane, R G Menton, R P Casillas",Journal of applied toxicology : JAT. 2000. doi: 10.1002/1099-1263(200012)20:1+<::aid-jat667>3.0.co;2-d..,Blank,Journal of applied toxicology : JAT,2000,2000/12/01,,,10.1002/1099-1263(200012)20:1+<::aid-jat667>3.0.co;2-d,"A preparation procedure for making multiple inflammatory biomarker measurements from the same skin tissue was assessed. The backs of euthymic hairless mice were exposed to sulfur mustard (HD) vapor for 6 min. Animals were euthanized 24 h following exposure, dorsal skin tissue was excised and 12-mm, full-thickness biopsy punches of the exposed skin sites were taken. Specimens were snap-frozen, crushed to a powder using a biopulverizer unit, solubilized in buffer and centrifuged. Supernatant was assayed for pro-inflammatory cytokines and the acute-phase reactive protein, serum amyloid P (SAP). Myeloperoxidase (MPX), which is indicative of neutrophil infiltration into the skin, was associated with the pellet fraction. Results indicate an elevation of interleukin-6, SAP and MPX in mouse skin tissue specimens 24h following HD vapor exposure. The tissue preparation procedure allows the use of a single skin specimen to make multiple inflammatory endpoint measurements requiring different preparation processes, and it will be used in subsequent studies to characterize further the inflammatory nature of HD-exposed skin tissue.","[MeSH] Administration, Cutaneous; [MeSH] Animals; [MeSH] Biomarkers; [MeSH] Blood Proteins; [MeSH] Dermatologic Agents; [MeSH] Endpoint Determination; [MeSH] Inflammation; [MeSH] Mice; [MeSH] Mustard Gas; [MeSH] Peroxidase; [MeSH] Specimen Handling"
19538111,The new ACAM2000 vaccine and other therapies to control orthopoxvirus outbreaks and bioterror attacks.,"Lauren Handley, Robert Mark Buller, Sharon E Frey, Clifford Bellone, Scott Parker",Expert review of vaccines. 2009. doi: 10.1586/erv.09.55..,Handley,Expert review of vaccines,2009,2009/07/01,,,10.1586/erv.09.55,"Quarantine, case tracing and population vaccination facilitated the global eradication, in 1980, of variola virus, the causative agent of smallpox. The vaccines used during the eradication period, including Dryvax, the smallpox vaccine used in the USA, were live vaccinia and cowpoxvirus-based vaccines, which induced long-lasting and cross-protective immunity against variola and other related poxviruses. These vaccine viruses were produced by serial propagation in domesticated animals. The drawbacks to such serially propagated live viral vaccines include the level of postvaccination local and systemic reactions and contraindications to their use in immunocompromised individuals, individuals with certain skin and cardiac diseases, and pregnant women. In the latter stages of the population-based smallpox vaccination campaign, research began with ways to improve safety and modernizing the manufacture of vaccinia vaccines; however, with the eradication of variola this work stopped. Outbreaks of monkeypoxvirus in humans and the bioterrorist threat of monkeypox and variola virus renewed the need for improved vaccinia vaccines. ACAM2000 is one of the new generation of smallpox vaccines. It is produced in cell culture from a clonally purified master seed stock of vaccinia derived from the New York City Board of Health strain of vaccinia. The clonally purified master seed assures a more homogeneous vaccine without the inherent mutations associated with serial propagation and the cell culture limits adventitious and bacterial contamination in vaccine production. In preclinical and clinical trials, ACAM2000 demonstrated an immunogenicity and safety profile similar to that of Dryvax.",[MeSH] Bioterrorism; [MeSH] Clinical Trials as Topic; [MeSH] Communicable Disease Control; [MeSH] Disease Outbreaks; [MeSH] Humans; [MeSH] Smallpox; [MeSH] Smallpox Vaccine
36250195,A puzzling pox lesion.,"Brittany Stelmar, Alanna O'Connell, Meredith Jones Sanchez",Visual journal of emergency medicine. 2022. doi: 10.1016/j.visj.2022.101527..,Stelmar,Visual journal of emergency medicine,2022,2022/09/30,,,10.1016/j.visj.2022.101527,,Monkeypox; Orthopoxvirus; Rash
2570511,Monkey pox in humans: current results.,"S S Marennikova, E M Shelukhina, G R Matsevich, Z Ezek, L N Khodakevich, O A Zhukova, N N Yanova, E V Chekunova",Acta virologica. 1989.,Marennikova,Acta virologica,1989,1989/05/01,,,,"The presented studies were performed at the WHO Collaboration Center for Smallpox in Moscow in the framework of the WHO monkey pox project. The authors recommend improved methods for rapid detection of orthopoxvirus antigen, namely passive haemagglutination (PHA) using dried stable red blood cells and ELISA in order to provide more rapid and efficient laboratory diagnosis under field conditions. Independent serologic diagnosis of monkey pox by ELISA-adsorption (ELISA-A) was proved of value for epidemiological studies and for detection of inapparent infections. The application range of the latter technique and its limitations were also determined.","[MeSH] Antibodies, Viral; [MeSH] Enzyme-Linked Immunosorbent Assay; [MeSH] Hemagglutination Tests; [MeSH] Humans; [MeSH] Monkeypox virus; [MeSH] Poxviridae"
17045865,Contrast-enhanced ultrasound (CEUS) for the study of peripheral lung lesions: a preliminary study.,"Marco Sperandeo, Giuseppe Sperandeo, Antonio Varriale, Paola Filabozzi, Marco Decuzzi, Lucia Dimitri, Gianluigi Vendemiale",Ultrasound in medicine & biology. 2006. doi: 10.1016/j.ultrasmedbio.2006.06.018..,Sperandeo,Ultrasound in medicine & biology,2006,2006/10/01,,,10.1016/j.ultrasmedbio.2006.06.018,"The use of contrast-enhanced ultrasound (CEUS) for the study of peripheral lung lesions has never been systematically investigated. We evaluated the CEUS patterns of 98 peripheral lung lesions before performing US-guided fine-needle biopsies (FNB). The examinations were done with an Esaote Technos MPX scanner in the harmonic mode with a mechanical index of 0.04 or less. Contrast enhancement was achieved with a 4.8 mL bolus of SonoVue (Bracco) administered via an antecubital vein. All FNBs performed under CEUS guidance were adequate for pathologic diagnosis. Seventy-eight lesions were malignant: 33 (41.9%) were adenocarcinomas, 29 (36.5%) were squamous-cell carcinomas, 13 (17.6%) were undifferentiated large-cell carcinomas and the remaining three (4.1%) were small-cell carcinomas. All presented intralesional enhancement consistent with tumor neovascularization. In some cases, there were unenhanced areas consistent with zones of necrosis and these areas were avoided during FNB. The other 20 lesions were benign (four lipomas, two fibrous lung tumor, two noncaseous granulomas, six abscesses, one rheumatoid nodule, one histiocytosis X, one chondroid hamartoma, one sclerosing hemangioma, two sarcoid nodules) and none presented intralesional enhancement. This initial and admittedly limited experience suggests that CEUS may provide diagnostically useful information on peripheral lung lesions and increase the diagnostic yield of transthoracic FNB by reducing the risk of inadequate tissue sampling.","[MeSH] Adenocarcinoma; [MeSH] Aged; [MeSH] Biopsy, Fine-Needle; [MeSH] Carcinoma, Large Cell; [MeSH] Carcinoma, Small Cell; [MeSH] Carcinoma, Squamous Cell; [MeSH] Contrast Media; [MeSH] Female; [MeSH] Humans; [MeSH] Image Enhancement; [MeSH] Lung Neoplasms; [MeSH] Male; [MeSH] Microbubbles; [MeSH] Middle Aged; [MeSH] Phospholipids; [MeSH] Sulfur Hexafluoride; [MeSH] Ultrasonography"
37920221,Acute Respiratory Distress Syndrome due to Monkeypox Virus.,"Tona Tchoubou, Rima El-Hosni, Marion Dollat, Pierre Jaquet, Celine Tournus, Yacine Tandjaoui-Lambiotte, Daniel Da Silva",European journal of case reports in internal medicine. 2023. doi: 10.12890/2023_004126..,Tchoubou,European journal of case reports in internal medicine,2023,2023/10/19,,,10.12890/2023_004126,"UNLABELLED: We report the first case of monkeypox virus (MPXV) associated acute respiratory distress syndrome (ARDS). A 34-year-old French woman with no medical history was admitted to the intensive care unit (ICU) for fever, altered mental status, hypotension and hypoxaemia. She presented with a diffuse skin rash with vesiculopustular lesions involving the four limbs and perineal ulcers with a skin swab positive for MPXV. On day 2, the patient presented moderate ARDS requiring invasive mechanical ventilation. She also had pleural empyema due to Streptococcus pyogenes. MPXV PCR was positive in the bronchoalveolar lavage, the pleural effusion and the blood. The patient was treated with tecovirimat. Despite the treatment, she had persistent viraemia for at least ten days. The patient condition rapidly improved; she was weaned from mechanical ventilation on day 18 despite the persistence of radiological lung opacities. She fully recovered and was discharged home on day 38 after admission. LEARNING POINTS: This is the first case of monkeypox virus associated ARDS in a young woman with no medical historyBiological follow-up showed disseminated MPXV and persistent viraemiaTecovirimat was well tolerated.",ARDS; Monkeypox virus; skin rash; tecovirimat; viraemia
36337414,Anesthesia concerns for a patient with monkeypox requiring emergency surgery: A review.,"Amit K Malviya, Ankesh Gupta, Abhishek Singh, Anju Gupta",Saudi journal of anaesthesia. 2022. doi: 10.4103/sja.sja_509_22..,Malviya,Saudi journal of anaesthesia,2022,2022/09/03,,,10.4103/sja.sja_509_22,Monkeypox is a contagious disease that manifests as a smallpox-like skin rash. The disease has shown a sudden surge worldwide across several countries. These patients may present for emergency surgery. Anesthetic management of these cases in an emergency setting is challenging. There is not much literature on the anesthetic management of monkeypox patients. We aimed to discuss the anesthetic management of monkeypox in this review.,Anesthetic; monkeypox; peri-operative care; pox; surgery
36573222,Study and prediction of the 2022 global monkeypox epidemic.,"Fengying Wei, Zhihang Peng, Zhen Jin, Jinjie Wang, Ximing Xu, Xinyan Zhang, Jun Xu, Zixiong Ren, Yao Bai, Xiaoli Wang, Bulai Lu, Zhaojun Wang, Jianguo Xu, Senzhong Huang",Journal of biosafety and biosecurity. 2022. doi: 10.1016/j.jobb.2022.12.001..,Wei,Journal of biosafety and biosecurity,2022,2022/12/22,,,10.1016/j.jobb.2022.12.001,"The World Health Organization (WHO) declared monkeypox as a public health emergency of international concern (PHEIC) on July 23, 2022, their highest level of alert. This raised concerns about the management of the global monkeypox outbreak, as well as the scientific analysis and accurate prediction of the future course of the epidemic. This study used EpiSIX (an analysis and prediction system for epidemics based on a general SEIR model) to analyze the monkeypox epidemic and to forecast the major tendencies based on data from the USA CDC (https://www.cdc.gov) and the WHO (https://www.who.int/health-topics/monkeypox). The global outbreak of monkeypox started in the UK on May 2, 2022, which marked the beginning of an epidemic wave. As of October 28, 2022, the cumulative number of reported cases worldwide was 77,115, with 36 deaths. EpiSIX simulations predict that the global monkeypox epidemic will enter a low epidemic status on March 1, 2023 with the cumulative number of confirmed cases ranging from 85,000 to 124,000, and the total number of deaths ranging from 60 to 87. Our analysis revealed that the basic reproduction number (R0) of monkeypox virus (MPXV) is near to 3.1 and the percentage of asymptomatic individuals is 13.1 %-14.5 %, both of which are similar to the data for SARS. The vaccination efficiency against susceptibility (VEs) of individuals who have had monkeypox is ∼ 79 %, and the vaccination efficiency against infectiousness (VEi) of individuals who have had monkeypox is ∼ 76 %-82 %. The mean incubation period for monkeypox is 8 days. In total, 94.7 % of infected individuals develop symptoms within 20 days and recover within 2 weeks after the confirmation of symptoms. Simulation results using EpiSIX showed that ring vaccination was remarkably effective against monkeypox. Our findings confirmed that a 20-day isolation for close contacts is necessary.",Epidemic; Monkeypox; Prediction; Tendency
17581150,Lengths of hepatitis B viremia and antigenemia in blood donors: preliminary evidence of occult (hepatitis B surface antigen-negative) infection in the acute stage.,"Akira Yoshikawa, Yuko Gotanda, Kiyoshi Minegishi, Rikizo Taira, Satoru Hino, Kenji Tadokoro, Hitoshi Ohnuma, Keiko Miyakawa, Katsumi Tachibana, Hideaki Mizoguchi",Transfusion. 2007. doi: 10.1111/j.1537-2995.2007.01234.x..,Yoshikawa,Transfusion,2007,2007/07/01,,,10.1111/j.1537-2995.2007.01234.x,"BACKGROUND: The Japanese Red Cross (JRC) implemented a fully automated pooling and nucleic acid amplification test (NAT) system for testing seronegative donations. The JRC sample repository and repeat blood donations allowed for lookback and follow-up studies of hepatitis B virus (HBV) DNA-positive donors, who tested negative for hepatitis B surface antigen (HBsAg) and anti-hepatitis B core antigen in the JRC screening system. STUDY DESIGN AND METHODS: From February 1, 2000, to March 31, 2003, 17,314,486 units were tested in 50-sample pools with a semiautomated multiplex assay system (AMPLINAT MPX test, Roche). During this period, 328 HBV DNA-positive donations were found. From 26 of these donors, sequential samples were available at short intervals. This enabled us to examine the dynamics of viral markers in acute HBV infection. The length of detectable periods of plasma viremia and antigenemia were estimated by regression analysis from the results obtained in the quantitative polymerase chain reaction assay (JRC) and HBsAg enzyme immunoassay (Auszyme II, AxSYM, Abbott) and chemiluminescence immunoassay (Abbott). RESULTS: The median length of detectable HBV DNA in individual donation and 20-sample minipool (MP) NAT format was estimated to be 74 and 50 days, respectively, whereas the median length of detectable HBsAg was estimated to be 42 days. Six of the 26 donors were infected with mutant viruses, and 3 of these 6 donors did not develop detectable HBsAg during the entire observation period, despite a moderately high viral load of 10(4) to 10(5) HBV DNA copies per mL. CONCLUSION: Transmission of mutant virus may cause occult HBV infection in the acute stage. HBV NAT, even in MP configuration, is more effective than HBsAg testing and capable of interdicting infected donors in the pre- and post-HBsAg window periods.","[MeSH] Acute Disease; [MeSH] Adolescent; [MeSH] Adult; [MeSH] Antigens, Viral; [MeSH] Blood Donors; [MeSH] DNA, Viral; [MeSH] False Negative Reactions; [MeSH] Female; [MeSH] Follow-Up Studies; [MeSH] Hepatitis B; [MeSH] Hepatitis B Surface Antigens; [MeSH] Humans; [MeSH] Male; [MeSH] Middle Aged; [MeSH] Nucleic Acid Amplification Techniques; [MeSH] Serologic Tests; [MeSH] Time Factors; [MeSH] Viremia"
40294869,Kinetics of the humoral and cellular immune response up to 1 year from mpox virus infection.,"Valentina Mazzotta, Giulia Matusali, Eleonora Cimini, Francesca Colavita, Rozenn Esvan, Stefania Notari, Giulia Micheli, Aurora Bettini, Eleonora Tartaglia, Alessandro Giacinta, Rita Casetti, Serena Vita, Germana Grassi, Davide Mariotti, Alessandra Oliva, Jessica Paulicelli, Gianluca Prota, Enrico Girardi, Emanuele Nicastri, Fabrizio Maggi, Andrea Antinori",Clinical microbiology and infection : the official publication of the European Society of Clinical Microbiology and Infectious Diseases. 2025. doi: 10.1016/j.cmi.2025.04.026..,Mazzotta,Clinical microbiology and infection : the official publication of the European Society of Clinical Microbiology and Infectious Diseases,2025,2025/04/26,,,10.1016/j.cmi.2025.04.026,"OBJECTIVES: The immunological signature of mpox Clade IIb was described in the early stages of infection. We aimed to characterize the kinetics of both humoral and cellular immune responses against mpox from the onset of symptoms up to one year later. METHODS: Sixty-nine patients with mpox infected with Clade IIb during the 2022 outbreak were included in a longitudinal study. Blood samples were collected during the first 3 weeks and 3-4 (T3-4M), 6-8 (T6-8M), and 12 months (T12M) after infection. Mpox-specific IgM, IgA, IgG, and neutralizing antibodies (nAbs) titres were measured by immunofluorescence assay and 50% plaque reduction neutralization test. Interferon-γ producing specific T-cells to Modified Vaccinia Ankara (MVA) peptides was assessed by ELISpot assay. CD4+ and CD8+ T-cells phenotypic markers (CD38/CD57/PD-1) were performed by flow cytometry. RESULTS: All the humoral markers were detected as early as 4 days and peaked at week 2 (IgG) or 3 (IgM, IgA, nAbs) from symptoms onset. At T3-4M from onset, the antibody levels decreased, and IgM was detected in only one patient; IgA in 50% (13/26), IgG and nAbs in 92% (24/26) of participants. Further decreases in IgG and nAb mean titres were observed at 6-8M. At T12M, IgM, IgA, IgG, and nAbs were detected in 4 (2/47), 48 (23/47), 93 (44/47) and 78% (37/47) of patients, respectively. MVA-specific T-cell response was detected early in the acute phase of infection, peaked at T3M and are maintained until T12M. DISCUSSION: These data provide evidence of persistence of humoral and cellular immune response 1 year after natural infection, suggesting the maintenance of adequate immune memory. Further study is needed to assess longer persistence of immunity and the cross-protection against different mpox clades.",Cellular response; HIV; Humoral response; Immune response; Mpox
41336756,A Hybrid Lightweight Network based on State Space Model for Rapid Diagnosis of Emerging Infectious Diseases.,"Ke Li, Yujiao Zhang, Jiaqiang Li, Zhenghua Guan, Tianfu Wang, Baiying Lei",Annual International Conference of the IEEE Engineering in Medicine and Biology Society. IEEE Engineering in Medicine and Biology Society. Annual International Conference. 2025. doi: 10.1109/EMBC58623.2025.11254378..,Li,Annual International Conference of the IEEE Engineering in Medicine and Biology Society. IEEE Engineering in Medicine and Biology Society. Annual International Conference,2025,2025/07/01,,,10.1109/EMBC58623.2025.11254378,"During outbreaks of emerging infectious diseases (EIDs), short-term surges in patient numbers often lead to medical resources panic squeeze, hindering timely diagnosis and patient isolation, thereby severely impacting patient's prognosis and impeding disease spread. Traditional clinical diagnosis of EIDs primarily depends on physicians' expertise, which may result in discomfort and healthcare-associated infections, inadequately addressing diagnostic demands during sudden epidemic surges. Meanwhile, most existing studies in EID automatic diagnosis are focused on improving the accuracy without considering resource limitations. In order to meet the surge in demand for short-term diagnosis during the epidemic, we introduced a lightweight network, which uses a structure similar to the MobileViT, alternating the MV2 module and the designed MobileMamba block. In the MobileMamba block, convolution is used to extract local features, while the group SSM module is used to obtain global features with fewer parameters. The proposed method has achieved state-of-the-art performance on the two EID datasets (including COVID-19 and monkeypox datasets) with a very small number of parameters (about 1/73 of ResNet 50, 1/3 of MobileViT, and 1/69 of VMamba) and calculations (about 1/30 of ResNet 50, 1/2 of MobileViT, 1/5 of VMamba), outperforming existing diagnostic models across key metrics such as accuracy, F1 score, and AUC.Clinical relevanceThis study proposes a high-performance and lightweight diagnostic model, which greatly promotes the rapid diagnosis of EIDs.","[MeSH] Humans; [MeSH] COVID-19; [MeSH] Communicable Diseases, Emerging; [MeSH] SARS-CoV-2; [MeSH] Algorithms; [MeSH] Diagnosis, Computer-Assisted; [MeSH] Neural Networks, Computer"
41481337,Severe Cutaneous Mpox: Necrotic Ulcer and Diffuse Rash in a Patient Living With Human Immunodeficiency Virus.,"Marlaena Nooney, Shuai Li, Nicholas Mielke, Rima El-Herte",The American Journal of dermatopathology. 2026. doi: 10.1097/DAD.0000000000003214..,Nooney,The American Journal of dermatopathology,2026,2026/01/02,,,10.1097/DAD.0000000000003214,,Mpox; case report; dermatopathology; human immunodeficiency virus (HIV) infection; public health emergency
17254642,Orthopoxvirus pan-genomic DNA assay.,"Yu Li, Susan L Ropp, Hui Zhao, Inger K Damon, Joseph J Esposito",Journal of virological methods. 2007. doi: 10.1016/j.jviromet.2006.12.005..,Li,Journal of virological methods,2007,2007/01/24,,,10.1016/j.jviromet.2006.12.005,"A genome-spanning assay is described that enables laboratory confirmation of infections with orthopoxviruses (OPVs), particularly Vaccinia, Monkeypox, and Variola viruses, which can cause vesiculo-pustular rash illnesses in humans. The assay uses a series of polymerase chain reaction (PCR) amplicons that overlap to span the approximately 200kilobase pair linear DNA genome of OPVs. Corresponding amplicons of different viral isolates can then be compared by matching their restriction fragment length polymorphism (RFLP) gel electrophoresis patterns. The PCR step does not necessarily require viral growth to produce sufficient DNA for the RFLP comparisons. The assay would be useful as a prelude to sequencing entire or partial DNA genome regions of various OPVs, including natural or recombinant OPVs and potentially dangerous bioengineered OPVs designed to express foreign DNA or other viruses.","[MeSH] DNA Primers; [MeSH] DNA, Viral; [MeSH] Electrophoresis, Polyacrylamide Gel; [MeSH] Humans; [MeSH] Orthopoxvirus; [MeSH] Polymerase Chain Reaction; [MeSH] Polymorphism, Restriction Fragment Length; [MeSH] Poxviridae Infections; [MeSH] Sensitivity and Specificity; [MeSH] Species Specificity"
42004150,Mpox with painless anogenital and palmar lesions.,"Kota Yoshida, Takamasa Ishiuchi, Satoshi Kutsuna",IDCases. 2026. doi: 10.1016/j.idcr.2026.e02561..,Yoshida,IDCases,2026,2026/04/05,,,10.1016/j.idcr.2026.e02561,"•Mpox presented without fever or systemic symptoms in an MSM on HIV PrEP.•Painless anogenital lesions resembled other STIs, complicating diagnosis.•PCR confirmed clade II mpox virus in pustular material, blood, and urine.•Even mild mpox may be complicated by secondary bacterial soft-tissue infection.•Careful clinical follow-up is essential even when mpox symptoms appear mild.",Afebrile; MSM; Mpox; Painless lesions; PrEP; Superinfection
3029395,Serological survey for human monkeypox infections in a selected population in Zaire.,"Z Jezek, J H Nakano, I Arita, M Mutombo, M Szczeniowski, C Dunn",The Journal of tropical medicine and hygiene. 1987.,Jezek,The Journal of tropical medicine and hygiene,1987,1987/02/01,,,,"About 3460 persons living in Kole zone of East Kasai, in Zaire, were examined and their sera screened initially by a haemagglutination-inhibition test. Of these, 667 (19%) were positive. Radioimmunoassay adsorption tests for the presence of monkeypox- or vaccinia-specific antibodies gave unequivocal results in 300 of these sera; the remaining 47 were nonspecific. Monkeypox-specific antibodies were found in sera of 27 individuals, of all ages and both sexes, giving an overall prevalence rate of monkeypox virus-specific antibodies of 0.8%. The prevalence rate was four times higher in the 5 to 9 year age group (1.3%) than in children aged 0 to 4 years (0.3%), and was highest (2.4%) in the 15 to 19 year age group. There was no significant difference in the prevalence rates between the sexes. As might be expected, there are substantially higher prevalence rates in persons living in forest galleries than in those in savannah, and among those living in areas where human monkeypox cases had occurred in the past compared with those living in other localities. Nineteen children whose sera showed specific monkeypox antibodies were re-examined. Twelve showed facial and body skin changes suggesting the presence of vesiculo-pustular disease in the past; four of these had been known registered monkeypox cases. Seven children had neither signs nor history of past vesiculo-pustular disease, suggesting that they had suffered from subclinical infection with monkeypox virus.","[MeSH] Antibodies, Viral; [MeSH] Cross-Sectional Studies; [MeSH] Democratic Republic of the Congo; [MeSH] Female; [MeSH] Hemagglutination Inhibition Tests; [MeSH] Humans; [MeSH] Male; [MeSH] Monkeypox virus; [MeSH] Poxviridae Infections; [MeSH] Radioimmunoassay"
6265114,Characterization of antibodies to orthopoxviruses in human sera by radioimmunoassay.,"H H Walls, D W Ziegler, J H Nakano",Bulletin of the World Health Organization. 1981.,Walls,Bulletin of the World Health Organization,1981,1981/01/01,,,,"Serological surveillance of suspected orthopoxvirus infections in man is important for confirming the success of the worldwide smallpox eradication programme. An adsorption radioimmunoassay (RIA) was used to differentiate sera from patients who were naturally infected with human monkeypox or variola virus, and individuals who were immunized with vaccinia virus. The antisera were adsorbed with uninfected chicken chorioallantoic membrane (CAM) and vaccinia-infected CAM before reacting in RIA with vaccinia, monkeypox, and variola antigens. Each serum group showed characteristic patterns of residual antibody activity which made it possible to identify antibody specificities.When 45 human sera were tested by this method, 71% were identified as having vaccinia, variola, or monkeypox adsorption characteristics, while the remaining 29% could not be identified. Of the identified sera, 9 were characteristic of vaccinia, 8 of variola, and 15 of monkeypox. Six of the 15 monkeypox sera were virologically confirmed monkeypox infections, 6 were suspected monkeypox infections but were not virologically confirmed, and 3 were of unknown aetiology.The adsorption RIA provides a method of identifying serologically the poxvirus responsible for infection long after the acute phase of illness.","[MeSH] Animals; [MeSH] Antibodies, Viral; [MeSH] Humans; [MeSH] Monkeypox virus; [MeSH] Poxviridae; [MeSH] Radioimmunoassay; [MeSH] Vaccinia virus; [MeSH] Variola virus"
6607654,Comparative image quality of 105 mm and conventional spot films.,"K E Weaver, C A Trembley, A M Lewicki",AJR. American journal of roentgenology. 1984. doi: 10.2214/ajr.142.3.615..,Weaver,AJR. American journal of roentgenology,1984,1984/03/01,,,10.2214/ajr.142.3.615,"The image qualities of 105 mm film (Cronex MRF-21) and a conventional screen-film (Hi-Plus/Cronex 4) were compared for gastrointestinal studies, a high-contrast-resolution procedure, using a General Electric MPX 100/Fluoricon 300 x-ray system. The high contrast resolution was determined at a location approximating the midplane of an average-sized patient (20 cm). Films were made for each image-intensifier mode (9, 6, and 4.5 inch [22.9, 15.2, and 11.4 cm]) and compared with the conventional screen-film for contrast transfer (modulation-transfer function) and maximum cutoff frequency. The effects of unsharpness caused by patient motion were included in the analysis. The patient entrance exposure was measured for each technique. In the absence of patient motion, the cutoff frequencies for the spot films in the 9, 6, and 4.5 inch (22.9, 15.2, and 11.4 cm) modes were 2.1, 2.3, and 2.4 line pairs/mm, respectively. The cutoff frequency for the conventional spot-film was 2.0 line pairs/mm. The modulation-transfer functions for the 105 mm films in the 9, 6, and 4.5 inch (22.9, 15.2, and 11.4 cm) modes were found to be equal to or superior to those of the conventional screen-film for all degrees of patient motion. The 6 inch (15.2 cm), 105 mm films were found to have the best overall performance. These results were achieved with a reduction in radiation dose of 55%.","[MeSH] Digestive System; [MeSH] Humans; [MeSH] Radiation Dosage; [MeSH] Radiography; [MeSH] Technology, Radiologic; [MeSH] X-Ray Film"
31079914,[Human poxvirus infections].,"G Bohelay, T-A Duong",Annales de dermatologie et de venereologie. 2019. doi: 10.1016/j.annder.2019.03.001..,Bohelay,Annales de dermatologie et de venereologie,2019,2019/05/09,,,10.1016/j.annder.2019.03.001,"Poxvirus (PXV) infections are a common cause of cutaneous signs. In France, certain forms of poxvirus are frequent and benign (molluscum contagiosum), while others are rare but potentially serious (cowpox virus [CPXV]). Whereas only smallpox and molluscum contagiosum viruses have a human reservoir and are transmitted between humans, most poxvirus infections are zoonoses having only animal reservoirs. Only a small number of poxviruses are responsible for infection in humans, but the increasing number of new pets, some of which are exotic, coupled with the rapid rise in international travel are creating a greater risk of transmission of zoonotic PXV to new vectors and of spread of these diseases to new regions throughout the world. In France, molluscum contagiosum, orf and milkers' nodule give rise to numerous consultations and are well known to dermatologists. However, dermatologists must also be able to identify other parapoxviruses of similar presentation to orf; thus, CPXV and monkeypox are considered potentially emergent viruses with a high risk of epidemic and spread due to increasing international transport and the loss of the maximum protection against smallpox. Finally, despite its declared eradication, smallpox is currently being monitored because of the potential risk of reintroduction, whether accidentally or deliberately through bioterrorism.",Molluscum contagiosum; Orf; Orthopoxvirus; Parapoxvirus; Poxvirus; Smallpox; Variole
36405887,Epidemiological and clinical characteristics of patients with human monkeypox infection in Mexico: a nationwide observational study.,"Isaac Núñez, Miguel García-Grimshaw, Santa E Ceballos-Liceaga, Carla Toledo-Salinas, Guillermo Carbajal-Sandoval, Luisa Sosa-Laso, Gabriel García-Rodríguez, Ricardo Cortés-Alcalá, Alethse de la Torre, Sergio Fragoso-Saavedra, Alejandro Quintero-Villegas, Hugo López-Gatell, Gustavo Reyes-Terán, Sergio Iván Valdés-Ferrer",Lancet regional health. Americas. 2022. doi: 10.1016/j.lana.2022.100392..,Núñez,Lancet regional health. Americas,2023,2022/11/10,,,10.1016/j.lana.2022.100392,"BACKGROUND: Human monkeypox, a zoonosis historically endemic to West and South Africa, has led to a worldwide outbreak driven by human-to-human transmission resulting in an international public health emergency. Endemic and outbreak monkeypox cases may differ in their affected populations, clinical features, and outcomes. Thus, profiling cases of the current monkeypox outbreak worldwide is crucial. METHODS: We performed a nationwide observational surveillance-based study from May 24 to September 5, 2022. Patients that met the operational clinical definition of monkeypox or symptomatic close contacts of confirmed cases were tested by real-time polymerase chain reaction. Clinical data were collected with a standardized case-report form. We report epidemiologic, sociodemographic, and clinical characteristics of confirmed cases. FINDINGS: Five-hundred and sixty-five human monkeypox confirmed cases were analysed; 97.2% were men, of whom 59.5% identified as men who have sex with men, and 54.5% had human immunodeficiency virus infection. The median age was 34 years. All patients but one had rash (99.8%), 78.9% had fever, and 47.8% reported myalgia. The anogenital area was the most commonly affected one by rash (49.6%), and proctitis occurred in 6.2% of patients. Six patients required hospitalization, of which one died due to causes unrelated to monkeypox. INTERPRETATION: The 2022 monkeypox outbreak in Mexico is mainly driven by middle-aged men who have sex with men, of which a large proportion are persons who live with human immunodeficiency virus infection. Clinical features such as the high proportion of anogenital lesions suggest sexual contact is a pivotal transmission mechanism in this outbreak. FUNDING: This research was supported by grant A1-S-18342 from Consejo Nacional de Ciencia y Tecnología (CONACyT), Mexico (to S.I.V.-F.).",Epidemiology; Mexico; Monkeypox virus; Orthopoxvirus; Viral zoonosis
201390,"Differentiation of variola, monkeypox, and vaccinia antisera by radioimmunoassay.","H D Hutchinson, D W Ziegler, D E Wells, J H Nakano",Bulletin of the World Health Organization. 1977.,Hutchinson,Bulletin of the World Health Organization,1977,1977/01/01,,,,"Poxvirus antisera adsorbed with ""homologous"" and ""heterologous"" poxvirus-infected chorioallantoic membranes (CAM) were differentiated by solid-phase radioimmunoassay (RIA). Mixtures of the antiserum dilutions and infected CAM were added directly (without centrifugation) to poxvirus-infected CAM antigens affixed to wells of microtitration plates. The affixed antigens combined with unadsorbed antibodies, and the cross-reactive antigen-antibody complexes were removed by washing. The results showed that adsorption of an antiserum with variola-, vaccinia-, or uninfected-CAM antigen and subsequent reaction of each in RIA with monkeypox- and uninfected-CAM antigens allowed the identification of antivariola, antivaccinia, or antimonkeypox sera.","[MeSH] Antigens, Viral; [MeSH] Immune Sera; [MeSH] Monkeypox virus; [MeSH] Poxviridae; [MeSH] Radioimmunoassay; [MeSH] Vaccinia virus; [MeSH] Variola virus"
4538035,Studies on monkeypox virus.,"C J Rondle, K A Sayeed",Bulletin of the World Health Organization. 1972.,Rondle,Bulletin of the World Health Organization,1972,1972/01/01,,,,"The growth characteristics, including ceiling temperatures for growth, of three strains of monkeypox virus were studied on chick chorioallantoic membrane, growth and plaque formation were studied in RK13 cells, and growth was studied in rabbit dermis. The three strains could not be distinguished by these tests but could be differentiated from variola, vaccinia, and cowpox viruses. Haemagglutination-inhibition tests with homologous and heterologous antisera also showed that the monkeypox strains were indistinguishable, although they could be differentiated from vaccinia and cowpox, but not from variola, viruses. Similar results were obtained in neutralization tests. It is suggested that the monkeypox strains constitute a homogeneous poxvirus entity. The strains can be differentiated from other poxviruses by their cultural characteristics but serologically they are more closely related to variola than to vaccinia or cowpox viruses.",[MeSH] Animals; [MeSH] Antibodies; [MeSH] Chick Embryo; [MeSH] Hemagglutination Inhibition Tests; [MeSH] Neutralization Tests; [MeSH] Poxviridae; [MeSH] Rabbits; [MeSH] Species Specificity; [MeSH] Virus Cultivation
41583951,Oral Manifestations of Monkeypox: A Global Scoping Review of Evidence.,"Chitathoor Sridhar, Chandrasekaran Krithika, Ashwini Deshpande, Srijanani Santhanakrishnan, Arunagirinathan Narasingam, Balakrishnan Pachamuthu",Journal of global infectious diseases. 2025. doi: 10.4103/jgid.jgid_17_25..,Sridhar,Journal of global infectious diseases,2025,2025/12/29,,,10.4103/jgid.jgid_17_25,"INTRODUCTION: Monkeypox, a zoonotic disease caused by the monkeypox virus, has emerged as a significant global public health concern, particularly due to outbreaks in non-endemic regions. While cutaneous lesions are its hallmark, oral manifestations like mucosal lesions, ulcers, and enanthema may precede other symptoms, posing unique diagnostic challenges. This review aimed to assess the prevalence, clinical features, and implications of oral manifestations of monkeypox, emphasizing their importance in medical and dental practice. METHODS: A scoping review following PRISMA-ScR guidelines analyzed studies on oral symptoms of monkeypox published from 2005 to 2024. Comprehensive searches of databases like PubMed, Scopus, Web of Science, and Embase were carried out and MeSH terms such as ""oral lesions,"" ""monkeypox,"" and ""stomatitis"" were used. Three independent reviewers extracted data on clinical presentations, prevalence, and implications for dental care. RESULTS: Oral lesions, including ulcers, vesicles, sore throats, and necrosis on the tongue, gingiva, and buccal mucosa, are key diagnostic markers of monkeypox. Prevalence rates varied widely (7-100%), with higher rates evident in immunocompromised individuals and pediatric populations, with smaller studies often reporting higher rates. Lesions typically lasted 7-14 days, extending to three weeks in severe cases and were associated with secondary infections, pain and dysphagia particularly in immunocompromised individuals. Management included hydration, analgesics, and, in some cases, antiviral therapy like tecovirimat. The findings emphasize the need for standardized reporting of oral symptoms to enhance diagnostic accuracy and clinical care. CONCLUSION: Oral manifestations of monkeypox are critical diagnostic and transmission markers. Dental practitioners should consider monkeypox in the differential diagnosis of unexplained oral ulcers, particularly in high-risk populations. Heightened awareness and standardized reporting can optimize diagnosis, care, and epidemic control efforts.",Epidemiology; monkeypox virus; mucosal lesions; oral health; oral ulcers; vesicles; zoonoses
41999544,Mpox: clinical patterns and implications for epidemic management - a cohort study.,"Edouard Massip, Isabelle Alcaraz, Fanny Vuotto, Enagnon Kazali Alidjinou, Véronique Baclet, Nathalie Viget, Michel Valette, Séverine Duflos, Karine Faure, Delphine Staumont-Sallé, Frédéric Dezoteux, Olivier Robineau",European journal of clinical microbiology & infectious diseases : official publication of the European Society of Clinical Microbiology. 2026. doi: 10.1007/s10096-026-05508-2..,Massip,European journal of clinical microbiology & infectious diseases : official publication of the European Society of Clinical Microbiology,2026,2026/04/18,,,10.1007/s10096-026-05508-2,,Clinical patterns; Differential diagnosis; Epidemiology; Mpox; Symptom association analysis
41932560,Diagnostic Application of Bedside Reflectance Confocal Microscopy in Viral Skin Diseases: A case series.,"Hongyong Sun, Zhipeng Lin, Yu Miao, Aoxue Wang",Photodiagnosis and photodynamic therapy. 2026. doi: 10.1016/j.pdpdt.2026.105460..,Sun,Photodiagnosis and photodynamic therapy,2026,2026/04/01,,,10.1016/j.pdpdt.2026.105460,"OBJECTIVE: To summarize the reflectance confocal microscopy (RCM) characteristics of various viral infectious skin diseases and enhance their early diagnostic rates. METHODS: A total of 120 patients with different viral infectious skin diseases (including 30 cases of typical herpes zoster, 25 cases of atypical herpes zoster, 20 cases of herpes simplex, 8 cases of kaposi's varicella-like rash, 20 cases of adult hand, foot, and mouth disease, 10 cases of Orf, and 7 cases of Mpox in the genital area) who visited the dermatology outpatient department from October 2022 to July 2024 and were diagnosed through clinical and laboratory examinations were selected as the study subjects. Their RCM images were retrospectively collected, and their RCM characteristics were analyzed to summarize their common and unique microscopic manifestations. RESULTS: (1) The common RCM feature of the 120 patients included in the study is the presence of medium-sized to large-sized typical or atypical disc-shaped cells in the epidermis. (2) New findings of this study: In the RCM of early atypical herpes zoster, intercellular filiform connections (""tadpole sign"") can be observed; in herpes simplex and kaposi's varicella-like rash, RCM is more likely to show aggregation of neutrophils; in adult hand, foot, and mouth disease, RCM reveals multivesicular vesicles (""honeycomb sign""); in Orf,RCM shows small round particles with high refractive index and ""starry sky sign""; in genital Mpox, RCM reveals atypical disc-shaped cells presenting a vesicular appearance. CONCLUSION: RCM holds significant diagnostic value in the early screening of viral infectious skin diseases.",Foot and mouth disease; Genital Mpox; Hand; Herpes simplex; Herpes zoster; Kaposi’s varicelliform eruption; Orf; Reflectance confocal microscopy; Viral skin diseases
39157420,"A critical review of mpox outbreaks, risk factors, and prevention efforts in Africa: lessons learned and evolving practices.","Godfrey Musuka, Enos Moyo, Nigel Tungwarara, Malizgani Mhango, Gashema Pierre, Eric Saramba, Patrick Gad Iradukunda, Tafadzwa Dzinamarira",IJID regions. 2024. doi: 10.1016/j.ijregi.2024.100402..,Musuka,IJID regions,2024,2024/07/06,,,10.1016/j.ijregi.2024.100402,"OBJECTIVES: In recent years, mpox, a zoonotic disease caused by the mpox virus, has transcended its primary association with Central and West Africa, emerging as a global public health concern. The virus poses a substantial threat, particularly, to vulnerable demographics such as young children and individuals with compromised immune systems. This critical literature review aimed to comprehensively evaluate the burden, risk factors, and current management strategies associated with mpox in Africa. METHODS: This critical literature review was guided by Jesson & Laccy's guidelines on conducting critical literature reviews. We searched PubMed and Google Scholar databases and websites of the World Health Organization and health ministries in different African countries. We included articles written in English and published between 2010 and 2023. The synthesis of findings involved several steps, including summarizing themes, integrating themes, and linking themes to research questions. RESULTS: A total of 25 articles were included in this review. The review revealed that mpox cases are concentrated in Central African countries. The risk factors for mpox identified include being in contact with bushmeat or rodents, not having been vaccinated against smallpox, being HIV-positive, and having close physical contact with someone with the disease. The clinical presentation of mpox revealed in this review includes a skin rash, fever, lymphadenopathy, headache, pruritus, sore throat, and body aches. Four themes arose on strategies to prevent and control mpox in Africa. CONCLUSIONS: The prevention and control of mpox in Africa require an improvement in community education, vaccination, disease surveillance, and infection control measures.",Africa; Clinical presentation; Mpox; Prevention measures; Risk factors
41424270,Uptake of rapid antiretroviral therapy following HIV diagnosis: An eight-year retrospective analysis at a UK clinic.,"Gary Whitlock, Jack Kerwin, Jonathan Joseph Goodfellow, Marta Boffito, Tara Suchak",International journal of STD & AIDS. 2025. doi: 10.1177/09564624251409654..,Whitlock,International journal of STD & AIDS,2026,2025/12/22,,,10.1177/09564624251409654,"BackgroundTo evaluate the outcomes of rapid antiretroviral therapy (ART) initiation following HIV diagnosis at 56 Dean Street in London, UK, following the implementation of the Rapid Initiation Option (RIO) in 2016.MethodsWe conducted a retrospective case-note review of all individuals newly diagnosed with HIV between 1 January 2017 and 31 December 2024. We analysed demographics, timing of ART initiation, and reasons for delayed treatment (>90 days). Differences between early (<2 days) and later ART initiators were assessed.ResultsOf 1081 individuals diagnosed, 1008 (93.2%) initiated ART at 56 Dean Street. Median time to ART initiation was 7 days (IQR 4-14), with 15.3% starting within 2 days. Median time to ART initiation remained stable from 2017 to 2024, despite disruptions due to the COVID-19 and mpox pandemics. Faster initiators were more likely to have recently acquired HIV, higher baseline viral loads, prior 56 Dean Street attendance, and prior PrEP use (all P < 0.05). Delayed initiation occurred in 2.2%, mainly due to poor attendance, personal choice, or being outside the UK. Demographic characteristics did not differ significantly between rapid and later initiators.ConclusionsRapid ART initiation has been sustained over 8 years through the RIO pathway. The model remained robust during healthcare disruptions. Familiarity with services and recent testing were associated with more rapid initiation, supporting the importance of patient-centred, adaptable care pathways.",GBMSM; HIV; rapid ART initiation
40266089,"Epidemiology and Clinical Features of Mpox in Jakarta, Indonesia, August 2022-December 2023.","Hanny Nilasari, Eliza Miranda, Melani Marissa, Ani Ruspitawati, Dwi O T L Handayani, Ngabila Salama, Budi Setiawan, Supriadi, Tiranti V Aisyah, Inggariwati, Arif S Haq, Siti Zuhroh, Eka Y Safitri, Rahmat A Pramono, Inggrita Wisnuwardani, Erni J Nelwan, Robert Sinto, Adityo Susilo, Yulia R Saharman, Suratno L Ratnoglik, Ni L P Pitawati, Muhammad Fauzan, Sekar S A Hasanah, Megandhita Sharasti, Evy Yunihastuti",Vaccines. 2025. doi: 10.3390/vaccines13030210..,Nilasari,Vaccines,2025,2025/02/20,,,10.3390/vaccines13030210,"BACKGROUND/OBJECTIVE: This study explores the epidemiology and clinical features of re-emerging mpox in Jakarta, Indonesia. METHODS: This study used a retrospective study design to describe the epidemiological data, clinical features, and mortality of mpox patients from August 2022 to December 2023. In addition, this study also aims to identify the differences in both the epidemiology and clinical features of mpox in people living with HIV (PLHIV) and in non-HIV patients (non-PLHIV). RESULTS: Our study shows that, as of the end of December 2023, 59 mpox cases were treated in Jakarta. All of the mpox cases in Jakarta were diagnosed in males, mainly found in MSM (91.5%), and PLHIV (78%). Most patients would manifest with fever, rash, and skin lesions. Syphilis was found as a concomitant infection in this group (22/59, 37.2%). Severe manifestations were found among PLHIV without antiretroviral therapy (ART). CONCLUSIONS: Mpox cases in Jakarta were all found in males and most of them were PLHIV. There are various manifestations of mpox; however, since immunosuppressed patients could present differently, a strong surveillance and vaccine notification system, cautious management, and spreading vaccination awareness are needed to prevent and treat mpox.",HIV; clinical features; epidemiology; mpox
20197555,Expression of the cytoplasmic NPM1 mutant (NPMc+) causes the expansion of hematopoietic cells in zebrafish.,"Niccolò Bolli, Elspeth M Payne, Clemens Grabher, Jeong-Soo Lee, Adam B Johnston, Brunangelo Falini, John P Kanki, A Thomas Look",Blood. 2010. doi: 10.1182/blood-2009-02-207225..,Bolli,Blood,2010,2010/03/02,,,10.1182/blood-2009-02-207225,"Mutations in the human nucleophosmin (NPM1) gene are the most frequent genetic alteration in adult acute myeloid leukemias (AMLs) and result in aberrant cytoplasmic translocation of this nucleolar phosphoprotein (NPMc+). However, underlying mechanisms leading to leukemogenesis remain unknown. To address this issue, we took advantage of the zebrafish model organism, which expresses 2 genes orthologous to human NPM1, referred to as npm1a and npm1b. Both genes are ubiquitously expressed, and their knockdown produces a reduction in myeloid cell numbers that is specifically rescued by NPM1 expression. In zebrafish, wild-type human NPM1 is nucleolar while NPMc+ is cytoplasmic, as in human AML, and both interact with endogenous zebrafish Npm1a and Npm1b. Forced NPMc+ expression in zebrafish causes an increase in pu.1(+) primitive early myeloid cells. A more marked perturbation of myelopoiesis occurs in p53(m/m) embryos expressing NPMc+, where mpx(+) and csf1r(+) cell numbers are also expanded. Importantly, NPMc+ expression results in increased numbers of definitive hematopoietic cells, including erythromyeloid progenitors in the posterior blood island and c-myb/cd41(+) cells in the ventral wall of the aorta. These results are likely to be relevant to human NPMc+ AML, where the observed NPMc+ multilineage expression pattern implies transformation of a multipotent stem or progenitor cell.","[MeSH] Animals; [MeSH] Apoptosis; [MeSH] Base Sequence; [MeSH] Blotting, Western; [MeSH] Cell Separation; [MeSH] Cytoplasm; [MeSH] Embryo, Nonmammalian; [MeSH] Flow Cytometry; [MeSH] Fluorescent Antibody Technique; [MeSH] Hematopoiesis; [MeSH] Hematopoietic Stem Cells; [MeSH] Humans; [MeSH] Immunoprecipitation; [MeSH] Leukemia, Myeloid, Acute; [MeSH] Molecular Sequence Data; [MeSH] Mutation; [MeSH] Myeloid Cells; [MeSH] Nuclear Proteins; [MeSH] Nucleophosmin; [MeSH] Reverse Transcriptase Polymerase Chain Reaction; [MeSH] Sequence Homology, Nucleic Acid; [MeSH] Zebrafish"
75947,"Serological relatedness of monkeypox, variola, and vaccinia viruses.","J J Esposito, J F Obijeski, J H Nakano",Journal of medical virology. 1977. doi: 10.1002/jmv.1890010107..,Esposito,Journal of medical virology,1977,1977/01/01,,,10.1002/jmv.1890010107,"Closely related human and monkey orthopoxviruses were differentiated by serologic techniques. Antiviral sera were tested by immunodiffusion for reactivity against six different viral antigens prepared from either infected cell cultures or infected chorioallantoic membranes (CAMs) of embryonated eggs. Portions of each antiserum were separately absorbed with heterologous antigens from infected CAMs to remove common reactivity. The absorbed sera formed immunodiffusion precipitates with both types of antigen preparation and revealed specific-character differences that made it possible to classify the viruses as variola, vaccinia, or monkeypox. Cross-complement fixation tests were also used to examine the immunologic reactivities of antisera to detergent-treated, purified preparations of three orthopoxviruses. Only common reactivities were detected by this method, however, and differentiating reactivities were not observed.",[MeSH] Complement Fixation Tests; [MeSH] Cross Reactions; [MeSH] Epitopes; [MeSH] Immunodiffusion; [MeSH] Monkeypox virus; [MeSH] Poxviridae; [MeSH] Vaccinia virus; [MeSH] Variola virus
37175030,Classification of Monkeypox Images Using LIME-Enabled Investigation of Deep Convolutional Neural Network.,"M Lakshmi, Raja Das","Diagnostics (Basel, Switzerland). 2023. doi: 10.3390/diagnostics13091639..",Lakshmi,"Diagnostics (Basel, Switzerland)",2023,2023/05/05,,,10.3390/diagnostics13091639,"In this research, we demonstrate a Deep Convolutional Neural Network-based classification model for the detection of monkeypox. Monkeypox can be difficult to diagnose clinically in its early stages since it resembles both chickenpox and measles in symptoms. The early diagnosis of monkeypox helps doctors cure it more quickly. Therefore, pre-trained models are frequently used in the diagnosis of monkeypox, because the manual analysis of a large number of images is labor-intensive and prone to inaccuracy. Therefore, finding the monkeypox virus requires an automated process. The large layer count of convolutional neural network (CNN) architectures enables them to successfully conceptualize the features on their own, thereby contributing to better performance in image classification. The scientific community has recently articulated significant attention in employing artificial intelligence (AI) to diagnose monkeypox from digital skin images due primarily to AI's success in COVID-19 identification. The VGG16, VGG19, ResNet50, ResNet101, DenseNet201, and AlexNet models were used in our proposed method to classify patients with monkeypox symptoms with other diseases of a similar kind (chickenpox, measles, and normal). The majority of images in our research are collected from publicly available datasets. This study suggests an adaptive k-means clustering image segmentation technique that delivers precise segmentation results with straightforward operation. Our preliminary computational findings reveal that the proposed model could accurately detect patients with monkeypox. The best overall accuracy achieved by ResNet101 is 94.25%, with an AUC of 98.59%. Additionally, we describe the categorization of our model utilizing feature extraction using Local Interpretable Model-Agnostic Explanations (LIME), which provides a more in-depth understanding of particular properties that distinguish the monkeypox virus.",LIME; deep learning; ensemble models; image processing; k-means clustering; machine learning; support vector machine; transfer learning
192091,Human poxvirus disease after smallpox eradication.,"J G Breman, J H Nakano, E Coffi, H Godfrey, J C Gautun",The American journal of tropical medicine and hygiene. 1977. doi: 10.4269/ajtmh.1977.26.273..,Breman,The American journal of tropical medicine and hygiene,1977,1977/03/01,,,10.4269/ajtmh.1977.26.273,"A 5-year-old boy living in a small camp in the rural Ivory Coast had a disease resembling smallpox. This occurred 4 years after smallpox had been eradicated from the Ivory Coast and 1.5 years after the last case of smallpox was detected in West and Central Africa. Clinical, serological, and epidemiological evidence indicated this disease was probably monkeypox, a poxvirus of the variola/vaccina subgroup. A serologic survey of poxvirus antibodies in the wild animal population detected neutralizing antibodies in rodents, larger mammals, primates, and birds. The laboratory and ecological characteristics of poxviruses require further elucidation, especially those which have been found in animals near human monkeypox cases.","[MeSH] Adolescent; [MeSH] Adult; [MeSH] Animals; [MeSH] Antibodies, Viral; [MeSH] Antigens, Viral; [MeSH] Birds; [MeSH] Child; [MeSH] Child, Preschool; [MeSH] Cote d'Ivoire; [MeSH] Fluorescent Antibody Technique; [MeSH] Hemagglutination Inhibition Tests; [MeSH] Humans; [MeSH] Infant; [MeSH] Male; [MeSH] Mammals; [MeSH] Monkeypox virus; [MeSH] Neutralization Tests; [MeSH] Poxviridae Infections; [MeSH] Rodentia; [MeSH] Smallpox; [MeSH] Vaccinia"
38830152,The United States Needs A Better Testing Playbook For Future Public Health Emergencies.,"Jennifer B Nuzzo, Aquielle Person, Elizabeth Cameron, Jill Taylor, Ewa King, Mara Aspinall, Scott Becker",Health affairs (Project Hope). 2024. doi: 10.1377/hlthaff.2024.00038..,Nuzzo,Health affairs (Project Hope),2024,2024/06/01,,,10.1377/hlthaff.2024.00038,"The absence of a comprehensive national playbook for developing and deploying testing has hindered the United States' ability to rapidly suppress recent biological emergencies (for example, the COVID-19 pandemic and outbreaks of mpox). We describe here the Testing Playbook for Biological Emergencies, a national testing playbook we developed. It includes a set of decisions and actions for US officials to take at specific times during infectious disease emergencies to implement testing rapidly and to ensure that available testing meets clinical and public health needs. Although the United States had multiple plans at the federal level for responding to pandemic threats, US leaders were unable to quickly and efficiently operationalize those plans to deploy different types of tests during the COVID-19 pandemic in 2020-21, and again during the US mpox outbreak in 2022. The playbook fills a critical gap by providing the necessary specific and adaptable guidance for decision makers to meet this need.",[MeSH] Humans; [MeSH] COVID-19; [MeSH] United States; [MeSH] Public Health; [MeSH] Emergencies; [MeSH] COVID-19 Testing; [MeSH] SARS-CoV-2; [MeSH] Pandemics; [MeSH] Disease Outbreaks
23133652,Protection of rabbits and immunodeficient mice against lethal poxvirus infections by human monoclonal antibodies.,"Lindsay Crickard, Tahar Babas, Sidharth Seth, Peter Silvera, Lilia Koriazova, Shane Crotty",PloS one. 2012. doi: 10.1371/journal.pone.0048706..,Crickard,PloS one,2012,2012/11/02,,,10.1371/journal.pone.0048706,"Smallpox (variola virus) is a bioweapon concern. Monkeypox is a growing zoonotic poxvirus threat. These problems have resulted in extensive efforts to develop potential therapeutics that can prevent or treat potentially lethal poxvirus infections in humans. Monoclonal antibodies (mAbs) against smallpox are a conservative approach to this problem, as the licensed human smallpox vaccine (vaccinia virus, VACV) primarily works on the basis of protective antibody responses against smallpox. Fully human mAbs (hmAbs) against vaccinia H3 (H3L) and B5 (B5R), targeting both the mature virion (MV) and extracellular enveloped virion (EV) forms, have been developed as potential therapeutics for use in humans. Post-exposure prophylaxis was assessed in both murine and rabbit animal models. Therapeutic efficacy of the mAbs was assessed in three good laboratory practices (GLP) studies examining severe combined immunodeficiency mice (SCID) given a lethal VACV infection. Pre-exposure combination hmAb therapy provided significantly better protection against disease and death than either single hmAb or vaccinia immune globulin (VIG). Post-exposure combination mAb therapy provided significant protection against disease and death, and appeared to fully cure the VACV infection in ≥50% of SCID mice. Therapeutic efficacy was then assessed in two rabbit studies examining post-exposure hmAb prophylaxis against rabbitpox (RPXV). In the first study, rabbits were infected with RPVX and then provided hmAbs at 48 hrs post-infection, or 1 hr and 72 hrs post-infection. Rabbits in both groups receiving hmAbs were 100% protected from death. In the second rabbitpox study, 100% of animal treated with combination hmAb therapy and 100% of animals treated with anti-B5 hmAb were protected. These findings suggest that combination hmAb treatment may be effective at controlling smallpox disease in immunocompetent or immunodeficient humans.","[MeSH] Animals; [MeSH] Antibodies, Monoclonal; [MeSH] Blood; [MeSH] Body Weight; [MeSH] Disease Models, Animal; [MeSH] Female; [MeSH] HeLa Cells; [MeSH] Humans; [MeSH] Liver; [MeSH] Mice; [MeSH] Mice, SCID; [MeSH] Neutralization Tests; [MeSH] Poxviridae Infections; [MeSH] Rabbits; [MeSH] Spleen; [MeSH] Time Factors; [MeSH] Vaccinia; [MeSH] Vaccinia virus"
12615299,"Potential antiviral therapeutics for smallpox, monkeypox and other orthopoxvirus infections.","Robert O Baker, Mike Bray, John W Huggins",Antiviral research. 2003. doi: 10.1016/s0166-3542(02)00196-1..,Baker,Antiviral research,2003,2003/01/01,,,10.1016/s0166-3542(02)00196-1,"We assessed the activities of 24 different antiviral compounds against smallpox (two strains of variola major and one of variola minor), monkeypox, vaccinia and cowpox viruses by a neutral red uptake assay. To establish assay parameters, we examined viral replication and its inhibition at various times postinfection and at several multiplicities of infection. Drugs were selected to target a range of functions involved in viral replication. Eight compounds (cidofovir, cyclic HPMPC (cHPMPC), HPMPA, ribavirin, tiazofurin, carbocyclic 3-deazaadenosine, 3-deazaneplanocin A and DFBA (1-(2,4-difluorobenzyloxy)adenosine perchlorate)-a derivative of adenosine N1-oxide) inhibited the replication of all three variola strains and the other orthopoxviruses at drug concentrations within a pharmacologically achievable range. Two others (methisazone and bis-POM-PMEA) showed a lesser degree of antiviral effect, while the remainder were inactive. To examine possible naturally occurring drug resistance among a large number of variola isolates obtained from different geographical regions and at different times, we examined the sensitivity of 35 different strains of variola as well as other orthopoxviruses to a subset of three of the most active compounds: cidofovir, cHPMPC, and ribavirin. Preliminary data indicate that nearly all isolates appear to have similar drug sensitivities. These findings are currently being verified and expanded.",[MeSH] Animals; [MeSH] Antiviral Agents; [MeSH] Cell Line; [MeSH] Chlorocebus aethiops; [MeSH] Humans; [MeSH] Microbial Sensitivity Tests; [MeSH] Monkeypox virus; [MeSH] Neutral Red; [MeSH] Orthopoxvirus; [MeSH] Poxviridae Infections; [MeSH] Variola virus; [MeSH] Vero Cells; [MeSH] Viral Plaque Assay; [MeSH] Virus Replication
41005481,A multiplexed TSA/CRISPR-mediated one-pot system for rapid detection of high-risk animal-derived infectious diseases.,"Zhenghua Gong, Tian Lu, Zhouxi Ruan, Rongrong Zhang, Songqi Zhu, Zhenyao Xia, Jianfeng Zhong, Guilan Wang, Yingxin Li, Qian He, Rongqi Liu, Jun Che",Journal of microbiological methods. 2025. doi: 10.1016/j.mimet.2025.107277..,Gong,Journal of microbiological methods,2025,2025/09/24,,,10.1016/j.mimet.2025.107277,"The importance of rapid and convenient pathogen detection has been emphasized by the alarming threat of the Coronavirus Disease 2019 (COVID-19) pandemic since 2019. Point-of-care testing (POCT) provides rapid diagnostic results directly at the sampling site. However, isothermal amplification-based POCT faces technical challenges including primer design complexity and false-positive rates. To address these limitations, we developed the Thermostatic Step Amplification (TSA)/Clustered regularly interspaced short palindromic repeats (CRISPR) One-Pot System (TCOPS). This sensitive, rapid, and efficient platform specifically detects Severe acute respiratory syndrome coronavirus 2 (SARS-CoV-2), Mpox virus (MPXV) and Rabíes virus (RV) through integrated amplification and CRISPR-based detection. Our integrated TCOPS overcomes the technical challenges through single-tube reactions combining thermostatic amplification and CRISPR detection, reducing contamination while maintaining high accuracy for field applications. TCOPS enables single-tube CRISPR detection of high-risk viruses, with 10 copies/μL sensitivity shown using cloned DNA template for RV. In evaluations against Quantitative Polymerase Chain Reaction (qPCR) using 50 clinical samples, TCOPS incorporating freeze-dried reagents and a newly developed miniature fluorescence system (Q max) demonstrated >90 % sensitivity and 100 % specificity. Combined with the portable Q max device and its lyophilized reagent kit, TCOPS enables simple, rapid detection of multiple zoonotic viruses (SARS-CoV-2, MPXV, and RV) at the point of care. This integrated system achieves high sensitivity and specificity while establishing a practical, field-deployable prototype for next-generation POCT applications in resource-limited settings.",CRISPR-Cas; Infectious diseases; MPXV; POCT; RV; SARS-CoV-2
18678911,Rapid protection in a monkeypox model by a single injection of a replication-deficient vaccinia virus.,"Patricia L Earl, Jeffrey L Americo, Linda S Wyatt, Ondraya Espenshade, Jocelyn Bassler, Kathy Gong, Shuling Lin, Elizabeth Peters, Lowrey Rhodes, Yvette Edghill Spano, Peter M Silvera, Bernard Moss",Proceedings of the National Academy of Sciences of the United States of America. 2008. doi: 10.1073/pnas.0804985105..,Earl,Proceedings of the National Academy of Sciences of the United States of America,2008,2008/08/04,,,10.1073/pnas.0804985105,"The success of the World Health Organization smallpox eradication program three decades ago resulted in termination of routine vaccination and consequent decline in population immunity. Despite concerns regarding the reintroduction of smallpox, there is little enthusiasm for large-scale redeployment of licensed live vaccinia virus vaccines because of medical contraindications and anticipated serious side effects. Therefore, highly attenuated strains such as modified vaccinia virus Ankara (MVA) are under evaluation in humans and animal models. Previous studies showed that priming and boosting with MVA provided protection for >2 years in a monkeypox virus challenge model. If variola virus were used as a biological weapon, however, the ability of a vaccine to quickly induce immunity would be essential. Here, we demonstrate more rapid immune responses after a single vaccination with MVA compared to the licensed Dryvax vaccine. To determine the kinetics of protection of the two vaccines, macaques were challenged intravenously with monkeypox virus at 4, 6, 10, and 30 days after immunization. At 6 or more days after vaccination with MVA or Dryvax, the monkeys were clinically protected (except for 1 of 16 animals vaccinated with MVA), although viral loads and number of skin lesions were generally higher in the MVA vaccinated group. With only 4 days between immunization and intravenous challenge, however, MVA still protected whereas Dryvax failed. Protection correlated with the more rapid immune response to MVA compared to Dryvax, which may be related to the higher dose of MVA that can be tolerated safely.","[MeSH] Animals; [MeSH] Cytokines; [MeSH] Enzyme-Linked Immunosorbent Assay; [MeSH] Macaca fascicularis; [MeSH] Monkeypox virus; [MeSH] Neutralization Tests; [MeSH] Smallpox; [MeSH] Smallpox Vaccine; [MeSH] Vaccines, Attenuated; [MeSH] Vaccinia virus; [MeSH] Virus Replication"
6278058,The surface antigens of orthopoxviruses detected by cross-neutralization tests on cross-absorbed antisera.,D Baxby,The Journal of general virology. 1982. doi: 10.1099/0022-1317-58-2-251..,Baxby,The Journal of general virology,1982,1982/02/01,,,10.1099/0022-1317-58-2-251,"Cross-neutralization tests were done on accepted species and recently isolated members of the genus Orthopoxvirus using antisera which had been separately absorbed with the various viruses. The results provided evidence for the involvement of four neutralizing antigens, and their distribution among 13 virus strains was determined. Monkeypox (Congo-8-Lombe), camelpox (Gorgan), ectromelia (Mill Hill), 'Lenny' and elephant poxviruses had distinctive antigenic formulae. Lister and Wyeth vaccines were indistinguishable but different from Copenhagen and EM63 vaccines which were themselves distinct. Cowpox (Brighton), buffalopox (BP4), MK 10, and Moscow poxviruses were indistinguishable. Examples were found where viruses shared surface antigens but were not all neutralized by antibody to them. this reduced the practical value of the technique for virus identification. Evidence was also obtained for the existence in some viruses of a fifth antigen, antibody to which could block neutralization by antibody to one particular antigen.","[MeSH] Antigens, Surface; [MeSH] Antigens, Viral; [MeSH] Cross Reactions; [MeSH] Ectromelia virus; [MeSH] Monkeypox virus; [MeSH] Neutralization Tests; [MeSH] Poxviridae; [MeSH] Vaccinia virus"
2556019,The mean leukocyte myeloperoxidase index in hematological patients.,"P Froom, M Quitt, E Aghai",American journal of clinical pathology. 1989. doi: 10.1093/ajcp/92.6.791..,Froom,American journal of clinical pathology,1989,1989/12/01,,,10.1093/ajcp/92.6.791,"A Technicon H-1 hematologic analyzer was used to measure the mean leukocyte myeloperoxidase (MPX) in 160 patients seen in a hematology clinic. The normal range was -15 to +10, which included 95% of 300 consecutive hospitalized patients. No abnormalities in the MPX were found in 35 patients with beta-thalassemia minor, 8 with iron deficiency, 14 with myeloproliferative disorders, 17 with autoimmune disorders, and 37 patients with lymphoma in complete remission. On the other hand 36% (10/28) of lymphoma patients with active disease either at diagnosis or relapse had a MPX of greater than 10 compared to only 2.3% (7/300) in hospitalized patients (P less than 0.001). Increased levels of MPX were found primarily in patients with non-Hodgkin's lymphoma (NHL) of intermediate or high grades, or Hodgkin's disease [56% (9/16) compared to only 8.3% (1/12) in those with low grade NHLs, P less than 0.05]. The MPX levels returned to normal after successful treatment. Of the various chemotherapeutic agents used, only hydroxyurea led to a consistent elevation of the MPX. The authors conclude that MPX is commonly increased in patients with lymphoma and in those receiving hydroxyurea. Further studies are required to determine if the MPX is a sensitive test for relapse in patients with lymphomas who had an elevated pretreatment value.","[MeSH] Hematologic Diseases; [MeSH] Hospitalization; [MeSH] Humans; [MeSH] Hydroxyurea; [MeSH] Leukocytes; [MeSH] Lymphoma; [MeSH] Lymphoma, Non-Hodgkin; [MeSH] Peroxidase; [MeSH] Recurrence; [MeSH] Reference Values"
39965890,Two-Dimensional Nanozyme-Catalyzed Colorimetric CRISPR Assay for the Microfluidic Detection of Monkeypox Virus.,"Hong Chen, Xiaodan Cheng, Yunxiang Wang, Ning Han, Liyan Liu, Hongjuan Wei, Zhijie Tu, Zhixia Gu, Rui Song, Shengqi Wang, Zhen Rong",Analytical chemistry. 2025. doi: 10.1021/acs.analchem.4c05570..,Chen,Analytical chemistry,2025,2025/02/18,,,10.1021/acs.analchem.4c05570,"The recent monkeypox epidemic outbreaks worldwide highlight the urgent need for fast and precise diagnostic solutions, especially in resource-limited settings. Here, a two-dimensional nanozyme-catalyzed colorimetric CRISPR assay for the microfluidic detection of the monkeypox virus (MPXV) was established. We utilized graphene oxide as a substrate for the adsorption of gold seeds and the deposition of a porous Pt shell to prepare high-performance two-dimensional GO@Pt nanomaterials. The viral nucleic acids released from clinical samples initiated a single-step recombinase polymerase amplification-CRISPR/Cas13a for the trans-cleavage of ssRNA reporters labeled with FAM and biotin. These reporters can be recognized by FAM antibody-conjugated GO@Pt nanozymes and streptavidin-coated magnetic beads. The formed sandwich immunocomplexes can catalyze the oxidation of a colorless 3,3',5,5'-tetramethylbenzidine substrate with a distinct color change. The proposed GO@Pt-catalyzed colorimetric CRISPR assay exhibited a limit of detection of 1 copy/μL of MPXV in 60 min. Forty clinical samples, including rash fluid swabs and oral swabs, were tested with 100% agreement with the real-time PCR. These results indicate the excellent potential of GO@Pt-catalyzed colorimetric CRISPR for the sensitive and accurate testing of MPXV under resource-constrained conditions.",[MeSH] Humans; [MeSH] Benzidines; [MeSH] Catalysis; [MeSH] Colorimetry; [MeSH] Gold; [MeSH] Graphite; [MeSH] Limit of Detection; [MeSH] Microfluidic Analytical Techniques; [MeSH] Nanostructures; [MeSH] Platinum; [MeSH] Monkeypox virus
9244340,The agents of biological warfare.,"P Vogel, D L Fritz, K Kuehl, K J Davis, T Geisbert",JAMA. 1997.,Vogel,JAMA,1997,1997/08/06,,,,,"[MeSH] Bacillus anthracis; [MeSH] Biological Warfare; [MeSH] Ebolavirus; [MeSH] Encephalitis Virus, Venezuelan Equine; [MeSH] Microscopy, Electron; [MeSH] Monkeypox virus; [MeSH] Photomicrography; [MeSH] Yersinia pestis"
38524223,Clinical and Epidemiological Characteristics of the 2022 Mpox Outbreak in Spain (CEME-22 Study).,"G Ramírez-Olivencia, M Velasco Arribas, M M Vera García, J Casabona, M J Martínez, F J Membrillo De Novales",Open forum infectious diseases. 2024. doi: 10.1093/ofid/ofae105..,Ramírez-Olivencia,Open forum infectious diseases,2024,2024/02/26,,,10.1093/ofid/ofae105,"BACKGROUND: We conducted a multicentric national study (SEIMC-CEME-22), to describe the clinical and epidemiological profile of the mpox outbreak in Spain, including the management of the disease. METHODS: This was a retrospective national observational study conducted by Sociedad Española de Enfermedades Infecciosas y Microbiología Clínica (SEIMC) and Foundation SEIMC-GESIDA. We included patients with a confirmed mpox diagnosis before 13 July 2022, and attended at the Spanish health network (the early phase of the outbreak). Epidemiological, clinical, and therapeutic data were collected. RESULTS: Of a total of 1472 patients from 52 centers included, 99% of them were cisgender men, mostly middle-aged, and 98.6% were residents in Spain. The main suspected route of transmission was sexual exposure, primarily among MSM. Occupational exposure was reported in 6 patients. Immunosuppression was present in 40% of patients, mainly due to human immunodeficiency virus (HIV). Only 6.5% of patients had been vaccinated against orthopoxvirus. Virus sequencing was performed in 147 patients (all B.1 lineage). Rash was the most frequent symptom (95.7%), followed by fever (48.2%), adenopathies (44.4%) myalgias (20.7%), proctitis (17%), and headache (14.7%). Simultaneously diagnosed sexually transmitted infections included syphilis (n = 129), gonococcal infection (n = 91), HIV (n = 67), chlamydia (n = 56), hepatitis B (n = 14), and hepatitis C (n = 11). No therapy was used in 479 patients (33%). Symptomatic therapies and antibiotics were used in 50% of cases. The most used therapy regimens were systemic corticoids (90 patients), tecovirimat (6 patients), and cidofovir (13 patients). Smallpox immunoglobulins were used in 1 patient. Fifty-eight patients were hospitalized, and 1 patient died. CONCLUSIONS: Mpox outbreak in Spain affected primarily middle-aged men who were sexually active and showed a high rate of HIV infection. A range of heterogeneous therapeutics options was performed.",HIV; STI; emerging infections; mpox; tecovirimat
14962998,Rapid detection and differentiation of human pathogenic orthopox viruses by a fluorescence resonance energy transfer real-time PCR assay.,"Marcus Panning, Marcel Asper, Stefanie Kramme, Herbert Schmitz, Christian Drosten",Clinical chemistry. 2004. doi: 10.1373/clinchem.2003.026781..,Panning,Clinical chemistry,2004,2004/02/12,,,10.1373/clinchem.2003.026781,"BACKGROUND: The orthopox viruses that are pathogenic for humans include variola major virus (VAR), monkeypox virus (MPV), cowpox virus (CPV), and to a lesser extent, camelpox virus (CML) and vaccinia virus (VAC). PCR is a powerful tool to detect and differentiate orthopox viruses, and real-time PCR has the further advantages of rapid turnaround time, low risk of contamination, capability of strain differentiation, and use of multiplexed probes. METHODS: We used real-time PCR with fluorescence resonance energy transfer technology to simultaneously detect and differentiate VAR, MPV, CPV/VAC, and CML. An internal control generated by cloning and mutating the PCR target gene facilitated monitoring of PCR inhibition in each individual test reaction. RESULTS: Strain differentiation results showed little interassay variability (CV, 0.4-0.6%), and the test was 100-fold more sensitive than virus culture on Vero cells. Low copy numbers of DNA could be detected with > or =95% probability (235-849 genome copies/mL of plasma). CONCLUSIONS: The real-time PCR assay can detect and differentiate human pathogenic orthopox viruses. The use of an internal control qualifies the assay for high sample throughput, as is likely to be needed in situations of suspected acts of biological terrorism, e.g., use of VAR.","[MeSH] Animals; [MeSH] Camelus; [MeSH] Chlorocebus aethiops; [MeSH] Cowpox virus; [MeSH] DNA, Viral; [MeSH] Fluorescence Resonance Energy Transfer; [MeSH] Monkeypox virus; [MeSH] Orthopoxvirus; [MeSH] Polymerase Chain Reaction; [MeSH] Vaccinia virus; [MeSH] Variola virus; [MeSH] Vero Cells; [MeSH] Viral Plaque Assay"
24957719,"Nucleic acid testing of hepatitis B virus, hepatitis C virus, and human immunodeficiency virus 1, 2 in blood donors in the General University Hospital, Prague.","D Dušková, L Darebníček",Acta virologica. 2014. doi: 10.4149/av_2014_02_146..,Dušková,Acta virologica,2014,2014/01/01,,,10.4149/av_2014_02_146,"The Roche Cobas TaqScreen MPX Test v1 - multiplex reverse transcription-real time (MPX RT-Real Time) PCR, performed on Cobas s201 for HCV RNA, HBV DNA, HIV-1 RNA /group M and O/, and HIV-2 RNA was introduced as a supplement to the currently used imunoanalysis method for blood donor´s testing (Abbott CMIA - chemiluminescent microparticle imunoassay, performed on Architect i2000 for anti-HCV, hepatitis B surface antigen (HBsAg)), anti-HIV-1 /group M and O/, anti-HIV-2 and p24 HIV). The results of study could provide valuable arguments to support the discussion about the NAT implementation into the standards of blood donor´s testing in the Czech Republic. Two groups of samples were tested. In the first one, 5074 samples from consecutive blood donors, and in the second one, 5 repository preseroconverted samples from repeat blood donors, who were subsequently confirmed positive for Viral Hepatitis and/or HIV/AIDS by the National Reference Laboratory (NRL), were tested. One sample was found reactive by chemiluminescent microparticle immuno assay (CMIA) and nucleic acid test (NAT) (confirmed HBV-positive in NRL), 31 samples were CMIA-only reactive (15 anti-HCV, 4 HBsAg, 12 anti-HIV/p24, all confirmed negative in NRL) and one pool (6 samples) was found reactive (further individual NAT was negative for all samples) in the first group of samples. One sample was NAT-only reactive (confirmed HCV-positive in NRL) in the second group of samples. Our study confirmed that screening of infectious markers using NAT can reduce the risk of transmitting the monitored infections by blood transfusion in the Czech Republic, even as a country with currently good epidemiological situation.",[MeSH] Czech Republic; [MeSH] Female; [MeSH] HIV Infections; [MeSH] HIV-1; [MeSH] HIV-2; [MeSH] Hepacivirus; [MeSH] Hepatitis B; [MeSH] Hepatitis B virus; [MeSH] Hepatitis C; [MeSH] Humans; [MeSH] Male
6314715,[5 years without smallpox: problems and outlooks].,"I D Ladnyĭ, A I Gromyko","Zhurnal mikrobiologii, epidemiologii i immunobiologii. 1983.",Ladnyĭ,"Zhurnal mikrobiologii, epidemiologii i immunobiologii",1983,1983/09/01,,,,,[MeSH] Global Health; [MeSH] Humans; [MeSH] Mass Screening; [MeSH] Monkeypox virus; [MeSH] Poxviridae Infections; [MeSH] Research; [MeSH] Smallpox; [MeSH] Smallpox Vaccine; [MeSH] World Health Organization
16396434,Case report: a modified constraint-induced therapy (mCIT) program for the upper extremity of a person with chronic stroke.,"Renée M Hakim, Stephen J Kelly, Marybeth Grant-Beuttler, Brian Healy, Jesse Krempasky, Sean Moore",Physiotherapy theory and practice. 2005. doi: 10.1080/09593980500321127..,Hakim,Physiotherapy theory and practice,2005,2005/01/01,,,10.1080/09593980500321127,"The purpose of this case report was to assess the effect of a reduced intensity protocol for daily modified constraint-induced therapy (mCIT) without use of a restraint on the function of the upper extremity (UE) in an individual with a chronic stroke. A 57 year-old patient one year following a stroke participated in a two-hour mCITprogram for ten weekdays over a period of two weeks. During this period, voluntary use of the involved extremity was encouraged for 90% of waking hours at home without use of a restraint. Examination was conducted before and after intervention, and at a one month follow-up visit. Outcome measures included: the Wolf Motor Function Test (WMFT), the Motor Activity Log (MAL), and motion analysis of a reach and grasp task using Charnwood's CODA mpx 30. The patient improved or remained the same in functional upper extremity tasks on both the WMFT and MAL. The data from the motion analysis showed that grasp time and maximum pinch angle improved for bilateral UEs. Reaching profile graphed over time had fewer changes in velocity and fewer periods of acceleration and deceleration post-intervention. This reduced intensity program shows promise as an effective, feasible, and patient-preferred application of mCIT in a clinical setting.","[MeSH] Female; [MeSH] Hand Strength; [MeSH] Humans; [MeSH] Middle Aged; [MeSH] Motor Skills; [MeSH] Outcome Assessment, Health Care; [MeSH] Patient Compliance; [MeSH] Physical Therapy Modalities; [MeSH] Stroke; [MeSH] Stroke Rehabilitation; [MeSH] Upper Extremity"
41600836,Novel 2-Aryl-1H-Benzimidazole Derivatives and Their Aza-Analogues as Promising Anti-Poxvirus Agents.,"Valeria Manca, Laura Locci, Roberta Ibba, Laura Sanna, Ilenia Lupinu, Sandra Piras, Gabriele Murineddu, Gabriele Serreli, Roberta Loddo, Rebecca Piras, Luca Virdis, Michela Isola, Vanessa Palmas, Giuseppina Sanna, Antonio Carta",Viruses. 2026. doi: 10.3390/v18010071..,Manca,Viruses,2026,2026/01/04,,,10.3390/v18010071,"INTRODUCTION: Despite the impressive progress carried out in the field of biomedical sciences in recent decades, the incidence of emerging and neglected lethal viral infections mainly belonging to the Coronaviridae, Filoviridae, Arenaviridae, Bunyaviridae, and Paramyxoviridae families has considerably impaired human health. The worldwide vaccination campaign at the end of the 1970s determined the eradication of smallpox. However, the growing number of cases of diseases linked to orthopoxvirus diseases, such as the recent epidemic of monkeypox zoonosis in various countries around the world, has increased the need for knowledge of these viral pathogens. To date, there is no specific treatement for Monkeypox virus (MPXV) infection. However, several antiviral drugs used to treat Smallpox and other viral infections could also be beneficial for Monkeypox disease. In this study we report the design and synthesis of new, variously substituted benzimidazole derivatives and the evaluation of their cytotoxicity and antiviral activity against representatives of the Orthopoxvirus genus, Vaccinia Virus (VV), closely related to variola virus and MPXV. METHODS: A combination of cell-based assays and experimental techniques was used to investigate the cytotoxicity, antiviral activity, and mechanisms of action of the most interesting compound. RESULTS: In our study, new, variously substituted benzimidazoles showed interesting EC50 values against vaccinia and MPXV and a cytotoxic profile in the high micromolar range. CONCLUSIONS: Our work shows that the new tested benzimidazole derivatives possess appealing activity and selectivity, accompanied by low cytotoxicity. These results set a valid foundation with which to identify potent and selective anti-Poxvirus agents.",MPXV; Orthopoxvirus; TEER; VV; adsorption assay; antiviral activity; benzimidazoles
40822979,DEEP AUTOMATIC ALIGNMENT OF MPOX DERMATOLOGICAL HAND PHOTOGRAPHY.,"Bohan Jiang, Andrew McNeil, Yihao Liu, Gaurav Rudravaram, Inga Saknite, Placide Mbala-Kingebeni, Olivier Tshiani Mbaya, Tyra Silaphet, Rachel Weiss, Lori E Dodd, Veronique Nussenblatt, Daniel Moyer, Bennett A Landman, Benoit M Dawant, Eric R Tkaczyk",Proceedings. IEEE International Symposium on Biomedical Imaging. 2025. doi: 10.1109/isbi60581.2025.10981147..,Jiang,Proceedings. IEEE International Symposium on Biomedical Imaging,2025,2025/05/12,,,10.1109/isbi60581.2025.10981147,"Mpox is a viral illness with heavy cutaneous involvement. Automatic tracking of mpox lesion progression is critical in determining the resolution of evolving lesions. This work introduces a novel application of deep learning for lesion monitoring through alignment of dermatological hand photographs. By adapting the VoxelMorph framework for 2D photographic data, we explore key point alignment across serial images. We trained our neural network model on a unique dataset of 1,658 hand images and evaluated its performance on a test set of 254 images. Additionally, we validated the method's generalizability with a supplementary set of 500 images, which included extensive Mpox infection. Our findings indicate modest yet significant improvements in key points and lesion center registration across different regularization strengths. Although promising, the complexity of hand structure presents challenges, requiring cautious application and further refinement, especially in regions with intense spatial discontinuities, such as interdigital areas.",Deep Learning; Dermatological Photography; Image Registration; Mpox; VoxelMorph
4346186,"Monkeypox virus (MPV). I. Propagation, purification, and further characterization.","T M Yau, H Rouhandeh",Archiv fur die gesamte Virusforschung. 1972. doi: 10.1007/BF01241537..,Yau,Archiv fur die gesamte Virusforschung,1972,1972/01/01,,,10.1007/BF01241537,,"[MeSH] Animals; [MeSH] Antimetabolites; [MeSH] Cell Line; [MeSH] Centrifugation, Density Gradient; [MeSH] Haplorhini; [MeSH] Hydrocarbons, Halogenated; [MeSH] Kidney; [MeSH] Monkey Diseases; [MeSH] Poxviridae; [MeSH] Poxviridae Infections; [MeSH] Thymidine; [MeSH] Tritium; [MeSH] Trypsin; [MeSH] Vibration; [MeSH] Virus Cultivation; [MeSH] Virus Replication"
41722055,"From Surge to Stability: Navigating MPOX Epidemics Across the Globe With Genomic Insights, Paving the Way for Effective Management Plan.","Tooba Malik, Muhammad Shahzad, Tasleem Akhtar",Reviews in medical virology. 2026. doi: 10.1002/rmv.70112..,Malik,Reviews in medical virology,2026,2026/03/01,,,10.1002/rmv.70112,"MPOX has been declared endemic in Central Africa by WHO in 2017. More recently (2018-2021), MPOX cases have been reported in various regions (endemic as well as non-endemic) all over the world. The sudden, unexpected and simultaneously emerging cases at geographically disparate areas indicate the probable undetected transmission pattern of the disease. The double stranded DNA virus has evolved over the time into multiple sub-lineages. Clade I MPXV variant is considered to be more virulent as compared to clade II variety. Mutations in certain sub-lineages may alter transmission routes, potentially shifting from direct contact to airborne transmission. The clinical presentation involves an incubation phase of 7-9 days, during this phase extensive viral dissemination occurs into the neighbouring cells causing systemic inflammation. The viral prodrome comprising of fever, malaise and myalgias may or may not precede the cutaneous eruptions that evolve over a period of 1-2 weeks, followed by desquamation and scabbing. Treatments include antiviral agents such as tecovirimat, bocindofovir and cidofovir in addition to standard supportive therapy for severe cases or immunocompromised patients. Vaccines such as ACAM2000, JYNNEOS and LC16m8 are available, although they are linked with some risks such as myopericarditis in certain patients. Ongoing global spread and virus mutations highlight the urgent need to accelerate research focused on early MPOX detection, novel treatment options and prevention in order to properly handle potential long-term challenges such as drug-resistant strains and future outbreaks. Prioritising the development of targeted, efficient, and less resistance-prone anti-MPOX medicines and rapid response systems for effective MPOX management.",MPOX; genome; infectious diseases; susceptibility; transmission
61718,A method for serological differentation of closely related poxviruses.,"N N Maltseva, S S Marennikova",Acta virologica. 1976.,Maltseva,Acta virologica,1976,1976/06/01,,,,"A two-step gel precipitation reaction with antiserum to vaccinia virus, based on sequential addition of two test viruses was elaborated for differentiation of closely related orthopoxviruses. The appearance of an additional precipitation line indicated differences in the antigenic structure of the viruses compared. Differences in the antigenic structure of vaccinia, variola and monkey pox viruses as well as the antigenic identity with cow pox virus of poxviruses isolated from carnivora, elephants and okapi were established.",[MeSH] Epitopes; [MeSH] Immunodiffusion; [MeSH] Monkeypox virus; [MeSH] Poxviridae; [MeSH] Vaccinia virus; [MeSH] Variola virus
26472096,Characterisation of the patellar tendon reflex in cerebral palsy children using motion analysis.,"Rory O'Sullivan, Damien Kiernan, Michael Walsh, Tim O'Brien, Yahya Elhassan",Irish journal of medical science. 2015. doi: 10.1007/s11845-015-1369-3..,O'Sullivan,Irish journal of medical science,2016,2015/10/15,,,10.1007/s11845-015-1369-3,"BACKGROUND: The patellar tendon reflex (PTR) is an important spinal reflex and an important diagnostic tool assessing neurological disturbances. Reflexes are conveniently assessed but quantifying the response can be subjective. Motion analysis is commonly used to assess gait kinematics in a variety of populations. It can be used to objectively assess the PTR with the advantage that standard technique and hammer can be used without the need for bulky apparatus or fixing the subject position. AIM: To compare the PTR in 15 cerebral palsy (CP) children with age and height matched controls. METHODS: EMG reflex latency in the rectus femoris was assessed using a Noraxon 2400T unit. Knee movement latency, knee angular displacement and peak angular velocity were captured using the CODA mpx 30 system. RESULTS: EMG reflex latency was significantly reduced in CP compared to control limbs (13.11 versus 18.11 ms; p < 0.01) confirming a 'brisk' response in this population. The kinematic data found that while knee angular displacement was significantly reduced in CP (12.82° versus 20.06°; p < 0.01) there was no significant difference in movement latency or peak angular velocity compared to controls. CONCLUSIONS: Subjective evaluation of the PTR relies mostly on change in knee angle. Using motion analysis we have confirmed a difference in this variable in CP compared to controls. We have also shown reduced reflex latency associated with a brisk reflex. Knee movement latency and peak angular velocity did not differentiate CP from normal. Further examination of the knee angular response of the PTR is warranted in CP.",Cerebral palsy; Electromyography; Motion analysis; Patellar tendon reflex
25100640,Inactivation of bacterial and viral biothreat agents on metallic copper surfaces.,"Pauline Bleichert, Christophe Espírito Santo, Matthias Hanczaruk, Hermann Meyer, Gregor Grass","Biometals : an international journal on the role of metal ions in biology, biochemistry, and medicine. 2014. doi: 10.1007/s10534-014-9781-0..",Bleichert,"Biometals : an international journal on the role of metal ions in biology, biochemistry, and medicine",2014,2014/08/07,,,10.1007/s10534-014-9781-0,"In recent years several studies in laboratory settings and in hospital environments have demonstrated that surfaces of massive metallic copper have intrinsic antibacterial and antiviral properties. Microbes are rapidly inactivated by a quick, sharp shock known as contact killing. The underlying mechanism is not yet fully understood; however, in this process the cytoplasmic membrane is severely damaged. Pathogenic bacterial and viral high-consequence species able to evade the host immune system are among the most serious lethal microbial challenges to human health. Here, we investigated contact-killing mediated by copper surfaces of Gram-negative bacteria (Brucella melitensis, Burkholderia mallei, Burkholderia pseudomallei, Francisella tularensis tularensis and Yersinia pestis) and of Gram-positive endospore-forming Bacillus anthracis. Additionally, we also tested inactivation of monkeypox virus and vaccinia virus on copper. This group of pathogens comprises biothreat species (or their close relatives) classified by the Center for Disease and Control and Prevention (CDC) as microbial select agents posing severe threats to public health and having the potential to be deliberately released. All agents were rapidly inactivated on copper between 30 s and 5 min with the exception of B. anthracis endospores. For vegetative bacterial cells prolonged contact to metallic copper resulted in the destruction of cell structure.","[MeSH] Bacillus anthracis; [MeSH] Bacteriolysis; [MeSH] Bioterrorism; [MeSH] Cell Membrane; [MeSH] Copper; [MeSH] Gram-Negative Bacteria; [MeSH] Gram-Positive Bacteria; [MeSH] Monkeypox virus; [MeSH] Spores, Bacterial; [MeSH] Vaccinia virus; [MeSH] Virulence; [MeSH] Virus Inactivation"
19887033,"Simian varicella virus in pigtailed macaques (Macaca nemestrina): clinical, pathologic, and virologic features.","Renee Rosemary Hukkanen, Maggie Gillen, Richard Grant, H Denny Liggitt, Hans-Peter Kiem, Stephen T Kelley",Comparative medicine. 2009.,Hukkanen,Comparative medicine,2009,2009/10/01,,,,"Simian varicella virus (SVV; Cercopithecine herpesvirus 9) is a naturally occurring herpesvirus of nonhuman primates. Here we present the clinical, pathologic, and virologic findings from 2 cases of SVV in adult female pigtailed macaques (Macaca nemestrina). The initial case presented with hyperthermia and a diffuse inguinal rash which spread centripetally, progressing to vesiculoulcerative dermatitis of the trunk, face, and extremities. At 96 h after presentation, the animal was anorexic and lethargic and had oral and glossal ulcerations. Euthanasia was elected in light of the macaque's failure to respond to clinical treatment. Seven days after the first case was identified, a second macaque presented with a vesicular rash and was euthanized. Gross necropsy lesions for both cases included vesicular, ulcerative dermatitis with mucocutaneous extension and hepatic necrosis; the initial case also demonstrated necrohemorrhagic gastroenterocolitis and multifocal splenic necrosis. Histology confirmed herpetic viral infection with abundant intranuclear inclusion bodies. Immunofluorescence assays detected antibodies specific for SVV. PCR assays of vesicular fluid, tissue, and blood confirmed SVV and excluded varicella-zoster virus (Human herpesvirus 3). Serology for Macacine herpesvirus 1 (formerly Cercopithecine herpesvirus 1), poxvirus (monkeypox), and rubella was negative. Banked serum samples confirmed SVV exposure and seroconversion. Investigation into the epidemiology of the seroconversion demonstrated a SVV colony prevalence of 20%. The described cases occurred in animals with reconstituted immune systems (after total-body irradiation) and demonstrate the clinical effects of infection with an endemic infectious agent in animals with a questionable immune status.","[MeSH] Animals; [MeSH] Antibodies, Viral; [MeSH] Dermatitis; [MeSH] Enterocolitis; [MeSH] Fatal Outcome; [MeSH] Female; [MeSH] Herpesviridae Infections; [MeSH] Intranuclear Inclusion Bodies; [MeSH] Liver; [MeSH] Macaca nemestrina; [MeSH] Monkey Diseases; [MeSH] Necrosis; [MeSH] RNA, Viral; [MeSH] Seroepidemiologic Studies; [MeSH] Spleen; [MeSH] Varicellovirus"
12141435,Developmental biology of zebrafish myeloid cells.,"Meredith O Crowhurst, Judith E Layton, Graham J Lieschke",The International journal of developmental biology. 2002.,Crowhurst,The International journal of developmental biology,2002,2002/01/01,,,,"The zebrafish (Danio rerio) has emerged as an informative vertebrate model for developmental studies, particularly those employing genetic approaches such as mutagenesis and screening. Zebrafish myelopoiesis has recently been characterized, paving the way for the experimental strengths of this model organism to contribute to an improved understanding of the genetic regulation of myeloid development. Zebrafish have a multi-lineage myeloid compartment with two types of granulocyte (heterophil/neutrophil and eosinophil granulocytes), and monocyte/macrophages, each with characteristic morphological features and histochemical staining properties. Molecular markers have been characterised for various myeloid cell types and their precursor cells, for example: stem cells (scl, hhex, lmo2), myeloid lineage precursors (spi1/pu.1, c/ebp1), heterophil granulocytes (mpx/mpo), macrophages (L-plastin, fms). In zebrafish, the sites of early myeloid and erythroid commitment are anatomically separated, being located in the rostral and caudal lateral plate mesoderm respectively. Functional macrophages appear before cells displaying granulocytic markers. By the second day of life, cells expressing granulocyte- and macrophage-specific genes are scattered throughout the embryo, but tend to aggregate in the ventral venous plexus, which may be a site of their production or a preferred site for their residence. Even in early embryos, macrophages are phagocytically active, and granulocytes participate in acute inflammation. Equipped with an understanding of the developmental biology of these various myeloid cells and a set of tools for their identification and functional study, we will now be able to exploit the experimental strengths of this model organism to better understand the genetic regulation of myelopoiesis.","[MeSH] Animals; [MeSH] Cell Lineage; [MeSH] Gene Expression Regulation, Developmental; [MeSH] Granulocytes; [MeSH] Hematopoiesis; [MeSH] In Situ Hybridization; [MeSH] Leukocytes; [MeSH] Macrophages; [MeSH] Mutation; [MeSH] Myeloid Cells; [MeSH] Phenotype; [MeSH] Phylogeny; [MeSH] Time Factors; [MeSH] Zebrafish"
12816106,"Update: multistate outbreak of monkeypox--Illinois, Indiana, Kansas, Missouri, Ohio, and Wisconsin, 2003.",,MMWR. Morbidity and mortality weekly report. 2003.,,MMWR. Morbidity and mortality weekly report,2003,2003/06/20,,,,"CDC and state and local health departments continue to investigate cases of monkeypox among persons who had close contact with wild or exotic mammalian pets or persons with monkeypox. This report updates epidemiologic, laboratory, and animal data for U.S. cases.","[MeSH] Adolescent; [MeSH] Adult; [MeSH] Animals; [MeSH] Animals, Domestic; [MeSH] Child; [MeSH] Child, Preschool; [MeSH] Contact Tracing; [MeSH] Disease Outbreaks; [MeSH] Female; [MeSH] Humans; [MeSH] Illinois; [MeSH] Indiana; [MeSH] Infant; [MeSH] Kansas; [MeSH] Male; [MeSH] Middle Aged; [MeSH] Missouri; [MeSH] Monkeypox virus; [MeSH] Muridae; [MeSH] Ohio; [MeSH] Poxviridae Infections; [MeSH] Sciuridae; [MeSH] Wisconsin"
38543965,Factors Related to Mpox-Vaccine Uptake among Men Who Have Sex with Men in Taiwan: Roles of Information Sources and Emotional Problems.,"Mei-Feng Huang, Yu-Ping Chang, Chien-Wen Lin, Cheng-Fang Yen",Vaccines. 2024. doi: 10.3390/vaccines12030332..,Huang,Vaccines,2024,2024/03/20,,,10.3390/vaccines12030332,"An mpox outbreak occurred suddenly and rapidly spread worldwide in 2022. Research has demonstrated a link between the sexual behavior of men who have sex with men (MSM) and the contraction of mpox. This study assessed the factors related to mpox-vaccine uptake among MSM in Taiwan, focusing on the roles of information sources and emotional problems. In total, 389 MSM participated in an online survey. Data on the participants' vaccination statuses; anxiety symptoms, which were assessed using the State-Trait Anxiety Inventory; depressive symptoms, which were assessed using the Center for Epidemiologic Studies Depression Scale; and risk perceptions of contracting mpox were collected. Factors related to mpox-vaccine uptake were examined using a multivariable logistic regression model. The results revealed that MSM who were older (p < 0.001), perceived a higher risk of contracting mpox (p = 0.040), and received mpox information from health-care providers (p < 0.001) were more likely to receive mpox vaccination, whereas MSM who reported a greater severity of depression (p = 0.017) were less likely to receive mpox vaccination. However, age did not moderate the associations of perceiving a higher risk of contracting mpox, receiving mpox information from health-care providers, and depression with having an mpox vaccination. Health-care providers should consider these factors when developing intervention programs for enhancing mpox-vaccine uptake among MSM.",men who have sex with men; mpox; vaccine
12906012,Monkeypox spreads as US public-health system plays catch-up.,Marilynn Larkin,The Lancet. Infectious diseases. 2003. doi: 10.1016/s1473-3099(03)00713-8..,Larkin,The Lancet. Infectious diseases,2003,2003/08/01,,,10.1016/s1473-3099(03)00713-8,,[MeSH] Animals; [MeSH] Disease Reservoirs; [MeSH] Female; [MeSH] Humans; [MeSH] Monkeypox virus; [MeSH] Poxviridae Infections; [MeSH] Public Health; [MeSH] Rodentia; [MeSH] United States
40484541,Portable microfluidic-LAMP assay for rapid on-site detection of eight highly pathogenic viruses.,"Huan Li, You Nie, Yi Wu, Yuanyuan Cao, Wanying Liu, Rongtao Zhao, Xuesong Feng, Rongzhang Hao",Analytica chimica acta. 2025. doi: 10.1016/j.aca.2025.344236..,Li,Analytica chimica acta,2025,2025/05/23,,,10.1016/j.aca.2025.344236,"BACKGROUND: The recent global spread of highly pathogenic viruses, such as Mpox and Ebola viruses, highlights the urgent need for multiplex detection technologies. Current methods lack the capability for simultaneous identification, which hampers outbreak control in resource-limited settings and global surveillance efforts. Traditional techniques, like real-time quantitative polymerase chain reaction (qPCR), are often impractical in resource-limited areas due to laboratory dependency, and specialized personnel requirements. A portable, rapid, and cost-effective method for multiplex field detection of highly pathogenic viruses is critically needed to address the growing threat of outbreaks in resource-limited settings. RESULTS: In this study, a simple and rapid nucleic acid extraction method was performed using a paper-based dipstick, which was equipment-free and could be completed within 2 min. Subsequently, a microfluidic chip was integrated with loop-mediated isothermal amplification (LAMP) technology to develop a field-deployable, portable detection method termed the microfluidic-LAMP assay. This assay allows for the simultaneous detection of eight highly pathogenic viruses: Ebola virus (EBOV), Marburg virus (MARV), Rift Valley fever virus (RVFV), Lassa virus (LASV), yellow fever virus (YFV), Congo Basin Mpox virus (C-MPXV), West African Mpox virus (W-MPXV), and variola virus (VARV), all within a span of 70 min. The assay demonstrated a sensitivity of 7.02 × 102-8 × 104 copies/mL across different targets using simulated clinical samples. The limits of detection of this field available assay were comparable to or lower than those of the real-time quantitative PCR. The microfluidic-LAMP assay demonstrated good specificity in cross-tests with 21 pathogens, including the above 8 viruses and 13 other respiratory pathogens. SIGNIFICANCE: This study presents the first portable microfluidic-LAMP assay capable of simultaneously detecting eight highly pathogenic viruses in resource-limited settings. The assay's equipment-free nucleic acid extraction (2 min) and rapid detection (70 min) make it a practical solution for on-site detection in resource-limited regions, facilitating outbreak control and global surveillance efforts.",Highly pathogenic viruses; Microfluidic-LAMP assay; Multi-channel detection; On-site detection; Paper-based nucleic acid extraction
39371730,Monkeypox: A Growing Concern for Pulmonary Health.,"Vasiliki E Georgakopoulou, Konstantinos Dodos, Kyriakos Tarantinos",Cureus. 2024. doi: 10.7759/cureus.68614..,Georgakopoulou,Cureus,2024,2024/09/04,,,10.7759/cureus.68614,"The re-emergence of monkeypox as a significant global health concern has highlighted the need to reassess its clinical presentation, particularly its impact on pulmonary health. Traditionally associated with dermatological symptoms, recent outbreaks in non-endemic regions have underscored the virus's potential for widespread transmission and respiratory complications. Emerging evidence indicates that monkeypox infection can lead to respiratory symptoms such as cough, sore throat, and, in severe cases, pneumonia and acute respiratory distress syndrome (ARDS). The virus's capacity for respiratory transmission, coupled with the potential for coinfection with other respiratory pathogens, poses significant challenges for clinical management. Understanding the pathophysiology of monkeypox's impact on the lungs, which may involve direct viral invasion and immune-mediated damage, is critical for developing effective public health strategies. As monkeypox continues to spread, recognizing and addressing its respiratory complications will be essential in mitigating severe outcomes, particularly in vulnerable populations with pre-existing pulmonary conditions.",ards; monkeypox; public health; pulmonary health; respiratory complications
38090723,Treatment of severe human mpox virus infection with tecovirimat: A case series.,"Koray K Demir, Michaël Desjardins, Claude Fortin, Simon Grandjean-Lapierre, Arpita Chakravarti, François Coutlée, Gerasimos Zaharatos, Jean Morin, Cécile Tremblay, Jean Longtin",Canada communicable disease report = Releve des maladies transmissibles au Canada. 2023. doi: 10.1093/ofid/ofac310..,Demir,Canada communicable disease report = Releve des maladies transmissibles au Canada,2023,2023/02/01,,,10.1093/ofid/ofac310,"BACKGROUND: Tecovirimat (TCV, TPOXX®) is an orthopox-specific antiviral drug indicated for the treatment of smallpox. There is also a mechanistic basis for its use in mpox infection. However, its approval was based on animal studies, and its efficacy and side-effect profile in human patients with disease is unknown. METHODS: During the 2022 international mpox epidemic, clinicians in Canada accessed TCV from the Public Health Agency of Canada's National Emergency Strategic Stockpile for severe cases of mpox disease. We describe the use of TCV in nine adults with severe mpox virus infection in Montréal, Canada. RESULTS: Five patients were treated for severe and potentially life-threatening head and neck symptoms, while four were treated for genitourinary or anorectal disease. Two-thirds of patients were also treated for suspected bacterial superinfection. All patients recovered (median time to resolution of severe symptoms: nine days) without relapse or hospital readmission. No patients reported adverse events attributable to TCV and no patients stopped their treatment early. CONCLUSION: Our experience suggests that TCV is well tolerated and may accelerate recovery in severe cases. These preliminary, observational data may also be explained by concomitant treatment for superinfection and are limited by the absence of a control group. Controlled, clinical trials should be conducted to clarify the attributable benefit of TCV in severe mpox infection.",Montréal; mpox; orthopoxvirus; tecovirimat
37005160,An Ulcer by Any Other Name: Non-herpes and Non-syphilis Ulcerative Sexually Transmitted Infections.,"Ronnie M Gravett, Jeanne Marrazzo",Infectious disease clinics of North America. 2023. doi: 10.1016/j.idc.2023.02.005..,Gravett,Infectious disease clinics of North America,2023,2023/03/31,,,10.1016/j.idc.2023.02.005,"The myriad presentations of ulcerative sexually transmitted infections, other than genital herpes and syphilis, challenge even the most astute clinician given the considerable overlap in clinical presentation and lack of widely available diagnostic resources, such as nucleic acid testing, to confirm the diagnosis. Even so, case prevalence is relatively low, and incidence of chancroid and granuloma inguinale are declining. These diseases still cause substantial morbidity and increased chance for HIV acquisition, and with the recent advent of mpox as a cause, it remains imperative to identify and treat accurately.",Chancroid; Donovanosis; Genital ulcer disease; Lymphogranuloma venereum; Mpox virus; Ulcer
38946778,The pressing need for study on the effects of Mpox on the progression of vascular inflammation: A well-timed call.,"Sara Shahid Meem, Amrin Yeasin Proma, Mohiuddin Ahmed Bhuiyan, Syed Masudur Rahman Dewan",Health science reports. 2024. doi: 10.1002/hsr2.2223..,Meem,Health science reports,2024,2024/06/28,,,10.1002/hsr2.2223,"BACKGROUND: This article explored the possibility that the Mpox virus (MPXV) may initiate or stimulate the consequences of vascular inflammation. In 1970, it was discovered that Macaca cynomolgus primates infected with MPXV also infected humans in the Democratic Republic of the Congo. DISCUSSION: The study demonstrates that MPXV invades host cells via viral proteins and surface receptors, initiating the release of diverse inflammatory mediators such as IL-1, IL-6, TNF-α, CCL2, CXCL2, CXCL8, CXCL10, and so forth probably through endothelial dysfunction by reactive oxygen species production. In general, these mediators have been found to contribute to vascular inflammation and the formation of atherosclerotic plaque at a later stage, which may contribute to the onset of vascular inflammation. CONCLUSION: The discussed association between vascular inflammation and Mpox has the potential to be an important finding in the field of vascular biology research.",Mpox; atherosclerosis; cardiovascular diseases; endothelial dysfunction; oxidative stress; vascular inflammation
195980,Preparation and evaluation of a noninfectious monkey pox virus vaccine.,"R G Olsen, J R Blakeslee, L Mathes, J H Nakano",Journal of clinical microbiology. 1977. doi: 10.1128/jcm.6.1.50-54.1977..,Olsen,Journal of clinical microbiology,1977,1977/07/01,,,10.1128/jcm.6.1.50-54.1977,"Monkey pox virus was mechanically disrupted by low temperature and high pressure into soluble and insoluble fractions. Soluble fractions elicited virus-neutralizing antibodies (1:20 to 1:160) in rabbits, whereas the insoluble (in saline) fractions did not (less than 1:5). No infectious virus was detected after the disruption procedure. Rhesus monkeys immunized with the soluble fraction elicited virus-neutralizing (1:1,200), complement-fixing (1:16), and hemagglutinating-inhibiting (1:80 to 1:160) antibody titers and were completely protected against monkey pox virus-induced disease. This model of monkey pox virus subunit vaccine preparation may prove to be useful in developing an efficacious noninfectious vaccinia vaccine for use in high-risk individuals.","[MeSH] Animals; [MeSH] Antibodies, Viral; [MeSH] Complement Fixation Tests; [MeSH] Haplorhini; [MeSH] Hemagglutination Inhibition Tests; [MeSH] Hemagglutination, Viral; [MeSH] Macaca mulatta; [MeSH] Monkey Diseases; [MeSH] Monkeypox virus; [MeSH] Neutralization Tests; [MeSH] Poxviridae; [MeSH] Poxviridae Infections; [MeSH] Viral Vaccines"
39968354,The mental health implication of mpox: Enhancing care with genetic insights.,Ovinuchi Ejiohuo,Journal of public health in Africa. 2025. doi: 10.4102/jphia.v16i1.786..,Ejiohuo,Journal of public health in Africa,2025,2025/01/24,,,10.4102/jphia.v16i1.786,"The intersection of mpox and mental health is a critical concern, particularly for individuals with pre-existing mental disorders, who face heightened psychological stress and exacerbation of symptoms. This study explores the potential of genetic testing, such as Polygenic Risk Scores and pharmacogenetics, in enhancing mental disorders and mpox management. By tailoring treatment and prevention strategies to an individual's genetic profile, clinicians can provide more personalised care, reducing adverse effects and improving outcomes. Furthermore, genetic insights can inform the development of safer vaccines and early interventions, particularly for vulnerable populations. The study underscores the importance of integrating mental and public health strategies, advocating for targeted research and fostering interdisciplinary collaboration to effectively address these complex health challenges.",genetic testing; mental disorders; mental health; mpox; personalised medicine; precision psychiatry
41951333,Reemerging and New Infectious Diseases.,Dirk M Elston,Dermatologic clinics. 2026. doi: 10.1016/j.det.2026.01.014..,Elston,Dermatologic clinics,2026,2026/02/16,,,10.1016/j.det.2026.01.014,"Reemerging infectious diseases remain a growing global concern. Infections such as monkey pox and syphilis have resurfaced with changing clinical patterns and broader geographic spread. Surveillance data suggest that a significant number of suspected cases actually represent umbilicated lesions of herpetic origin, and histopathologic or other laboratory confirmation of the diagnosis is critical.",Global epidemiology; Measles; Mpox; Syphils
22506039,Evaluation of microbubbles as contrast agents for ultrasonography and magnetic resonance imaging.,"Ling Li, Qiang Wei, Hong-Bo Li, Song Wen, Gao-Jun Teng",PloS one. 2012. doi: 10.1371/journal.pone.0034644..,Li,PloS one,2012,2012/04/10,,,10.1371/journal.pone.0034644,"BACKGROUND: Microbubbles (MBs) can serve as an ultrasound contrast agent, and has the potential for magnetic resonance imaging (MRI). Due to the relatively low effect of MBs on MRI, it is necessary to develop new MBs that are more suitable for MRI. In this study, we evaluate the properties of SonoVue® and custom-made Fe(3)O(4)-nanoparticle-embedded microbubbles (Fe(3)O(4)-MBs) in terms of contrast agents for ultrsonography (US) and MRI. METHODOLOGY/PRINCIPAL FINDINGS: A total of 20 HepG2 subcutaneous-tumor-bearing nude mice were randomly assigned to 2 groups (i.e., n = 10 mice each group), one for US test and the other for MRI test. Within each group, two tests were performed for each mouse. The contrast agent for the first test is SonoVue®, and the second is Fe(3)O(4)-MBs. US was performed using a Technos(MPX) US system (Esaote, Italy) with a contrast-tuned imaging (CnTI™) mode. MRI was performed using a 7.0T Micro-MRI (PharmaScan, Bruker Biospin GmbH, Germany) with an EPI-T(2)* sequence. The data of signal-to-noise ratio (SNR) from the region-of-interest of each US and MR image was calculated by ImageJ (National Institute of Health, USA). In group 1, enhancement of SonoVue® was significantly higher than Fe(3)O(4)-MBs on US (P<0.001). In group 2, negative enhancement of Fe(3)O(4)-MBs was significantly higher than SonoVue® on MRI (P<0.001). The time to peak showed no significant differences between US and MRI, both of which used the same MBs (P>0.05). The SNR analysis of the enhancement process reveals a strong negative correlation in both cases (i.e., SonoVue® r = -0.733, Fe(3)O(4)-MBs r = -0.903, with P<0.05). CONCLUSIONS: It might be important to change the Fe(3)O(4)-MBs' shell structure and/or the imagining strategy of US to improve the imaging quality of Fe(3)O(4)-MBs on US. As an intriguing prospect that can be detected by US and MRI, MBs are worthy of further study.","[MeSH] Animals; [MeSH] Cell Line, Tumor; [MeSH] Contrast Media; [MeSH] Ferric Compounds; [MeSH] Hep G2 Cells; [MeSH] Humans; [MeSH] Magnetic Resonance Imaging; [MeSH] Mice; [MeSH] Mice, Inbred BALB C; [MeSH] Mice, Nude; [MeSH] Microbubbles; [MeSH] Nanoparticles; [MeSH] Signal-To-Noise Ratio; [MeSH] Ultrasonics"
40015558,"Inherently imperfect, inherently evolving - The pursuit of precision through biomarkers.",Aila Akosua Kattner,Biomedical journal. 2025. doi: 10.1016/j.bj.2025.100839..,Kattner,Biomedical journal,2025,2025/02/25,,,10.1016/j.bj.2025.100839,"Featuring a special section on cancer biomarkers, this issue of the Biomedical Journal highlights research on cfDNA, fecal miRNA, mitochondrial pathways, Epstein-Barr virus DNA, multi-biomarker panels combined with LC-MS-based methods, and circulating tumor cell (CTC) growth status as potential tools for cancer detection and management, including colorectal cancer, ovarian cancer, nasopharyngeal carcinoma, and hepatocellular carcinoma. Additionally, it explores the social stigma surrounding mpox, and discusses the achievements in miRNA research that earned the 2024 Nobel Prize in Physiology or Medicine. Advances in deep learning for trauma imaging are examined, alongside a review of decades of enterovirus research and current vaccination strategies. Other studies investigate the combined use of anthelmintic and antibiotic therapy for roundworm infection, and the application of a well-established Traditional Chinese Medicine herbal formula, commonly prescribed for gynecological conditions, against autoimmune hepatitis. Further articles elucidate the role of the nuclear receptor HNF4 in Schistosoma, mitochondrial dysfunction in acute kidney injury, the effects of astragalus polysaccharides on prostate cancer, and the use of deep learning to predict mortality from electrocardiograms.",Astragalus; Cancer biomarkers; Deep learning; Enterovirus; Mpox; Schistosomiasis
37416038,Cellulitis or Lymphadenopathy: A Challenging Monkeypox Virus Infection Case.,"Mohammed H Hussein, Muna A Mohamad, Sneha Dhakal, Monica Sharma",Cureus. 2023. doi: 10.7759/cureus.40008..,Hussein,Cureus,2023,2023/06/05,,,10.7759/cureus.40008,"Monkeypox virus infection is characterized by a prodromal illness with fever, intense headache, lymphadenopathy, back pain, myalgias, and asthenia, followed by the eruption of skin lesions. A case series has reported monkeypox virus infection with primary anogenital and facial cellulitis. In addition, superimposed bacterial infections have been reported in several case reports. We present a monkeypox virus infection case of a patient presenting with jaw swelling initially thought to be secondary to cellulitis/abscess collection. A 25-year-old homosexual male on HIV pre-exposure prophylaxis presented to an urgent care center with a painful, ruptured, crusted chin lesion. Given recent contact with monkeypox virus-infected patients, a monkeypox swab was collected. He then developed a fever, jaw/neck swelling, and difficulty swallowing, which prompted him to come to our emergency department. He was febrile and tachycardic on presentation. The labs were unremarkable. A CT scan of the neck showed soft tissue thickening within the submental and submandibular regions bilaterally, consistent with cellulitis without evidence of abscess formation. It also showed prominent bilateral submandibular and left station IIA lymphadenopathy. We started the patient on intravenous ampicillin-sulbactam, but his swelling worsened. We suspected abscess formation clinically; however, a percutaneous drainage attempt yielded a dry tap. We added vancomycin for extra coverage, but the patient remained febrile, and his swelling continued to worsen. In the meantime, his monkeypox virus polymerase chain reaction (PCR) swab result returned positive, and he developed other skin lesions. These two findings and the lack of improvement with antibiotic therapy led us to believe that his fever was secondary to monkeypox and the swelling was secondary to reactive lymphadenopathy over true cellulitis. We stopped his antibiotics, and his symptoms improved with a complete resolution of the jaw swelling. This case was challenging to manage as the patient's swelling was initially thought to be secondary to cellulitis and abscess collection, but it turned out to be secondary to lymphadenopathy. This case illustrates the significance and severity of lymphadenopathy in monkeypox virus infection, which can be initially misdiagnosed as cellulitis.",cellulitis; lymphadenopathy; monkeypox; submandibular; submental
30485806,Identifying and Tracking Low-Frequency Virus-Specific TCR Clonotypes Using High-Throughput Sequencing.,"Kyle Wolf, Tyler Hether, Pavlo Gilchuk, Amrendra Kumar, Ahmad Rajeh, Courtney Schiebout, Julie Maybruck, R Mark Buller, Tae-Hyuk Ahn, Sebastian Joyce, Richard J DiPaolo",Cell reports. 2018. doi: 10.1016/j.celrep.2018.11.009..,Wolf,Cell reports,2018,2018/11/27,,,10.1016/j.celrep.2018.11.009,"Tracking antigen-specific T cell responses over time within individuals is difficult because of lack of knowledge of antigen-specific TCR sequences, limitations in sample size, and assay sensitivities. We hypothesized that analyses of high-throughput sequencing of TCR clonotypes could provide functional readouts of individuals' immunological histories. Using high-throughput TCR sequencing, we develop a database of TCRβ sequences from large cohorts of mice before (naive) and after smallpox vaccination. We computationally identify 315 vaccine-associated TCR sequences (VATS) that are used to train a diagnostic classifier that distinguishes naive from vaccinated samples in mice up to 9 months post-vaccination with >99% accuracy. We determine that the VATS library contains virus-responsive TCRs by in vitro expansion assays and virus-specific tetramer sorting. These data outline a platform for advancing our capabilities to identify pathogen-specific TCR sequences, which can be used to identify and quantitate low-frequency pathogen-specific TCR sequences in circulation over time with exceptional sensitivity.",DNA sequencing; HLA-A2; T cell receptor; biomarkers; monkeypox; vaccinia
39971198,Advanced photohydrolysis technology demonstrates rapid inactivation of aerosolized SARS-CoV-2 and efficacy against other respiratory viral pathogens.,"Jennifer E Peel, Elizabeth Jardinella, Yue Qu, Jessica A Plante, Brooke M Mitchell, Jordyn L Walker, Roberto P Garofalo, Scott C Weaver, Kenneth S Plante, Trevor Brasel, William S Lawrence",American journal of infection control. 2025. doi: 10.1016/j.ajic.2025.02.008..,Peel,American journal of infection control,2025,2025/02/17,,,10.1016/j.ajic.2025.02.008,"Efficient, rapid means of air decontamination are needed against widespread respiratory pathogens such as SARS-CoV-2, the virus that causes COVID-19. This study demonstrated the efficacy of advanced photohydrolysis technology in significantly reducing infectious, aerosolized SARS-CoV-2, achieving over 99% viral inactivation. Proof-of-concept assessments for respiratory syncytial virus and monkeypox virus showed similar results, suggesting broad applicability. These findings highlight the potential of the novel technology to enhance air purification and infection control strategies against multiple airborne viral pathogens.",Air purification; Infection control; Respiratory pathogens; Viral aerosols
2992305,Human monkeypox: a newly emerged orthopoxvirus zoonosis in the tropical rain forests of Africa.,"I Arita, Z Jezek, L Khodakevich, K Ruti",The American journal of tropical medicine and hygiene. 1985. doi: 10.4269/ajtmh.1985.34.781..,Arita,The American journal of tropical medicine and hygiene,1985,1985/07/01,,,10.4269/ajtmh.1985.34.781,"During the course of the recently concluded smallpox eradication program, a new human orthopoxvirus infection was discovered which is caused by monkeypox virus. The disease occurs sporadically in remote villages within tropical rain forests of West and Central Africa. The disease is rare; only 155 cases having been reported from 1970 to 1983. The symptoms and signs of human monkeypox resemble those of smallpox, differing significantly only in the occurrence of lymphadenopathy with human monkeypox disease. Of 155 cases, some 80% are believed to have resulted from infection from an as yet unknown animal reservoir; the rest occurred among unvaccinated close contacts among whom a secondary attack rate of 15% was observed. Although person-to-person spread appears to have occurred in some instances, few cases were observed in the third or fourth generation of transmission and none thereafter. Since 1982, the incidence of human monkeypox infections in Zaire has increased concomitant with an intensified surveillance program. Additional reasons which might explain the increased incidence are discussed. Further surveillance and research of this primarily zoonotic infection are warranted and are in progress.","[MeSH] Adolescent; [MeSH] Adult; [MeSH] Africa, Central; [MeSH] Africa, Western; [MeSH] Animals; [MeSH] Animals, Wild; [MeSH] Cercopithecus; [MeSH] Child; [MeSH] Child, Preschool; [MeSH] Colobus; [MeSH] Democratic Republic of the Congo; [MeSH] Haplorhini; [MeSH] Health Policy; [MeSH] Humans; [MeSH] Monkeypox virus; [MeSH] Pan troglodytes; [MeSH] Poxviridae Infections; [MeSH] Skin Diseases; [MeSH] Zoonoses"
39188858,Impact of vaccination with third generation modified vaccinia Ankara and sexual behaviour on mpox incidence in men who have sex with men: analysis among participants of the ANRS-174 DOXYVAC trial.,"Jade Ghosn, Lambert Assoumou, Moussa Ouattara, Emma Rubenstein, Gilles Pialoux, Christine Katlama, Laure Surgers, Claudine Duvivier, Juliette Pavie, Jean-Paul Viard, Michèle Algarte-Genin, Severine Gibowski, Manon Ollivier, Dominique Costagliola, Jean-Michel Molina",The Lancet regional health. Europe. 2024. doi: 10.1016/j.lanepe.2024.101020..,Ghosn,The Lancet regional health. Europe,2024,2024/08/01,,,10.1016/j.lanepe.2024.101020,"BACKGROUND: Mpox was first reported in France on May 19 and third-generation live Modified Vaccinia Ankara (MVA-BN) vaccination of multiple-partner men who have sex with men (MSM) was recommended as of July 11, 2022. We assessed the impact of vaccination and of sexual behavior adopted during the epidemic period on mpox incidence in the ANRS-174-DOXYVAC trial enrolling MSM on HIV pre-exposure prophylaxis (PrEP) with history of sexually-transmitted infections (STI) in the previous year. METHODS: We compared pre-epidemic socio-behavioral characteristics and change in sexual behaviors after the onset of the epidemic of participants with mpox and mpox-free. Then we compared incidence rates of mpox per 1000 person-months (p-m) between May 9-July 10 (before vaccination of MSM, period-1) and July 11-September 20 2022 (after vaccination launch, period-2) and explored factors explaining the period effect using Poisson regression model. FINDINGS: 472 MSM had data before and after May 9, 2022. Twenty percent had received smallpox vaccine during childhood. Mpox occurred in 77/472 participants (incidence 49.3 per 1000 p-m (95% CI 38.9-61.6)). MVA-BN vaccination roll-out was rapid, with 86% (341/398) of eligible participants having received at least one dose by September 20, 2022. Sexual behavior significantly changed before and after May 9, with a decrease in the proportion of mpox-free participants with >10 partners during last 3 months (45% vs 38%, p = 0.0035). Mpox incidence was 67.4 per 1000 p-m (95% CI 51.6-86.6) in period-1, and 24.4 per 1000 p-m (95% CI 13.9-39.6) in period-2, with an incidence rate ratio of 0.36 (95% CI 0.21-0.63). In multivariable Poisson regression model, only MVA-BN vaccination in 2022 remained significantly associated with mpox incidence, with a 99% risk reduction (95% CI 96.6-99.7). INTERPRETATION: In MSM on PrEP enrolled in the ANRS-174-DOXYVAC trial, rapid roll-out of MVA-BN vaccination was associated with a strong reduction in mpox incidence. FUNDING: ANRS Maladies Infectieuses Emergentes (ANRS/MIE).",Incidence; Mitigation; Mpox; Outbreak; Roll-out; Sexual behavior; Vaccination
15828843,Combinatorial optimization of isatin-beta-thiosemicarbazones as anti-poxvirus agents.,"Michael C Pirrung, Sunil V Pansare, Koushik Das Sarma, Kathy A Keith, Earl R Kern",Journal of medicinal chemistry. 2005. doi: 10.1021/jm049147h..,Pirrung,Journal of medicinal chemistry,2005,2005/04/21,,,10.1021/jm049147h,"Novel strategies are required to combat pox virus infections, whether caused by escape of viruses such as monkeypox from indigenous areas or intentional release of smallpox. Anti-smallpox drugs with a unique mode of antiviral action, inhibition of transcription termination, were known but not therapeutically useful. Using a combinatorial method, variants of the basic isatin-beta-thiosemicarbazone structure were prepared and examined for cytotoxicity and antiviral activity in vaccinia virus- and cowpox virus-infected human cells. Potent and much more selective N-aminomethyl-isatin-beta-thiosemicarbazones were discovered.",[MeSH] Antiviral Agents; [MeSH] Cell Line; [MeSH] Combinatorial Chemistry Techniques; [MeSH] Cowpox virus; [MeSH] Humans; [MeSH] Isatin; [MeSH] Orthopoxvirus; [MeSH] Structure-Activity Relationship; [MeSH] Thiosemicarbazones; [MeSH] Vaccinia virus; [MeSH] Viral Plaque Assay
16597852,Follow-up on diagnostic proficiency of laboratories equipped to perform orthopoxvirus detection and quantification by PCR: the second international external quality assurance study.,"Matthias Niedrig, Hermann Meyer, Marcus Panning, Christian Drosten",Journal of clinical microbiology. 2006. doi: 10.1128/JCM.44.4.1283-1287.2006..,Niedrig,Journal of clinical microbiology,2006,2006/04/01,,,10.1128/JCM.44.4.1283-1287.2006,"Two years after the first external quality assurance study on bioterrorism-relevant viruses, we have conducted a follow-up study on orthopoxvirus detection by PCR. Thirty-three laboratories (27 European, 4 Austral-Asian, and 2 American) participated. Samples contained 0 to 40,000,000 DNA copies of lyophilized monkeypox, cowpox, and vaccinia virus per ml. Laboratories achieved a >80% detection chance above 56,234 copies per ml. Global sensitivity was not significantly improved over that of the first study. Twenty-seven and 9 participants, respectively, were able to genotype and quantify virus. Four of 27 genotyping results were incorrect. Quantification accuracy was significantly better for vaccinia virus than for the other viruses. False-positive results occurred in 22 (11.8%) of all 186 tests on negative samples, but 18 of these were contributed by only five laboratories. Fifty-five percent of laboratories could appropriately detect PCR inhibition. The use of either real-time PCR or commercial diagnostic kits had significant positive influence on laboratory performance.","[MeSH] Clinical Laboratory Techniques; [MeSH] DNA, Viral; [MeSH] Follow-Up Studies; [MeSH] Humans; [MeSH] International Cooperation; [MeSH] Laboratories; [MeSH] Orthopoxvirus; [MeSH] Polymerase Chain Reaction; [MeSH] Poxviridae Infections; [MeSH] Quality Control; [MeSH] Reagent Kits, Diagnostic"
38009914,Profiling whole-tissue metabolic reprogramming during cutaneous poxvirus infection and clearance.,"Luxin Pei, Kirsten E Overdahl, John P Shannon, Katherine M Hornick, Alan K Jarmusch, Heather D Hickman",Journal of virology. 2023. doi: 10.1128/jvi.01272-23..,Pei,Journal of virology,2023,2023/11/27,,,10.1128/jvi.01272-23,"Human poxvirus infections have caused significant public health burdens both historically and recently during the unprecedented global Mpox virus outbreak. Although vaccinia virus (VACV) infection of mice is a commonly used model to explore the anti-poxvirus immune response, little is known about the metabolic changes that occur in vivo during infection. We hypothesized that the metabolome of VACV-infected skin would reflect the increased energetic requirements of both virus-infected cells and immune cells recruited to sites of infection. Therefore, we profiled whole VACV-infected skin using untargeted mass spectrometry to define the metabolome during infection, complementing these experiments with flow cytometry and transcriptomics. We identified specific metabolites, including nucleotides, itaconic acid, and glutamine, that were differentially expressed during VACV infection. Together, this study offers insight into both virus-specific and immune-mediated metabolic pathways that could contribute to the clearance of cutaneous poxvirus infection.",immune response; metabolism; poxvirus
36512187,A Review of Monkeypox Ocular Manifestations and Complications: Insights for the 2022 Outbreak.,"Amirmasoud Rayati Damavandi, Farbod Semnani, Kiana Hassanpour",Ophthalmology and therapy. 2022. doi: 10.1007/s40123-022-00626-4..,Rayati,Ophthalmology and therapy,2023,2022/12/13,,,10.1007/s40123-022-00626-4,"Monkeypox (MPVX) infection has been associated with multiorgan presentations. Thus, monkeypox infection's early and late complications are of particular concern, prompting health systems to decipher threatening sequels and their possible countermeasures. The current article will review the clinical signs and symptoms of the present and former outbreaks, differential diagnoses, workup and treatment of the ocular manifestations of MPXV infection in detail. One of the uncommon yet considerable MPXV complications is ocular involvement. These injuries are classified as (1) more frequent and benign lesions and (2) less common and vision-threatening sequels. Conjunctivitis, blepharitis and photophobia are the most uncomplicated reported presentations. Moreover, MPXV can manifest as eye redness, frontal headache, orbital and peri-ocular rashes, lacrimation and ocular discharge, subconjunctival nodules and, less frequently, as keratitis, corneal ulceration, opacification, perforation and blindness. The ocular manifestations have been less frequent and arguably less severe within the current outbreak. Despite the possibility of underestimation, the emerging evidence from observational investigations documented rates of around 1% for ocular involvement in the current outbreak compared to a 9-23% incidence in previous outbreaks in the endemic countries. The history of smallpox immunization is a protective factor against these complications. Despite a lack of definite and established treatment, simple therapies like regular lubrication and prophylactic use of topical antibiotics may be considered for MPXV ocular complications. Timely administration of specific antivirals may also be effective in severe cases. Monkeypox usually has mild to moderate severity and a self-limited course. However, timely recognition and proper management of the disease could reduce the risk of permanent ocular sequelae and disease morbidity.",Blepharoconjunctivitis; Blindness; Corneal opacification; Keratitis; Monkeypox; Ocular manifestations; Smallpox vaccination
40826842,Newer and emerging sexually transmitted infections: A narrative review.,"Ayush Jain, Sonali Gupta, Nikhil Mehta, Somesh Gupta","Indian journal of dermatology, venereology and leprology. 2026. doi: 10.25259/IJDVL_1843_2024..",Jain,"Indian journal of dermatology, venereology and leprology",2026,2026/01/01,,,10.25259/IJDVL_1843_2024,"Sexually transmitted infections (STIs), including traditionally curable diseases like syphilis and gonorrhoea, have seen a recent resurgence. Concurrently, newer atypical infections presenting as STIs have emerged, driven by changes in pathogen virulence, host behaviours, and environmental factors. The spectrum of STIs is expanding due to evolving behaviours, globalisation, and pathogen adaptability. This review aims to highlight key viral, bacterial, fungal, and enteric infections that are newly identified or increasingly transmitted through sexual contact, introducing the concept of sexually transmissible infections. Though sexual transmission plays a minor role in their spread, it cannot be neglected and thus requires heightened awareness among clinicians and public health officials to ensure timely identification, management, and prevention.",Ebola; Tinea genitalis; Zika; genital tuberculosis; mPox; sexually transmitted infections
38651138,Challenges in Managing Treatment-Resistant Mpox Complicated by Severe Superinfection.,"Julia C Fortier, Christopher Marsalisi, Elian Cordova, Hui Jun Guo, Jorge Verdecia",Open forum infectious diseases. 2024. doi: 10.1093/ofid/ofae138..,Fortier,Open forum infectious diseases,2024,2024/03/15,,,10.1093/ofid/ofae138,"Though typically self-limiting, severe mpox infections have been treated with antiviral medications, most notably tecovirimat. Various reports exist of mpox progression despite tecovirimat treatment. Treatment resistance can be due to acquired mpox strain mutations, most often occurring in an immunocompromised host. We present the case of a male with AIDS who developed disseminated treatment-resistant mpox infection complicated by superimposed bacterial and fungal infections. His orthopoxvirus polymerase chain reaction result remained positive despite treatment with 4 weeks of oral tecovirimat and 3 doses of intravenous cidofovir. Poor response to antiviral therapy was likely due to his underlying immunocompromised state; however, strain resistance cannot be ruled out given that the patient had started but not completed a 14-day course of tecovirimat 8 months prior, at the time of initial mpox diagnosis. Patients with mpox who are immunocompromised may require extended and additional treatment beyond the standard 14 days of tecovirimat, such as cidofovir, brincidofovir, or intravenous vaccina immune globulin.",cidofovir; mpox; resistance; superinfection; tenofovir
41461353,Evidence on mpox clade Ia and clade Ib: A rapid research needs appraisal.,"Dijana Spasenoska, Naemi Araya, Marieke de Swart, Nicholas Henschke, Eli Harriss, Greta Tam, Amen Patrick-Nwosu, Marakiya Moetlediwa, Musawenkosi Ndlovu, Yonela Ntamo, Katrin Probyn, Salome Steinke, Lauren Ashley, Vincent Cheng, Gemma Villanueva, Tamsyn Harris, Duduzile Ndwandwe, Lance Turtle, Serena Carville, Alice Norton, Louise Sigfrid",International journal of infectious diseases : IJID : official publication of the International Society for Infectious Diseases. 2025. doi: 10.1016/j.ijid.2025.108348..,Spasenoska,International journal of infectious diseases : IJID : official publication of the International Society for Infectious Diseases,2026,2025/12/27,,,10.1016/j.ijid.2025.108348,"OBJECTIVES: The emergence of a new mpox sub-clade Ib and changes in transmission pattern are of concern. To inform strategies to protect populations and improve outcomes, we implemented a rapid research needs appraisal (RRNA) to identify existing evidence on mpox clade I. METHODS: We searched Embase, MEDLINE, Scopus, and grey literature to 11 February 2025 for human mpox clade I studies. RESULTS: Of 79 studies identified, 2.5% (2/79) were interventional, 97.4% (77/79) observational, presenting data on 59,183 mpox cases. Most (57/79) focused on clade Ia, 16/79 clade Ib, and 6/79 unspecified sub-clade I. 90.8% were set in Africa. Studies focused on clinical characteristics (n = 55), transmission (n = 23), risk factors for disease/severe disease (n = 13), diagnostics (n = 9), social/behavioural factors (n = 6), immune response/seroprevalence (n = 5), and vaccine/treatments (n = 4). Symptoms and complications were similar for both sub-clades. Three studies reported foetal death in 8/12-8/14 pregnant women infected with clade Ib and in 3/4 of women with clade Ia. The pooled case fatality rate (CFR) was 6% (95% CI 3% to 8%) in clade Ia studies and 1% (95% CI 0% to 1%) in clade Ib studies. There were no studies on effectiveness of prevention, treatment, risk of asymptomatic infection, or immune protection over time. CONCLUSION: The identified evidence-gaps provide a baseline to inform coordinated research strategies to generate evidence for clinical and public health responses to improve outcomes.",Mpox; Mpox clade I; Outbreak; PHEIC; RRNA
36743704,Monkeypox Disease with a Focus on the 2022 Outbreak; a Narrative Review.,"Zohreh Tehranchinia, Reza M Robati, Hamideh Moravvej, Mojtaba Memariani, Hamed Memariani",Archives of academic emergency medicine. 2023. doi: 10.22037/aaem.v11i1.1856..,Tehranchinia,Archives of academic emergency medicine,2023,2023/01/16,,,10.22037/aaem.v11i1.1856,"Monkeypox is a zoonotic disease caused by a double-stranded DNA virus belonging to the genus Orthopoxvirus. Despite being endemic in Central and West Africa, the disease has received relatively little research attention until recent times. As the Coronavirus disease 2019 (COVID-19) pandemic continues to affect the world, the rising number of monkeypox cases in non-endemic countries has further stoked global public health concerns about another pandemic. Unlike previous outbreaks outside Africa, most patients in the present outbreak had no history of travel to the endemic regions. The overwhelming majority of patients were initially identified amongst homosexual men, who had attended large gatherings. Mutations in the coding regions of the viral genome may have resulted in fitness adaptation, enhancement of immune evasion mechanisms, and more efficient transmissibility of the 2022 monkeypox virus. Multiple factors such as diminished cross-protective herd immunity (cessation of smallpox vaccination), deforestation, civil war, refugee displacement, farming, enhanced global interconnectedness, and even climate change may facilitate the unexpected emergence of the disease. In light of the increasing number of cases reported in the present outbreak, healthcare professionals should update their knowledge about monkeypox disease, including its diagnosis, prevention, and clinical management. Herein, we provide an overview of monkeypox, with a focus on the 2022 outbreak, to serve as a primer for clinical practitioners who may encounter the disease in their practice.",Diagnosis; Disease Outbreaks; Monkeypox; Therapeutics; Vaccination
16919703,Immunogenicity and protection efficacy of monovalent and polyvalent poxvirus vaccines that include the D8 antigen.,"Pavlo Sakhatskyy, Shixia Wang, Te-Hui W Chou, Shan Lu",Virology. 2006. doi: 10.1016/j.virol.2006.07.017..,Sakhatskyy,Virology,2006,2006/08/21,,,10.1016/j.virol.2006.07.017,"Recent studies have established the feasibility of subunit-based experimental vaccines to protect animals from lethal poxvirus infection. Individual outer membrane proteins from intracellular and extracellular virions of vaccinia virus, when delivered in the form of either DNA vaccines or recombinant protein vaccines produced from baculovirus-infected insect cells, were able to protect mice from the vaccinia virus challenge and rhesus macaques from the monkeypox virus challenge. The polyvalent formulations with various combinations of the four poxvirus antigens (A27, L1, B5 and A33) achieved better protection than the monovalent formulation using only one of these antigens. However, it is not clear whether any of the remaining outer membrane poxvirus proteins can further improve the efficacy of the current polyvalent formulations. In this study, we conducted detailed analysis on the immunogenicity of D8, a previously reported protective antigen from intracellular mature virions. Our results indicated that D8 induced strong protective antibody responses and was effective in improving the efficacy of previously reported polyvalent poxvirus vaccine formulations. Therefore, D8 is an excellent candidate antigen to be included in the final polyvalent subunit-based poxvirus vaccines.","[MeSH] Animals; [MeSH] Antibodies, Viral; [MeSH] Body Weight; [MeSH] Disease Models, Animal; [MeSH] Enzyme-Linked Immunosorbent Assay; [MeSH] Female; [MeSH] Immunoglobulin G; [MeSH] Mice; [MeSH] Mice, Inbred BALB C; [MeSH] Neutralization Tests; [MeSH] Survival Analysis; [MeSH] Vaccines, DNA; [MeSH] Vaccines, Subunit; [MeSH] Vaccines, Synthetic; [MeSH] Vaccinia; [MeSH] Vaccinia virus; [MeSH] Viral Vaccines"
37727329,Manifestation of Guillain-Barre Syndrome in a Case of Monkeypox Virus Infection: A Rare Case Report.,"Tariq Abdul Hamid, Nayab Mustafa, Almas Zulfiquar Parkar, Sherin Marina Varghese, Ossama Sayedahmed, Mohammed Ghanaim",Case reports in infectious diseases. 2023. doi: 10.1155/2023/2426659..,Abdul,Case reports in infectious diseases,2023,2023/09/11,,,10.1155/2023/2426659,"Monkeypox virus (MPXV) is one of the rare zoonotic infections caused by orthopoxvirus. MPXV has recently been an evolving threat to public health with its contagious human-to-human transmission. Various presentations of MPXV infection have been reported ranging from generalised symptoms such as fever, chills, body aches, and swollen lymph nodes to dermatological presentations. Neurological manifestations that have been reported include headaches, myalgia, seizures, and even mood disturbances. Postinfectious complications such as encephalitis, vision problems, and skin infections have also been noticed. Guillain-Barre Syndrome (GBS) is an acquired acute inflammatory polyradiculoneuropathy characterized by progressive, symmetrical, proximal, and distal tingling and weakness. Although various microorganisms are known to cause GBS and have been linked to the smallpox vaccine, they are rarely linked to MPXV disease. In this report, we describe a case of a confirmed monkeypox infection in a patient presenting with Guillain-Barre Syndrome.",
31614249,Chronological in vivo imaging reveals endothelial inflammation prior to neutrophils accumulation and lipid deposition in HCD-fed zebrafish.,"Hui Luo, Qi-Qi Li, Ni Wu, Yu-Ge Shen, Wei-Ting Liao, Yun Yang, E Dong, Gui-Min Zhang, Bin-Rui Liu, Xiao-Zhu Yue, Xiao-Qiang Tang, Han-Shuo Yang",Atherosclerosis. 2019. doi: 10.1016/j.atherosclerosis.2019.09.017..,Luo,Atherosclerosis,2019,2019/09/27,,,10.1016/j.atherosclerosis.2019.09.017,"BACKGROUND AND AIMS: Hyperlipidemia-induced atherosclerosis is the major cause of heart attack and stroke in humans. However, pathological details and molecular mechanisms underlying early atherogenesis remain incompletely characterized. This study explored the early events of atherogenesis in a hypercholesterolemic zebrafish model in vivo. METHODS: We used transparent transgenic zebrafish larvae Tg(lysc:EGFP), Tg(mpx:EGFP), Tg(mpeg1:EGFP), Tg(flk1:EGFP) or Tg(lysc:EGFP/flk1:mCherry), together with fluorescently labeled control and high cholesterol diets (HCD), to dynamically investigate the early development of atherosclerosis with confocal in vivo. Endothelial cells with green fluorescence were sorted by fluorescence-activated cell sorting (FACS) to detect gene expression. Moreover, we treated hypercholesterolemic zebrafish model in vivo or human umbilical vein endothelial cells (HUVEC) in vitro with rosiglitazone, an agonist of peroxisome proliferator-activated receptor γ (PPARγ). RESULTS: We found that HCD-induced endothelial inflammation was an earlier pathological alteration than myeloid cells/neutrophils accumulation and lipid deposition in zebrafish vascular vessels of HCD-fed zebrafish. Endothelial inflammation was characterized by down-regulation of anti-inflammatory PPARγ and upregulation of pro-inflammatory tumor necrosis factor α (TNF-α) and interleukin-1β (IL-1β). Pharmacological treatment with rosiglitazone reversed the decrease in the expression of PPARγ and decreased expression of TNF-α and IL-1β in HCD-fed zebrafish. Moreover, rosiglitazone ameliorated myeloid cells accumulation and lipid deposition in HCD-fed zebrafish in vivo. CONCLUSIONS: Hyperlipidemia-induced endothelial inflammation happens earlier than myeloid cell neutrophils accumulation in vascular vessels, and neutrophils accumulation is prior to lipid deposition during the initial stage of atherosclerosis. Early alleviation of inflammation induced by HCD would have a prophylactic effect for the initial development of atherosclerosis.",Early inflammation; Hypercholesterolemia; Myeloid cells; Neutrophils; PPARγ; Zebrafish
38827561,"Insights into the emergence and evolution of monkeypox virus: Historical perspectives, epidemiology, genetic diversity, transmission, and preventative measures.","Smriti Krishna, Chhaya Kurrey, Manisha Yadav, Shakuntala Mahilkar, Subash Chandra Sonkar, Naveen Kumar Vishvakarma, Anand Sonkar, Lal Chandra, Bidhan Chandra Koner",Infectious medicine. 2024. doi: 10.1016/j.imj.2024.100105..,Krishna,Infectious medicine,2024,2024/04/03,,,10.1016/j.imj.2024.100105,"In 2022, just before the COVID-19 pandemic ended, many countries noticed a viral monkeypox outbreak. Monkeypox virus, a zoonotic pathogen, causes a febrile illness in humans and resembles smallpox. Prevention strategies encompass vaccination, strict infection control measures, and avoiding contact with infected persons. As monkeypox and related poxviruses continue to pose challenges, ongoing surveillance, early diagnosis, prompt isolation, and effective control measures are crucial for limiting transmission and mitigating the impact of outbreaks on public health. This review provides valuable insights into the evolution of the monkeypox virus and its various modes of transmission, including postmortem transmission, and offers an overall perspective on the guidelines issued by the Government of India to prevent and effectively control the spread of this disease.",Clade IIb; Monkeypox outbreak 2022; Orthopoxvirus; Transmission; Vaccines
36246252,Knowing the unknown: The underestimation of monkeypox cases. Insights and implications from an integrative review of the literature.,"Nicola Luigi Bragazzi, Woldegebriel Assefa Woldegerima, Sarafa Adewale Iyaniwura, Qing Han, Xiaoying Wang, Aminath Shausan, Kingsley Badu, Patrick Okwen, Cheryl Prescod, Michelle Westin, Andrew Omame, Manlio Converti, Bruce Mellado, Jianhong Wu, Jude Dzevela Kong",Frontiers in microbiology. 2022. doi: 10.3389/fmicb.2022.1011049..,Bragazzi,Frontiers in microbiology,2022,2022/09/23,,,10.3389/fmicb.2022.1011049,"Monkeypox is an emerging zoonotic disease caused by the monkeypox virus, which is an infectious agent belonging to the genus Orthopoxvirus. Currently, commencing from the end of April 2022, an outbreak of monkeypox is ongoing, with more than 43,000 cases reported as of 23 August 2022, involving 99 countries and territories across all the six World Health Organization (WHO) regions. On 23 July 2022, the Director-General of the WHO declared monkeypox a global public health emergency of international concern (PHEIC), since the outbreak represents an extraordinary, unusual, and unexpected event that poses a significant risk for international spread, requiring an immediate, coordinated international response. However, the real magnitude of the burden of disease could be masked by failures in ascertainment and under-detection. As such, underestimation affects the efficiency and reliability of surveillance and notification systems and compromises the possibility of making informed and evidence-based policy decisions in terms of the adoption and implementation of ad hoc adequate preventive measures. In this review, synthesizing 53 papers, we summarize the determinants of the underestimation of sexually transmitted diseases, in general, and, in particular, monkeypox, in terms of all their various components and dimensions (under-ascertainment, underreporting, under-detection, under-diagnosis, misdiagnosis/misclassification, and under-notification).",emerging and re-emerging infectious disease; monkeypox; under-ascertainment; under-detection; under-diagnosis; underestimation; underreporting; zoonotic disease
36818763,[Otorhinolaryngological manifestations in monkeypox].,"Berta Alegre, Sara Jubés, Natalia Arango, Daniela Pastene, Eduardo Lehrer, Isabel Vilaseca",Acta otorrinolaringologica espanola. 2023. doi: 10.1016/j.otorri.2022.10.002..,Alegre,Acta otorrinolaringologica espanola,2023,2023/02/14,,,10.1016/j.otorri.2022.10.002,"BACKGROUND AND OBJECTIVE: In the current health emergency declared by the World Health Organization (WHO) for monkeypox, few data on the otorhinolaryngological (ENT) manifestations of the disease have been detailed. The purpose of this study is to describe the clinical features of the ENT manifestations in monkeypox. MATERIAL AND METHODS: Descriptive analysis of 11 consecutive patients with odynodysphagia or oral cavity lesions referred to the ENT emergency department of a tertiary hospital with epidemiological risk factors suggestive of monkeypox infection. Clinical, diagnostic, and treatment findings are described. RESULTS: 90.9% of the patients had previous unsafe sexual contact. The predominant presenting features included fever over 38 °C with severe odynodysphagia. Physical examination showed ulcers and exudative lesions of variable presentation in the upper respiratory tract. Smear of the lesions confirmed polymerase chain reaction (PCR) positivity for monkeypox in all patients. CONCLUSIONS: Monkeypox virus infection can occur in the ENT area with multiple manifestations that require a high degree of epidemiological suspicion and confirmation with PCR to reach a diagnosis of certainty.",Adenopathy; Monkeypox; Odynophagia; PrEP; Tonsillitis; Ulcer; Unsafe sexual contact
10830597,Experience with the holmium laser as an endoscopic lithotrite.,"A J Costello, M J Westcott, J S Peters",The Australian and New Zealand journal of surgery. 2000. doi: 10.1046/j.1440-1622.2000.01825.x..,Costello,The Australian and New Zealand journal of surgery,2000,2000/05/01,,,10.1046/j.1440-1622.2000.01825.x,"INTRODUCTION: Holmium laser lithotripsy represents an additional option in the management of urinary tract calculi. We report the results of a cohort of patients with ureteric and bladder calculi treated with this modality. METHODS: Twenty-three patients underwent holmium laser lithotripsy to treat ureteric or bladder calculi. Power settings of 0.5 J to deliver 2.5-4.0 watts were used for the ureteric calculi, and up to 30 watts for the bladder calculi. RESULTS: The mean ureteric stone size was 7.3 mm (range 4-10 mm). One stone was upper ureteric, seven were mid-ureter and nine were lower-ureter. Eighteen of the 19 patients with ureteric calculi were free of stones 28 days postoperatively. The remaining patient was clear by 12 weeks. All patients with bladder calculi were completely cleared of stones. There were no intraoperative complications. DISCUSSION: Ureteric stone position can limit the use of extracorporeal shock wave lithotripsy due to imaging difficulties. Ureteric lithotripsy overcomes this problem. The holmium laser has proven to be safe and effective in clearing urinary stone burdens of a variety of sizes, sites and compositions in this cohort of patients.","[MeSH] Adult; [MeSH] Aged; [MeSH] Aged, 80 and over; [MeSH] Cohort Studies; [MeSH] Female; [MeSH] Follow-Up Studies; [MeSH] Holmium; [MeSH] Humans; [MeSH] Lasers; [MeSH] Lithotripsy, Laser; [MeSH] Male; [MeSH] Middle Aged; [MeSH] Safety; [MeSH] Treatment Outcome; [MeSH] Ureteral Calculi; [MeSH] Urinary Bladder Calculi"
37575820,A Case of Concurrent Infection With Syphilis and Monkeypox in an Immunosuppressed Individual.,"Ramya Pakala, Faisal Syed, Anna C Pinelo, Gagan Singh, Jhansi Gajjala",Cureus. 2023. doi: 10.7759/cureus.41690..,Pakala,Cureus,2023,2023/07/11,,,10.7759/cureus.41690,"Monkeypox and syphilis are two distinct infectious diseases that can cause severe health complications in infected patients and can share clinical manifestations, making their simultaneous occurrence challenging to diagnose and manage. Here, we present a case report of a patient with the coinfection of monkeypox and syphilis, highlighting the clinical presentation and treatment considerations. This case underlines the importance of considering coinfections in patients presenting with atypical clinical manifestations and risk factors. This case highlights the importance of early diagnosis and prompt intervention in managing patients with infectious diseases, particularly when dealing with multiple infections. Increased awareness among healthcare professionals regarding the potential for concurrent infections can enhance diagnostic accuracy and improve patient care in similar challenging cases.",hiv aids; human immunedeficiecy virus (hiv) infection; monkeypox; syphilis; tecovirimat
16301664,Diversity in the acute CD8 T cell response to vaccinia virus in humans.,"Lichen Jing, Tiana M Chong, Christopher L McClurkan, Jay Huang, Brian T Story, David M Koelle","Journal of immunology (Baltimore, Md. : 1950). 2005. doi: 10.4049/jimmunol.175.11.7550..",Jing,"Journal of immunology (Baltimore, Md. : 1950)",2005,2005/12/01,,,10.4049/jimmunol.175.11.7550,"Orthopoxviruses have complex proteomes. Infection provokes a brisk CD8 response, which is required in some systems for recovery from primary infection. Little is known concerning the Ags and epitopes recognized by CD8 T cells. We examined the fine specificity of cloned and bulk human vaccinia-specific CD8 CTL by expressing polypeptide fragments from a library of vaccinia genomic DNA. This epitope discovery method emphasizes virus-specific biological activity, as the responder cells are all reactive with whole vaccinia virus. Sixteen novel epitopes, restricted by several HLA A and B alleles, were defined to the nomamer peptide level in diverse vaccinia open reading frames. An additional seven epitope were mapped to short regions of vaccinia proteins. Targets of the CD8 response included proteins assigned to structural, enzymatic, transcription factor, and immune evasion functions, and included members of all viral kinetic classes. Most epitopes were conserved in other orthopoxviruses. Responses to at least 18 epitopes were detected within a single blood sample, revealing a surprising degree of diversity. These epitopes will be useful in natural history studies of CD8 responses to vaccinia, a nonpersisting virus with long-term memory, and in the design and evaluation of attenuated and replication-incompetent vaccinia strains being tested for variola and monkeypox prevention and for the delivery of heterologous Ags.","[MeSH] Adult; [MeSH] Amino Acid Sequence; [MeSH] Animals; [MeSH] Antigens, Viral; [MeSH] CD8-Positive T-Lymphocytes; [MeSH] Clone Cells; [MeSH] DNA, Viral; [MeSH] Epitope Mapping; [MeSH] Epitopes, T-Lymphocyte; [MeSH] Flow Cytometry; [MeSH] Genomic Library; [MeSH] Humans; [MeSH] Leukocytes, Mononuclear; [MeSH] Middle Aged; [MeSH] Molecular Sequence Data; [MeSH] Peptides; [MeSH] Vaccinia virus"
38801671,In-silico approach to characterize the structure and function of a hypothetical protein of Monkeypox virus exploring Chordopox-A20R domain-containing protein activity.,"Md Iqbal Hosen, Md Easin Mia, Md Nur Islam, Most Ummay Salma Khatun, Tanvir Hossain Emon, Md Anwar Hossain, Farzana Akter, Md Abdul Kader, Sadia Hossain Jeba, Asm Faisal, Md Abunasar Miah",Antiviral therapy. 2024. doi: 10.1177/13596535241255199..,Hosen,Antiviral therapy,2024,2024/06/01,,,10.1177/13596535241255199,"Background: Monkeypox has emerged as a noteworthy worldwide issue due to its daily escalating case count. This illness presents diverse symptoms, including skin manifestations, which have the potential to spread through contact. The transmission of this infectious agent is intricate and readily transfers between individuals.Methods: The hypothetical protein MPXV-SI-2022V502225_00135 strain of monkeypox underwent structural and functional analysis using NCBI-CD Search, Pfam, and InterProScan. Quality assessment utilized PROCHECK, QMEAN, Verify3D, and ERRAT, followed by protein-ligand docking, visualization, and a 100-nanosecond simulation on Schrodinger Maestro.Results: Different physicochemical properties were estimated, indicating a stable molecular weight (49147.14) and theoretical pI (5.62) with functional annotation tools predicting the target protein to contain the domain of Chordopox_A20R domain. In secondary structure analysis, the helix coil was found to be predominant. The three-dimensional (3D) structure of the protein was obtained using a template protein (PDB ID: 6zyc.1), which became more stable after YASARA energy minimization and was validated by quality assessment tools like PROCHECK, QMEAN, Verify3D, and ERRAT. Protein-ligand docking was conducted using PyRx 9.0 software to examine the binding and interactions between a ligand and a hypothetical protein, focusing on various amino acids. The model structure, active site, and binding site were visualized using the CASTp server, FTsite, and PyMOL. A 100 nanosecond simulation was performed with ligand CID_16124688 to evaluate the efficiency of this protein.Conclusion: The analysis revealed significant binding interactions and enhanced stability, aiding in drug or vaccine design for effective antiviral treatment and patient management.",Chordopox_A20R domain-containing protein; Monkeypox virus etc; hypothetical protein; in-silico characterization
33511018,Biomimetic Anti-PD-1 Peptide-Loaded 2D FePSe3 Nanosheets for Efficient Photothermal and Enhanced Immune Therapy with Multimodal MR/PA/Thermal Imaging.,"Xueyang Fang, Xianlin Wu, Zhendong Li, Lijun Jiang, Wai-Sum Lo, Guanmao Chen, Yanjuan Gu, Wing-Tak Wong","Advanced science (Weinheim, Baden-Wurttemberg, Germany). 2020. doi: 10.1002/advs.202003041..",Fang,"Advanced science (Weinheim, Baden-Wurttemberg, Germany)",2021,2020/11/25,,,10.1002/advs.202003041,"Metal phosphorous trichalcogenides (MPX3) are novel 2D nanomaterials that have recently been exploited as efficient photothermal-chemodynamic agents for cancer therapy. As a representative MPX3, FePSe3 has the potential to be developed as magnetic resonance imaging (MRI) and photoacoustic imaging (PAI) agents due to the composition of Fe and the previously revealed PA signal. Here, a FePSe3-based theranostic agent, FePSe3@APP@CCM, loaded with anti-PD-1 peptide (APP) as the inner component and CT26 cancer cell membrane (CCM) as the outer shell is reported, which acts as a multifunctional agent for MR and PA imaging and photothermal and immunotherapy against cancer. FePSe3@APP@CCM induces highly efficient tumor ablation and suppresses tumor growth by photothermal therapy under near-infrared laser excitation, which further activates immune responses. Moreover, APP blocks the PD-1/PD-L1 pathway to activate cytotoxic T cells, causing strong anticancer immunity. The combined therapy significantly prolongs the lifespan of experimental mice. The multimodal imaging and synergistic therapeutic effects of PTT and its triggered immune responses and APP-related immunotherapy are clearly demonstrated by in vitro and in vivo experiments. This work demonstrates the potential of MPX3-based biomaterials as novel theranostic agents.",FePSe3 nanosheets; PD‐1 blockade; cancer photothermal–immune therapy; metal phosphorus trichalcogenides; multimodal imaging
16375715,Countermeasures to the bioterrorist threat of smallpox.,"Peter B Jahrling, Elizabeth A Fritz, Lisa E Hensley",Current molecular medicine. 2005. doi: 10.2174/156652405774962326..,Jahrling,Current molecular medicine,2005,2005/12/01,,,10.2174/156652405774962326,"Variola, the agent of smallpox, is a bioterrorist threat, as is monkeypox virus, which also occurs naturally in Africa. Development of countermeasures, in the form of improved vaccines, antiviral drugs, and other therapeutic strategies are a high priority. Recent advances in molecular biology and in animal model development have provided fresh insight into the virulence determinants for smallpox and the pathophysiology of disease. The complex replication cycle for orthopoxviruses, and the pivotal role for viral-specific immunomodulatory proteins which contribute to escape from immunologic surveillance, provide many unique targets for therapeutic intervention. The ""toxemia"" of smallpox has been elucidated in part by variola-infected primate studies which revealed the central role of apoptosis and the evolution of a cytokine storm leading to hemorrhagic diathesis, resembling fulminent ""black"" smallpox. This suggests a potential role for therapeutic strategies developed for septic shock, in treatment of smallpox. Drugs licensed for other viruses which share molecular targets with orthopoxviruses (e.g. Cidofovir) or cancer drugs (e.g. Gleevec and other tyrosine kinase inhibitors) have immediate application for treatment of smallpox and monkeypox and provide leads for second generation drugs with higher therapeutic indices. Recent advances in identification of virulence determinants and immune evasion genes facilitate the design of alternative vaccines to replace live vaccinia strains that are unsuitable for a large proportion of individuals in a mass immunization campaign.",[MeSH] Animals; [MeSH] Antiviral Agents; [MeSH] Bioterrorism; [MeSH] Drug Design; [MeSH] Humans; [MeSH] Poxviridae; [MeSH] Smallpox; [MeSH] Smallpox Vaccine; [MeSH] Viral Proteins
39077048,A review on the use of machine learning techniques in monkeypox disease prediction.,Shailima Rampogu,Science in One Health. 2023. doi: 10.1016/j.soh.2023.100040..,Rampogu,Science in One Health,2023,2023/09/23,,,10.1016/j.soh.2023.100040,"Infectious diseases have posed a global threat recently, progressing from endemic to pandemic. Early detection and finding a better cure are methods for curbing the disease and its transmission. Machine learning (ML) has demonstrated to be an ideal approach for early disease diagnosis. This review highlights the use of ML algorithms for monkeypox (MP). Various models, such as CNN, DL, NLP, Naïve Bayes, GRA-TLA, HMD, ARIMA, SEL, Regression analysis, and Twitter posts were built to extract useful information from the dataset. These findings show that detection, classification, forecasting, and sentiment analysis are primarily analyzed. Furthermore, this review will assist researchers in understanding the latest implementations of ML in MP and further progress in the field to discover potent therapeutics.",Machine learning; Monkeypox; Sentiment analysis; Supervised learning; Unsupervised learning
39810807,Monkeypox: Oral manifestation as diagnostic indicator.,"Raquel D'Aquino Garcia Caminha, Gabriel de Toledo Telles-Araujo, Gabriel Araujo-Silva, Liliane Lins-Kusterer, Paulo Sérgio da Silva Santos",GMS hygiene and infection control. 2024. doi: 10.3205/dgkh000529..,D'Aquino,GMS hygiene and infection control,2024,2024/12/16,,,10.3205/dgkh000529,"Lesions of monkeypox affect the oral mucosa in approximately 70% of infected patients and reported as the first clinical sign of the disease, manifesting as macules, papules, vesicles, or blisters, which are highly contagious and are followed by the appearance of lesions on the face and extremities of the body. These lesions have clinical aspects like recurrent herpes simplex, herpes zoster, and secondary syphilis and should be part of differential diagnoses. The clinical course after initial oral manifestation is shown to support the clinical diagnosis.",diagnostic indicator; monkeypox; oral manifestation
11482865,Fatal pneumococcal Waterhouse-Friderichsen syndrome.,S Doherty,"Emergency medicine (Fremantle, W.A.). 2001. doi: 10.1046/j.1442-2026.2001.00219.x..",Doherty,"Emergency medicine (Fremantle, W.A.)",2001,2001/06/01,,,10.1046/j.1442-2026.2001.00219.x,"There have only been six deaths reported in the English literature due to disseminated intravascular coagulation and Waterhouse-Friderichsen syndrome complicating pneumococcemia in otherwise healthy persons with normal spleens. Four of these deaths occurred in children and two in adults. A case of fulminant pneumococcemia complicated by disseminated intravascular coagulation and Waterhouse-Friderichsen syndrome in an otherwise healthy adult with a normal spleen is presented. The case is typical of the course of fulminant pneumococcal sepsis and highlights some of the difficulties experienced by rural general practitioners and rural retrieval services. Mechanisms by which Pneumococcus can elicit fulminant sepsis are discussed, although there is no explanation as to why this may occur in the setting of normal splenic function.",[MeSH] Adult; [MeSH] Fatal Outcome; [MeSH] Female; [MeSH] Humans; [MeSH] Pneumococcal Infections; [MeSH] Waterhouse-Friderichsen Syndrome
40890976,Mpox in conflict zones: Lessons from displaced populations in the Democratic Republic of Congo (DRC).,Majani Edward,Global public health. 2025. doi: 10.1080/17441692.2025.2551008..,Edward,Global public health,2025,2025/09/01,,,10.1080/17441692.2025.2551008,"The Mpox outbreak in the Democratic Republic of Congo (DRC) highlights the critical intersection of conflict, displacement and public health. With over 15,000 reported cases and 700 deaths, the crisis has disproportionately affected internally displaced persons (IDPs), particularly women and girls, who face heightened vulnerabilities due to caregiving roles and unsanitary living conditions in overcrowded camps. These conditions, compounded by limited healthcare access, poor sanitation and widespread stigma, have amplified disease transmission. The inadequacies of vaccination campaigns, diagnosis and treatment further exacerbate the situation, underscoring systemic healthcare challenges in conflict zones.This article explores the lessons learned from the Mpox outbreak, emphasising the need to integrate health considerations into humanitarian responses and the importance of addressing stigma and empowering women as community leaders. Key recommendations include improving living conditions in camps, strengthening healthcare infrastructure, combating misinformation, prioritising women and girls in response strategies, and fostering global collaboration for sustainable solutions.",DRC; IDPs; Mpox; WASH; conflict zones
37288174,Clinical and Epidemiological Interventions for Monkeypox Management in Children: A Systematic Review.,"Viral Maru, Usama Bin Ghaffar, Anurag Rawat, Mohammed Yunus, Akshayraj K Langaliya, Shubhangi Vyas, Dhaval Mehta, Akshaya Ojha",Cureus. 2023. doi: 10.7759/cureus.38521..,Maru,Cureus,2023,2023/05/04,,,10.7759/cureus.38521,"This review aims to compile the available literature on monkeypox, identify risk factors for developing the disease, and recommend effective preventative methods to reduce the number of reported cases and fatalities in children and pregnant women. In seeking out pertinent studies on monkeypox virus in children and pregnant women, we searched the literature using the databases Cochrane Library, Google Scholar, PubMed, EMBASE, Web of Science, and Scopus up to 1st February 2023. This study analyzed data from case studies of monkeypox in children and pregnant women. Clinical data and test findings of monkeypox patients less than 18 years old and pregnant women were analyzed. The Newcastle-Ottawa Scale was used to do the quality evaluation. Our record examination spanned the years 1985 to 2023 and found 17 children and five pregnant female patients treated with monkeypox in various hospitals/community centers. Zaire, Gabon, Chicago, Sierra Leone, Central African Republic, Northern DR Congo, Liberia, Cameroon, the Democratic Republic of the Congo, the United Kingdom, the Netherlands, and Florida all contributed to the 14 studies analyzed. There were no studies identified for meta-analysis of selected case studies of hospitalized children and pregnant women who were diagnosed with monkeypox. The incidence, prevalence, clinical characteristics, diagnosis, management, prevention, vaccinations, infant care, and care for expectant mothers are all discussed in this systematic review of monkeypox in children. Our research findings may provide a foundation for further focused research and the development of related recommendations or guidelines.",a systematic review; children; intervention; management; monkey pox
36290539,Current and Perspective Sensing Methods for Monkeypox Virus.,"Ijaz Gul, Changyue Liu, Xi Yuan, Zhicheng Du, Shiyao Zhai, Zhengyang Lei, Qun Chen, Muhammad Akmal Raheem, Qian He, Qiuyue Hu, Chufan Xiao, Zhang Haihui, Runming Wang, Sanyang Han, Ke Du, Dongmei Yu, Can Yang Zhang, Peiwu Qin","Bioengineering (Basel, Switzerland). 2022. doi: 10.3390/bioengineering9100571..",Gul,"Bioengineering (Basel, Switzerland)",2022,2022/10/18,,,10.3390/bioengineering9100571,"The outbreak of the monkeypox virus (MPXV) in non-endemic countries is an emerging global health threat and may have an economic impact if proactive actions are not taken. As shown by the COVID-19 pandemic, rapid, accurate, and cost-effective virus detection techniques play a pivotal role in disease diagnosis and control. Considering the sudden multicountry MPXV outbreak, a critical evaluation of the MPXV detection approaches would be a timely addition to the endeavors in progress for MPXV control and prevention. Herein, we evaluate the current MPXV detection methods, discuss their pros and cons, and provide recommended solutions to the problems. We review the traditional and emerging nucleic acid detection approaches, immunodiagnostics, whole-particle detection, and imaging-based MPXV detection techniques. The insights provided in this article will help researchers to develop novel techniques for the diagnosis of MPXV.",LAMP; RPA; diagnosis; immunoassay; monkeypox; real-time PCR
32745153,Ectromelia-encoded virulence factor C15 specifically inhibits antigen presentation to CD4+ T cells post peptide loading.,"Katherine S Forsyth, Nathan H Roy, Elise Peauroi, Brian C DeHaven, Erik D Wold, Adam R Hersperger, Janis K Burkhardt, Laurence C Eisenlohr",PLoS pathogens. 2020. doi: 10.1371/journal.ppat.1008685..,Forsyth,PLoS pathogens,2020,2020/08/03,,,10.1371/journal.ppat.1008685,"Smallpox and monkeypox pose severe threats to human health. Other orthopoxviruses are comparably virulent in their natural hosts, including ectromelia, the cause of mousepox. Disease severity is linked to an array of immunomodulatory proteins including the B22 family, which has homologs in all pathogenic orthopoxviruses but not attenuated vaccine strains. We demonstrate that the ectromelia B22 member, C15, is necessary and sufficient for selective inhibition of CD4+ but not CD8+ T cell activation by immunogenic peptide and superantigen. Inhibition is achieved not by down-regulation of surface MHC- II or co-stimulatory protein surface expression but rather by interference with antigen presentation. The appreciable outcome is interference with CD4+ T cell synapse formation as determined by imaging studies and lipid raft disruption. Consequently, CD4+ T cell activating stimulus shifts to uninfected antigen-presenting cells that have received antigen from infected cells. This work provides insight into the immunomodulatory strategies of orthopoxviruses by elucidating a mechanism for specific targeting of CD4+ T cell activation, reflecting the importance of this cell type in control of the virus.","[MeSH] Animals; [MeSH] Antigen Presentation; [MeSH] CD4-Positive T-Lymphocytes; [MeSH] CD8-Positive T-Lymphocytes; [MeSH] Ectromelia virus; [MeSH] Ectromelia, Infectious; [MeSH] Female; [MeSH] Histocompatibility Antigens Class II; [MeSH] Lymphocyte Activation; [MeSH] Mice; [MeSH] Mice, Inbred BALB C; [MeSH] Mice, Inbred C57BL; [MeSH] Viral Proteins; [MeSH] Virulence"
39591132,Mpox Vaccine Hesitancy Among Brazilian Men Who Have Sex with Men: A National Cross-Sectional Study.,"Guilherme Reis de Santana Santos, Caíque Jordan Nunes Ribeiro, José Flávio Cerqueira Dos Santos Júnior, Valdemar Silva Almeida, Rita de Cassia Dias Nascimento, Nilo Manoel Pereira Vieira Barreto, Anderson Reis de Sousa, Márcio Bezerra-Santos, Lariane Angel Cepas, Ana Paula Morais Fernandes, Isabel Amélia Costa Mendes, Aires Garcia Dos Santos Júnior, Maria Luisa Pereira Maronesi, Álvaro Francisco Lopes de Sousa",Vaccines. 2024. doi: 10.3390/vaccines12111229..,Santos,Vaccines,2024,2024/10/29,,,10.3390/vaccines12111229,"BACKGROUND: Mpox is a viral zoonosis that has gained increased attention due to a global outbreak in 2022, significantly impacting men who have sex with men (MSM). Vaccination for this disease poses a public health challenge; because it carries a strong stigma, there may be greater hesitancy in vulnerable groups. OBJECTIVES: This study aimed to determine the prevalence and factors associated with Mpox vaccine hesitancy among Brazilian MSM. METHODS: A cross-sectional study was conducted between September and December 2022 using an online survey targeted at MSM. Recruitment was carried out through social media and dating apps. The sample consisted of 1449 participants and the analysis involved bivariate logistic regression. RESULTS: The prevalence of Mpox vaccine hesitancy was 7.57%. The significant factors associated with hesitancy were primarily related to sexual practices and attitudes towards Mpox exposure and diagnosis, such as not using ""glory holes"" (aOR: 19.82; 95% CI: 1.60-245.69), reluctance to undergo pre- and post-exposure testing for Mpox (aOR: 9.54; 95% CI: 5.52-16.48), and not knowing close contacts diagnosed with Mpox (aOR: 4.09; 95% CI: 1.72-9.73). Participants who would not take precautions after diagnosis (aOR: 3.00; 95% CI: 1.27-7.07) and those who would not disclose their serological status (aOR: 1.93; 95% CI: 1.13-3.30) also showed a higher likelihood of vaccine hesitancy. CONCLUSION: Public health strategies should address these factors to expand knowledge about vaccination barriers, plan educational campaigns with targeted messaging for the MSM population, and provide inclusive healthcare environments to increase vaccine acceptance and reduce Mpox transmission in vulnerable groups.",discrimination; hesitancy; men who have sex with men; mpox; risk factors; sexual behavior; stigma; vaccination acceptance; vaccine
17548517,Zoonotic orthopoxviruses encode a high-affinity antagonist of NKG2D.,"Jessica A Campbell, David S Trossman, Wayne M Yokoyama, Leonidas N Carayannopoulos",The Journal of experimental medicine. 2007. doi: 10.1084/jem.20062026..,Campbell,The Journal of experimental medicine,2007,2007/06/04,,,10.1084/jem.20062026,"NK and T lymphocytes express both activating and inhibiting receptors for various members of the major histocompatibility complex class I superfamily (MHCISF). To evade immunologic cytotoxicity, many viruses interfere with the function of these receptors, generally by altering the displayed profile of MHCISF proteins on host cells. Using a structurally constrained hidden Markov model, we discovered an orthopoxvirus protein, itself distantly class I-like, that acts as a competitive antagonist of the NKG2D activating receptor. This orthopoxvirus MHC class I-like protein (OMCP) is conserved among cowpox and monkeypox viruses, secreted by infected cells, and bound with high affinity by NKG2D of rodents and humans (K(D) approximately 30 and 0.2 nM, respectively). OMCP blocks recognition of host-encoded ligands and inhibits NKG2D-dependent killing by NK cells. This finding represents a novel mechanism for viral interference with NKG2D and sheds light on intercellular recognition events underlying innate immunity against emerging orthopoxviruses.","[MeSH] Amino Acid Sequence; [MeSH] Animals; [MeSH] Base Sequence; [MeSH] Blotting, Western; [MeSH] Conserved Sequence; [MeSH] Flow Cytometry; [MeSH] Histocompatibility Antigens Class I; [MeSH] Humans; [MeSH] Killer Cells, Natural; [MeSH] Markov Chains; [MeSH] Mice; [MeSH] Models, Molecular; [MeSH] Molecular Sequence Data; [MeSH] NK Cell Lectin-Like Receptor Subfamily K; [MeSH] Orthopoxvirus; [MeSH] Receptors, Immunologic; [MeSH] Receptors, Natural Killer Cell; [MeSH] Sequence Analysis, DNA"
41103828,When Acute Epstein-Barr Virus Mimics HIV: A Case of False-Positive p24 Antigen and Low-Level HIV Antibody Reactivity.,"Smriti Chaudhary, Pranav Jha",Cureus. 2025. doi: 10.7759/cureus.92395..,Chaudhary,Cureus,2025,2025/09/15,,,10.7759/cureus.92395,"False-positive HIV screening results are uncommon but clinically significant, often leading to patient anxiety and diagnostic uncertainty. Acute Epstein-Barr virus (EBV) infection is a recognised but rare cause of cross-reactivity with fourth-generation HIV assays, particularly p24 antigen and low-level HIV antibody reactivity. We report a 57-year-old male with a history of hypothyroidism and atrial fibrillation who presented with sore throat, tender cervical and occipital lymphadenopathy, diffuse rash, dark urine, and fatigue. Initial investigations showed lymphocytosis and marked transaminitis. Fourth-generation HIV testing was repeatedly reactive, with positive p24 antigen and low-level HIV-1/2 antibody reactivity across three separate samples. In contrast, HIV-1 RNA and HIV-2 RNA viral loads were consistently undetectable (<20 copies/mL). EBV serology demonstrated viral capsid antigen (VCA) IgM positivity with transient EBV DNA detection, and the clinical presentation was consistent with acute EBV infection. Additional viral serologies, including cytomegalovirus (CMV), varicella-zoster virus (VZV), measles, parvovirus, and syphilis, were negative. Monkeypox PCR was weakly positive once but negative on repeat testing. The patient's wife, who was pregnant, tested negative for HIV. He improved with supportive care, and follow-up demonstrated normalisation of liver function tests and persistently negative HIV serology, confirming a false-positive HIV result in the setting of acute EBV infection. This case is significant because it illustrates a rare but important diagnostic pitfall: acute EBV infection mimicking acute HIV. The implications of a false HIV diagnosis are profound, carrying psychological, social, and clinical consequences, heightened in this case by the patient's pregnant wife. The discrepancy between reactive screening assays and undetectable HIV-1 and HIV-2 RNA underscores the importance of confirmatory testing and clinical correlation. Clinicians should be aware that acute EBV infection may result in false-positive HIV p24 antigen and antibody reactivity. Reporting such cases adds to the limited literature and serves as an important reminder to interpret discordant HIV results with caution to avoid misdiagnosis and unnecessary psychological burden.",acute ebv infection; acute hepatitis; diagnostic pitfall; false positive hiv; hiv screening; p24 antigen; viral cross-reactivity
38269305,Clinical and epidemiological features of mpox in a Brazilian reference center for HIV and sexually transmitted infections: A cross-sectional study.,"Alvaro Furtado Costa, Simone Queiroz Rocha, Mylva Fonsi, Roberta Schiavon Nogueira, Artur Olhovetchi Kalichman, José Valdez Ramalho Madruga, Maria Clara Gianna, Rosa de Alencar Souza, Rosangela Rodrigues, Angela Tayra, Lucas Rocker Ramos, Roberto José Carvalho da Silva, Ana Marli Christovam Sartori, Walkiria Delnero Almeida Prado, Adriano Abbud, Mariza Vono Tancredi",IJID regions. 2023. doi: 10.1016/j.ijregi.2023.11.017..,Costa,IJID regions,2024,2023/11/27,,,10.1016/j.ijregi.2023.11.017,"BACKGROUND: The 2022 mpox outbreak has affected disproportionately people living with HIV (PLWH) and pre-exposure prophylaxis (PrEP) users. METHODS: We conducted a cross-sectional study to evaluate factors associated with laboratory diagnosis of mpox among suspected cases, and access differences between PrEP users and PLWH with confirmed diagnostic. RESULTS: 394 mpox suspected cases were analyzed, 309 (78.4%) confirmed. Most patients with mpox were PLWH (54.4%) and 99 (32%) PrEP users. Mpox cases were likely to be between 25 and 39 years old (aOR=2.8; p=0.042), men who have sex with men/bisexual or transgender women (aOR=17.2; p< 0.001) and to have fever (aOR=4.7; p< 0.001), adenomegaly (aOR=7.2; p< 0.001) and multiple vesicular lesions (aOR=4.2; p< 0.001). Comparing PrEP users to PLWH with confirmed mpox, PrEP users had lesions predominantly with exclusive genital involvement (p=0.016); while PLWH had higher extragenital involvement (p=0.018). CONCLUSIONS: PrEP users and PLWHA were the main epidemiological groups in our cohort. Recognizing the differences between vulnerable populations can contribute to the development public policies to control mpox in settings with reduced access to vaccines.",
39953955,Inhibition of Polo-Like Kinase 1 Dampens the Replication of Vaccinia Virus in Mammalian Cells.,"Junda Zhu, Xuejiao Jia, Shuning Ren, Zihui Zhang, Hua Li, Jing Wang, Baifen Song, Wenxue Wu, Chen Peng",Journal of medical virology. 2025. doi: 10.1002/jmv.70240..,Zhu,Journal of medical virology,2025,2025/02/01,,,10.1002/jmv.70240,"Since the eradication of smallpox, zoonotic poxviruses, such as the mpox virus (MPXV), continue to pose a threat to public health. Identifying drugs that reduce poxvirus infection and replication, as well as understanding their molecular mechanisms, is essential for epidemic control. Polo-like kinase 1 (PLK1) has been shown to facilitate vaccinia virus (VACV) infection and replication. This study confirms the effects of the PLK1 inhibitors HMN-214 and ON-01910 on VACV replication in A549 cells. Both viral titers and DNA loads were significantly reduced in treated cells after infection. Additionally, ON-01910 demonstrated broad-spectrum antiviral activity against the lumpy skin disease virus (LSDV) and the infectious bovine rhinotracheitis virus (IBRV) in vitro. PLK1 knockdown in A549 cells also led to a reduction in VACV protein expression, viral titers, and DNA levels. Further analysis showed that VACV infection leads to the accumulation of PLK1 near viral factories. However, despite its strong in vitro effects, ON-01910 did not significantly reduce VACV replication in mice. These findings highlight the critical role of PLK1 in VACV replication and its potential as a target for antiviral therapy against orthopoxviruses.",ON‐01910; antiviral agents; polo‐like kinase 1; vaccinia virus
19891005,Capturing of cell culture-derived modified Vaccinia Ankara virus by ion exchange and pseudo-affinity membrane adsorbers.,"Michael W Wolff, Corina Siewert, Sylvia Lehmann, Sara Post Hansen, Rene Djurup, Rene Faber, Udo Reichl",Biotechnology and bioengineering. 2010. doi: 10.1002/bit.22595..,Wolff,Biotechnology and bioengineering,2010,2010/03/01,,,10.1002/bit.22595,"Smallpox is an acute, highly infectious viral disease unique to humans, and responsible for an estimated 300-500 million deaths in the 20th century. Following successful vaccination campaigns through the 19th and 20th centuries, smallpox was declared eradicated by the World Health Organization in 1980. However, the threat of using smallpox as a biological weapon prompted efforts of some governments to produce smallpox vaccines for emergency preparedness. An additional aspect for the interest in smallpox virus is its potential use as a platform technology for vector vaccines. In particular, the latter requires a high safety level for routine applications. IMVAMUNE, a third generation smallpox vaccine based on the attenuated Modified Vaccinia Ankara (MVA) virus, demonstrates superior safety compared to earlier generations and represents therefore an interesting choice as viral vector. Current downstream production processes of Vaccinia virus and MVA are mainly based on labor-intensive centrifugation and filtration methods, requiring expensive nuclease treatment in order to achieve sufficient low host-cell DNA levels for human vaccines. This study compares different ion exchange and pseudo-affinity membrane adsorbers (MA) to capture chicken embryo fibroblast cell-derived MVA-BN after cell homogenization and clarification. In parallel, the overall performance of classical bead-based resin chromatography (Cellufine sulfate and Toyopearl AF-Heparin) was investigated. The two tested pseudo-affinity MA (i.e., sulfated cellulose and heparin) were superior over the applied ion exchange MA in terms of virus yield and contaminant depletion. Furthermore, studies confirmed an expected increase in productivity resulting from the increased volume throughput of MA compared to classical bead-based column chromatography methods. Overall virus recovery was approximately 60% for both pseudo-affinity MA and the Cellufine sulfate resin. Depletion of total protein ranged between 86% and 102% for all tested matrices. Remaining dsDNA in the product fraction varied between 24% and 7% for the pseudo-affinity chromatography materials. Cellufine sulfate and the reinforced sulfated cellulose MA achieved the lowest dsDNA product contamination. Finally, by a combination of pseudo-affinity with anion exchange MA a further reduction of host-cell DNA was achieved.","[MeSH] Adsorption; [MeSH] Animals; [MeSH] Chick Embryo; [MeSH] Chromatography; [MeSH] Chromatography, Affinity; [MeSH] Chromatography, Ion Exchange; [MeSH] Fibroblasts; [MeSH] Humans; [MeSH] Smallpox Vaccine; [MeSH] Vaccines, Attenuated; [MeSH] Vaccinia virus; [MeSH] Viral Load"
18036708,Clinical and immunologic responses to multiple doses of IMVAMUNE (Modified Vaccinia Ankara) followed by Dryvax challenge.,"Sharon E Frey, Frances K Newman, Jeffrey S Kennedy, Vera Sobek, Francis A Ennis, Heather Hill, Lihan K Yan, Paul Chaplin, Jens Vollmar, Bernard R Chaitman, Robert B Belshe",Vaccine. 2007. doi: 10.1016/j.vaccine.2007.10.017..,Frey,Vaccine,2007,2007/10/26,,,10.1016/j.vaccine.2007.10.017,"Smallpox vaccination with replication deficient vaccinia strains such as Modified Vaccinia Ankara (MVA) may induce protective immunity with improved safety and tolerability profiles compared with currently available smallpox vaccines. Ninety subjects were randomized equally to six groups in a partially blinded, randomized, controlled clinical trial. IMVAMUNE (MVA-BN, Bavarian Nordic A/S, Kvistgård, Denmark) vaccine or placebo was administered at Study Days 0 and 28 by subcutaneous or intramuscular injection and five groups were challenged with Dryvax at study Day 112. Vaccination with two doses of IMVAMUNE was safe and well tolerated compared to Dryvax. IMVAMUNE produced comparable cellular and humoral immune responses to one dose of Dryvax and the immunity induced appears robust 90 days post-vaccination by evidence of attenuated primary cutaneous reaction responses following Dryvax. IMVAMUNE vaccination prior to Dryvax reduced virus replication at the Dryvax site, decreased the size of the primary cutaneous lesion, and decreased the time to healing but did not completely ameliorate the immune response.","[MeSH] Adolescent; [MeSH] Adult; [MeSH] Chemistry, Pharmaceutical; [MeSH] Enzyme-Linked Immunosorbent Assay; [MeSH] Erythema; [MeSH] Female; [MeSH] Heart Diseases; [MeSH] Humans; [MeSH] Immunoglobulin G; [MeSH] Interferon-gamma; [MeSH] Male; [MeSH] Skin; [MeSH] Smallpox Vaccine; [MeSH] T-Lymphocytes; [MeSH] Vaccines, Attenuated; [MeSH] Vaccinia virus; [MeSH] Viral Plaque Assay"
18226434,"Immune responses to the smallpox vaccine given in combination with ST-246, a small-molecule inhibitor of poxvirus dissemination.","Douglas W Grosenbach, Robert Jordan, David S King, Aklile Berhanu, Travis K Warren, Dana L Kirkwood-Watts, Shanthakumar Tyavanagimatt, Ying Tan, Rebecca L Wilson, Kevin F Jones, Dennis E Hruby",Vaccine. 2007. doi: 10.1016/j.vaccine.2007.11.095..,Grosenbach,Vaccine,2008,2007/12/26,,,10.1016/j.vaccine.2007.11.095,"The re-emerging threat of smallpox and the emerging threat of monkeypox highlight the need for effective poxvirus countermeasures. Currently approved smallpox vaccines have unacceptable safety profiles and, consequently, the general populace is no longer vaccinated, leading to an increasingly susceptible population. ST-246, a small-molecule inhibitor of poxvirus dissemination, has been demonstrated in various animal models to be safe and effective in preventing poxviral disease. This suggests that it may also be used to improve the safety of the traditional smallpox vaccine provided that it does not inhibit vaccine-induced protective immunity. In this study, we compared the immune responses elicited by the smallpox vaccine alone or in combination with ST-246 in mice. Normal lesion formation following dermal scarification with the attenuated New York City Board of Health strain (Dryvax), commonly referred to as a vaccine ""take"", was not inhibited although severe lesions and systemic disease due to vaccination with the virulent Western Reserve (VV-WR) strain were prevented. The vaccine given with ST-246 did not affect cellular immune responses or neutralizing antibody titers although anti-vaccinia ELISA titers were slightly reduced. Vaccination in combination with ST-246 provided equivalent short- and long-term protection against lethal intranasal challenge with VV-WR when compared to vaccine alone. These results suggest that ST-246 does not compromise protective immunity elicited by the vaccine and provide the basis for future studies examining the efficacy of ST-246 in preventing or treating adverse events due to vaccination.","[MeSH] Animals; [MeSH] Antibodies, Viral; [MeSH] Benzamides; [MeSH] Cytokines; [MeSH] Drug Therapy, Combination; [MeSH] Female; [MeSH] Immunoglobulin G; [MeSH] Isoindoles; [MeSH] Lymphocyte Activation; [MeSH] Mice; [MeSH] Mice, Inbred BALB C; [MeSH] Neutralization Tests; [MeSH] Smallpox Vaccine; [MeSH] Time Factors; [MeSH] Vaccination; [MeSH] Vaccinia; [MeSH] Vaccinia virus; [MeSH] Virus Replication; [MeSH] Phthalimides"
12388681,"Identification of the orthopoxvirus p4c gene, which encodes a structural protein that directs intracellular mature virus particles into A-type inclusions.","Terry A McKelvey, Stanley C Andrews, Sara E Miller, Caroline A Ray, David J Pickup",Journal of virology. 2002. doi: 10.1128/jvi.76.22.11216-11225.2002..,McKelvey,Journal of virology,2002,2002/11/01,,,10.1128/jvi.76.22.11216-11225.2002,"The orthopoxvirus gene p4c has been identified in the genome of the vaccinia virus strain Western Reserve. This gene encodes the 58-kDa structural protein P4c present on the surfaces of the intracellular mature virus (IMV) particles. The gene is disrupted in the genome of cowpox virus Brighton Red (BR), demonstrating that although the P4c protein may be advantageous for virus replication in vivo, it is not essential for virus replication in vitro. Complementation and recombination analyses with the p4c gene have shown that the P4c protein is required to direct the IMV into the A-type inclusions (ATIs) produced by cowpox virus BR. The p4c gene is highly conserved among most members of the orthopoxvirus genus, including viruses that produce ATIs, such as cowpox, ectromelia, and raccoonpox viruses, as well as those such as variola, monkeypox, vaccinia, and camelpox viruses, which do not. The conservation of the p4c gene among the orthopoxviruses, irrespective of their capacities to produce ATIs, suggests that the P4c protein provides functions in addition to that of directing IMV into ATIs. These findings, and the presence of the P4c protein in IMV but not extracellular enveloped virus (D. Ulaeto, D. Grosenbach, and D. E. Hruby, J. Virol. 70:3372-3377, 1996), suggest a model in which the P4c protein may play a role in the retrograde movement of IMV particles, thereby contributing to the retention of IMV particles within the cytoplasm and within ATIs when they are present. In this way, the P4c protein may affect both viral morphogenesis and processes of virus dissemination.","[MeSH] Amino Acid Sequence; [MeSH] Animals; [MeSH] Cell Line; [MeSH] Cowpox virus; [MeSH] Gene Expression Regulation, Viral; [MeSH] Genetic Complementation Test; [MeSH] HeLa Cells; [MeSH] Humans; [MeSH] Inclusion Bodies, Viral; [MeSH] Mice; [MeSH] Microscopy, Electron; [MeSH] Molecular Sequence Data; [MeSH] Orthopoxvirus; [MeSH] Recombination, Genetic; [MeSH] Vaccinia virus; [MeSH] Viral Proteins; [MeSH] Viral Structural Proteins; [MeSH] Virion"
37842498,The Changing Global Epidemiology of Re-emerging Human Monkeypox Virus Infection: A Systematic Review.,"Sunder Sham, Fnu Sapna, Fnu Anjali, Sanjay Kumar, Vivek Podder, Soumya Jaladi, Ahmed Bendari, Reham Al-Refai, Manal M Baloch, Mohammed Abdelwahed, Nfn Kiran, Saroja Devi Geetha, Hansini Laharwani",Cureus. 2023. doi: 10.7759/cureus.45123..,Sham,Cureus,2023,2023/09/12,,,10.7759/cureus.45123,"Human monkeypox virus (MPVX) infection represents an emerging zoonotic disease caused by an orthopoxvirus, resulting in a condition reminiscent of smallpox. More recent developments have witnessed a notable surge in global MPVX outbreaks, eliciting significant concerns. We aimed to investigate the epidemiological factors of the emerging human monkeypox virus infection, including the number of suspected, confirmed, and fatal cases, as well as the risk factors for contracting monkeypox infection. We performed a systematic review of peer-reviewed literature by following the Preferred Reporting Items for Systematic Reviews and Meta-Analyses (PRISMA) guidelines. An electronic database search (PubMed, Wiley Online Library, and Science Direct) was undertaken. For monkeypox-related studies, we included 25 peer-reviewed articles from 2018 and 2022, and data were extracted on the current evidence on the cases and the risk factors for MPVX infection, to develop public health advisories. Our reports show a rapid rise of MPVX cases in the highly endemic African regions after the 1970s, spread to other countries, and an increase in the median age from young children to young adults. The cessation of smallpox vaccination might have been one of the factors responsible for these findings. As of 2022, the genomic sequences of ten MPVX strains associated with the recent countrywide outbreak have been determined. While the West African Clade has been primarily implicated in the recent viral surge, data were insufficient to determine which mutation contributed to increased transmissibility. In the Democratic Republic of the Congo (DRC), sleeping on the floor was significantly associated with contracting MPVX, while eating or processing of animal foods was not a significant risk factor. In the United States, cleaning the cages and bedding of sick animals, touching infected animals, and daily exposure to sick animals were associated with an increased probability of contracting the MPVX infection. Recent global outbreaks and the rising incidence of MPVX infections among young adults in the endemic zones might be a result of the cessation of the smallpox vaccine. The increased risk associated with exposure to sick animals or sleeping on the floor suggests high infectivity from animal excretions. Increasing awareness, strict surveillance, and contact tracing can help contain global outbreaks. The ring vaccination approach for exposed individuals is another potential disease containment strategy. Future studies should investigate measures for rapid laboratory diagnosis, maintaining lab safety, and transmissibility.",infections; monkeypox outbreak; monkeypox virus; outbreak and pandemic; vaccine
41647323,Assessment of healthcare worker preparedness and health literacy for Marburg virus disease in Nigeria: A cross-sectional study.,"Emmanuel O Oisakede, Daniel Asogun, Osahon Otaigbe, Iziengbe Iyoriobhe, Emmanuel O Erhieyovwe, Airenakho Emorinken, Martin Nwosu, Uyi M Osamudiamen, David Olawade",Southern African journal of infectious diseases. 2026. doi: 10.4102/sajid.v41i1.764..,Oisakede,Southern African journal of infectious diseases,2026,2026/01/28,,,10.4102/sajid.v41i1.764,"BACKGROUND: Marburg virus disease (MVD) poses an emerging threat to Nigeria, particularly following the 2022 outbreak in neighbouring Ghana. With Nigeria already managing Lassa fever and Mpox outbreaks, assessing healthcare workers' preparedness at viral haemorrhagic disease reference centres is crucial for effective outbreak response. OBJECTIVES: This study aimed to assess healthcare workers' knowledge, attitudes and preparedness regarding MVD at Nigeria's primary viral haemorrhagic fever reference centre. METHOD: A cross-sectional study was conducted at Irrua Specialist Teaching Hospital, from May 2024 to October 2024. Healthcare workers were recruited using simple random sampling and data collected via semi-structured questionnaires. Descriptive and inferential statistics were analysed using Stata 17. RESULTS: Of the 216 participants, 126 (58.3%) were doctors and 90 (41.7%) were nurses. Doctors demonstrated significantly higher knowledge of MVD symptoms (65.9% vs 46.7%, p < 0.001) and risk factors, with fever being the most recognised symptom (68.0%). Only 19.1% of doctors and 10.0% of nurses had received formal MVD training. Confidence in hospital preparedness was paradoxically lower among doctors (32.5%) than nurses (65.6%, p < 0.001). Most participants felt inadequately equipped with personal protective equipment, with only 38.1% of doctors and 48.9% of nurses reporting adequate protection. CONCLUSION: Significant gaps exist in MVD health literacy and outbreak preparedness among Nigerian healthcare workers at a major viral haemorrhagic disease centre. CONTRIBUTION: Enhanced training programmes, improved resource allocation and systematic preparedness protocols are urgently needed to strengthen Nigeria's capacity for MVD outbreak response.",Marburg virus disease; Nigeria; health literacy; healthcare workers; preparedness
39062032,"The Re-Emergence of Mpox: Old Illness, Modern Challenges.","Mohammad Ali Zinnah, Md Bashir Uddin, Tanjila Hasan, Shobhan Das, Fahima Khatun, Md Hasibul Hasan, Ruenruetai Udonsom, Md Masudur Rahman, Hossam M Ashour",Biomedicines. 2024. doi: 10.3390/biomedicines12071457..,Zinnah,Biomedicines,2024,2024/07/01,,,10.3390/biomedicines12071457,"The Mpox virus (MPXV) is known to cause zoonotic disease in humans. The virus belongs to the genus Orthopoxvirus, of the family Poxviridae, and was first reported in monkeys in 1959 in Denmark and in humans in 1970 in the Congo. MPXV first appeared in the U.S. in 2003, re-emerged in 2017, and spread globally within a few years. Wild African rodents are thought to be the reservoir of MPXV. The exotic trade of animals and international travel can contribute to the spread of the Mpox virus. A phylogenetic analysis of MPXV revealed two distinct clades (Central African clade and West African clade). The smallpox vaccine shows cross-protection against MPXV infections in humans. Those who have not previously been exposed to Orthopoxvirus infections are more vulnerable to MPXV infections. Clinical manifestations in humans include fever, muscle pain, headache, and vesicle formation on the skin of infected individuals. Pathognomonic lesions include ballooning degenerations with Guarnieri-like inclusions in vesicular epithelial cells. Alterations in viral genome through genetic mutations might favor the re-emergence of a version of MPXV with enhanced virulence. As of November 2023, 92,783 cases and 171 deaths have been reported in 116 countries, representing a global public health concern. Here, we provide insights on the re-emergence of MPXV in humans. This review covers the origin, emergence, re-emergence, transmission, pathology, diagnosis, control measures, and immunomodulation of the virus, as well as clinical manifestations. Concerted efforts of health professionals and scientists are needed to prevent the disease and stop its transmission in vulnerable populations.",MPXV; Mpox; emergence; wild rodents; zoonosis
11453925,Cowpox virus in a 12-year-old boy: rapid identification by an orthopoxvirus-specific polymerase chain reaction.,"P Schupp, M Pfeffer, H Meyer, G Burck, K Kölmel, C Neumann",The British journal of dermatology. 2001. doi: 10.1046/j.1365-2133.2001.04300.x..,Schupp,The British journal of dermatology,2001,2001/07/01,,,10.1046/j.1365-2133.2001.04300.x,"Although smallpox was eradicated 20 years ago, other members of the genus Orthopoxvirus (OPV), such as cowpox virus (CPXV) or monkeypox virus, are still a threat to humans. Because human CPXV infection is rare, it is seldom suspected on clinical grounds only. We report a boy who presented with two necrotic ulcers with surrounding erythema. Infection with OPV was suspected, as antibiotic treatment had not produced improvement and smears were negative for anthrax. An OPV was isolated and an OPV-specific polymerase chain reaction combined with a subsequent restriction enzyme fragment length polymorphism assay confirmed infection by CPXV. Although the patient's cat had had no skin lesions, OPV-specific antibodies were found at a titre of 1 : 8 in a plaque reduction assay, suggesting that the cat had transmitted the virus to the boy.","[MeSH] Child; [MeSH] Cowpox; [MeSH] Cowpox virus; [MeSH] DNA, Viral; [MeSH] Humans; [MeSH] Male; [MeSH] Polymerase Chain Reaction; [MeSH] Skin Ulcer"
36943464,[Viral diseases of the nervous system-Selected new and old viruses].,"Uta Meyding-Lamadé, Eva Maria Craemer",Der Nervenarzt. 2023. doi: 10.1007/s00115-023-01452-0..,Meyding-Lamadé,Der Nervenarzt,2023,2023/03/21,,,10.1007/s00115-023-01452-0,"Viral diseases of the nervous system are ancient and poliomyelitis was described in Egypt as early as 2000 BC. They can cause a wide range of neurological symptoms, such as meningitis, encephalitis, meningoencephalitis, Guillain-Barré-like syndrome and stroke, often leaving mild to severe residuals. Depending on the pathogen, the symptoms appear quickly within hours, or lead to increasing chronic symptoms within 1 week or months. The severe acute respiratory syndrome coronavirus 2 (SARS-CoV-2), which was newly identified in January 2020 and occurs worldwide, illustrates the sequelae of a phenomenon that has been known for centuries, the possible rapid spread of pathogen-related infectious diseases. Due to vaccination programs some pathogens are becoming rarer or are considered to be eradicated. Nevertheless, vaccination programs, especially in the poorer regions, are repeatedly interrupted, for example by wars. The most recent example is the interruption of vaccination against poliomyelitis in Ukraine. As life expectancy continues to rise and years of life lost to infectious diseases decrease, the new infectious disease threat is likely to come from emerging and re-emerging infections; however, according to a recent analysis of population data from 29 countries, life expectancy during the corona pandemic has decreased, e.g., by 28 months in the USA and by 6 months in Germany. Climate change, rapid urbanization and changing land-use patterns could increase the risk in the coming decades. In particular, the climate change can alter the spectrum of global pathogens and especially vector-borne infections can spread to new areas. A sustained increase in travel, trade and mobility enables the pathogens to spread quickly.",COVID-19; Climate change; Herpes simplex encephalitis; Infectious diseases; Monkeypox
38292040,Immunogenicity and reactogenicity of modified vaccinia Ankara pre-exposure vaccination against mpox according to previous smallpox vaccine exposure and HIV infection: prospective cohort study.,"Valentina Mazzotta, Alessandro Cozzi Lepri, Giulia Matusali, Eleonora Cimini, Pierluca Piselli, Camilla Aguglia, Simone Lanini, Francesca Colavita, Stefania Notari, Alessandra Oliva, Silvia Meschi, Rita Casetti, Vanessa Mondillo, Alessandra Vergori, Aurora Bettini, Germana Grassi, Carmela Pinnetti, Daniele Lapa, Eleonora Tartaglia, Paola Gallì, Annalisa Mondi, Giulia Montagnari, Roberta Gagliardini, Emanuele Nicastri, Miriam Lichtner, Loredana Sarmati, Enrica Tamburrini, Claudio Mastroianni, Christof Stingone, Andrea Siddu, Alessandra Barca, Carla Fontana, Chiara Agrati, Enrico Girardi, Francesco Vaia, Fabrizio Maggi, Andrea Antinori",EClinicalMedicine. 2024. doi: 10.1016/j.eclinm.2023.102420..,Mazzotta,EClinicalMedicine,2024,2024/01/12,,,10.1016/j.eclinm.2023.102420,"BACKGROUND: Pre-exposure vaccination with MVA-BN has been widely used against mpox to contain the 2022 outbreak. Many countries have defined prioritized strategies, administering a single dose to those historically vaccinated for smallpox, to achieve quickly adequate coverage in front of low supplies. Using epidemiological models, real-life effectiveness was estimated at approximately 36%-86%, but no clinical trials were performed. Few data on MVA-BN immunogenicity are currently available, and there are no established correlates of protection. Immunological response in PLWH in the context of the 2022 outbreak was also poorly described. METHODS: Blood samples were collected from participants eligible for pre-exposure MVA-BN vaccination before (T1) receiving a full course of vaccine (single-dose for vaccine-experienced or smallpox-primed and two-dose for smallpox vaccine-naïve or smallpox non-primed) and one month after the last dose (T2 and T3, respectively). MPXV-specific IgGs were measured by in-house immunofluorescence assay, using 1:20 as screening dilution, MPXV-specific nAbs by 50% plaque reduction neutralization test (PRNT50, starting dilution 1:10), and IFN-γ-producing specific T cells to MVA-BN vaccine, by ELISpot assay. Paired or unpaired t-test and Wilcoxon or Mann-Whitney test were used to analyse IgG and nAbs, and T-cell response, as appropriate. The probability of IgG and nAb response in vaccine-experienced vs. vaccine-naïve was estimated in participants not reactive at T1. The McNemar test was used to evaluate vaccination's effect on humoral response both overall and by smallpox vaccination history. In participants who were not reactive at T1, the proportion of becoming responders one month after full-cycle completion by exposure groups was compared by logistic regression and then analysed by HIV status strata (interaction test). The response was also examined in continuous, and the Average Treatment Effect (ATE) of the difference from baseline to schedule completion according to previous smallpox vaccination was estimated after weighting for HIV using a linear regression model. Self-reports of adverse effects following immunization (AEFIs) were prospectively collected after the first MVA-BN dose (T1). Systemic (S-AEFIs: fatigue, myalgia, headache, GI effects, chills) and local (L-AEFIs: redness, swelling, pain) AEFIs were graded as absent (grade 0), mild (1), moderate (2), or severe (3). The maximum level of severity for S-AEFIs and L-AEFIs ever experienced over the 30 days post-dose by vaccination exposure groups were analysed using a univariable multinomial logistic regression model and after adjusting for HIV status; for each of the symptoms, we also compared the mean duration by exposure group using an unpaired t-test. FINDINGS: Among the 164 participants included, 90 (54.8%) were smallpox vaccine-experienced. Median age was 49 years (IQR 41-55). Among the 76 (46%) PLWH, 76% had a CD4 count >500 cells/μL. There was evidence that both the IgG and nAbs titers increased after administration of the MVA-BN vaccine. However, there was no evidence for a difference in the potential mean change in humoral response from baseline to the completion of a full cycle when comparing primed vs. non-primed participants. Similarly, there was no evidence for a difference in the seroconversion rate after full cycle vaccination in the subset of participants not reactive for nAbs at T1 (p = 1.00 by Fisher's exact test). In this same analysis and for the nAbs outcome, there was some evidence of negative effect modification by HIV (interaction p-value = 0.17) as primed people living with HIV (PLWH) showed a lower probability of seroconversion vs. non-primed, and the opposite was seen in PLWoH. When evaluating the response in continuous, we observed an increase in T-cell response after MVA-BN vaccination in both primed and non-primed. There was evidence for a larger increase when using the 2-dose vs. one-dose strategy with a mean difference of -2.01 log2 (p ≤ 0.0001), after controlling for HIV. No evidence for a difference in the risk of developing any AEFIs of any grade were observed by exposure group, except for the lower risk of grade 2 (moderate) fatigue, induration and local pain which was lower in primed vs. non-primed [OR 0.26 (0.08-0.92), p = 0.037; OR 0.30 (0.10-0.88), p = 0.029 and OR 0.19 (0.05-0.73), p = 0.015, respectively]. No evidence for a difference in symptom duration was also detected between the groups. INTERPRETATION: The evaluation of the humoral and cellular response one month after the completion of the vaccination cycle suggested that MVA-BN is immunogenic and that the administration of a two-dose schedule is preferable regardless of the previous smallpox vaccination history, especially in PLWH, to maximize nAbs response. MVA-BN was safe as well tolerated, with grade 2 reactogenicity higher after the first administration in vaccine-naïve than in vaccine-experienced individuals, but with no evidence for a difference in the duration of these adverse effects. Further studies are needed to evaluate the long-term duration of immunity and to establish specific correlates of protection. FUNDING: The study was supported by the National Institute for Infectious Disease Lazzaro Spallanzani IRCCS ""Advanced grant 5 × 1000, 2021"" and by the Italian Ministry of Health ""Ricerca Corrente Linea 2"".",Cellular response; HIV; Humoral response; MVA-BN; MVA-BN immunogenicity; Orthopox; PLWH; Reactogenicity; Vaccination; Vaccine; mpox
39947350,"Development of an ARMS-Quadruplex-qPCR assay for the rapid identification of MPXV and the clades Ia, Ib, IIa and IIb.","Bohan Xu, Dongyan Xiong, Xiaoxu Zhang, Hongping Wei, Junping Yu",Journal of virological methods. 2025. doi: 10.1016/j.jviromet.2025.115125..,Xu,Journal of virological methods,2025,2025/02/11,,,10.1016/j.jviromet.2025.115125,"Monkeypox was re-emerging in 2022 and spread to more than 100 countries. Two clades of Monkeypox virus (MPXV) result in different lethality rates and varying transmission capabilities. Rapid identification of MPXV and differentiation of its clades and subclades are crucial for effective control of the disease. In this study, we developed an ARMS-Quadruplex-qPCR method to detect MPXV and distinguish clades (Ia, Ib, IIa and IIb). F3L gene was used to detect all clades of MPXV from other orthopoxviruses. A 1953 bp fragment containing the C3L gene was found to be completely absent in clade II. Additionally, a sequence spanning from the 177th to the 1318th position (1142 bp) within the 1953 bp fragment was missing in Ib. Therefore, the 1142 bp sequence was used to distinguish Ia from other subclades, and the sequence with the 1142 bp region missing in Ib was used to discriminate Ib from other subclades. Since subclades IIa and IIb are too close to have large deletions and insertions, a unique single nucleotide polymorphism (SNP) was used to design a primer/probe set for ARMS-qPCR to differentiate clade IIa from IIb. The ARMS-Quadruplex-qPCR system can detect down to 2 copies per reaction of MPXV and effectively differentiate all the four subclades. Altogether, four qPCR primer/probe sets in one tube were deployed to recognize MPXV and differentiate MPXV subclades. The high sensitivity, rapidity and specificity of the developed system make it a promising alternative for the diagnosis of MPXV and the determination of the subclades of the infected MPXV.",ARMS-qPCR; Molecular diagnostic method; Monkeypox virus; Monkeypox virus clades; Rapid detection
36680006,Omicron Variant of SARS-CoV-2: An Indian Perspective of Vaccination and Management.,"Vivek P Chavda, Pankti Balar, Dixa Vaghela, Hetvi K Solanki, Akta Vaishnav, Vivek Hala, Lalitkumar Vora",Vaccines. 2023. doi: 10.3390/vaccines11010160..,Chavda,Vaccines,2023,2023/01/11,,,10.3390/vaccines11010160,"Omicron variants have highly influenced the entire globe. It has a high rate of transmissibility, which makes its management tedious. There are various subtypes of omicron, namely BA.1, BA.2, BA.3, BA.4, and BA.5. Currently, one omicron subvariant BF.7 is also immersed in some parts of India. Further studies are required for a better understanding of the new immersing SARS-CoV-2 subvariant of the omicron. They differ in the mutation of the spike proteins, which alters their attachment to the host receptor and hence modifies their virulence and adaptability. Delta variants have a great disastrous influence on the entire world, especially in India. While overcoming it, another mutant catches the pace. The Indian population is highly affected by omicron variants. It alters the entire management and diagnosis system against COVID-19. It demanded forcemeat in the health care system, both qualitatively and quantitively, to cope with the omicron wave. The alteration in spike protein, which is the major target of vaccines, leads to varied immunization against the subvariants. The efficacy of vaccines against the new variant was questioned. Every vaccine had a different shielding effect on the new variant. The hesitancy of vaccination was a prevalent factor in India that might have contributed to its outbreak. The prevalence of omicron, monkeypox, and tomato flu shared some similarities and distinct features when compared to their influence on the Indian population. This review emphasizes the changes omicron brings with it and how the Indian health care system outrage this dangerous variant.",India; diagnosis; hesitancy; monkeypox; omicron; tomato flu; vaccination
40612812,"The Re-emergence of Human Metapneumovirus: Virus Classification, Characteristics, Mechanisms of Infection, Clinical Features, Diagnosis, Epidemiology, Prevention, and Treatment.","Nethra Chittiprol, Venkataramana Kandi, Venkata Bharat Kumar Pinnelli, Tarun Kumar Suvvari, Naveen Madamsetti, Jayashankar Ca, Sai Teja Challa",Cureus. 2025. doi: 10.7759/cureus.85259..,Chittiprol,Cureus,2025,2025/06/02,,,10.7759/cureus.85259,"The respiratory virus known as the human metapneumovirus (HMPV) was discovered for the first time in 2001 in the Netherlands. It is a ribonucleic acid (RNA) virus that belongs to the Paramyxoviridae family. It causes upper and lower respiratory tract infections (RTIs), especially in young children and the elderly. Although the majority of HMPV infections are resolved on their own, some infected infants, children, and elderly patients need to be hospitalized. Patients with underlying immunodeficiency diseases, transplant recipients, and those with other co-morbidities, such as chronic diseases, are more likely to develop complications from HMPV infections, such as pneumonia. The symptoms of HMPV infections are similar to those of other viral RTIs caused by respiratory syncytial virus (RSV), influenza viruses, and coronaviruses. Differential diagnosis and identification of the etiological agents responsible for RTIs are crucial for improved patient care. Concerns of the next pandemic have been fueled by the discovery of the novel severe acute respiratory syndrome coronavirus-2 (SARS-CoV-2), the causative agent of the coronavirus disease-2019 (COVID-19) that caused the pandemic, and the recent advent of other viral diseases like mpox. In addition, the World Health Organization (WHO) has emphasized the importance of public health readiness, as many pandemics are expected to occur. In light of this and a recent increase in HMPV cases signifying its potential re-emergence, we tried to thoroughly examine and update information on origin, transmission, pathogenicity, clinical features, laboratory diagnosis, epidemiology, prevention, and treatment of HMPV.",coronavirus disease 2019 (covid-19); human metapneumovirus (hmpv); pandemic; re-emergence; respiratory tract infections; severe acute respiratory syndrome coronavirus (sars-cov-2)
40205639,Cutaneous Cryptococcosis in a Syphilis Patient Newly Diagnosed With Advanced HIV.,"Ioana Andreea Daramus, Andrei Tanasov, Alina Alexandra Oana, Maria Magdalena Motoi, Anca Streinu-Cercel, Oana Săndulescu, Adrian Streinu-Cercel, Laurentiu Stanciu, Ancuta-Constanta Zamfira, Radu Mihai Busca, Sorin Dutulescu, Maria-Bianca Dragomir, George-Sorin Tiplica",International journal of dermatology. 2025. doi: 10.1111/ijd.17777..,Daramus,International journal of dermatology,2025,2025/04/09,,,10.1111/ijd.17777,,HIV‐related opportunistic infections; advanced HIV infection; cutaneous cryptococcosis; disseminated cryptococcosis; immunosuppression; mpox differential diagnosis; necrotizing pneumonia; scars; syphilis; syphilis and HIV coinfection
16189015,An orally bioavailable antipoxvirus compound (ST-246) inhibits extracellular virus formation and protects mice from lethal orthopoxvirus Challenge.,"Guang Yang, Daniel C Pevear, Marc H Davies, Marc S Collett, Tom Bailey, Susan Rippen, Linda Barone, Chris Burns, Gerry Rhodes, Sanjeev Tohan, John W Huggins, Robert O Baker, R L Mark Buller, Erin Touchette, Kem Waller, Jill Schriewer, Johan Neyts, Erik DeClercq, Kevin Jones, Dennis Hruby, Robert Jordan",Journal of virology. 2005. doi: 10.1128/JVI.79.20.13139-13149.2005..,Yang,Journal of virology,2005,2005/10/01,,,10.1128/JVI.79.20.13139-13149.2005,"ST-246 is a low-molecular-weight compound (molecular weight = 376), that is potent (concentration that inhibited virus replication by 50% = 0.010 microM), selective (concentration of compound that inhibited cell viability by 50% = >40 microM), and active against multiple orthopoxviruses, including vaccinia, monkeypox, camelpox, cowpox, ectromelia (mousepox), and variola viruses. Cowpox virus variants selected in cell culture for resistance to ST-246 were found to have a single amino acid change in the V061 gene. Reengineering this change back into the wild-type cowpox virus genome conferred resistance to ST-246, suggesting that V061 is the target of ST-246 antiviral activity. The cowpox virus V061 gene is homologous to vaccinia virus F13L, which encodes a major envelope protein (p37) required for production of extracellular virus. In cell culture, ST-246 inhibited plaque formation and virus-induced cytopathic effects. In single-cycle growth assays, ST-246 reduced extracellular virus formation by 10 fold relative to untreated controls, while having little effect on the production of intracellular virus. In vivo oral administration of ST-246 protected BALB/c mice from lethal infection, following intranasal inoculation with 10x 50% lethal dose (LD(50)) of vaccinia virus strain IHD-J. ST-246-treated mice that survived infection acquired protective immunity and were resistant to subsequent challenge with a lethal dose (10x LD(50)) of vaccinia virus. Orally administered ST-246 also protected A/NCr mice from lethal infection, following intranasal inoculation with 40,000x LD(50) of ectromelia virus. Infectious virus titers at day 8 postinfection in liver, spleen, and lung from ST-246-treated animals were below the limits of detection (<10 PFU/ml). In contrast, mean virus titers in liver, spleen, and lung tissues from placebo-treated mice were 6.2 x 10(7), 5.2 x 10(7), and 1.8 x 10(5) PFU/ml, respectively. Finally, oral administration of ST-246 inhibited vaccinia virus-induced tail lesions in Naval Medical Research Institute mice inoculated via the tail vein. Taken together, these results validate F13L as an antiviral target and demonstrate that an inhibitor of extracellular virus formation can protect mice from orthopoxvirus-induced disease.","[MeSH] Administration, Oral; [MeSH] Amino Acid Sequence; [MeSH] Animals; [MeSH] Antiviral Agents; [MeSH] Benzamides; [MeSH] Cytopathogenic Effect, Viral; [MeSH] Drug Evaluation, Preclinical; [MeSH] Ectromelia virus; [MeSH] Ectromelia, Infectious; [MeSH] Female; [MeSH] Indoles; [MeSH] Isoindoles; [MeSH] Liver; [MeSH] Lung; [MeSH] Membrane Proteins; [MeSH] Mice; [MeSH] Mice, Inbred BALB C; [MeSH] Molecular Sequence Data; [MeSH] Molecular Weight; [MeSH] Orthopoxvirus; [MeSH] Poxviridae Infections; [MeSH] Sequence Alignment; [MeSH] Spleen; [MeSH] Vaccinia; [MeSH] Viral Envelope Proteins; [MeSH] Viral Plaque Assay; [MeSH] Virus Assembly; [MeSH] Phthalimides"
38411337,The role of viruses in oral mucosal lesions.,"Henrik Dommisch, Andrea Maria Schmidt-Westhausen",Periodontology 2000. 2024. doi: 10.1111/prd.12553..,Dommisch,Periodontology 2000,2024,2024/02/27,,,10.1111/prd.12553,"The mucosa of the oral cavity is exposed to a large number of different microorganisms such as archaea, bacteria, fungi, parasites, and viruses. Among those, viruses cause specific infections, which can easily be transmitted from one person to another. The infectious route may not only include patients and their relatives but also the dental professional team. Thus, a wide knowledge regarding specific viral infections is crucial for the daily routine. Signs and symptoms of oral viral infections can be completely absent or develop into a pronounced clinical picture, so that early detection and information determine the further course of the infection and its influence on other inflammatory diseases, such as periodontitis, as well as the safety of family members and the social environment. As the clinical manifestation of viral infections may be highly variable leading to heterogenous mucosal lesions it is, in most cases, mandatory to differentiate them by specific microbiological tests in addition to clinical examination procedures. This article will give an overview of the role of viruses infecting the oral mucosa, and in addition, describe their clinical manifestation and management.",COVID‐19; Epstein–Barr virus; Monkeypox; Sars‐COV‐2; condyloma acuminatum; cytomegalovirus; focal epithelial hyperplasia; herpes simplex virus; human herpes virus; human papillomavirus; oral mucosa; varicella zoster virus; virus
28190053,Using Zebrafish Models of Human Influenza A Virus Infections to Screen Antiviral Drugs and Characterize Host Immune Cell Responses.,"Con Sullivan, Denise Jurcyzszak, Michelle F Goody, Kristin A Gabor, Jacob R Longfellow, Paul J Millard, Carol H Kim",Journal of visualized experiments : JoVE. 2017. doi: 10.3791/55235..,Sullivan,Journal of visualized experiments : JoVE,2017,2017/01/20,,,10.3791/55235,"Each year, seasonal influenza outbreaks profoundly affect societies worldwide. In spite of global efforts, influenza remains an intractable healthcare burden. The principle strategy to curtail infections is yearly vaccination. In individuals who have contracted influenza, antiviral drugs can mitigate symptoms. There is a clear and unmet need to develop alternative strategies to combat influenza. Several animal models have been created to model host-influenza interactions. Here, protocols for generating zebrafish models for systemic and localized human influenza A virus (IAV) infection are described. Using a systemic IAV infection model, small molecules with potential antiviral activity can be screened. As a proof-of-principle, a protocol that demonstrates the efficacy of the antiviral drug Zanamivir in IAV-infected zebrafish is described. It shows how disease phenotypes can be quantified to score the relative efficacy of potential antivirals in IAV-infected zebrafish. In recent years, there has been increased appreciation for the critical role neutrophils play in the human host response to influenza infection. The zebrafish has proven to be an indispensable model for the study of neutrophil biology, with direct impacts on human medicine. A protocol to generate a localized IAV infection in the Tg(mpx:mCherry) zebrafish line to study neutrophil biology in the context of a localized viral infection is described. Neutrophil recruitment to localized infection sites provides an additional quantifiable phenotype for assessing experimental manipulations that may have therapeutic applications. Both zebrafish protocols described faithfully recapitulate aspects of human IAV infection. The zebrafish model possesses numerous inherent advantages, including high fecundity, optical clarity, amenability to drug screening, and availability of transgenic lines, including those in which immune cells such as neutrophils are labeled with fluorescent proteins. The protocols detailed here exploit these advantages and have the potential to reveal critical insights into host-IAV interactions that may ultimately translate into the clinic.","[MeSH] Animals; [MeSH] Antiviral Agents; [MeSH] Disease Models, Animal; [MeSH] Humans; [MeSH] Influenza A virus; [MeSH] Neutrophils; [MeSH] Orthomyxoviridae Infections; [MeSH] Zanamivir; [MeSH] Zebrafish"
35908851,Marburg virus disease: A deadly rare virus is coming.,"Fang Zhao, Yun He, Hongzhou Lu",Bioscience trends. 2022. doi: 10.5582/bst.2022.01333..,Zhao,Bioscience trends,2022,2022/07/31,,,10.5582/bst.2022.01333,"Two cases of the deadly Marburgvirus were reported in Ghana, which might be a new global virus alert following COVID-19 and novel monkeypox. Thus far, there is no vaccine or treatment for Marburg virus disease, which is a disease with a mortality rate as high as that of Ebola. Although now human infections with Marburgvirus occurred mainly in Africa, outbreaks were twice reported in Europe over the past 55 years. A concern is that globalization might promote its global viral transmission, just like what happened with COVID-19. The current study has briefly summarized the etiology, epidemiology, and clinical symptoms of the Marburgvirus as well as vaccine development and experimental treatments in order to prevent and control this virus.",Marburg virus disease (MVD); Marburgvirus (MARV); emerging infectious disease; public health
40976856,PEPFAR Laboratory Implementation Strategy as a Component of PEPFAR's 5-Year Strategy.,"George Alemnji, Ann Sangthong, Nicole Espy, Maureen Bartee",The Journal of infectious diseases. 2025. doi: 10.1093/infdis/jiaf337..,Alemnji,The Journal of infectious diseases,2025,2025/09/22,,,10.1093/infdis/jiaf337,"Past United States President's Emergency Plan for AIDS Relief (PEPFAR) laboratory investments for human immunodeficiency virus (HIV) epidemic response, in collaboration with partner governments and other stakeholders, have had a fundamental and substantial impact on overall clinical and public health laboratory capacity in countries. These innovations have been and continue to be leveraged to improve the functioning of entire health systems, including providing essential high-quality clinical diagnostics for multiple diseases and responding to outbreaks and pandemics. This was recently demonstrated in the coronavirus disease 2019 pandemic and mpox outbreaks, during which existing PEPFAR-supported laboratory systems were leveraged to support diagnostic development and implementation, while remaining focused on sustaining past HIV and tuberculosis gains. Building on these gains, the PEPFAR Laboratory Implementation Strategy shares guidance on how PEPFAR's 5 × 3 strategic approaches could be used to continue working closely with national governments and other global health stakeholders to support countries' national public health systems in an integrated manner to sustain current HIV/AIDS gains and strengthen local capacity in anticipation of future pandemic preparedness and response.",5-Year Strategy; PEPFAR laboratory; high quality diagnostics; implementation strategy; leveraging to support other pandemics
40670321,"An Overview of Ophthalmic Complications Associated With Emerging/Re-Emerging Viruses: Focus on ZIKV, DENV, SARS-CoV-2, and MPXV.","Qian Li, Wenbo Jiao, Xiaolin Li, Lingling Liang",Reviews in medical virology. 2025. doi: 10.1002/rmv.70056..,Li,Reviews in medical virology,2025,2025/07/01,,,10.1002/rmv.70056,"Infections caused by emerging and re-emerging viral pathogens are currently known as a significant global public health issue, affecting various human organ systems such as the ocular system. Several emerging and re-emerging viral infections, such as those caused by Zika virus (ZIKV), dengue virus (DENV), severe acute respiratory syndrome coronavirus 2 (SARS-CoV-2), and monkeypox virus (MPXV), have been involved in the development of various ophthalmic disorders including uveitis, conjunctivitis, retinitis, optic neuritis, and more severe vision-threatening complications. The present review comprehensively describes the ophthalmic manifestations linked to these viruses, with a primary focus on their underlying pathogenesis, diverse clinical presentations, and the intricate potential mechanisms of viral invasion into ocular tissues. Describing the ocular involvement of emerging and re-emerging viral pathogens, particularly how they target and affect the ocular system, is critical for early diagnosis, appropriate management, and reducing long-term visual manifestations in affected patients. This review aims to address existing gaps in clinical knowledge and support timely ophthalmological management during emerging viral outbreaks.",SARS‐CoV‐2; dengue virus; monkeypox virus ophthalmic complications; zika virus
40496955,COVID-19 vaccination in Nigeria: Challenges and recommendations for future vaccination initiatives.,"Taiwo Oluwaseun Sokunbi, Abdmateen Temitope Oluyedun, Emmanuel Ayomide Adegboye, Glory Peace Oluwatomisin, Abdulmumin Damilola Ibrahim",Public health challenges. 2023. doi: 10.1002/puh2.57..,Sokunbi,Public health challenges,2023,2023/01/12,,,10.1002/puh2.57,"The COVID-19 vaccination program is the most extensive vaccination program held in Nigeria to date. As of September 21, 2022, more than 31 million people have been fully vaccinated which made up 15% of the entire population. Following the global COVID-19 vaccination goal, Nigeria was expected to vaccinate 40% of its population in 2021 and reach the 70% vaccination threshold before the end of 2022. Currently, Nigeria is nowhere near the global vaccination goal due to various challenges encountered by the program. Challenges such as distrust in government, poor cold-chain management, and poor communication during the onset of the program all contributed to the inability to attain the set goal. With the pledge of Global Alliance for Vaccines and Immunizations to extend the malaria vaccination program to other Sub-Saharan African countries after the success of the first dose vaccination in Ghana, Kenya, and Malawi and the recent reemergence of monkeypox virus in Africa which also requires vaccination to curtail its spread, it is important that Nigeria, in preparation for these vaccination programs, learn from some of the challenges that the COVID-19 vaccination program encountered and take actions to ensure greater success in future vaccination programs in the country. This paper aims to give an overview of the COVID-19 vaccination program in Nigeria, highlight the challenges encountered, and provide recommendations for better future vaccination initiatives in the country.",Africa; COVID‐19; Nigeria; pandemic; vaccination
24212781,"Contrast-Enhanced Ultrasound (CEUS) for Echographic Detection of Hepato Cellular Carcinoma in Cirrhotic Patients Previously Treated with Multiple Techniques: Comparison of Conventional US, Spiral CT and 3-Dimensional CEUS with Navigator Technique (3DNav CEUS).",Francesco Giangregorio,Cancers. 2011. doi: 10.3390/cancers3021763..,Giangregorio,Cancers,2011,2011/03/30,,,10.3390/cancers3021763,"A commercially available technique named ""NAVIGATOR"" (Esaote, Italy) easily enables a 3-D reconstruction of a single 2-D acquisition of Contrast Enhanced Ultrasound (CEUS) imaging of the whole liver (with a volumetric correction thanks to the electromagnetic device of NAVIGATOR). Aim of the study was to evaluate this ""panoramic"" technique in comparison with conventional US and spiral CT in the detection of new hepatic lesions. 144 cirrhotic patients (previously treated for hepato cellular carcinoma (HCC)) in follow-up with detection of 98 new nodules (N), 28 multinodular (Nmulti), 14 loco-regional regrowth (LR) 94 efficaciously treated without new nodules (neg) and four multinodular without new nodules, were submitted to 200 examinations with this new technique from November 2008 to November 2009. 3DNavCEUS was performed using SonoVue (Bracco), as contrast agent, and a machine (Technos MPX, Esaote). Spiral CT and 3DNav CEUS were performed in the same month during follow up. Sens.,Spec.,diagn.-Acc.,PPV and NPV were evaluated; comparison and differences between the techniques were obtained with chi-square (SPSS release-15). Final diagnosis was: 98 new lesions (N) (one to three), 28 multinodular HCC (Nmulti) and 14 loco-regional regrowth (LR); in 94 no more lesions were observed during follow-up; conventional US obtained: 58 N (+18 multinodularN and 8 LR), 40 false negative (+10 Nmulti and 6 LR) (sens:59.2, spec:100%, Diagn Accur:73.6, PPV:100; NPV:70.1); spiral CT obtained: 84N (+26-multinodularN and 14-LR), 14 false-negative (+2-Nmulti), and one false-positive (sens:85.7, spec:97.9%, Diagn Accur:90.9, PPV:97.7; NPV:86.8); 3DNAV obtained: 92N (+28 multinodularN and 14LR), 6 false-negative, and two false-positives (sens:93.9, spec:97.9%, Diagn Accur:95.6, PPV:97.9; NPV:93.9). 3-DNav CEUS is significantly better than US and almost similar to spiral CT for detection of new HCC. This technique, in particular, showed the presence of lesions even in the cases not detected with spiral CT.",
40091229,Interleukin 8 as a Causal Link Between Aging and Impaired Influenza Antibody Responses in Older Adults.,"Huy Quang Quach, Krista M Goergen, Diane E Grill, Inna G Ovsyannikova, Gregory A Poland, Richard B Kennedy",The Journal of infectious diseases. 2025. doi: 10.1093/infdis/jiaf148..,Quach,The Journal of infectious diseases,2025,2025/09/15,,,10.1093/infdis/jiaf148,"BACKGROUND: Antibody responses to MF59-adjuvanted (MF59Flu) and high-dose (HDFlu) influenza vaccines have been well-characterized in older adults, yet corresponding cellular immune response data remain limited. METHODS: Blood samples were collected from 106 MF59Flu recipients and 112 HDFlu recipients at 4 time points: before vaccination (day 0) and on days 1, 8, and 28 postvaccination. Antibody responses were assessed in serum samples using a hemagglutination inhibition assay. Eight proinflammatory cytokines and chemokines, including IFN-α2a, IFN-γ, IP-10, MCP-1, MIP-1α, IL-1β, IL-6, and IL-8, were quantified from peripheral blood mononuclear cells using a multiplex assay. Associations between cytokine/chemokine secretion levels and antibody responses were examined, along with the effect of sex, age, body mass index (BMI), and cytomegalovirus infection status. RESULTS: Age was positively correlated with IL-8 levels on day 1 (r = 0.24, P < .001) and the change in IL-8 levels from day 0 to day 1 (r = 0.16, P = .021). Notably, the change in IL-8 levels was negatively associated with day 28 hemagglutination inhibition titers (r = -0.15, P = .026). Causal mediation analysis demonstrated that IL-8 exerted significant causal mediation effects on antibody responses at both day 8 (P = .046) and day 28 (P = .0045). No significant effects of other cytokines and chemokines, vaccine type, sex, or BMI on antibody responses were observed. CONCLUSIONS: Our findings underscore IL-8 as a potential mediator of antibody responses to influenza vaccination in older adults, suggesting that IL-8 inhibition could serve as a molecular intervention to improve antibody responses in this high-risk population.",HDFlu; MF59Flu; chemokines; cytokines; older adults
37230974,Two long-lasting human monoclonal antibodies cross-react with monkeypox virus A35 antigen.,"Bing Zhou, Haiyan Wang, Lin Cheng, Chengyan Zhao, Xinrong Zhou, Xuejiao Liao, Xiangyang Ge, Lei Liu, Xiaobo Lu, Bin Ju, Zheng Zhang",Cell discovery. 2023. doi: 10.1038/s41421-023-00556-w..,Zhou,Cell discovery,2023,2023/05/25,,,10.1038/s41421-023-00556-w,,
17632198,Tropism of Tanapox virus infection in primary human cells.,"Steven H Nazarian, John W Barrett, Marianne M Stanford, James B Johnston, Karim Essani, Grant McFadden",Virology. 2007. doi: 10.1016/j.virol.2007.06.019..,Nazarian,Virology,2007,2007/07/16,,,10.1016/j.virol.2007.06.019,"Tanapox virus (TPV) belongs to the genus Yatapoxvirus and causes a relatively benign zoonotic disease in man, with symptoms that resemble a mild version of human monkeypox. In order to investigate the underlying mechanisms of TPV pathogenesis, the tropism and replication characteristics of TPV were examined in a variety of primary human cells. A GFP expressing TPV (TPV-GFP) was constructed and used to infect primary human dermal fibroblasts (pHDFs) and peripheral blood mononuclear cells (PBMCs), both of which are believed to be major in vivo targets of poxvirus infection. pHDFs fully supported productive replication and cell-cell spread of TPV-GFP. However, induction of cell cycle arrest in pHDFs by contact mediated inhibition or rapamycin treatment eliminated the ability of TPV to fully stimulate cell cycle progression and dramatically reduced viral replication. TPV-GFP-infected human PBMCs were screened for permissiveness by FACS analysis. CD14+ cells (monocytes) were the primary cellular target for TPV infection. A small proportion of CD3+ cells (T cells) were positive for GFP expression, yet TPV was not able to replicate and spread in cultured peripheral blood lymphocytes, regardless of their state of activation. Primary human monocytes, however, demonstrated robust TPV replication, yet these cells no longer supported replication of TPV once they differentiated into macrophages. This unique ex vivo tropism of TPV gives key insights into the basis for the self-limiting pathogenicity of TPV in man.","[MeSH] CD3 Complex; [MeSH] Cells, Cultured; [MeSH] Fibroblasts; [MeSH] Genes, Reporter; [MeSH] Green Fluorescent Proteins; [MeSH] Humans; [MeSH] Lipopolysaccharide Receptors; [MeSH] Monocytes; [MeSH] T-Lymphocytes; [MeSH] Virus Replication; [MeSH] Yatapoxvirus"
41654374,"Switch to fixed-dose doravirine (100 mg) and islatravir (0·25 mg) once daily in virologically suppressed adults with HIV-1 on oral antiretroviral therapy: 48-week results of a phase 3, multicentre, randomised, open-label, non-inferiority trial.","Chloe Orkin, Rosie Mngqibisa, Juan Diego Velez, Princy Kumar, Dominique L Braun, Andrew Carr, Mark Bloch, Sharon Walmsley, Pablo Tebas, Yoshiyuki Yokomaku, Tracy L Diamond, Beth Jackson, Karen Eves, Anjana Grandhi, Monica Fuszard, Stephanie O Klopfer, Luisa M Stamm, Michelle C Fox, Jason Kim","Lancet (London, England). 2026. doi: 10.1016/S0140-6736(25)01945-2..",Orkin,"Lancet (London, England)",2026,2026/02/07,,,10.1016/S0140-6736(25)01945-2,"BACKGROUND: Doravirine and islatravir is an investigational, once-daily, single-tablet regimen containing two potent antiretrovirals with complementary mechanisms of action and resistance profiles. We aimed to evaluate the efficacy and safety of switching from stable, oral antiretroviral therapy (ART) to the fixed combination of doravirine (100 mg) and islatravir (0·25 mg) in virologically suppressed adults living with HIV-1. METHODS: This phase 3, randomised, active-controlled, open-label, non-inferiority trial was conducted at 53 research, community, and hospital-based clinics in eight countries: Australia, Canada, Colombia, Japan, South Africa, Switzerland, the UK, and the USA. Adults (aged ≥18 years) with a viral load of fewer than 50 copies of HIV-1 RNA per mL on any oral, two-drug or three-drug ART regimen for at least 3 months, with no history of treatment failure, known resistance to doravirine, or active hepatitis B infection, were randomly assigned (2:1) according to a computer-generated randomisation schedule (block size three) to receive oral doravirine (100 mg) and islatravir (0·25 mg) once daily or to continue baseline ART for 48 weeks. Randomisation was stratified by the anchor antiretroviral drug class (integrase strand-transfer inhibitor [INSTI], non-nucleoside reverse transcriptase inhibitor, or protease inhibitor) in the baseline regimen. The primary endpoint (assessed in all treated participants) was the percentage of participants with a viral load of 50 copies per mL or higher at week 48 (analysed according to the US Food and Drug Administration snapshot approach); non-inferiority would be concluded if the upper bound of the multiplicity-adjusted 95% CI for the treatment difference was less than 4%. The safety analysis population included all randomly assigned participants who received at least one dose of study treatment. The trial is registered at ClinicalTrials.gov, NCT05631093, and is ongoing but closed to enrolment. FINDINGS: Between Feb 20 and Oct 24, 2023, 614 individuals were screened for eligibility, of whom 553 were randomly assigned to receive doravirine and islatravir (n=368) or baseline ART (n=185). 551 participants received at least one dose of allocated medication: 366 in the doravirine and islatravir group and 185 in the baseline ART group. Of these 551 participants, 332 (60%) were assigned male and 219 (40%) were assigned female at birth, and the median age was 51 years (IQR 41-59); 250 (45%) identified as Black or African American and 80 (15%) identified as Hispanic, Latino, or Latina. Doravirine and islatravir showed non-inferiority at week 48, with viral loads of 50 copies per mL or higher in five (1·4%) of 366 participants versus nine (4·9%) of 185 participants on baseline ART (difference -3·6% [multiplicity-adjusted 95% CI -7·8 to -0·8]). Treatment-related adverse events were more common with doravirine and islatravir (44 [12·0%] of 366 participants) than with baseline ART (nine [4·9%] of 185 participants; difference 7·2 [95% CI 2·2 to 11·6]). Rates were similar in the doravirine and islatravir group and the baseline ART group for any adverse event (79·5% [291 of 366 participants] vs 83·8% [155 of 185 participants]; difference -4·3 [-10·7 to 2·8]), serious adverse events (6·3% [23] vs 4·9% [nine]; 1·4 [-3·2 to 5·2]), and discontinuation due to adverse events (0·5% [two] vs 2·2% [four]; -1·6 [-4·9 to 0·2]). One death occurred (in the baseline ART group) and was not considered treatment-related. No participants discontinued treatment as a result of protocol-specified declines in CD4 cell or total lymphocyte counts. INTERPRETATION: Doravirine and islatravir is efficacious and well tolerated and would represent the first non-INSTI-based, two-drug regimen for HIV-1 treatment. With increasing concern over the potential development of widespread INSTI resistance, this once-daily, oral, single-tablet regimen could be a potential option for people living with HIV-1 requiring a change to their antiretroviral regimen. The safety and efficacy findings support the ongoing development of islatravir, a drug with long-acting potential. FUNDING: Merck Sharp & Dohme, a subsidiary of Merck & Co.","[MeSH] Adult; [MeSH] Female; [MeSH] Humans; [MeSH] Male; [MeSH] Middle Aged; [MeSH] Administration, Oral; [MeSH] Anti-HIV Agents; [MeSH] Drug Administration Schedule; [MeSH] Drug Combinations; [MeSH] Drug Substitution; [MeSH] HIV Infections; [MeSH] HIV-1; [MeSH] Pyridones; [MeSH] Treatment Outcome; [MeSH] Triazoles; [MeSH] Viral Load; [MeSH] Deoxyadenosines"
36454551,Antiretroviral Drugs for Treatment and Prevention of HIV Infection in Adults: 2022 Recommendations of the International Antiviral Society-USA Panel.,"Rajesh T Gandhi, Roger Bedimo, Jennifer F Hoy, Raphael J Landovitz, Davey M Smith, Ellen F Eaton, Clara Lehmann, Sandra A Springer, Paul E Sax, Melanie A Thompson, Constance A Benson, Susan P Buchbinder, Carlos Del Rio, Joseph J Eron, Huldrych F Günthard, Jean-Michel Molina, Donna M Jacobsen, Michael S Saag",JAMA. 2023. doi: 10.1001/jama.2022.22246..,Gandhi,JAMA,2023,2023/01/03,,,10.1001/jama.2022.22246,"IMPORTANCE: Recent advances in treatment and prevention of HIV warrant updated recommendations to guide optimal practice. OBJECTIVE: Based on a critical evaluation of new data, to provide clinicians with recommendations on use of antiretroviral drugs for the treatment and prevention of HIV, laboratory monitoring, care of people aging with HIV, substance use disorder and HIV, and new challenges in people with HIV, including COVID-19 and monkeypox virus infection. EVIDENCE REVIEW: A panel of volunteer expert physician scientists were appointed to update the 2020 consensus recommendations. Relevant evidence in the literature (PubMed and Embase searches, which initially yielded 7891 unique citations, of which 834 were considered relevant) and studies presented at peer-reviewed scientific conferences between January 2020 and October 2022 were considered. FINDINGS: Initiation of antiretroviral therapy (ART) is recommended as soon as possible after diagnosis of HIV. Barriers to care should be addressed, including ensuring access to ART and adherence support. Integrase strand transfer inhibitor-containing regimens remain the mainstay of initial therapy. For people who have achieved viral suppression with a daily oral regimen, long-acting injectable therapy with cabotegravir plus rilpivirine given as infrequently as every 2 months is now an option. Weight gain and metabolic complications have been linked to certain antiretroviral medications; novel strategies to ameliorate these complications are needed. Management of comorbidities throughout the life span is increasingly important, because people with HIV are living longer and confronting the health challenges of aging. In addition, management of substance use disorder in people with HIV requires an evidence-based, integrated approach. Options for preexposure prophylaxis include oral medications (tenofovir disoproxil fumarate or tenofovir alafenamide plus emtricitabine) and, for the first time, a long-acting injectable agent, cabotegravir. Recent global health emergencies, like the SARS-CoV-2 pandemic and monkeypox virus outbreak, continue to have a major effect on people with HIV and the delivery of services. To address these and other challenges, an equity-based approach is essential. CONCLUSIONS AND RELEVANCE: Advances in treatment and prevention of HIV continue to improve outcomes, but challenges and opportunities remain.",[MeSH] Adult; [MeSH] Humans; [MeSH] Anti-HIV Agents; [MeSH] Anti-Retroviral Agents; [MeSH] Antiviral Agents; [MeSH] COVID-19; [MeSH] HIV Infections; [MeSH] Pharmaceutical Preparations; [MeSH] SARS-CoV-2
15482195,"Emerging infectious diseases: vulnerabilities, contributing factors and approaches.",Felissa R Lashley,Expert review of anti-infective therapy. 2004. doi: 10.1586/14787210.2.2.299..,Lashley,Expert review of anti-infective therapy,2004,2004/04/01,,,10.1586/14787210.2.2.299,"We live in an ever more connected global village linked through international travel, politics, economics, culture and human-human and human-animal interactions. The realization that the concept of globalization includes global exposure to disease-causing agents that were formerly confined to small, remote areas and that infectious disease outbreaks can have political, economic and social roots and effects is becoming more apparent. Novel infectious disease microbes continue to be discovered because they are new or newly recognized, have expanded their geographic range, have been shown to cause a new disease spectrum, have jumped the species barrier from animals to humans, have become resistant to antimicrobial agents, have increased in incidence or have become more virulent. These emerging infectious disease microbes may have the potential for use as agents of bioterrorism. Factors involved in the emergence of infectious diseases are complex and interrelated and involve all classifications of organisms transmitted in a variety of ways. In 2003, outbreaks of interest included severe acute respiratory syndrome, monkeypox and avian influenza. Information from the human genome project applied to microbial organisms and their hosts will provide new opportunities for detection, diagnosis, treatment, prevention, control and prognosis. New technology related not only to genetics but also to satellite and monitoring systems will play a role in weather, climate and the approach to environmental manipulations that influence factors contributing to infectious disease emergence and control. Approaches to combating emerging infectious diseases include many disciplines, such as animal studies, epidemiology, immunology, ecology, environmental studies, microbiology, pharmacology, other sciences, health, medicine, public health, nursing, cultural, political and social studies, all of which must work together. Appropriate financial support of the public health infrastructure including surveillance, prevention, communication, adherence techniques and the like will be needed to support efforts to address emerging infectious disease threats.","[MeSH] Climate; [MeSH] Communicable Diseases, Emerging; [MeSH] Demography; [MeSH] Disease Susceptibility; [MeSH] Disease Transmission, Infectious; [MeSH] Humans; [MeSH] Industry; [MeSH] Politics; [MeSH] Social Conditions; [MeSH] Technology; [MeSH] Travel; [MeSH] Weather"
