PMID,Title,Authors,Citation,First Author,Journal/Book,Publication Year,Create Date,PMCID,NIHMS ID,DOI,Abstract,Keywords
36214966,Monkeypox virus: past and present.,"Ya-Mei Dou, Hang Yuan, Hou-Wen Tian",World journal of pediatrics : WJP. 2022. doi: 10.1007/s12519-022-00618-1..,Dou,World journal of pediatrics : WJP,2023,2022/10/10,,,10.1007/s12519-022-00618-1,"BACKGROUND: The objective of this paper is to analyze the current status of monkeypox worldwide. In the face of this public health threat, our purpose is to elucidate the clinical characteristics and epidemiology of monkeypox, the developmental progress of monkeypox-related drugs and the vaccines available. DATA SOURCES: The literature review was performed in databases including PubMed, Science Direct and Google Scholar up to July 2022. RESULTS: Since May 2022, the World Health Organization has reported more than 45,000 confirmed cases from 92 nonendemic countries, including nine deaths. Although some women and children have been infected so far, most cases have occurred among men who have sex with other men, especially those with multiple sexual partners or anonymous sex. CONCLUSIONS: Pediatric monkeypox infection has been associated with a higher likelihood of severe illness and mortality than in adults. Severe monkeypox illness in pediatrics often requires adjunctive antiviral therapy. It is crucial for all countries to establish sound monitoring and testing systems and be prepared with emergency preparedness.",Monkeypox; Orthopoxvirus; Smallpox; Zoonotic
36331049,Monkeypox virus diagnosis and laboratory testing.,"Mohsen Nakhaie, Nasir Arefinia, Javad Charostad, Davood Bashash, Mohadeseh Haji Abdolvahab, Mohammad Zarei",Reviews in medical virology. 2022. doi: 10.1002/rmv.2404..,Nakhaie,Reviews in medical virology,2023,2022/11/04,,,10.1002/rmv.2404,"The multi-country outbreak of monkeypox virus (MPXV) infection, while the coronavirus disease 2019 pandemic is still an ongoing issue, has caused a new challenge. The re-emergence of MPXV and the rising incidence in non-endemic countries is turning into an upcoming threat to global health. Hence, rapid identification of the virus with appropriate methodology with the lowest false results plays a critical role in estimating the global extent of the crisis and providing preventive measures. This review summarised the main applicable strategies for primary detection and confirmation of MPXV and highlighted available data in biosafety, requirements, standard operating procedures, specimen collection, transportation and storage of clinical samples, and waste disposal of the viral agent. Also, various assays including molecular techniques, immunoassays, histopathological methods, electron microscopy, genomic sequencing, and cell culture have been illustrated. Moreover, we reflected on current knowledge of the advantages and disadvantages of each approach.",diagnosis; laboratory testing; monkeypox virus
38801568,"Monkeypox: Past, Present, and Future.","Gulfaraz Khan, Nighat Perveen",Advances in experimental medicine and biology. 2024. doi: 10.1007/978-3-031-57165-7_1..,Khan,Advances in experimental medicine and biology,2024,2024/01/01,,,10.1007/978-3-031-57165-7_1,"Monkeypox (Mpox) is a zoonotic disease caused by a virus (monkeypox virus-MPV) belonging to the Poxviridae family. In humans, the disease has an incubation period of 5-21 days and then progresses in two phases, the prodromal phase and the rash phase. The prodromal phase is characterized by non-specific symptoms such as fever, muscle pain, malaise, lymphadenopathy, headache, and chills. Skin lesions appear in the rash phase of the disease. These lesions progress through different stages (macules, papules, vesicles, and pustules). In May 2022, WHO reported an outbreak of human Mpox in several countries which were previously Mpox-free. As per the CDC report of March 01, 2023, a total of 86,231 confirmed cases of Mpox and 105 deaths have been reported from 110 countries and territories across the globe. Notably, more than 90% of these countries were reporting Mpox for the first time. The phylogenetic analysis revealed that this outbreak was associated with the virus from the West African clade. However, most of the cases in this outbreak had no evidence of travel histories to MPV-endemic countries in Central or West Africa. This outbreak was primarily driven by the transmission of the virus via intimate contact in men who have sex with men (MSM). The changing epidemiology of Mpox raised concerns about the increasing spread of the disease in non-endemic countries and the urgent need to control and prevent it. In this chapter, we present all the documented cases of Mpox from 1970 to 2023 and discuss the past, present, and future of MPV.",Distribution; Epidemiology; MPV strains; Monkeypox; Monkeypox virus; Prevalence; Transmission
37203020,Ophthalmic manifestations of monkeypox infection.,"Bharat Gurnani, Kirandeep Kaur, Sameer Chaudhary, Harinikrishna Balakrishnan",Indian journal of ophthalmology. 2023. doi: 10.4103/ijo.IJO_2032_22..,Gurnani,Indian journal of ophthalmology,2023,2023/05/01,,,10.4103/ijo.IJO_2032_22,"After the global COVID-19 pandemic, there has been an alarming concern with the monkeypox (mpox) outbreak, which has affected more than 110 countries worldwide. Monkeypox virus is a doublestranded DNA virus of the genus Orthopox of the Poxviridae family, which causes this zoonotic disease. Recently, the mpox outbreak was declared by the World Health Organization (WHO) as a public health emergency of international concern (PHEIC). Monkeypox patients can present with ophthalmic manifestation and ophthalmologists have a role to play in managing this rare entity. Apart from causing systemic involvement such as skin lesions, respiratory infection and involvement of body fluids, Monkeypox related ophthalmic disease (MPXROD) causes varied ocular manifestations such as lid and adnexal involvement, periorbital and lid lesion, periorbital rash, conjunctivitis, blepharocounctivitis and keratitis. A detailed literature review shows few reports on MPXROD infections with limited overview on management strategies. The current review article is aimed to provide the ophthalmologist with an overview of the disease with a spotlight on ophthalmic features. We briefly discuss the morphology of the MPX, various modes of transmission, an infectious pathway of the virus, and the host immune response. A brief overview of the systemic manifestations and complications has also been elucidated. We especially highlight the detailed ophthalmic manifestations of mpox, their management, and prevention of vision threatening sequelae.",Conjunctivitis; keratitis; monkeypox; public health emergency; zoonosis
40178288,Bispecific antibodies targeting MPXV A29 and B6 demonstrate efficacy against MPXV infection.,"Mengjun Li, Jiayin Chen, Fungxiang Wang, Jiahua Kuang, Yun Peng, Sadia Asghar, Wei Zhao, Yang Yang, Chenguang Shen",Journal of virology. 2025. doi: 10.1128/jvi.02320-24..,Li,Journal of virology,2025,2025/04/03,,,10.1128/jvi.02320-24,"Recently, the monkeypox virus (MPXV) outbreak was once again declared by the World Health Organization as a global health emergency, and currently, there is no specific drug against MPXV. During the replication cycle, MPXV produces two distinct forms of viral particles: extracellular enveloped virus (EEV), released via exocytosis, and intracellular mature virus (IMV), expelled through host cell lysis. A29 and B6 proteins are membrane proteins found on the IMV and EEV viral particles, respectively. This study designed two different bispecific antibodies (bsAbs) targeting specific antigens of the MPXV: the developed bsAb 9F8-3A1 targets two non-competitive binding epitopes on the MPXV protein A29, while bsAb 9F8-7C9 targets different antigen-binding epitopes on both A29 and B6. The in vitro and in vivo characterization assays demonstrated that the bsAbs provided complete protection against three poxvirus strains: vaccinia virus (VACV) Tiantan, VACV Western Reserve (VACV WR), and MPXV, surpassing the efficacy of all the parental monoclonal antibodies. Notably, the bsAb 9F8-7C9 exhibited the most effective antiviral activity. In vivo pharmacokinetic experiments showed that these two bsAbs have long half-lives in rhesus macaques. In conclusion, this study successfully developed two bispecific antibodies that target different epitopes, providing crucial insights for the development of decent antiviral drugs against MPXV and other orthopoxviruses.IMPORTANCEMpox is a viral zoonotic disease caused by MPXV infection. Since 2022, cases of mpox have been reported in non-endemic countries. The number of infections and deaths continues to rise, posing a serious threat to global health and safety. Currently, there are no specific treatments for mpox, making the development of effective therapeutic options urgent. In recent years, antibody-based drugs have been extensively studied for the treatment of various significant human viruses. However, there is a lack of research on therapeutic monoclonal antibodies for mpox, particularly in the development and application of bsAbs. In this context, we have designed effective bsAbs that demonstrate high antiviral activity both in vitro and in vivo. This research provides a theoretical foundation for the development of specific therapeutic agents for mpox and offers new approaches for clinical treatment, which is crucial for controlling the current outbreak.",MPXV; antiviral activity; bispecific antibody; non-competitive epitopes
40536397,Monkeypox virus induces ferroptosis to facilitate viral replication and promotes inflammatory responses.,"Xia Chuai, Yuping Wang, Chen Wang, Tianxi Ye, Xiaofan Shen, Jinge Zhou, Kaiyue Zhang, Baoxin Zhao, Yan Wu, Wujian Li, Zhigang Cai, Sandra Chiu",Emerging microbes & infections. 2025. doi: 10.1080/22221751.2025.2522877..,Chuai,Emerging microbes & infections,2025,2025/07/07,,,10.1080/22221751.2025.2522877,"Ferroptosis is an iron-dependent form of programmed cell death, which is characterized by iron overload and accumulation of lipid peroxidation. As a newly identified type of cell death, its involvement in poxvirus infection and pathogenesis remains unclear. Since MPXV shares biological and pathogenic similarities with other poxviruses, such as vaccinia virus (VACV), we used VACV-infected cell and mouse models to demonstrate that VACV infection induces ferroptosis both in vitro and in vivo. Inhibition of ferroptosis significantly reduce virus replication and alleviates the inflammatory response. Additionally, we observed that VACV infection upregulates prostaglandin-endoperoxide synthase 2 (PTGS2), which contributes to virus-triggered ferroptosis and inflammation. This study identifies a novel form of cell death triggered by poxvirus infection, shedding light on host-pathogen interactions and offering a potential therapeutic target for MPXV and other Orthopoxviruses.",MPXV; PTGS2; ferroptosis; inflammatory responses; virus replication
37792954,An mpox virus mRNA-lipid nanoparticle vaccine confers protection against lethal orthopoxviral challenge.,"Alec W Freyn, Caroline Atyeo, Patricia L Earl, Jeffrey L Americo, Gwo-Yu Chuang, Harini Natarajan, Tiffany R Frey, Jason G Gall, Juan I Moliva, Ruth Hunegnaw, Guha Asthagiri Arunkumar, Clinton O Ogega, Arshan Nasir, Genesis Santos, Rafael H Levin, Anusha Meni, Patricia A Jorquera, Hamilton Bennett, Joshua A Johnson, Michael A Durney, Guillaume Stewart-Jones, Jay W Hooper, Tonya M Colpitts, Galit Alter, Nancy J Sullivan, Andrea Carfi, Bernard Moss",Science translational medicine. 2023. doi: 10.1126/scitranslmed.adg3540..,Freyn,Science translational medicine,2023,2023/10/04,,,10.1126/scitranslmed.adg3540,"Mpox virus (MPXV) caused a global outbreak in 2022. Although smallpox vaccines were rapidly deployed to curb spread and disease among those at highest risk, breakthrough disease was noted after complete immunization. Given the threat of additional zoonotic events and the virus's evolving ability to drive human-to-human transmission, there is an urgent need for an MPXV-specific vaccine that confers protection against evolving MPXV strains and related orthopoxviruses. Here, we demonstrate that an mRNA-lipid nanoparticle vaccine encoding a set of four highly conserved MPXV surface proteins involved in virus attachment, entry, and transmission can induce MPXV-specific immunity and heterologous protection against a lethal vaccinia virus (VACV) challenge. Compared with modified vaccinia virus Ankara (MVA), which forms the basis for the current MPXV vaccine, immunization with an mRNA-based MPXV vaccine generated superior neutralizing activity against MPXV and VACV and more efficiently inhibited spread between cells. We also observed greater Fc effector TH1-biased humoral immunity to the four MPXV antigens encoded by the vaccine, as well as to the four VACV homologs. Single MPXV antigen-encoding mRNA vaccines provided partial protection against VACV challenge, whereas multivalent vaccines combining mRNAs encoding two, three, or four MPXV antigens protected against disease-related weight loss and death equal or superior to MVA vaccination. These data demonstrate that an mRNA-based MPXV vaccine confers robust protection against VACV.","[MeSH] Humans; [MeSH] Monkeypox virus; [MeSH] Vaccinia virus; [MeSH] Smallpox Vaccine; [MeSH] Viral Vaccines; [MeSH] Antigens, Viral; [MeSH] RNA, Messenger; [MeSH] Mpox, Monkeypox; [MeSH] Liposomes; [MeSH] Nanoparticles"
36161803,Reemergence of monkeypox: prevention and management.,"Sahaya Nadar, Tabassum Khan, Abdelwahab Omri",Expert review of anti-infective therapy. 2022. doi: 10.1080/14787210.2022.2128763..,Nadar,Expert review of anti-infective therapy,2022,2022/09/30,,,10.1080/14787210.2022.2128763,"INTRODUCTION: The reemergence of monkeypox virus in the twenty-first century, calls for an urgency in its control and preventive measures. There is a long-standing concern that the reemergence of monkeypox across countries could lead to another epidemic like the COVID-19 pandemic. Understanding the disease ecology, preventing its transmission could help curbing its spread. The established treatment protocols along with development of new antiviral agents and vaccines could play a pivotal role in controlling its transmission. AREAS COVERED: In this review, we summarize the different modes of transmission of this disease, the associated symptoms, the standard protocol of treatment, the available vaccines and use of alternative treatments. We have collated recent research on novel entities that could potentially treat monkeypox infection. EXPERT OPINION: The One Health approach fostered by the World Health Organization (WHO) for emergent and reemerging zoonotic diseases has to be implemented with a view to curb their transmission. The growing global population and increased inter-country travel has led to rapid spread of transmissible pathogens. Stigmatization, associated with lack of knowledge can be prevented by enhancing awareness campaigns. Vaccines need to be administered to high-risk individuals, and drug discovery efforts need to be intensified to combat such diseases.",Monkeypox; antibodies; antiviral agents; herbs; therapeutics; vaccines
35953443,Therapeutic strategies to address monkeypox.,Matthew W McCarthy,Expert review of anti-infective therapy. 2022. doi: 10.1080/14787210.2022.2113058..,McCarthy,Expert review of anti-infective therapy,2022,2022/08/17,,,10.1080/14787210.2022.2113058,"INTRODUCTION: Monkeypox is a viral zoonosis, with symptoms similar to those seen in smallpox patients, although the clinical presentation may be less severe. Until recently, human monkeypox infection was rare, and primarily occurred in Central and West Africa. AREAS COVERED: An international outbreak began in May 2022, and monkeypox has now been detected on every continent except Antarctica. The first recognized case from the current outbreak was confirmed in the United Kingdom on 6 May 2022, in an adult with travel links to Nigeria, but it has been suggested that cases had been spreading in Europe for months. On 23 July 2022 the Director-General of the World Health Organization declared the monkeypox outbreak a public health emergency of international concern. EXPERT OPINION: There are no treatments specifically for monkeypox virus infections. However, monkeypox and smallpox viruses are genetically similar, and therapeutics developed to combat smallpox may be used to treat monkeypox. This manuscripts reviews what is known about these potential treatments, including tecovirimat and brincidofovir, based on a literature search of PubMed through 9 August 2022, and explores how these therapeutics may be used in the future to address the expanding monkeypox pandemic.",Monkeypox; brincidofovir; sars-cov-2; smallpox; tecovirimat
39361760,Africa aims to avert an mpox pandemic.,"Nicaise Ndembi, Salim S Abdool Karim","Science (New York, N.Y.). 2024. doi: 10.1126/science.adt4793..",Ndembi,"Science (New York, N.Y.)",2024,2024/10/03,,,10.1126/science.adt4793,"Last month, when the world's most populus country, India, reported its first case of the new, highly transmissible clade Ib mpox variant, the challenge of containing the virus was once again evident. Only a few weeks before that in August, the World Health Organization (WHO) and the Africa Centres for Disease Control and Prevention (Africa CDC) declared mpox a public health emergency in response to its spread in Africa. Since then, cases of clade Ib mpox have been reported in Sweden, Thailand, and Pakistan. Although mpox is not yet a global pandemic, the new variant may tip the scales in that direction if the world does not act quickly to mitigate its spread in Africa.","[MeSH] Humans; [MeSH] Africa; [MeSH] Mpox, Monkeypox; [MeSH] Pandemics; [MeSH] Thailand; [MeSH] Smallpox Vaccine"
36229989,The re-emerging monkeypox disease.,"Vincent Kipkorir, Arkadeep Dhali, Bahadar Srichawla, Simhachalam Kutikuppala, Madeleine Cox, Dennis Ochieng, Fiona Nyaanga, Mihnea Alexandru Găman",Tropical medicine & international health : TM & IH. 2022. doi: 10.1111/tmi.13821..,Kipkorir,Tropical medicine & international health : TM & IH,2022,2022/10/13,,,10.1111/tmi.13821,"BACKGROUND: On 7th May 2022, human monkeypox was identified in the United Kingdom, a non-endemic zone, with subsequent multi-country outbreaks. About 6 weeks later, the European Centre for Disease Prevention and Control reported 1158 confirmed cases in non-endemic countries scattered within the European Economic Area (EEA), and a total of 1882 cases confirmed worldwide, inclusive of the EEA. These numbers are expected to increase with high alert and amplified surveillance established in non-endemic regions. In light of a looming epidemic, current understanding of the virus, and identification of gaps in the literature remain critical hence warranting a scoping review of available literature. METHODS: Literature searches were performed through PubMed, SCOPUS, ScienceDirect and Hinari to identify studies eligible for inclusion in accordance with PRISMA guidelines. RESULTS: Seventy-seven articles were included in the review. Majority of the cases were from the Central African clade (n = 29,905) versus the West African clade (n = 252). 6/16 articles that reported vaccination status stated that none of the cases were vaccinated. In the remaining articles, approximately 80%-96% cases were unvaccinated. It was noted that 4%-21% of the vaccinated individuals got infected. The secondary attack rate ranged from 0% to 10.2%, while the calculated pooled estimated case fatality rate was 8.7%. CONCLUSION: This scoping review provides an extensive look at our current understanding on monkeypox disease. Further studies are needed to better understand its risk factors, genetics and natural history, in order for public health strategists to generate prevention strategies and management decisions.",epidemic; human monkeypox disease; infectious disease; re-emerging diseases
35760647,The 2022 outbreak and the pathobiology of the monkeypox virus.,"Narendra Kumar, Arpan Acharya, Howard E Gendelman, Siddappa N Byrareddy",Journal of autoimmunity. 2022. doi: 10.1016/j.jaut.2022.102855..,Kumar,Journal of autoimmunity,2022,2022/06/25,,,10.1016/j.jaut.2022.102855,"Following two reports of monkeypox virus infection in individuals who returned from Nigeria to the USA, one who returned to Texas (July 2021) and the other to the Washington, DC area (November 2021), the number of monkeypox infection have dramatically increased. This sounded an alarm of potential for spreading of the virus throughout the USA. During 2022, there was a report of monkeypox virus infection (May 6, 2022) in a British national following a visit to Nigeria who developed readily recognizable signs and symptoms of monkeypox virus infection. Soon following this report, case numbers climbed. By June 10, 2022, more than 1,500 cases were reported in 43 countries, including Europe and North America. While the prevalence of the monkeypox virus is well known in central and western Africa, its presence in the developed world has raised disturbing signs for worldwide spread. While infection was reported during the past half-century, starting in the Democratic Republic of Congo in 1970, in the United States, only sporadic monkeypox cases have been reported. All cases have been linked to international travel or through African animal imports. The monkeypox virus is transmitted through contact with infected skin, body fluids, or respiratory droplets. The virus spreads from oral and nasopharyngeal fluid exchanges or by intradermal injection; then rapidly replicates at the inoculation site with spreads to adjacent lymph nodes. Monkeypox disease begins with constitutional symptoms that include fever, chills, headache, muscle aches, backache, and fatigue. Phylogenetically the virus has two clades. One clade emerged from West Africa and the other in the Congo Basin of Central Africa. During the most recent outbreak, the identity of the reservoir host or the primary carriage remains unknown. African rodents are the suspected intermediate hosts. At the same time, the Centers for Disease Control (CDC) affirmed that there are no specific treatments for the 2022 monkeypox virus infection; existing antivirals shown to be effective against smallpox may slow monkeypox spread. A smallpox vaccine JYNNEOS (Imvamune or Imvanex) may also be used to prevent infection. The World Health Organization (WHO), has warned that the world could be facing a formidable infectious disease challenge in light of the current status of worldwide affairs. These affairs include the SARS-COVID-19 pandemic and the Ukraine-Russia war. In addition, the recent rise in case of numbers worldwide could continue to pose an international threat. With this in mind, strategies to mitigate the spread of monkeypox virus are warranted.",Antiviral therapies; Monkeypox outbreak 2022; Prevention; Transmission; Viral pathogenesis
36961984,An Overview of Antivirals against Monkeypox Virus and Other Orthopoxviruses.,"Jun Wang, Md Shahed-Ai-Mahmud, Angelo Chen, Kan Li, Haozhou Tan, Ryan Joyce",Journal of medicinal chemistry. 2023. doi: 10.1021/acs.jmedchem.3c00069..,Wang,Journal of medicinal chemistry,2023,2023/03/24,,,10.1021/acs.jmedchem.3c00069,"The current monkeypox outbreaks during the COVID-19 pandemic have reignited interest in orthopoxvirus antivirals. Monkeypox belongs to the Orthopoxvirus genus of the Poxviridae family, which also includes the variola virus, vaccinia virus, and cowpox virus. Two orally bioavailable drugs, tecovirimat and brincidofovir, have been approved for treating smallpox infections. Given their human safety profiles and in vivo antiviral efficacy in animal models, both drugs have also been recommended to treat monkeypox infection. To facilitate the development of additional orthopoxvirus antivirals, we summarize the antiviral activity, mechanism of action, and mechanism of resistance of orthopoxvirus antivirals. This perspective covers both direct-acting and host-targeting antivirals with an emphasis on drug candidates showing in vivo antiviral efficacy in animal models. We hope to speed the orthopoxvirus antiviral drug discovery by providing medicinal chemists with insights into prioritizing proper drug targets and hits for further development.","[MeSH] Animals; [MeSH] Humans; [MeSH] Orthopoxvirus; [MeSH] Monkeypox virus; [MeSH] Antiviral Agents; [MeSH] Mpox, Monkeypox; [MeSH] Pandemics; [MeSH] COVID-19; [MeSH] Variola virus"
37043267,"Monkeypox virus: phylogenomics, host-pathogen interactome and mutational cascade.","Roshan Kumar, Shekhar Nagar, Shazia Haider, Utkarsh Sood, Kalaiarasan Ponnusamy, Gauri Garg Dhingra, Shailly Anand, Ankita Dua, Mona Singh, Roushan Kumar, Manisha Sengar, Indrakant Kumar Singh, Rup Lal",Microbial genomics. 2023. doi: 10.1099/mgen.0.000987..,Kumar,Microbial genomics,2023,2023/04/01,,,10.1099/mgen.0.000987,"While the world is still recovering from the Covid-19 pandemic, monkeypox virus (MPXV) awaits to cause another global outbreak as a challenge to all of mankind. However, the Covid-19 pandemic has taught us a lesson to speed up the pace of viral genomic research for the implementation of preventive and treatment strategies. One of the important aspects of MPXV that needs immediate insight is its evolutionary lineage based on genomic studies. Utilizing high-quality isolates from the GISAID (Global Initiative on Sharing All Influenza Data) database, primarily sourced from Europe and North America, we employed a SNP-based whole-genome phylogeny method and identified four major clusters among 628 MPXV isolates. Our findings indicate a distinct evolutionary lineage for the first MPXV isolate, and a complex epidemiology and evolution of MPXV strains across various countries. Further analysis of the host-pathogen interaction network revealed key viral proteins, such as E3, SPI-2, K7 and CrmB, that play a significant role in regulating the network and inhibiting the host's cellular innate immune system. Our structural analysis of proteins E3 and CrmB revealed potential disruption of stability due to certain mutations. While this study identified a large number of mutations within the new outbreak clade, it also reflected that we need to move fast with the genomic analysis of newly detected strains from around the world to develop better prevention and treatment methods.",MPXV; host–protein interaction; mutations; orthopoxvirus; phylogeny
39188013,Vaccines against mpox: MVA-BN and LC16m8.,"John D Grabenstein, Adam Hacker",Expert review of vaccines. 2024. doi: 10.1080/14760584.2024.2397006..,Grabenstein,Expert review of vaccines,2024,2024/09/01,,,10.1080/14760584.2024.2397006,"INTRODUCTION: Global outbreaks involving mpox clade IIb began in mid-2022. Today, clade IIb and clade I outbreaks continue. Reliable mpox vaccines can prevent serious mpox disease and death. AREAS COVERED: Globally, two vaccines hold mpox indications, regardless of mpox viral clade: MVA-BN (Bavarian Nordic) and LC16m8 (KM Biologics). This review summarizes the human and pivotal animal data establishing safety and efficacy for MVA-BN and LC16m8, including real-world evidence gathered during mpox outbreaks from 2022 through 2024. EXPERT OPINION: Some regulatory decisions for MVA-BN and LC16m8 followed pathways based on surrogate outcomes, including lethal-challenge studies in nonhuman primates, among other atypical aspects. Nonetheless, MVA-BN and LC16m8 hold unencumbered registration in multiple countries. Effectiveness of MVA-BN as primary preventive vaccination (PPV) in humans against clade IIb mpox is clear from real-world studies; effectiveness of LC16m8 against clade IIb is likely from surrogate endpoints. Effectiveness of MVA-BN and LC16m8 as PPV against more-lethal clade I is likely, based on animal-challenge studies with multiple orthopoxvirus species and other studies. Both vaccines have solid safety records. MVA-BN's replication incompetence favors adoption, whereas LC16m8 has more pediatric data. Additional real-world evidence, in additional geographic settings and special populations (e.g. pregnancy, immune suppression, atopic dermatitis), is needed.",LC16m8; modified vaccinia Ankara; monkeypox virus; mpox; prevention; vaccine; vaccinia virus
37269693,Human monkeypox virus in the shadow of the COVID-19 pandemic.,"Almu'atasim Khamees, Sajeda Awadi, Khayry Al-Shami, Hayat Abu Alkhoun, Sharaf F Al-Eitan, Ahmad Malek Alsheikh, Ahmad Saeed, Raed M Al-Zoubi, Mazhar Salim Al Zoubi",Journal of infection and public health. 2023. doi: 10.1016/j.jiph.2023.05.013..,Khamees,Journal of infection and public health,2023,2023/05/13,,,10.1016/j.jiph.2023.05.013,"BACKGROUND: The end of smallpox in 1980 and the subsequent stopping of vaccination against smallpox was followed by the emergence of monkeypox (mpox), a viral disease of animal origin, meaning that it is transmitted from animal to human. The symptoms of mpox are similar to smallpox, except that they are less severe in terms of clinical features. In the case of public health, the mpox virus is one of the most important orthopoxviruses (such as variola, cowpox, and vaccinia) that come from the family Poxviridae. Mpox occurs mostly in central Africa and sometimes in tropical rainforests or some urban areas. Also, there are threats other than COVID-19, that must be addressed and prevented from spreading, as there has been an outbreak of mpox cases since May 7, 2022, throughout the USA, Europe, Australia, and part of Africa. OBJECTIVES: In this review, we will discuss mpox between the past, the present and during the COVID-19 pandemic. Also, it offers an updated summary of the taxonomy, etiology, transmission, and epidemiology of mpox illness. In addition, the current review aims to highlight the importance of emerging pandemics in the same era such as mpox and COVID-19. METHODS: A literature search was done for the study using online sources like PubMed and Google Scholar. Publications in English were included. Data for study variables were extracted. After the duplicate articles were eliminated, full-text screening was performed on the papers' titles and abstracts. RESULTS: The evaluation included a series documenting mpox virus outbreaks, and both prospective and retrospectiveinvestigations. CONCLUSIONS: monkeypox is a viral disease caused by the monkeypox virus (MPXV), which is primarily found in central and western Africa. The disease is transmitted from animals to humans and presents symptoms similar to those of smallpox, including fever, headache, muscle aches, and a rash. Monkeypox can lead to complications such as secondary integument infection, bronchopneumonia, sepsis, and encephalitis, as well as corneal infection that can result in blindness. There is no specific clinically proven treatment for monkeypox, and treatment is primarily supportive. However, antiviral drugs and vaccines are available for cross-protection against the virus, and strict infection control measures and vaccination of close contacts of affected individuals can help prevent and control outbreaks.",COVID-19; Infectious diseases; Mpox; Outbreak; Smallpox
41069196,Pathogenicity and contact transmissibility of clade IIb MPXV in African dormice.,"Xiaohan Wang, Lina Liu, Manlin He, Shaowen Shi, Xiaoxuan Nie, Yongyang Sun, Wenhao Ren, Yuxing Wang, Yongzhe Zhang, Huanjie Han, Zhenjun Wang, Zirui Liu, Chao Shang, Qiwei Jiang, Zhendong Guo, Jianke Wang, Changbo Ou, Xiao Li, Zongzheng Zhao",Emerging microbes & infections. 2025. doi: 10.1080/22221751.2025.2567409..,Wang,Emerging microbes & infections,2025,2025/10/10,,,10.1080/22221751.2025.2567409,"The global outbreak of monkeypox virus (MPXV) in 2022 raised widespread scientific concern regarding potential changes in its biological characteristics. In this study, we conducted research on the pathogenicity and transmissibility of the currently circulating MPXV Clade IIb strain. Dormice were infected via intranasal (I.N.) inoculation with MPXV at three different doses: 103.5, 104.5 and 105.5 TCID50, respectively. Body weight changes, survival rates, viral loads in various tissues, we monitored the pathological changes in lung tissues and evaluated the transmissibility of the virus among dormice through direct contact with infected dormouse mice or exposure to contaminated fomites. The results showed that higher infection doses of MPXV infection in dormice led to more severe the weight loss and mortality rate, broader tissue distribution, and greater viral replication, indicating a positive correlation between MPXV pathogenicity and infection dose. Furthermore, infected dormice successfully transmitted MPXV to co-housed naïve animals, and indirect exposure to contaminated objects also resulted in infection. These findings suggest that MPXV can be transmitted through both direct contact with infected individuals and contaminated surfaces. This study enhances our understanding of the pathogenic and transmission characteristics of the MPXV strain responsible for the 2022 outbreak and provides valuable insights for MPXV prevention and control efforts.",African dormice; MPXV; direct transmission; fomite transmission; pathogenicity
36084787,Monkeypox and pregnancy.,"Ana Carvajal, Paulino Vigil-De Gracia",American journal of obstetrics & gynecology MFM. 2022. doi: 10.1016/j.ajogmf.2022.100746..,Carvajal,American journal of obstetrics & gynecology MFM,2022,2022/09/06,,,10.1016/j.ajogmf.2022.100746,"In May 2022, the World Health Organization reported an emerging global outbreak of monkeypox virus infection. Clinical manifestations of monkeypox allow us to quickly suspect the disease. Until now, no pregnant women infected with this virus have been reported; however, because of its speed of spread worldwide, it is possible that we will soon observe such cases. Thus, it is necessary for obstetrician-gynecologists to know the disease, its clinical manifestations, and the experiences reported in the few previous cases in pregnant women.",miscarriage; monkeypox virus; pregnancy; premature delivery; stillbirth
37200498,"[Monkeypox: the other pandemic, the other challenge].","David Alejandro Cabrera-Gaytán, Liliana Angélica Alfaro-Martínez",Revista medica del Instituto Mexicano del Seguro Social. 2023. doi: 10.2471/BLT.19.242347..,Cabrera-Gaytán,Revista medica del Instituto Mexicano del Seguro Social,2023,2023/03/01,,,10.2471/BLT.19.242347,"Since the emergence of monkeypox in Europe, this disease has gradually spread throughout the rest of the world. In Mexico, epidemiological notices have been issued with the main guidelines to follow in terms of epidemiological surveillance and official figures have been published regularly on a microsite weeks after the first cases. These sources of information were reviewed and analyzed, based on which observations are issued, in addition to other relevant publications on the subject, with the interest of reinforcing the surveillance of this disease in the country.",Epidemiological Monitoring: Polymerase Chain Reaction; Monkeypox; Poxviridae Infections; Virus Diseases
38325363,"Concurrent Clade I and Clade II Monkeypox Virus Circulation, Cameroon, 1979-2022.","Delia D Djuicy, Serge A Sadeuh-Mba, Chanceline N Bilounga, Martial G Yonga, Jules B Tchatchueng-Mbougua, Gael D Essima, Linda Esso, Inès M E Nguidjol, Steve F Metomb, Cornelius Chebo, Samuel M Agwe, Placide A Ankone, Firmin N N Ngonla, Hans M Mossi, Alain G M Etoundi, Sara I Eyangoh, Mirdad Kazanji, Richard Njouom",Emerging infectious diseases. 2024. doi: 10.3201/eid3003.230861..,Djuicy,Emerging infectious diseases,2024,2024/02/07,,,10.3201/eid3003.230861,"During 1979-2022, Cameroon recorded 32 laboratory-confirmed mpox cases among 137 suspected mpox cases identified by the national surveillance network. The highest positivity rate occurred in 2022, indicating potential mpox re-emergence in Cameroon. Both clade I (n = 12) and clade II (n = 18) monkeypox virus (MPXV) were reported, a unique feature of mpox in Cameroon. The overall case-fatality ratio of 2.2% was associated with clade II. We found mpox occurred only in the forested southern part of the country, and MPXV phylogeographic structure revealed a clear geographic separation among concurrent circulating clades. Clade I originated from eastern regions close to neighboring mpox-endemic countries in Central Africa; clade II was prevalent in western regions close to West Africa. Our findings suggest that MPXV re-emerged after a 30-year lapse and might arise from different viral reservoirs unique to ecosystems in eastern and western rainforests of Cameroon.",Cameroon; Central Africa; MPXV; Mpox; West Africa; clade I; clade II; concurrent circulation; epidemiology; forest; geographic segregation; monkeypox virus; surveillance; surveillance system; viruses; zoonoses
38226405,Update on monkeypox virus infection: Focusing current treatment and prevention approaches.,"Rishika Dhapola, Sneha Kumari, Prajjwal Sharma, Pramod KumarKushawaha, Dibbanti HariKrishnaReddy",Fundamental & clinical pharmacology. 2024. doi: 10.1111/fcp.12980..,Dhapola,Fundamental & clinical pharmacology,2024,2024/01/16,,,10.1111/fcp.12980,"BACKGROUND: While the world is still facing the global pandemic COVID-19, another zoonosis monkeypox (Mpox) has emerged posing a great threat to society. Insight into the pathogenesis, symptoms, and management strategies will aid in the development of potent therapeutics for the treatment of monkeypox virus infection. OBJECTIVES: To get insight into the current treatment and prevention strategies will aid in effectively coping with the disease. METHODS: For obtaining information regarding the ongoing treatment and prevention strategies and the drugs under pipeline, we referred to Google Scholar, Pub Med, Pub Chem, and WHO official site. RESULTS: There are a few drugs that came out to be effective for the treatment of Mpox. Tecovirimat acts by inhibiting viral replication and viral wrapping. Another drug is cidofovir, which hinders the activity of viral DNA polymerase but has the drawback of nephrotoxicity. To overcome this, a conjugate of cidofovir is being used-known as brincidofovir-which has a similar mechanism as cidofovir but lesser toxicity. Ribavirin acts via inhibiting inosine monophosphate dehydrogenase (IMPDPH) thus disrupting viral translation. It also interferes with helicase activity. Tiazofurin, Adenosine N1 oxide, and HPMPA have shown efficacy in in-vitro studies by inhibiting IMPDH, DNA polymerase, and viral mRNA translation respectively. In-silico studies have proven the effect of nilotinib, simeprevir, and dihydroergotamine for Mpox treatment. They have shown binding affinity for proteins required for the growth and release of MPXV. Vaccines have also been employed for the prevention of Mpox, which includes JYNNEOS, ACAM2000, and VIGIV. CONCLUSION: This review highlights the pathogenesis of the virus, disease manifestations, drugs, and vaccines that are being used and those under pipeline for the treatment and prevention of Mpox.",drugs; in‐silico; monkeypox; pathogenesis; preclinical; vaccines
39927376,Navigating monkeypox: identifying risks and implementing solutions.,"Suhita Aryaloka, Aswin Rafif Khairullah, Muhammad Khaliim Jati Kusala, Ima Fauziah, Nanik Hidayatik, Muhammad Agil, M Gandul Atik Yuliani, Arindita Niatazya Novianti, Ikechukwu Benjamin Moses, Muhammad Thohawi Elziyad Purnama, Syahputra Wibowo, Kartika Afrida Fauzia, Ricadonna Raissa, Abdul Hadi Furqoni, Mo Awwanah, Katty Hendriana Priscilia Riwu",Open veterinary journal. 2024. doi: 10.5455/OVJ.2024.v14.i12.1..,Aryaloka,Open veterinary journal,2024,2024/12/31,,,10.5455/OVJ.2024.v14.i12.1,"Monkeypox is a zoonotic disease caused by the orthopox virus, a double-stranded DNA virus that belongs the Poxviridae virus family. It is known to infect both animals (especially monkeys and rodents) and humans and causes a rash similar to smallpox. Humans can become infected with monkeypox virus (MPXV) when they get in close contact with infected animals (zoonotic transmission) or other infected people (human-human transmission) through their body fluids such as mucus, saliva, or even skin sores. Frequently observed symptoms of this disease include fever, headaches, muscle aches, and a rash that initially looks like a tiny bump before becoming a lump that is filled with fluid. Monkeypox symptoms also include an incubation period of 5-21 days, divided into prodromal and eruption phases. Several contributing factors, such as smallpox vaccine discontinuation, widespread intake of infected animal products as a source of protein, and high population density, amongst others, have been linked to an increase in the frequency of monkeypox outbreaks. The best course of action for diagnosing individuals who may be suffering from active monkeypox is to collect a sample of skin from the lesion and perform PCR molecular testing. Monkeypox does not presently have a specific therapy; however, supportive care can assist in managing symptoms, such as medication to lower body temperature and pain. Three major orthopoxvirus vaccines have been approved to serve as a preventive measure against monkeypox: LC16, JYNNEOS, and ACAM2000. The discovery that the monkeypox outbreak is communicable both among humans and within a population has sparked new public health worries on the possibility of the outbreak of another viral pandemic. Research and studies are still being conducted to gain a deeper understanding of this zoonotic viral disease. This review is therefore focused on deciphering monkeypox, its etiology, pathogenesis, transmission, risk factors, and control.",Monkeypox; Public health; Viral disease; Virus; Zoonosis
40156486,"Clinical, Epidemiological, Virological Characteristics and Outcomes of 286 Patients Infected With Monkeypox Virus in China.","Hankun Hu, Yang Zheng, Lianguo Ruan, Yamin Liu, Yeqing Tong, Yaokai Chen, Ke Liang, Li Zhou, Wu Chen, Yixin Hu, Wei Song, Feng Lv, Yaodong Ping, Kaiwen Fang, Nan Zhang, Hongxia Wei, Cezmi A Akdis, Ping Ma, Yadong Gao",Allergy. 2025. doi: 10.1111/all.16540..,Hu,Allergy,2025,2025/03/29,,,10.1111/all.16540,"BACKGROUND: Monkeypox virus (mpox) outbreak since 2022 has already constituted a public health emergency of international concern. A comprehensive study on epidemiological features, symptoms and signs, complications, sequelae, and clinical outcomes has been lacking. Accordingly, we performed a large-scale multicenter study to comprehensively summarize the clinical, epidemiological, behavioral, laboratory, virological characteristics, and treatment-related outcomes of mpox in China. METHOD: In this multicenter hospital-based retrospective study, demographic information, clinical characteristics, laboratory results, hospitalization records, prescribed medications, and clinical outcomes were extracted from the electronic medical records of 286 confirmed mpox cases from five regions of China. RESULT: An approximately 1:1 ratio of HIV-positive (52.1%) and HIV-negative was found, with an overall median age of 32 years (IQR 27-37). Most patients were male (99.3%), lived in urban areas (86.0%), single (72.6%), and had a college degree or higher (62.0%). Men having sex with men (MSM) was the predominant sexual orientation (83.0%), and sexual contact was the most likely mode of exposure (85.4%). 17 (9.6%) patients reported a history of smallpox vaccination. Hundered and seven patients had at least one co-morbid other sexually transmitted infection. Fourteen patients had a self-reported history of allergy. Significant differences were found between HIV-negative and HIV-positive mpox in the proportion of MSM, anal and perianal pain, levels of AST, CRP, CD4+ T-cell, CD8+ T-cell, NK-cell levels, and clinical outcomes. CONCLUSION: MSM individuals with an interquartile age range of 27-37 years, particularly from coastal or developed regions of China, were identified as ""main affected population"" for mpox prevention and control. HIV infection may contribute to more severe mpox manifestations, characterized by elevated AST and CRP levels, reduced CD4 + T-cell and NK-cell counts, and unfavorable clinical outcomes with increased mortality.",China; HIV; Mpox (monkeypox); hospital‐based; multicenter
36311631,Monkeypox: Is the world ready for another pandemic?,"Usman Abubakar Haruna, Shuaibu Saidu Musa, Emery Manirambona, Don Eliseo Lucero-Prisno, Antonio Sarría-Santamera",Frontiers in public health. 2022. doi: 10.3389/fpubh.2022.1001155..,Haruna,Frontiers in public health,2022,2022/10/13,,,10.3389/fpubh.2022.1001155,"As the world continues to endure the impact of the COVID-19 pandemic, an outbreak of Monkeypox occurs and continues to spread unabatedly. The double-stranded DNA monkeypox virus is a sylvatic zoonosis, which occasionally infects humans and is a member of the genus Orthopoxviruses. Although scientists believed the virus to have low transmissibility, the speed and degree with which it spreads is alarming and could land one in a hospital or even kill one. Additionally, the fact that unusual transmissions are occurring among people without travel history to endemic regions suggests undetected transmissions, raising concerns about our preparedness for another pandemic. Contrary to the COVID-19 pandemic, there is a vaccine that could offer some protection against the monkeypox virus. Therefore, there is a need for coordinated efforts among authorities concerned and community-based organizations to raise awareness of the potential pandemic of monkeypox, activate surveillance systems and laboratory capacity, and heighten contact tracing and vaccination of at-risk individuals to stem the outbreak while there is still the opportunity to prevent it from becoming a pandemic.",endemic; monkeypox; pandemic; public health action; public health threat
39887004,Evolving Epidemiology of Mpox in Africa in 2024.,"Nicaise Ndembi, Morenike O Folayan, Allan Komakech, Kyeng Mercy, Sofonias Tessema, Placide Mbala-Kingebeni, Christian Ngandu, Ngashi Ngongo, Jean Kaseya, Salim S Abdool Karim",The New England journal of medicine. 2025. doi: 10.1056/NEJMoa2411368..,Ndembi,The New England journal of medicine,2025,2025/01/29,,,10.1056/NEJMoa2411368,"BACKGROUND: For decades after the identification of mpox in humans in the Democratic Republic of Congo (DRC) in 1970, the disease was largely confined to the rural areas of Central and West Africa and thus did not garner broad attention. On August 13, 2024, mpox was declared a Public Health Emergency of Continental Security (PHECS) by the Africa Centers for Disease Control and Prevention (Africa CDC), a notice that was followed the next day by a declaration of a Public Health Emergency of International Concern (PHEIC) by the World Health Organization. METHODS: In this study we analyzed all mpox cases and deaths, based on clinical or laboratory diagnosis, that were reported to the Africa CDC from January 1, 2022, to October 30, 2024, to identify temporal variations, geographic distributions, and epidemiologic trends. RESULTS: From January 1, 2022, to August 18, 2024, a total of 45,652 mpox cases were clinically diagnosed and laboratory-confirmed in 12 African countries. These cases resulted in 1492 deaths (case fatality rate, 3.3%). From 2022 to 2024, weekly laboratory-confirmed mpox cases increased by a factor of 2.8 (from 176 to 489 cases), whereas all weekly reported cases (including those with a clinical diagnosis) increased by a factor of 4.3 (from 669 to 2900 cases). The DRC, which had reported approximately 88% of mpox cases in Africa in 2024, had 19,513 cases before the emergency declaration, with a case fatality rate of 3.1% - a weekly average of 591 cases as compared with 281 in 2023. In 2024, six African countries reported their first imported mpox infections, with Burundi also reporting local transmission. CONCLUSIONS: The high mpox disease burden in Africa, especially in the DRC - with a rising number of cases, high case fatality rate, and high degree of spread to other previously mpox-free African countries - is cause for increased international concern. Case detection, contact tracing, public health measures, and affordable vaccines are needed to implement interventions in the DRC to reduce the risk of global spread of the virus.","[MeSH] Adolescent; [MeSH] Adult; [MeSH] Child; [MeSH] Female; [MeSH] Humans; [MeSH] Male; [MeSH] Young Adult; [MeSH] Africa; [MeSH] Disease Outbreaks; [MeSH] Mpox, Monkeypox; [MeSH] Monkeypox virus; [MeSH] Cost of Illness; [MeSH] Contact Tracing; [MeSH] Disease Notification; [MeSH] Age Factors"
35803753,Monkeypox and its pandemic potential: what the anaesthetist should know.,"Sumit R Chowdhury, Priyankar K Datta, Souvik Maitra",British journal of anaesthesia. 2022. doi: 10.1016/j.bja.2022.06.007..,Chowdhury,British journal of anaesthesia,2022,2022/07/06,,,10.1016/j.bja.2022.06.007,,brincidofovir; human monkeypox; infection prevention and control; intensive care unit; monkeypox virus; tecovirimat
36739643,Cardiovascular manifestations of monkeypox virus outbreak: An overview of the reported cases.,"Amr Ehab El-Qushayri, Abdelrahman G Tawfik, Hani Mahmoud-Elsayed",Heart & lung : the journal of critical care. 2023. doi: 10.1016/j.hrtlng.2023.01.012..,El-Qushayri,Heart & lung : the journal of critical care,2023,2023/02/03,,,10.1016/j.hrtlng.2023.01.012,"BACKGROUND: Monkeypox (Mpox) is a zoonotic DNA virus related to the orthopoxvirus family that causes also smallpox infection. OBJECTIVES: In this paper, we aimed to study the cardiovascular manifestations of Mpox. METHOD: A literature databases search was conducted on 20th October 2022 and limited to 2022 (the new outbreak) to collect all the relevant papers that discussed cardiovascular manifestations in Mpox. RESULTS: The literature included 6 cases of myocarditis, one case of pericarditis, one case of myopericarditis and one case of atrial fibrillation. Of total 6 cases with completed data, ECG results and troponin levels were abnormal in 5 cases while only three cases had abnormal ECHO and CMR results. In the four cases who undergone chest X-rays, only one patient had non-specific retro-cardiac opacities. All patients (9 cases) recovered well from their cardiovascular manifestations with no deaths and only 3 of them required ICU admission. CONCLUSION: With the limited reported cases, we recommend performing cardiovascular examinations -in particular ECG and troponin levels- in order to exclude cardiovascular insult in patients with suspected Mpox -cardiovascular involvement. However, in our series the infection was mild in most patients with no mortality.","Cardiovascular; MPV; Monkeypox virus; Pericarditis, Myocarditis"
41518080,"Understanding Monkeypox Virus Evolution, Host-Pathogen Interactions, and Therapeutic Advances.","Anjali Prajapati, Rithika Jella, Meghana Reddy Dendi, Sumithra Salla, Suprabhat Mukherjee, Jagadeesh Bayry, Rajitha Rajeshwar Tatikonda, Haitao Hu, Srinivasa Reddy Bonam",Reviews in medical virology. 2026. doi: 10.1002/rmv.70103..,Prajapati,Reviews in medical virology,2026,2026/01/01,,,10.1002/rmv.70103,"The recent outbreak of the Monkeypox (Mpox) virus has raised significant concerns. First identified in 1958, Monkeypox virus (MPXV) belongs to the Orthopoxvirus genus, sharing similarities with the Smallpox virus. It is a zoonotic disease mainly harboured by rodents and transmitted through direct interaction with infected animals, respiratory droplets, contaminated materials, or body fluids and from mother to child during pregnancy. The MPXV has a brick-shaped lipoprotein envelope, usually containing conserved genes essential for viral replication and variable genes that influence pathogenicity. The virus exists in two genetic clades: West African (Clade II) with lower mortality (∼1%) and Central African (Clade I) with higher mortality (∼10%). The spread of Mpox was primarily limited to Congo Basin (West Africa), which eventually increased globally. In the year 2022, World Health Organisation (WHO) declared Mpox an 'International Public Health Emergency Concern', indicating vital need to develop robust strategies to combat Mpox. As per 2022 outbreak, 40% patients required medical treatment (antiviral, antibacterials, and pain killer), 1%-13% patients required hospitalisation and 0.1% cases ended in fatality. The contemporary pre- and post-prophylactic therapies, include non-replicating modified vaccinia Ankara vaccination, are not yet available in endemic countries in Africa. Moreover, since January 1, 2024, there have been 812 deaths reported linked to the clade Ib Mpox outbreak in Central Africa, mostly in the Democratic Republic of the Congo. This corresponds to a case-fatality rate of about 3% among the nearly 29,000 assumed cases by September 2024. Hence, this review outlines routes of Mpox transmission and early and chronic symptoms of infection. The mechanisms employed by the virus for immune evasion or immune suppression to promote viral survival inside the host are discussed in detail. The review illustrates Mpox therapeutics and medications, including anti-viral drugs that help to treat symptoms, prevent complications, and support recovery, particularly in the immunocompromised patients. In addition, we discuss recent advancements in the development of prophylactic vaccine for Mpox, including ACAM2000, LC16m8, JYNNEOS (MVA), and others. Future research directions include exploiting the conserved Mpox antigens to develop safer and more broadly protective vaccines. There is also an urgent need for international collaborations in surveillance, rapid response systems and comprehensive OMICS studies for understanding the viral evolution and mutations, which will greatly aid vaccine design and therapeutic strategies to combat Mpox.",immunity; mRNA vaccines; monkeypox; orthopoxviruses; pathogenesis; vaccines
36453797,The outbreak of monkeypox: A clinical overview.,"Ramprakash Kaswa, Arun Nair, Klaus B Von Pressentin",South African family practice : official journal of the South African Academy of Family Practice/Primary Care. 2022. doi: 10.4102/safp.v64i1.5613..,Kaswa,South African family practice : official journal of the South African Academy of Family Practice/Primary Care,2022,2022/11/03,,,10.4102/safp.v64i1.5613,"The development of new zoonotic diseases such as coronavirus disease 2019 (COVID-19) and monkeypox that can cause epidemics and high mortality rates have significantly threatened global health security. However, the increasing number of people with no immunity to poxvirus because of the end of the smallpox vaccination programme has created a vulnerable population for the monkeypox outbreak. On 23 July 2022, it was announced that the World Health Organization's director-general has determined that the multicountry outbreak of monkeypox constitutes a Public Health Emergency of International Concern. The monkeypox virus is an orthopoxvirus that causes a disease with symptoms similar to smallpox but less severe. Many unanswered questions remain regarding monkeypox's pathogenesis, transmission and host reservoir. There is currently no evidence that transmission by individuals can sustain zoonotic infections during human-to-human transmissions; the continued emergence of these pathogens highlights the interconnectedness of animals and humans. The increasing number of monkeypox cases outside the endemic region has highlighted the need for effective global capacity building to prevent the spread of the disease and its impact on global health security. The priority now is to stop the spread of the disease and protect frontline healthcare workers and the most vulnerable individuals. This article aims to comprehensively analyse the various aspects of the transmission and epidemiology of monkeypox. It also explores possible diagnostic techniques, therapeutics and prevention strategies. A key recommendation is that primary care and public health professionals are expected to increase their efforts to be vigilant and contain any potential outbreaks.",Monkeypox; global health; smallpox; vaccine; zoonotic
30357851,A review of the monkeypox virus and a recent outbreak of skin rash disease in Nigeria.,"Auwal I Kabuga, Mohamed E El Zowalaty",Journal of medical virology. 2018. doi: 10.1002/jmv.25348..,Kabuga,Journal of medical virology,2019,2018/11/19,,,10.1002/jmv.25348,"Since the eradication of smallpox approximately 39 years ago, monkeypox virus remains the most pathogenic poxvirus, being mainly restricted to Central and West Africa. Before 1970, there were no reports of human monkeypox in Nigeria, while between 1971 and 1978 there were three cases, with none having been reported thereafter. However, in September 2017, a case of contagious skin rash disease, typical of monkeypox, was observed in an 11-year-old boy from the southern part of the country and confirmed to be associated with the monkeypox virus. This large outbreak consisted of 262 suspected, 115 confirmed cases, and 7 mortalities across 26 states and the Federal Capital Territory (FCT), Abuja. The aim of this manuscript is to provide an updated, comprehensive, and timely review of monkeypox, an important emerging infection in Nigeria. Monkeypox is now a major threat to global health security, requiring an urgent multidisciplinary approach involving veterinarians, physicians, virologists, and public health experts to fast-track the development of diagnostic assays, vaccines, antivirals, and other control strategies.",Africa; Nigeria; antipoxvirus agents; epidemiology; infectious diseases; monkeypox; outbreak; poxviruses; re-emerging infection; zoonotic
36909721,Rapid detection of mpox virus using recombinase aided amplification assay.,"Xiaohu Cui, Bing Du, Junxia Feng, Yanling Feng, Jinghua Cui, Chao Yan, Hanqing Zhao, Lin Gan, Zheng Fan, Tongtong Fu, Ziying Xu, Rui Zhang, Shuheng Du, Yao Zhou, Ziyan Tian, Qun Zhang, Hanyu Fu, Guanhua Xue, Jing Yuan",Frontiers in cellular and infection microbiology. 2023. doi: 10.3389/fcimb.2023.1008783..,Cui,Frontiers in cellular and infection microbiology,2023,2023/02/23,,,10.3389/fcimb.2023.1008783,"A recent, unprecedented outbreak of human mpox virus infection has led to cases in non-African nations, and the number of confirmed or suspected cases outside of Africa has exceeded 1,000 within 5 weeks. Mpox may pose a double threat to public health in the context of the ongoing COVID-19 pandemic. It is difficult to distinguish mpox virus infection from other diseases in the early stages, and patients are contagious from the onset of nonspecific symptoms; therefore, it is crucial to develop rapid and specific diagnostic methods. The diagnosis of mpox relies on real-time polymerase chain reaction, a time-consuming method that requires a highly sophisticated thermal cycler, which makes it unsuitable for widespread use in underdeveloped areas, where the outbreak is still severe. In this study, we developed a recombinase-aided amplification (RAA) assay that can detect mpox virus within 5-10 minutes. The conserved regions of the A27L gene and F3L gene were selected as targets, as they amplify well from different mpox virus clades with no cross-reaction from other pathogens. The sensitivity of this RAA assay is 10 copies/reaction for the A27L gene and 102 copies/reaction for the F3L gene. When applied to simulated clinical samples, both targets showed 100% specificity, and the detection limits were consistent with the sensitivity results. Moreover, through clinical blinded sample detection, RAA exhibits the same detection power as RT-PCR. In summary, the RAA mpox assay described here exhibits rapid detection, high sensitivity and specificity, and low operational difficulty, making it suitable for mpox virus detection in less developed countries and regions.",Mpox virus; RAA assay; molecular diagnostic method; rapid detection; recombinase-aided amplification
40376820,"Air and surface sampling for clade Ib monkeypox virus in United Kingdom hospitals, 2024 to 2025.","Barry Atkinson, Susan Gould, Ian Nicholls, Khanzadi Nazneen Manzoor, Jack Smith, Andrew J Hindle, Anne J Tunbridge, Joby Cole, Paul Collini, Alejandra Alonso, Geraldine O'Hara, Cecilia Tuudah, Jonathan A Otter, Berkin Hack, Caroline Taylor, Thomas Pottage, Tom Fletcher, Jake Dunning",Euro surveillance : bulletin Europeen sur les maladies transmissibles = European communicable disease bulletin. 2025. doi: 10.2807/1560-7917.ES.2025.30.19.2500288..,Atkinson,Euro surveillance : bulletin Europeen sur les maladies transmissibles = European communicable disease bulletin,2025,2025/05/01,,,10.2807/1560-7917.ES.2025.30.19.2500288,Air and surface sampling was performed in isolation rooms of seven patients with clade Ib mpox admitted to high consequence infectious disease centres in the United Kingdom. We detected monkeypox virus (MPXV) DNA in 66/90 surfaces samples and 1/14 air samples; replication competent MPXV was identified in 4/21 surface samples selected for viral isolation. These findings demonstrate that viable clade Ib MPXV contamination can occur during treatment of clade Ib mpox patients reinforcing the importance of infection prevention and control measures.,MPXV; Monkeypox virus; clade Ib; environmental sampling; infection prevention and control
36066176,"Monkeypox: epidemiology, mode of transmission, clinical features, genetic clades and molecular properties.","S Kannan, P Shaik Syed Ali, A Sheeza",European review for medical and pharmacological sciences. 2022. doi: 10.26355/eurrev_202208_29540..,Kannan,European review for medical and pharmacological sciences,2022,2022/08/01,,,10.26355/eurrev_202208_29540,"OBJECTIVE: Recently monkeypox cases have been reported from many non-endemic countries. The objective of this article is to bring out the epidemiology, mode of transmission, clinical features, genetic clades, and molecular properties of monkeypox virus. MATERIALS AND METHODS: A detailed literature review was conducted on monkeypox, using databases PubMed/Medline, EMBASE, PMC and Cochrane Library, for the period between 1985 to 2022. RESULTS: Genetically monkeypox virus can be classified into Central African clade and Western African clades. The sequence similarity between the two strains was found to be 99.5%. However, some significant differences were found in the virulent and nonvirulent genes of the strains, such as BR-203, BR-209, COP-C3L b and COP-H5R, COP-A9L, COP-A50R, and COP-A36R, respectively. Human to human transmission occurs after exposure to respiratory droplets, oral secretions, contact with lesions, fomites, and direct/sexual contact. Monkeypox can also be transmitted from the infected mother to the fetus through the placenta leading to congenital infection. In May 2022 several cases have been reported from Europe, North America, and Australia, particularly from homosexual men. CONCLUSIONS: Monkeypox is a zoonotic disease which was prevalent in Central and Western African countries. Recently, human to human spread was noticed in developed countries of Europe, North America and Australia. Despite with a close genetic similarity between the two clades, the Central African strain is comparatively very virulent with high mortality. Monkeypox should be considered a re-emerging, neglected disease and proper measures like hand hygiene, wearing masks and vaccination to the high-risk groups are advised.","[MeSH] Africa; [MeSH] Australia; [MeSH] Europe; [MeSH] Humans; [MeSH] Male; [MeSH] Mpox, Monkeypox; [MeSH] Monkeypox virus"
39892912,"Suspected and confirmed mpox cases in DR Congo: a retrospective analysis of national epidemiological and laboratory surveillance data, 2010-23.","Eugene Bangwen, Ruth Diavita, Elise De Vos, Emmanuel Hasivirwe Vakaniaki, Sabin Sabiti Nundu, Annie Mutombo, Felix Mulangu, Aaron Aruna Abedi, Emile Malembi, Thierry Kalonji, Cris Kacita, Eddy Kinganda-Lusamaki, Tony Wawina-Bokalanga, Cécile Kremer, Isabel Brosius, Christophe Van Dijck, Emmanuel Bottieau, Koen Vercauteren, Adrienne Amuri-Aziza, Jean-Claude Makangara-Cigolo, Elisabeth Muyamuna, Elisabeth Pukuta, Beatrice Nguete, Didine Kaba, Joelle Kabamba, Christine M Hughes, Olivier Tshiani-Mbaya, Anne W Rimoin, Nicole A Hoff, Jason Kindrachuk, Niel Hens, Martine Peeters, Nicola Low, Andrea M McCollum, Robert Shongo, Daniel Mukadi-Bamuleka, Jean-Jacques Muyembe-Tamfum, Steve Ahuka-Mundeke, Laurens Liesenborghs, Placide Mbala-Kingebeni","Lancet (London, England). 2025. doi: 10.1016/S0140-6736(24)02669-2..",Bangwen,"Lancet (London, England)",2025,2025/02/01,,,10.1016/S0140-6736(24)02669-2,"BACKGROUND: DR Congo has the highest global burden of mpox, a disease caused by infection with the monkeypox virus. The incidence has risen since 1980, but recent analyses of epidemiological trends are lacking. We aimed to describe trends in suspected and confirmed mpox cases in DR Congo using epidemiological and laboratory mpox surveillance data collected from 2010 to 2023, and provide insights that can better inform the targeting and monitoring of control strategies. METHODS: We analysed aggregated national epidemiological surveillance data and individual-level laboratory data from 2010 to 2023. We calculated incidence based on suspected cases, case-fatality ratios, and percentage of laboratory-confirmed cases and assessed geospatial trends. Demographic and seasonal trends were investigated using generalised additive mixed models. FINDINGS: Between Jan 1, 2010, and Dec 31, 2023, a total of 60 967 suspected cases and 1798 suspected deaths from mpox were reported in DR Congo (case-fatality ratio 2·9%). The number of reporting provinces increased from 18 of 26 provinces in 2010 to 24 of 26 provinces in 2023. The annual incidence increased from 2·97 per 100 000 in 2010 to 11·46 per 100 000 in 2023. The highest incidence (46·38 per 100 000) and case-fatality ratio (6·0%) were observed in children younger than 5 years. Incidence was higher in rural compared with urban areas. PCR testing was performed for 7438 suspected cases (12·2%), with 4248 (57·1%) of 7438 samples testing positive. Median age of confirmed cases (13·0 years [IQR 6·0-25·0]) remained stable, although the 95th percentile of age increased over time. INTERPRETATION: The incidence and geographical distribution of suspected mpox cases have increased substantially since 2010. Improvements in surveillance and decentralised testing are essential to monitor mpox trends and direct interventions effectively, to address the public health emergency declarations issued in August, 2024. FUNDING: Belgian Directorate-General Development Cooperation and Humanitarian Aid; European and Developing Countries Clinical Trials Partnership; Research Foundation-Flanders; European Civil Protection and Humanitarian Aid Operations; Department of Economy, Science, and Innovation of the Flemish Government; Canadian Institutes of Health Research; and the International Development Research Centre.","[MeSH] Humans; [MeSH] Democratic Republic of the Congo; [MeSH] Female; [MeSH] Retrospective Studies; [MeSH] Incidence; [MeSH] Child; [MeSH] Child, Preschool; [MeSH] Male; [MeSH] Mpox, Monkeypox; [MeSH] Adolescent; [MeSH] Adult; [MeSH] Middle Aged; [MeSH] Infant; [MeSH] Young Adult; [MeSH] Population Surveillance; [MeSH] Aged; [MeSH] Infant, Newborn"
40505032,A Fatal Case of Monkeypox-Associated Encephalitis in a Non-HIV-Infected Patient.,"Cristina Lopez, Rafael Sanchez-Sanchez, Diana Corona, Ana Belen Perez, Francisco Bravo, Maria de Alba, Antonio Bracero, Cristina Cazorla, Ana Vázquez, Maria Paz Sánchez-Seco, Ana Negredo, Ulises Gómez-Pinedo, Luis Martinez-Martinez, Julian Torre-Cisneros, Carmen de la Fuente",Critical care explorations. 2025. doi: 10.1097/CCE.0000000000001272..,Lopez,Critical care explorations,2025,2025/06/11,,,10.1097/CCE.0000000000001272,"BACKGROUND: Mpox, formerly known as monkeypox, is an infectious disease caused by the mpox virus. Systemic involvement is rare and mpox-associated meningoencephalitis is an uncommon clinical presentation. Because mpox-associated meningoencephalitis is characterized by nonspecific clinical and incidental imaging findings, the disease is difficult to diagnose. CASE SUMMARY: We present a case of fatal mpox-associated meningoencephalitis with negative polymerase chain reaction in cerebrospinal fluid (CSF) diagnosed at autopsy. A young immunocompetent patient with no significant medical history initially presented with genital mpox infection. Within 48 hours, he showed neurologic involvement requiring orotracheal intubation. His condition deteriorated rapidly, progressing to cerebral edema and brain death consistent with meningoencephalitis. Despite negative testing for mpox virus in CSF, the diagnosis was confirmed posthumously by autopsy, where histological examination revealed the presence of mpox virus in brain tissue. CONCLUSIONS: Mpox-associated meningoencephalitis should be considered as a potential diagnosis even in the absence of the mpox virus genome in CSF.",diagnostic; encephalitis; histology; monkeypox; nonimmunocompromised
40239067,Tecovirimat for Clade I MPXV Infection in the Democratic Republic of Congo.,"Rosine Ali, Jules Alonga, Jean-Luc Biampata, Michael Kombozi Basika, Irina Maljkovic Berry, Nella Bisento, Emily Blum, Tyler Bonnett, Katherine Cone, Ian Crozier, Richard Davey, Ali Dilu, Lori E Dodd, Iman Gulati, Dennis Hruby, Augustin Ibanda, Francis Isse, Sylva Sivasingana Kasareka, Gaby Kayembe, Richard Kojan, Esaie Kindombe Luzolo, H Clifford Lane, Leader Lawanga, Laurens Liesenborghs, Claude Shosongo Lunghe, Yves Lula, Mariano Lusakibanza, Gaston Tona Lutete, Placide Mbala-Kingebeni, Alejandra Miranda, Daniel Mukadi-Bamuleka, Gael Mukendi, Patrick Mutombo Lupola, Jean-Jacques Muyembe-Tamfum, Robin Ndungunu, Bruce Nganga, Nsengi Ntamabyaliro, Veronique Nussenblatt, Imoite Omulepu, John Omalokoho Onosomba, Michael Proschan, Kevin Rubenstein, Inga Saknite, Adam Schechner, Kathryn Shaw-Saliba, Billy Sivahera, Mary Smolskis, Amy Tillman, Eric Tkaczyk, Celestin Tshimanga, Olivier Tshiani Mbaya, Antoine Tshomba, Freddy Yemba Unda Tshomba, David Vallee, Susan Vogel, Shera Weyers",The New England journal of medicine. 2025. doi: 10.1056/NEJMoa2412439..,Ali,The New England journal of medicine,2025,2025/04/17,,,10.1056/NEJMoa2412439,"BACKGROUND: Tecovirimat is available for the treatment of mpox (formerly known as monkeypox) in Europe and the United States, on the basis of findings from efficacy studies in animals and safety evaluations in healthy humans. Evidence from randomized, controlled trials of safety and efficacy in patients with mpox is lacking. METHODS: We conducted a double-blind, randomized, placebo-controlled trial of tecovirimat in patients with mpox in the Democratic Republic of Congo (DRC). Patients with at least one mpox skin lesion and positive polymerase-chain-reaction results for clade I MPXV were assigned in a 1:1 ratio to receive tecovirimat or placebo. All patients received supportive care. The primary end point was resolution of mpox lesions, measured in number of days after randomization. Safety was also assessed. RESULTS: From October 7, 2022, through July 9, 2024, a total of 597 patients underwent randomization - 295 to receive tecovirimat and 302 to receive placebo. The median time from randomization to lesion resolution was 7 days with tecovirimat and 8 days with placebo; the competing-risks hazard ratio for lesion resolution was 1.13 (95% confidence interval [CI], 0.97 to 1.31; P = 0.14). Results were similar whether patients began the trial regimen within 7 days after the reported onset of symptoms (competing-risks hazard ratio, 1.16; 95% CI, 0.98 to 1.37) or more than 7 days after onset (competing-risks hazard ratio, 1.00; 95% CI, 0.71 to 1.40). Overall mortality was 1.7%, which was lower than the case fatality rate of 4.6% reported in the DRC in 2023. At 14 days, the percentages of patients who had blood, lesion, and oropharyngeal samples negative for MPXV by PCR were similar in the two groups. Adverse events occurred in 72.9% of the patients in the tecovirimat group and 70.5% of those in the placebo group, and serious adverse events were reported in 5.1% and 5.0%, respectively. CONCLUSIONS: Tecovirimat did not reduce the number of days to lesion resolution in patients with mpox caused by clade I MPXV. No safety concerns were identified. (Funded by the National Institute of Allergy and Infectious Diseases and others; PALM007 ClinicalTrials.gov number, NCT05559099.).","[MeSH] Adolescent; [MeSH] Adult; [MeSH] Aged; [MeSH] Female; [MeSH] Humans; [MeSH] Male; [MeSH] Middle Aged; [MeSH] Young Adult; [MeSH] Antiviral Agents; [MeSH] Benzamides; [MeSH] Democratic Republic of the Congo; [MeSH] Double-Blind Method; [MeSH] Monkeypox virus; [MeSH] Mpox, Monkeypox; [MeSH] Infant, Newborn; [MeSH] Infant; [MeSH] Child, Preschool; [MeSH] Child; [MeSH] Severity of Illness Index; [MeSH] Intention to Treat Analysis; [MeSH] Treatment Outcome; [MeSH] Phthalimides"
36084882,"FIFA World Cup 2022 in Qatar: Mitigating the risk of imported infections amid the COVID-19 pandemic, monkeypox outbreak and other emerging diseases.","Ranjit Sah, Najim Z Alshahrani, Pooja Shah, Aroop Mohanty, Ramhari Rouniyar, Sangam Shah, Bijaya Kumar Padhi, Fatma A Amer, Percy Mayta-Tristan, Alfonso J Rodriguez-Morales",Travel medicine and infectious disease. 2022. doi: 10.1016/j.tmaid.2022.102450..,Sah,Travel medicine and infectious disease,2022,2022/09/06,,,10.1016/j.tmaid.2022.102450,,"[MeSH] Humans; [MeSH] Communicable Diseases, Imported; [MeSH] COVID-19; [MeSH] Mpox, Monkeypox; [MeSH] Qatar; [MeSH] Pandemics; [MeSH] Disease Outbreaks"
36495863,Recombination shapes the 2022 monkeypox (mpox) outbreak.,"Ting-Yu Yeh, Zih-Yu Hsieh, Michael C Feehley, Patrick J Feehley, Gregory P Contreras, Ying-Chieh Su, Shang-Lin Hsieh, Dylan A Lewis","Med (New York, N.Y.). 2022. doi: 10.1016/j.medj.2022.11.003..",Yeh,"Med (New York, N.Y.)",2022,2022/12/09,,,10.1016/j.medj.2022.11.003,"Monkeypox (Mpox) is a global health emergency. Yeh et al. analyze tandem repeats and linkage disequilibrium in monkeypox virus (MPXV) sequences from the 2022 pandemic to determine the virus evolution, showing that these are useful tools to monitor and track phylogenetic dynamics and recombination of MPXV.","[MeSH] Humans; [MeSH] Phylogeny; [MeSH] Mpox, Monkeypox; [MeSH] Monkeypox virus; [MeSH] Disease Outbreaks"
36423129,Monkeypox and Pregnancy: Latest Updates.,"Alexandre Cuérel, Guillaume Favre, Manon Vouga, Léo Pomar",Viruses. 2022. doi: 10.3390/v14112520..,Cuérel,Viruses,2022,2022/11/14,,,10.3390/v14112520,"Monkeypox virus (MPXV) has emerged as a threatening zoonosis. Its spread around the world has been growing fast over the last 2 years, particularly in 2022. The reasons for this sudden spread are probably multifactorial. The R0 values of the two MPXV clades are rather low, and a massive pandemic is considered unlikely, although the increase in the number of single-nucleotide polymorphisms found in the 2022 MPXV strain could indicate an accelerated human adaptation. Very little is known about the risks of an infection during pregnancy for both the mother and the fetus. Further observations must be made to create clear, adapted, evidence-based guidelines. This article summarizes the current knowledge about MPXV infections and similar pregnancy virus infections.",delivery; miscarriage; monkeypox; orthopox; pregnancy; smallpox; vaccine; vertical transmission
40222380,Clinical presentation and epidemiological assessment of confirmed human mpox cases in DR Congo: a surveillance-based observational study.,"Emile Malembi, Roser Escrig-Sarreta, Jackie Ntumba, Camila G Beiras, Robert Shongo, Justin Bengehya, Charles Nselaka, Elisabeth Pukuta, Daniel Mukadi-Bamuleka, Noëlla Mulopo-Mukanya, Xinying Leng, Clara Pérez-Mañá, Cristina Galván-Casas, Susana Muñoz, Steeven Bilembo-Kitwanda, Pierre Kitha, Vivi Maketa, Patrick Mitashi, Aruna Abedi, Justus Nsio, Steve Ahuka-Mundeke, Placide Mbala-Kingebeni, Jean-Jacques Muyembe, Michael Marks, Hypolite Muhindo-Mavoko, Oriol Mitjà","Lancet (London, England). 2025. doi: 10.1016/S0140-6736(25)00152-7..",Malembi,"Lancet (London, England)",2025,2025/04/10,,,10.1016/S0140-6736(25)00152-7,"BACKGROUND: Mpox, caused by the monkeypox virus, is a serious public health threat in Africa, especially in DR Congo. Previously limited to endemic areas with clade 1a, monkeypox virus has recently spread to non-endemic regions, where clade 1b has emerged. This study provides a clinical comparison of mpox cases in DR Congo regions where clade 1a and clade 1b are prevalent. METHODS: We conducted a retrospective observational study, analysing PCR-confirmed mpox cases reported from sentinel health zones in seven provinces between Oct 1, 2023, and Sept 31, 2024. Cases from the newly affected provinces (South-Kivu and Kinshasa) were described along with those from four endemic provinces (Mai-Ndombe, Tshuapa, Tshopo, South-Ubangi, and Équateur). Surveillance data, including type of exposure, demographic details, clinical presentation, complications, and outcomes were collected from national surveillance systems and local health facilities, with laboratory confirmation using quantitative PCR. All analyses were restricted to descriptive statistics. FINDINGS: Of 17 927 suspected cases identified, 10 986 were investigated, 5948 were PCR-positive, and 4895 met the inclusion criteria based on data completeness: 4436 in newly affected and 459 in endemic regions. In newly affected provinces, median age was 20 years (IQR 8-28), 2119 (47·8%) participants were female, and 2310 (52·1%) were male. In endemic provinces, median age was 15 years (7-26), 179 (39·0%) participants were female, and 277 (60·3%) were male. Direct or intimate human contact was reported by 1951 (44·0%) individuals in newly affected provinces versus 25 (5·4%) in endemic provinces, and zoonotic exposure in 11 (0·2%) and 99 (21·6%), respectively. The proportions of partcipants with systemic symptoms (3828 [86·3%] in newly affected provinces and 427 [93·0%] in endemic provinces) and respiratory symptoms (2450 [55·2%] and 219 [47·7%]), and median skin lesion counts (91 [IQR 37-200] and 163 [95-345]) were similar between newly affected and endemic regions. Complications included skin infections (2041 [46·0%] in newly affected provinces and 201 [43·8%] in endemic provinces), respiratory distress (82 [1·8%] and 29 [6·3%]), vision impairment (7 [0·2%] and 28 [6·1%]), and prostration (695 [15·7%] and 51 [11·1%]). The case-fatality rate was 0·7% (95% CI 0·4-1·3; 14 of 1924) in children and 0·6% (0·3-1·0; 14 of 2483) in adults in newly affected areas, compared with 5·9% (3·4-10·0; 14 of 236) in children and 2·7% (1·1-6·1; six of 222) in adults in endemic regions. Content note: this Article and its appendix contain graphic images of mpox lesions affecting various sites including the face and genitals. INTERPRETATION: Our study indicates concurrent mpox outbreaks in DR Congo, involving younger individuals, a higher proportion of women and girls, and distinct presentations with higher lesion counts and respiratory symptoms compared with clade 2b lineage B.1 outbreaks. The high proportion of infectious complications and case-fatality rates, especially in endemic regions, emphasise the need for timely antibiotic therapy and targeted vaccination to reduce morbidity and mortality. FUNDING: Skin NTDs and STI Research Unit, Fight Infections Foundation.","[MeSH] Humans; [MeSH] Democratic Republic of the Congo; [MeSH] Female; [MeSH] Male; [MeSH] Retrospective Studies; [MeSH] Adult; [MeSH] Mpox, Monkeypox; [MeSH] Adolescent; [MeSH] Child; [MeSH] Young Adult; [MeSH] Middle Aged; [MeSH] Monkeypox virus; [MeSH] Infant; [MeSH] Child, Preschool"
37647121,"Mpox in Children and Adolescents during Multicountry Outbreak, 2022-2023.","Ana Hoxha, Steven M Kerr, Henry Laurenson-Schafer, Nikola Sklenovská, Bernadette Basuta Mirembe, Ingrid Hammermeister Nezu, Patricia Ndumbi, Julia Fitzner, Maria Almiron, Marcelo Vila, Richard Pebody, Aisling M Vaughan, Joana M Haussig, Luis Alves de Sousa, Okot Charles Lukoya, Olaniyi Felix Sanni, Pierre Nabeth, Jeremias Domingos Naiene, Masaya Kato, Tamano Matsui, Krutika Kuppalli, Peter Omondi Mala, Rosamund F Lewis, Olivier le Polain de Waroux, Boris I Pavlin",Emerging infectious diseases. 2023. doi: 10.3201/eid2910.230516..,Hoxha,Emerging infectious diseases,2023,2023/08/30,,,10.3201/eid2910.230516,The 2022-2023 mpox outbreak predominantly affected adult men; 1.3% of reported cases were in children and adolescents <18 years of age. Analysis of global surveillance data showed 1 hospital intensive care unit admission and 0 deaths in that age group. Transmission routes and clinical manifestations varied across age subgroups.,adolescents; children; monkeypox; monkeypox virus; mpox; outbreak; viruses
38801590,"Monkeypox Outbreak 2022, from a Rare Disease to Global Health Emergence: Implications for Travellers.","Oyelola Adegboye, Faith Alele, Anton Pak, Emmanuel Alakunle, Theophilus Emeto, Peter Leggat, Malachy Okeke",Advances in experimental medicine and biology. 2024. doi: 10.1007/978-3-031-57165-7_23..,Adegboye,Advances in experimental medicine and biology,2024,2024/01/01,,,10.1007/978-3-031-57165-7_23,"Monkeypox (mpox), a zoonotic disease caused by the monkeypox virus (MPXV), poses a significant public health threat with the potential for global dissemination beyond its endemic regions in Central and West Africa. This study explores the multifaceted aspects of monkeypox, covering its epidemiology, genomics, travel-related spread, mass gathering implications, and economic consequences. Epidemiologically, mpox exhibits distinct patterns, with variations in age and gender susceptibility. Severe cases can arise in immunocompromised individuals, underscoring the importance of understanding the factors contributing to its transmission. Genomic analysis of MPXV highlights its evolutionary relationship with the variola virus and vaccinia virus. Different MPXV clades exhibit varying levels of virulence and transmission potential, with Clade I associated with higher mortality rates. Moreover, the role of recombination in MPXV evolution remains a subject of interest, with implications for understanding its genetic diversity. Travel and mass gatherings play a pivotal role in the spread of monkeypox. The ease of international travel and increasing globalization have led to outbreaks beyond African borders. The economic ramifications of mpox outbreaks extend beyond public health. Direct treatment costs, productivity losses, and resource-intensive control efforts can strain healthcare systems and economies. While vaccination and mitigation strategies have proven effective, the cost-effectiveness of routine vaccination in non-endemic countries remains a subject of debate. This study emphasizes the role of travel, mass gatherings, and genomics in its spread and underscores the economic impacts on affected regions. Enhancing surveillance, vaccination strategies, and public health measures are essential in controlling this emerging infectious disease.",Economic implications; Mass gatherings; Mobility; Monkeypox; Zoonotic disease
37657009,Neurological manifestations of an emerging zoonosis-Human monkeypox virus: A systematic review.,"Sajjad Ahmed Khan, Surya Bahadur Parajuli, Vivek K Rauniyar",Medicine. 2023. doi: 10.1097/MD.0000000000034664..,Khan,Medicine,2023,2023/09/01,,,10.1097/MD.0000000000034664,"BACKGROUND: The last few decades have witnessed an appalling rise in several emerging and re-emerging viral and zoonotic outbreaks. Amongst those emerging zoonosis, one of the diseases which is gaining popularity these days and has been declared as public health emergency of international concern by the world health organization, is human monkeypox virus (HMPX). Proper understanding of the clinical spectrum of the disease is of paramount importance for early diagnosis and treatment. In this review, we aimed to study and quantify the neurological manifestations of HMPX virus infection. METHODS: Any study, released prior to April 13, 2023, that reported neurological manifestations in patients infected by HMPX virus were reviewed systematically on PubMed, Scopus, Google Scholar, and Cochrane Library using the PRISMA (Preferred Reporting Items for Systematic review and Meta-Analysis) statement. RESULTS: Our systematic review included data from 22 eligible studies: 10 cohort studies, 3 cross sectional studies, one retrospective study, 5 case series, and 2 case reports. The most commonly reported neurological manifestations of HMPX were headache (48.84%), myalgia (27.50%), fatigue (17.73%), and photophobia (4.43%). Uncommonly, HMPX can also present with visual deficit (0.57%), seizure (0.34%), encephalitis (0.8%), dizziness (0.34%), encephalomyelitis (0.23%), coma (0.11%), and transverse myelitis (0.11%). DISCUSSIONS: Monkeypox virus usually presents with self-limiting painful rash, lymphadenitis, and fever, complications like secondary skin infection, eye problems and pneumonia can be life threatening, carrying a case fatality rate of 1% to 10%. Neurological manifestations are not uncommon and can further add-on to morbidity and mortality.","[MeSH] Humans; [MeSH] Coinfection; [MeSH] Cross-Sectional Studies; [MeSH] Mpox, Monkeypox; [MeSH] Monkeypox virus; [MeSH] Public Health; [MeSH] Retrospective Studies"
39852076,Development and Validation of LAMP Assays for Distinguishing MPXV Clades with Fluorescent and Colorimetric Readouts.,"Nazente Atceken, Sara Asghari Dilmani, Ahmed Choukri Abdullah, Mutlu Sarıkaya, Defne Yigci, Gozde Korkmaz, Savas Tasoglu",Biosensors. 2025. doi: 10.3390/bios15010023..,Atceken,Biosensors,2025,2025/01/06,,,10.3390/bios15010023,"Human monkeypox (Mpox) is a zoonotic disease caused by the Monkeypox virus (MPXV). As of 14 August 2024, the World Health Organization (WHO) has declared it a global health emergency. For Mpox, this was the second public health emergency of global significance in the past two years. MPXV belongs to the Poxviridae family and is phylogenetically and epidemically divided into two clades: the Congo Basin (Clade-I) and the West African (Clade-II) clades. Clade-I has been associated with more severe disease progression and higher mortality compared to Clade-II, and thus the differentiation between clades can play an important role in predicting disease prognosis. The LAMP technique has the advantages of not requiring thermal cycling and achieving higher amplification in a shorter time compared to qPCR. Different types of LAMP assays were developed in this study to benefit from these advantages. We report the development of LAMP-1 and LAMP-2 assays using the LAMP method to detect MPXV Clade-I and Clade-II, respectively. The LAMP-1 assay includes both fluorescence and visible colorimetric readout tests developed with sensitivities of 103 and 107 copies, respectively. For the LAMP-2 assay, a probe-based test utilizing the Novel R-Duplex DARQ probe was developed, offering fluorescence detection at a sensitivity of 103 copies. As a result, we successfully developed three highly specific molecular diagnostic tests that distinctly differentiate between MPXV clades, delivering essential tools for the precise diagnosis and effective control of Mpox.",loop-mediated isothermal amplification technology; monkeypox virus clade detection; novel reverse-duplex detection of amplification by release of quenching probe
38001044,Associations Between HIV and Severe Mpox in an Atlanta Cohort.,"Bruce Aldred, Jane Y Scott, Amalia Aldredge, Daniel J Gromer, Albert M Anderson, Emily J Cartwright, Jonathan A Colasanti, Betsy Hall, Jesse T Jacob, Aley Kalapila, Sheetal Kandiah, Colleen F Kelley, Robert H Lyles, Vincent C Marconi, Minh Ly Nguyen, Paulina A Rebolledo, Anandi N Sheth, Brittany Szabo, Boghuma K Titanji, Zanthia Wiley, Kimberly Workowski, Valeria D Cantos",The Journal of infectious diseases. 2024. doi: 10.1093/infdis/jiad505..,Aldred,The Journal of infectious diseases,2024,2024/03/26,,,10.1093/infdis/jiad505,"BACKGROUND: In the Southeastern United States, the 2022 mpox outbreak disproportionately impacted people who are black and people with HIV (PWH). METHODS: We analyzed a cohort of 395 individuals diagnosed with mpox across 3 health care systems in Atlanta, Georgia between 1 June 2022 and 7 October 2022. We present demographic and clinical characteristics and use multivariable logistic regression analyses to evaluate the association between HIV status and severe mpox (per the US Centers for Disease Control and Prevention definition) and, among PWH, the associations between CD4+ T-cell count and HIV load with severe mpox. RESULTS: Of 395 people diagnosed with mpox, 384 (97.2%) were cisgender men, 335 (84.8%) identified as black, and 324 (82.0%) were PWH. Of 257 PWH with a known HIV load, 90 (35.0%) had > 200 copies/mL. Severe mpox occurred in 77 (19.5%) individuals and there was 1 (0.3%) death. Tecovirimat was prescribed to 112 (28.4%) people, including 56 (72.7%) people with severe mpox. In the multivariable analysis of the total population, PWH had 2.52 times higher odds of severe mpox (95% confidence interval [CI], 1.01-6.27) compared with people without HIV. In the multivariable analysis of PWH, individuals with HIV load > 200 copies/mL had 2.10 (95% CI, 1.00-4.39) times higher odds of severe mpox than PWH who were virologically suppressed. Lower CD4+ T-cell count showed a significant univariate association with severe mpox but was not found to be significantly associated with severe mpox in multivariable analysis. CONCLUSIONS: PWH with nonsuppressed HIV loads had more mpox complications, hospitalizations, and protracted disease courses than people without HIV or PWH with suppressed viral loads. PWH with nonsuppressed HIV loads who are diagnosed with mpox warrant particularly aggressive monitoring and treatment.",Atlanta; CD4+ T-cell count; HIV; HIV viremia; monkeypox virus; mpox; severe mpox; southeast
36311762,Contriving multi-epitope vaccine ensemble for monkeypox disease using an immunoinformatics approach.,"Shahkaar Aziz, Fahad Nasser Almajhdi, Muhammad Waqas, Inam Ullah, Muhammad Adil Salim, Nasir Ali Khan, Amjad Ali",Frontiers in immunology. 2022. doi: 10.3389/fimmu.2022.1004804..,Aziz,Frontiers in immunology,2022,2022/10/13,,,10.3389/fimmu.2022.1004804,"The current global outbreak of monkeypox (MPX) disease, caused by Monkeypox virus (MPXV), has resulted in 16 thousand infection cases, five deaths, and has been declared a global health emergency of international concern by the World Health Organization. Given current challenges in the safety of existing vaccines, a vaccine to prevent MPX infection and/or onset of symptoms would significantly advance disease management. In this context, a multi-epitope-based vaccine could be a well-suited approach. Herein, we searched a publicly accessible database (Virus Pathogen Database and Analysis Resource) for MPXV immune epitopes from various antigens. We prioritized a group of epitopes (10 CD8+ T cells and four B-cell epitopes) using a computer-aided technique based on desirable immunological and physicochemical properties, sequence conservation criteria, and non-human homology. Three multi-epitope vaccines were constructed (MPXV-1-3) by fusing finalized epitopes with the aid of appropriate linkers and adjuvant (beta-defensin 3, 50S ribosomal protein L7/L12, and Heparin-binding hemagglutinin). Codon optimization and in silico cloning in the pET28a (+) expression vector ensure the optimal expression of each construct in the Escherichia Coli system. Two and three-dimensional structures of the constructed vaccines were predicted and refined. The optimal binding mode of the construct with immune receptors [Toll-like receptors (TLR2, TLR3, and TLR4)] was explored by molecular docking, which revealed high docking energies of MPXV-1-TLR3 (-99.09 kcal/mol), MPXV-2-TLR3 (-98.68 kcal/mol), and MPXV-3-TLR2 (-85.22 kcal/mol). Conformational stability and energetically favourable binding of the vaccine-TLR2/3 complexes were assessed by performing molecular dynamics simulations and free energy calculations (Molecular Mechanics/Generalized Born Surface Area method). In silico immune simulation suggested that innate, adaptive, and humoral responses will be elicited upon administration of such potent multi-epitope vaccine constructs. The vaccine constructs are antigenic, non-allergen, non-toxic, soluble, topographically exposed, and possess favourable physicochemical characteristics. These results may help experimental vaccinologists design a potent MPX vaccine.",B-cell epitopes; CTL epitopes; immunoinformatics; in silico vaccine; monkeypox; monkeypox virus; multi-epitope vaccine
36298710,Monkeypox: A Comprehensive Review.,"Harapan Harapan, Youdiil Ophinni, Dewi Megawati, Andri Frediansyah, Sukamto S Mamada, Mirnawati Salampe, Talha Bin Emran, Wira Winardi, Raisha Fathima, Salin Sirinam, Pichamon Sittikul, Ana M Stoian, Firzan Nainu, Malik Sallam",Viruses. 2022. doi: 10.3390/v14102155..,Harapan,Viruses,2022,2022/09/29,,,10.3390/v14102155,"The 2022 multi-country monkeypox outbreak in humans has brought new public health adversity on top of the ongoing coronavirus disease 2019 (COVID-19) pandemic. The disease has spread to 104 countries throughout six continents of the world, with the highest burden in North America and Europe. The etiologic agent, monkeypox virus (MPXV), has been known since 1959 after isolation from infected monkeys, and virulence among humans has been reported since the 1970s, mainly in endemic countries in West and Central Africa. However, the disease has re-emerged in 2022 at an unprecedented pace, with particular concern on its human-to-human transmissibility and community spread in non-endemic regions. As a mitigation effort, healthcare workers, public health policymakers, and the general public worldwide need to be well-informed on this relatively neglected viral disease. Here, we provide a comprehensive and up-to-date overview of monkeypox, including the following aspects: epidemiology, etiology, pathogenesis, clinical features, diagnosis, and management. In addition, the current review discusses the preventive and control measures, the latest vaccine developments, and the future research areas in this re-emerging viral disease that was declared as a public health emergency of international concern.",emergency; emerging viral infectious diseases; epidemic; international concern; prevention; public health; vaccination; zoonosis
40470950,An urgent need for diagnostic tools to address global mpox public health emergencies.,"Benjamin M Liu, Zhilong Yang",Journal of clinical microbiology. 2025. doi: 10.1128/jcm.01321-24..,Liu,Journal of clinical microbiology,2025,2025/06/05,,,10.1128/jcm.01321-24,"Monkeypox virus (MPXV) is the causative agent of mpox, a zoonosis formerly known as monkeypox. MPXV can be divided into clades I and II, which are further divided into subclades Ia, Ib, IIa, and IIb. Since May 2022, subclade IIb MPXV has rapidly spread outside Africa to more than 100 countries due to increased human-to-human transmission. Clade I is a more virulent MPXV endemic in Central Africa with up to 10% mortality in humans. Clade I has recently evolved into a novel subclade Ib and caused outbreaks in non-endemic neighboring countries and other continents. In response to mpox, the World Health Organization has declared Public Health Emergencies of International Concern in July 2022 (subclade IIb) and August 2024 (subclade Ib). The emergence and spread of the more virulent subclade Ib MPXV has caused a significant global public health threat, particularly in low- and middle-income countries (LMICs). The evolution of MPXV has outpaced the development of novel diagnostic assays, hampering the global response. There is an urgent need for additional diagnostic tools for the detection and surveillance of MPXV, especially subclade Ib MPXV, in LMICs. Herein, we provide the current epidemiology of mpox, analyze the diagnostic gaps for mpox, and evaluate the potential of additional detection strategies to be added to the suite of mpox assays. This commentary not only sheds light on the currently available diagnostic tools for mpox but also highlights the urgent need for additional diagnostic tools in response to the new global mpox public health threats.",PCR; diagnostic assays; low- and middle-income countries; monkeypox virus; mpox; point-of-care test
36430762,Computational Repurposing of Mitoxantrone-Related Structures against Monkeypox Virus: A Molecular Docking and 3D Pharmacophore Study.,"Gagan Preet, Emmanuel T Oluwabusola, Bruce Forbes Milne, Rainer Ebel, Marcel Jaspars",International journal of molecular sciences. 2022. doi: 10.3390/ijms232214287..,Preet,International journal of molecular sciences,2022,2022/11/18,,,10.3390/ijms232214287,"Monkeypox is caused by a DNA virus known as the monkeypox virus (MPXV) belonging to the Orthopoxvirus genus of the Poxviridae family. Monkeypox is a zoonotic disease where the primary significant hosts are rodents and non-human primates. There is an increasing global incidence with a 2022 outbreak that has spread to Europe in the middle of the COVID-19 pandemic. The new outbreak has novel, previously undiscovered mutations and variants. Currently, the US Food and Drug Administration (FDA) approved poxvirus treatment involving the use of tecovirimat. However, there has otherwise been limited research interest in monkeypox. Mitoxantrone (MXN), an anthracycline derivative, an FDA-approved therapeutic for treating cancer and multiple sclerosis, was previously reported to exhibit antiviral activity against the vaccinia virus and monkeypox virus. In this study, virtual screening, molecular docking analysis, and pharmacophore ligand-based modelling were employed on anthracene structures (1-13) closely related to MXN to explore the potential repurposing of multiple compounds from the PubChem library. Four chemical structures (2), (7), (10) and (12) show a predicted high binding potential to suppress viral replication.",drug repurposing; epidemic; in silico; mitoxantrone; molecular docking; monkeypox; pharmacophore; poxviruses; zoonotic
36996122,Mpox in Nigeria: Perceptions and knowledge of the disease among critical stakeholders-Global public health consequences.,"Olajoju J Awoyomi, Emmanuel O Njoga, Ishmael F Jaja, Felix A Oyeleye, Priscilla O Awoyomi, Musawa A Ibrahim, M A Saulawa, Haruna B Galadima, Adekunle B Rowaiye, Taiwo I Olasoju, Jamila A Idrisa, Folasade D H Olalere, Mary I Olasoju, Oluwatosin H Adisa, Veronica E Adetunji, Osagie O Idemudia, Ekene V Ezenduka, James W Oguttu",PloS one. 2023. doi: 10.1371/journal.pone.0283571..,Awoyomi,PloS one,2023,2023/03/30,,,10.1371/journal.pone.0283571,"BACKGROUND: The mpox (monkeypox) disease is a re-emerging viral zoonosis of international concern that is endemic in parts of Africa. The mpox virus (MPXV), which was hitherto largely limited to some Central and West African countries, was declared a public health emergency of international concern by the WHO on July 23, 2022 following the rapid spread of the virus to non-endemic countries. Globally, as of March 16, 2023, the WHO had reported 86,496 laboratory-confirmed cases of mpox and 111 deaths in 110 countries. Of the 1,420 cases of mpox reported in Africa as of March 16, 2023, Nigeria alone recorded 57.1% (812) of the confirmed cases and eight fatalities recorded in the continent. To help improve on the understanding of the current situation in Nigeria, the present study assessed the perception and knowledge of mpox among Nigerian healthcare workers, academics and tertiary students. The study also sought to highlight the global public health significance of the MPXV, and recommend a One Health approach to limit exporting of the virus beyond the borders of Nigeria. METHODS: A web-based cross-sectional survey was conducted between 24 July 2022 and 12 August 2022 to evaluate the perception and knowledge of mpox among 1544 Nigerians, consisted of healthcare workers (n = 832), academics (n = 306) and tertiary students (n = 462). Data on the respondents' socio demographics and their information sources on mpox were also collected. Each correct response was allotted one point while an incorrect response was scored zero. The scores for perception and knowledge were dichotomized into positive (>5.5) and negative (≤5.5) and adequate (>5.8) and inadequate (≤5.8), respectively; using the average scores for perception and knowledge. The average score for perception and knowledge were summarised and presented as the mean and standard deviation (SD). Chi-square tests of association and binary logistic regression were carried out to determine factors associated with the outcome variables. RESULTS: Of the 1452 respondents that had heard of mpox, 878 (60.5%) and 419 (28.9%) had adequate knowledge and positive perception concerning MPXV infection respectively. Average perception score was 5.5. Mean perception and knowledge scores were 4.5(SD: 2.0) and 5.8 (SD: 1.9), respectively. Factors that were significantly associated with knowledge level were age (p = 0.020) educational qualification attained (p = 0.004), occupation (p<0.001), and geopolitical zone of residency (p = 0.001). There was a positive correlation between perception and knowledge scores (r = 0.4, p<0.001). Positive perceptions were likely among respondents who had tertiary education, and residing in North-west Nigeria. Likewise, adequate knowledge scores were likely among respondents under 30 years of age, with tertiary education or reside in North-west Nigeria. Sources of information were significantly associated with perception (p = 0.004) and knowledge (p<0.001) of the respondents. CONCLUSION: The findings of this study show that there is disparity in the knowledge and perception of mpox in the study population, and as a result, there is a need to intensify awareness about MPXV infection to enhance positive perception among the respondents. This has potential to safeguard public health and contain the disease thus preventing it from spreading to the global community. A One Health approach involving animal and human health workers is imperative for improved knowledge and a good perception towards the disease among respondents, and enhanced active surveillance and early detection of MPXV in reservoir hosts (rodents and non-human primates); to prevent reverse zoonotic transmission of the virus at the human-animal interface.","[MeSH] Animals; [MeSH] Humans; [MeSH] Public Health; [MeSH] Nigeria; [MeSH] Cross-Sectional Studies; [MeSH] Mpox, Monkeypox; [MeSH] Surveys and Questionnaires"
36470502,The use of antivirals in the treatment of human monkeypox outbreaks: a systematic review.,"Muhammad Aaqib Shamim, Bijaya Kumar Padhi, Prakasini Satapathy, Sai D Veeramachaneni, Chandrima Chatterjee, Snehasish Tripathy, Naushaba Akhtar, Anindita Pradhan, Pradeep Dwivedi, Aroop Mohanty, Alfonso J Rodriguez-Morales, Ranjit Sah, Ala'a B Al-Tammemi, Jaffar A Al-Tawfiq, Behdin Nowrouzi-Kia, Vijay Kumar Chattu",International journal of infectious diseases : IJID : official publication of the International Society for Infectious Diseases. 2022. doi: 10.1016/j.ijid.2022.11.040..,Shamim,International journal of infectious diseases : IJID : official publication of the International Society for Infectious Diseases,2023,2022/12/05,,,10.1016/j.ijid.2022.11.040,"OBJECTIVES: Human monkeypox virus (MPXV) infection is a recently declared public health emergency of international concern by the World Health Organization. Besides, there is scant literature available on the use of antivirals in MPXV infection. This systematic review compiles all evidence of various antivirals used on their efficacy and safety and summarizes their mechanisms of action. METHODS: A review was done of all original studies mentioning individual patient data on the use of antivirals in patients with MPXV infection. RESULTS: Of the total 487 non-duplicate studies, 18 studies with 71 individuals were included. Tecovirimat was used in 61 individuals, followed by cidofovir in seven and brincidofovir (BCV) in three individuals. Topical trifluridine was used in four ophthalmic cases in addition to tecovirimat. Of the total, 59 (83.1%) were reported to have complete resolution of symptoms; one was experiencing waxing and waning of symptoms, only one (1.8%) had died, and the others were having a resolution of symptoms. The death was thought unrelated to tecovirimat. Elevated hepatic panels were reported among all individuals treated with BCV (leading to treatment discontinuation) and five treated with tecovirimat. CONCLUSION: Tecovirimat is the most used and has proven beneficial in several aggravating cases. No major safety concerns were detected upon its use. Topical trifluridine was used as an adjuvant treatment option along with tecovirimat. BCV and cidofovir were seldom used, with the latter often being used due to the unavailability of tecovirimat. BCV was associated with treatment discontinuation due to adverse events.",Antiviral; Brincidofovir; Cidofovir; Monkeypox; Tecovirimat; Treatment
39321225,"Clinical and Epidemiological Characteristics of Mpox Cases Identified Through Case-based Surveillance in India, July 2022-January 2023.","Serin Kuriakose, Rajesh Kumar Gupta, Anuj Kumar, Jyoti Kumar, Sanket Kulkarni, Himanshu Chauhan, Vineet Relhan, V Meenakshy, Lakshmi Geetha Gopalakrishnan, S K Singh, Arti Bahl, Sukarma Tanwar, Tanzin Dikid",Indian journal of public health. 2024. doi: 10.4103/ijph.ijph_1381_23..,Kuriakose,Indian journal of public health,2024,2024/09/24,,,10.4103/ijph.ijph_1381_23,"BACKGROUND: Of the 43 mpox cases reported by the WHO in South East Asia between January 2022 and March 2023, 24 (56%) were from India. OBJECTIVES: We describe the clinical and epidemiological profile of cases identified through India's hospital case-based surveillance. MATERIALS AND METHODS: We identified mpox cases as a positive result for mpox virus polymerase-chain-reaction assay, reported through surveillance from July 1, 2022 to January 7, 2023. Cases and clinicians were interviewed, and data were abstracted from the medical records. We conducted contact tracing among family, close social networks, and healthcare personnel staff for the first 17 cases. We collected the data on sociodemographics, clinical findings, and behavior, and described data using summary statistics. RESULTS: We identified 24 laboratory-confirmed cases (42% females, median age 30 years, range 22-38), including one death (case fatality rate 4.2%). We collected clinical and behavioural data from 21 of 24 cases. All had rashes with vesicles and genital lesions; 7 (33%) reported genital lesions as the first symptom; and 3 (13%) reported complications. Among the 21 cases, all were sexually active, none self-identified as men having sex with men (MSM), and 6 (29%) reported multiple sex partners. We identified 51 contacts of the first 17 reported cases, none reported symptoms suggestive of mpox. CONCLUSION: The clinical and behavioral characteristics of mpox cases in India are consistent with the global 2022 outbreak, with the exception that no cases in India reported MSM. Most were sexually active young adult economic migrants and developed genital lesions.","[MeSH] Adult; [MeSH] Female; [MeSH] Humans; [MeSH] Male; [MeSH] Young Adult; [MeSH] Contact Tracing; [MeSH] India; [MeSH] Mpox, Monkeypox"
40263113,"Clade Ia Monkeypox Virus Linked to Sexual Transmission, Democratic Republic of the Congo, August 2024.","Jean-Claude Makangara-Cigolo, Kelly-Michel Kenye, Lygie Lunyanga, Daan Jansen, Eddy Kinganda-Lusamaki, Sifa Kavira, Adrienne Amuri-Aziza, Emile Malembi, Yvon Anta, Prince Akil-Bandali, Emmanuel Lokilo-Lofiko, Emmanuel Hasivirwe Vakaniaki, Sabin Sabiti Nundu, Elisabeth Pukuta-Simbu, Princesse Paku-Tshambu, Rilia Ola-Mpumbe, Raphael Lumembe-Numbi, Gabriel Kabamba-Lungenyi, Gradi Luakanda, Cris Kacita, Robert Shongo-Lushima, Dieudonné Mwamba, Áine O'Toole, Sydney Merritt, Megan Halbrook, Daniel Mukadi-Bamuleka, Nicole A Hoff, Nicola Low, Isaac Bogoch, Muge Cevik, Gregg Gonsalves, Souradet Shaw, Lorenzo Subissi, Laurens Liesenborghs, Ahidjo Ayouba, Martine Peeters, Eric Delaporte, Sofonias Tessema, Anne W Rimoin, Jean-Jacques Muyembe-Tamfum, Andrew Rambaut, Koen Vercauteren, Steve Ahuka-Mundeke, Jason Kindrachuk, Tony Wawina-Bokalanga, Placide Mbala-Kingebeni",Emerging infectious diseases. 2025. doi: 10.3201/eid3105.241690..,Makangara-Cigolo,Emerging infectious diseases,2025,2025/04/22,,,10.3201/eid3105.241690,"Several concurrent mpox outbreaks are ongoing in the Democratic Republic of the Congo. We report a case of severe clade Ia mpox in an adult woman with indeterminate HIV status who died 16 days after symptom onset. She self-identified as a sex worker and had spent time in the capital city, Kinshasa.",DRC; Democratic Republic of the Congo; MPXV; case investigation; clade I; fatal; genome sequencing; monkeypox virus; mpox; sexually transmitted infections; viruses; zoonoses
37671858,Sub-lineage B.1.6 of hMPXV in a global context: Phylogeny and epidemiology.,"Iris S Molina, Victor Jimenez-Vasquez, Wendy Lizarraga, Nieves Sevilla, Veronica Hurtado, Carlos Padilla-Rojas",Journal of medical virology. 2023. doi: 10.1002/jmv.29056..,Molina,Journal of medical virology,2023,2023/09/01,,,10.1002/jmv.29056,"During the 2022 COVID-19 pandemic, monkeypox emerged as a significant threat to global health. The virus responsible for the disease, the human monkeypox virus (hMPXV), underwent various genetic changes, resulting in the emergence of over a dozen distinct lineages, which could be identified by only a small number of unique mutations. As of January 25, 2023, genomic information of hMPXV generated had reached 4632 accessions in the GISAID database. In this study, we aimed to investigate the epidemiological and phylogenetic characteristics of the B.1.6 sub-lineage of hMPXV in Peru, compared with other circulating sub-lineages during the global outbreak. The B.1.6 sub-lineage, characterized by the 111029G>A mutation, was estimated to have emerged in June 2022 and was found mainly in Peru. Most cases (95.8%) were men with an average age of 33 years, and nearly half of the patients had HIV, of whom only 77.35% received antiretroviral therapy. Our findings revealed that the B.1.6, B.1.4, and B.1.2 sub-lineages were well represented and had a higher number of mutations despite having the lowest media substitution rates per site per year. Moreover, it was estimated that B.1.2 and B.1.4 appeared in February 2022 and were the first two sub-lineages to emerge. A mutation profile was also obtained for each sub-lineage, reflecting that several mutations had a pattern similar to the characteristic mutation. This study provides the first estimation of the substitution rate and ancestry of each monkeypox sub-lineage belonging to the 2022 outbreak. Based on our findings, continued genomic surveillance of monkeypox is necessary to understand better and track the evolution of the virus.",B.1.6 sub-lineage; global context; monkeypox; next-generation sequencing; substitution rate
37440743,Mpox: Rapid Evidence Review.,"Aaron Saguil, Lindy Krebs, Ulyee Choe",American family physician. 2023.,Saguil,American family physician,2023,2023/07/01,,,,"Mpox (formerly monkeypox) is a DNA virus of the Orthopoxvirus genus, similar to smallpox. Although mpox was endemic to the Democratic Republic of the Congo and parts of Africa, increasing numbers of cases were reported worldwide in 2022. More than 30,000 cases have been reported in the United States, and worldwide 98% of cases are found in men who have sex with men. Transmission is primarily through contact with skin lesions. The rash of mpox is often vesiculopustular and may be localized to the anogenital region or distributed on the face, trunk, limbs, palms, and soles. Two vaccines are available for pre- or postexposure prophylaxis. Jynneos (smallpox and mpox vaccine, live, nonreplicating) is a live, attenuated vaccine that is safe for patients who are immunocompromised. ACAM2000 (smallpox [vaccinia] vaccine, live) is a live vaccinia virus vaccine that should be given only to immunocompetent, nonpregnant people and should be avoided in those with skin conditions such as atopic dermatitis. For most people infected with mpox, the disease is mild and self-limiting. Antiviral treatments such as tecovirimat, cidofovir, or brincidofovir may be considered for use in individuals who have or are at high risk of severe disease. Possible complications of mpox include anogenital pain, bacterial superinfections of skin lesions, dehydration secondary to oral lesions, encephalitis, keratitis, and respiratory distress. To date, 38 deaths have been reported in the United States.","[MeSH] Humans; [MeSH] Male; [MeSH] Exanthema; [MeSH] Homosexuality, Male; [MeSH] Mpox, Monkeypox; [MeSH] Sexual and Gender Minorities; [MeSH] Smallpox"
37739785,Development and Validation of Three Automated High-Throughput Molecular Tests to Detect Monkeypox Virus Infections.,"Mark Anderson, Austin Hodges, Ka-Cheung Luk, Ana Olivo, Kenn Forberg, Todd V Meyer, Carolyn Strobel, Mark Kim, Dan Toolsie, Nicholas M Moore, Yitzchak Goldstein, Mary Rodgers, Danijela Lucic, Gavin Cloherty",The Journal of infectious diseases. 2024. doi: 10.1093/infdis/jiad406..,Anderson,The Journal of infectious diseases,2024,2024/03/26,,,10.1093/infdis/jiad406,"BACKGROUND: The 2022 outbreak of the clade IIb monkeypox virus and subsequent global spread lead to an urgent need for the development of high-throughput, sensitive, and reproducible diagnostic tests. METHODS: We developed 3 assays to detect monkeypox virus, 2 (MPXV+ and MPXV) for m2000 RealTime and 1 (MPXV) for Alinity m platforms. Dual targets in E9L and B6R (MPXV+) and J2L and B7R (MPXV) increased mutation resistance. In silico prediction indicates MPXV+ cross-reactivity with orthopox viruses and specific monkeypox virus detection with MPXV. RESULTS: m2000 RealTime MPXV+ and MPXV assay sensitivity was determined to be 3.2 plaque-forming units/mL using a reference virus culture diluted into universal transport medium (UTM). Alinity m MPXV lower limit of detection was 200 copies/mL using monkeypox virus plasmids in pooled UTM matrix. m2000 RealTime MPXV+ and MPXV assays were validated with lesion swabs in UTM and 1:1 saliva to UTM mixtures. Commercially available and remnant clinical lesion specimens in UTM were tested with RealTime MPXV+, RealTime MPXV and Alinity m MPXV assays and demonstrated high agreement to known mpox (MPX)-positive specimens. CONCLUSIONS: RealTime MPXV+, RealTime MPXV, and Alinity MPXV are high throughput and sensitive assays used for the detection of monkeypox virus. These assays maybe useful during MPX outbreaks.",Alinity m; MPX; MPXV; PCR; diagnostics; real time
37848125,Variability in clinical assessment of clade IIb mpox lesions.,"Benjamin Jones, Amy Paterson, Naseem AlKhoury, Josephine Bourner, Jake Dunning, Piero Olliaro, Amanda Rojek",International journal of infectious diseases : IJID : official publication of the International Society for Infectious Diseases. 2023. doi: 10.1016/j.ijid.2023.10.004..,Jones,International journal of infectious diseases : IJID : official publication of the International Society for Infectious Diseases,2023,2023/10/15,,,10.1016/j.ijid.2023.10.004,"OBJECTIVES: The ongoing global outbreak of mpox, caused by clade IIb mpox virus, poses significant challenges in accurately categorizing and assessing the diversity of lesions. With lesion resolution being a key endpoint in clinical trials and observational studies, it is essential to evaluate the inter-rater reliability and agreement of clade IIb mpox lesion assessment among clinicians. METHODS: Clinicians experienced in clade IIb mpox disease were surveyed online with 20 lesion images. They categorized lesions into active, crusted, resolved, or unclassifiable groups. Reliability was assessed with Fleiss' kappa and agreement with proportion of exact agreement. RESULTS: Fifty-three clinicians completed the survey, with a median self-reported confidence rating of 7 (on a scale of 1 to 10) in assessing mpox lesions. The inter-rater reliability was found to be moderate, with a Fleiss' kappa coefficient of 0.417 (P <0.05, 95% confidence interval: 0.409-0.425). The inter-rater agreement was 61%. CONCLUSION: This study demonstrates moderate inter-rater reliability and agreement in clade IIb mpox lesion assessment among clinicians. The findings emphasize the importance of standardizing lesion classification systems to facilitate clinical care (e.g., decision to start treatment) and public health (e.g. isolation) decisions and a need to explore alternative endpoints for clinical trials.",Agreement; Lesion assessment; Mpox; Reliability
36067982,The resurgence of a neglected orthopoxvirus: Immunologic and clinical aspects of monkeypox virus infections over the past six decades.,"Amer Al-Musa, Janet Chou, Brenna LaBere","Clinical immunology (Orlando, Fla.). 2022. doi: 10.1016/j.clim.2022.109108..",Al-Musa,"Clinical immunology (Orlando, Fla.)",2022,2022/09/05,,,10.1016/j.clim.2022.109108,"Monkeypox is a zoonotic Orthopoxvirus which has predominantly affected humans living in western and central Africa since the 1970s. Type I and II interferon signaling, NK cell function, and serologic immunity are critical for host immunity against monkeypox. Monkeypox can evade host viral recognition and block interferon signaling, leading to overall case fatality rates of up to 11%. The incidence of monkeypox has increased since cessation of smallpox vaccination. In 2022, a global outbreak emerged, predominantly affecting males, with exclusive human-to-human transmission and more phenotypic variability than earlier outbreaks. Available vaccines are safe and effective tools for prevention of severe disease, but supply is limited. Now considered a public health emergency, more studies are needed to better characterize at-risk populations and to develop new anti-viral therapies.",Immune evasion; Monkeypox virus; Public health; Vaccination
36343176,"Monkeypox: How Globalization, Host Immunity, and Viral Evolution Create a New Pathogen.","Theresa Barton, Regina Oladokun",Pediatric annals. 2022. doi: 10.3928/19382359-20220913-02..,Barton,Pediatric annals,2022,2022/11/01,,,10.3928/19382359-20220913-02,"Monkeypox is an Orthopoxvirus, endemic to West Africa and the Congo Basin. It causes an illness characterized by fever, myalgias, lymphadenopathy, and a disseminated vesicular rash. Although similar to smallpox, monkeypox is typically milder, with a lower mortality rate. Endemicity in Africa was previously reduced owing to cross-protection from smallpox vaccine but has been increasing since cessation of universal vaccination. Sporadic cases have been imported to the United States (US), with a few secondary cases. A large global outbreak in 2022 has demonstrated changing epidemiology and increased person-to-person transmission. In May 2022, a returned traveler in Massachusetts presented with monkeypox. As of October 7, 2022, 71,096 cases had been reported in 107 countries, and 26,577 of those were in the US. Most cases have been in younger people without previous smallpox vaccination and in men who have sex with men, a previously unrecognized mode of transmission. [Pediatr Ann. 2022;51(11):e431-e435.].","[MeSH] Male; [MeSH] Humans; [MeSH] United States; [MeSH] Mpox, Monkeypox; [MeSH] Monkeypox virus; [MeSH] Smallpox; [MeSH] Homosexuality, Male; [MeSH] Sexual and Gender Minorities; [MeSH] Internationality"
38526165,"Co-Circulating Monkeypox and Swinepox Viruses, Democratic Republic of the Congo, 2022.","Thierry Kalonji, Emile Malembi, Jean Paul Matela, Toutou Likafi, Eddy Kinganda-Lusamaki, Emmanuel Hasivirwe Vakaniaki, Nicole A Hoff, Amuri Aziza, Francisca Muyembe, Joelle Kabamba, Tine Cooreman, Béatrice Nguete, Danae Witte, Ahidjo Ayouba, Nicolas Fernandez-Nuñez, Stijn Roge, Martine Peeters, Sydney Merritt, Steve Ahuka-Mundeke, Eric Delaporte, Elisabeth Pukuta, Joachim Mariën, Eugene Bangwen, Steven Lakin, Charles Lewis, Jeffrey B Doty, Laurens Liesenborghs, Lisa E Hensley, Andrea McCollum, Anne W Rimoin, Jean Jacques Muyembe-Tamfum, Robert Shongo, Didine Kaba, Placide Mbala-Kingebeni",Emerging infectious diseases. 2024. doi: 10.3201/eid3004.231413..,Kalonji,Emerging infectious diseases,2024,2024/04/01,,,10.3201/eid3004.231413,"In September 2022, deaths of pigs manifesting pox-like lesions caused by swinepox virus were reported in Tshuapa Province, Democratic Republic of the Congo. Two human mpox cases were found concurrently in the surrounding community. Specific diagnostics and robust sequencing are needed to characterize multiple poxviruses and prevent potential poxvirus transmission.",Democratic Republic of the Congo; One Health; infectious diseases; monkeypox virus; mpox; orthopoxvirus; outbreak investigation; sexually transmitted infections; swinepox; swinepox virus; vector-borne infections; viruses; zoonoses
35750272,Monkeypox and human transmission: Are we on the verge of another pandemic?,"Ramadan Abdelmoez Farahat, Iftikhar Ali, Tareq Al-Ahdal, Amira Yasmine Benmelouka, Khaled Albakri, Amro A El-Sakka, Abdelaziz Abdelaal, Basel Abdelazeem, Mohammed Moustapha Anwar, Rachana Mehta, Ranjana Sah, Ramhari Rouniyar, Ranjit Sah",Travel medicine and infectious disease. 2022. doi: 10.1016/j.tmaid.2022.102387..,Farahat,Travel medicine and infectious disease,2022,2022/06/21,,,10.1016/j.tmaid.2022.102387,,"[MeSH] Disease Outbreaks; [MeSH] Humans; [MeSH] Mpox, Monkeypox; [MeSH] Pandemics"
37243206,"Development of a Multi-Epitope Universal mRNA Vaccine Candidate for Monkeypox, Smallpox, and Vaccinia Viruses: Design and In Silico Analyses.","Nino Rcheulishvili, Jiawei Mao, Dimitri Papukashvili, Shunping Feng, Cong Liu, Xidan Yang, Jihui Lin, Yunjiao He, Peng George Wang",Viruses. 2023. doi: 10.3390/v15051120..,Rcheulishvili,Viruses,2023,2023/05/07,,,10.3390/v15051120,"Notwithstanding the presence of a smallpox vaccine that is effective against monkeypox (mpox), developing a universal vaccine candidate against monkeypox virus (MPXV) is highly required as the mpox multi-country outbreak has increased global concern. MPXV, along with variola virus (VARV) and vaccinia virus (VACV), belongs to the Orthopoxvirus genus. Due to the genetic similarity of antigens in this study, we have designed a potentially universal mRNA vaccine based on conserved epitopes that are specific to these three viruses. In order to design a potentially universal mRNA vaccine, antigens A29, A30, A35, B6, and M1 were selected. The conserved sequences among the three viral species-MPXV, VACV, and VARV-were detected, and B and T cell epitopes containing the conserved elements were used for the design of the multi-epitope mRNA construct. Immunoinformatics analyses demonstrated the stability of the vaccine construct and optimal binding to MHC molecules. Humoral and cellular immune responses were induced by immune simulation analyses. Eventually, based on in silico analysis, the universal mRNA multi-epitope vaccine candidate designed in this study may have a potential protection against MPXV, VARV, and VACV that will contribute to the advancement of prevention strategies for unpredictable pandemics.",MPXV; immunoinformatics; monkeypox; mpox; multi-epitope mRNA vaccine; universal vaccine
29927927,Intranasal monkeypox marmoset model: Prophylactic antibody treatment provides benefit against severe monkeypox virus disease.,"Eric M Mucker, Suzanne E Wollen-Roberts, Adrienne Kimmel, Josh Shamblin, Darryl Sampey, Jay W Hooper",PLoS neglected tropical diseases. 2018. doi: 10.1371/journal.pntd.0006581..,Mucker,PLoS neglected tropical diseases,2018,2018/06/21,,,10.1371/journal.pntd.0006581,"Concerns regarding outbreaks of human monkeypox or the potential reintroduction of smallpox into an immunological naïve population have prompted the development of animal models and countermeasures. Here we present a marmoset model of monkeypox and smallpox disease utilizing a relevant poxvirus via a natural exposure route. We found that 1000 plaque forming units (PFU) of Monkeypox virus was sufficient to recapitulate smallpox disease, to include an incubation period of approximately 13 days, followed by the onset of rash, and death between 15 and 17 days. Temporally accurate manifestation of viremia and oral shedding were also features. The number of lesions ranged from no lesions to 299, the most reported in a marmoset exposed to a poxvirus. To both evaluate the efficacy of our antibodies and the applicability of the model system, marmosets were prophylactically treated with two monoclonal antibodies, c7D11 and c8A. Of three marmosets, two were completely free of disease and a single marmoset died 8 days after the mock (n = 1) or PBS control(s) (n = 2). Evaluation of the serum levels of the three animals provided a possible explanation to the animal succumbing to disease. Interestingly, more females had lesions (and a greater number of lesions) and lower viral burden (viremia and oral shedding) than males in our studies, suggesting a possible gender effect.","[MeSH] Animals; [MeSH] Antibodies, Monoclonal; [MeSH] Antibodies, Viral; [MeSH] Callithrix; [MeSH] Disease Models, Animal; [MeSH] Female; [MeSH] Humans; [MeSH] Male; [MeSH] Mpox, Monkeypox; [MeSH] Monkeypox virus; [MeSH] Viral Load"
41943416,An Emerging Global Threat After The COVID-19 Pandemic: Monkeypox Similarities and Differences.,"Hafez Al-Momani, Ayman Alsheikh, Hadeel Al Balawi, Dua'a Al Balawi, Iman Aolymat, Ashraf I Khasawneh, Hala Tabl, Abdelrahman M Zueter",Polish journal of microbiology. 2026. doi: 10.33073/pjm-2026-005..,Al-Momani,Polish journal of microbiology,2026,2026/03/31,,,10.33073/pjm-2026-005,"During the post COVID-19 pandemic, monkeypox (mpox) has returned and become a significant concern for health. The epicenter of clade I mpox is within the Democratic Republic of Congo (DRC) where two subclade consists of Ia and Ib are now in circulation and maintain their transmission from human to human. As of late 2024, worldwide mpox cases had surpassed 100,000 across 127 nations, with the World Health Organization reporting over 260 fatalities. CDC recently reported that the spread of clade I is no longer limited to Africa, highlighting its growing potential to become a pandemic. The World Health Organization (WHO) declared the disease an international public health emergency on August 14, 2024. This undoubtedly raises the question of whether global outbreaks of mpox represent the onset of another full-blown pandemic. Although Monkeypox can lead to other public health issues (especially in areas where it is not usually endemic), it is unlikely to become a pandemic on the same scale as COVID-19. Moreover, it is more containable due to vaccine availability, its transmission dynamics, and lessons learned from COVID-19. Nonetheless, it is still important to remain vigilant to prevent outbreaks from spreading, particularly in vulnerable populations and regions with limited healthcare resources.",COVID-19; monkeypox; pandemic; vaccines; viral infection
35959687,Monkeypox: another test for PCR.,"Jim F Huggett, David French, Denise M O'Sullivan, Jacob Moran-Gilad, Alimuddin Zumla",Euro surveillance : bulletin Europeen sur les maladies transmissibles = European communicable disease bulletin. 2022. doi: 10.2807/1560-7917.ES.2022.27.32.2200497..,Huggett,Euro surveillance : bulletin Europeen sur les maladies transmissibles = European communicable disease bulletin,2022,2022/08/01,,,10.2807/1560-7917.ES.2022.27.32.2200497,"Monkeypox was declared a public health emergency of international concern by the World Health Organization (WHO) on 23 July 2022. Between 1 January and 23 July 2022, 16,016 laboratory confirmed cases of monkeypox and five deaths were reported to WHO from 75 countries on all continents. Public health authorities are proactively identifying cases and tracing their contacts to contain its spread. As with COVID-19, PCR is the only method capable of being deployed at sufficient speed to provide timely feedback on any public health interventions. However, at this point, there is little information on how those PCR assays are being standardised between laboratories. A likely reason is that testing is still limited on a global scale and that detection, not quantification, of monkeypox virus DNA is the main clinical requirement. Yet we should not be complacent about PCR performance. As testing requirements increase rapidly and specimens become more diverse, it would be prudent to ensure PCR accuracy from the outset to support harmonisation and ease regulatory conformance. Lessons from COVID-19 should aid implementation with appropriate material, documentary and methodological standards offering dynamic mechanisms to ensure testing that most accurately guides public health decisions.",Monkeypox; PCR; molecular diagnosis; standardisation; test accuracy
39608220,Monkeypox Global Research: A Comprehensive Analysis from Emergence to Present (1961-2023) for innovative prevention and control approaches.,"Nader Kameli, Abdullah Algaissi, Manal Mohamed Elhassan Taha, Edrous Alamer, Abdulaziz Alhazmi, Waleed Hakami, Badreldin S Rahama, Anwar M Hashem, Siddig Ibrahim Abdelwahab",Journal of infection and public health. 2024. doi: 10.1016/j.jiph.2024.102593..,Kameli,Journal of infection and public health,2025,2024/11/15,,,10.1016/j.jiph.2024.102593,"The current study aims to identify research hotspots and trends in Monkeypox (MPX). A total of 2655 MPX-related articles published from 1961 to 2023 were extracted from the Scopus database. Data were analyzed using Scopus Analytics, Microsoft Excel, Bibliometrix, and VOSviewer. The number of MPX papers has been increasing annually, particularly since the most recent outbreak. The United States and India have been productive in this area. The most cited and productive scholar in the field is Inger K. Damon. The MPX research theme map shows clusters with various centralities and densities, focusing on deep learning, molecular docking, and orthopoxviruses. Over the last decade, key terms include ""transmission,"" ""pandemic,"" ""deep learning,"" ""docking,"" ""Democratic Republic of Congo,"" ""Ebola,"" ""virulence,"" ""modified vaccinia Ankara,"" and ""orthopoxvirus."" Researchers can utilize existing findings to steer future research on this illness, prepare for potential pandemics, and address bioterrorist threats.",Bibliometrics; Knowloedge structure and dynamics; Monkeypox; VOSviewer program
38164967,"Clinical Manifestations of an Outbreak of Monkeypox Virus in Captive Chimpanzees in Cameroon, 2016.","Stephanie C Brien, Matthew LeBreton, Jeffrey B Doty, Matthew R Mauldin, Clint N Morgan, Emily G Pieracci, Jana M Ritter, Audrey Matheny, Bibila G Tafon, Ubald Tamoufe, Alain D Missoup, Julius Nwobegahay, Jean Michel Takuo, Felix Nkom, Moctar M M Mouiche, Jean Marc K Feussom, Kimberly Wilkins, Abel Wade, Andrea M McCollum",The Journal of infectious diseases. 2024. doi: 10.1093/infdis/jiad601..,Brien,The Journal of infectious diseases,2024,2024/03/26,,,10.1093/infdis/jiad601,"Monkeypox virus (MPXV) is a reemerging virus of global concern. An outbreak of clade I MPXV affected 20 captive chimpanzees in Cameroon in 2016. We describe the epidemiology, virology, phylogenetics, and clinical progression of this outbreak. Clinical signs included exanthema, facial swelling, perilaryngeal swelling, and eschar. Mpox can be lethal in captive chimpanzees, with death likely resulting from respiratory complications. We advise avoiding anesthesia in animals with respiratory signs to reduce the likelihood of death. This outbreak presented a risk to animal care staff. There is a need for increased awareness and a One Health approach to preparation for outbreaks in wildlife rescue centers in primate range states where MPXV occurs. Control measures should include quarantining affected animals, limiting human contacts, surveillance of humans and animals, use of personal protective equipment, and regular decontamination of enclosures.",One Health; epidemiology; mpox; outbreak; zoonosis
36951352,Monkeypox (Mpox) outbreak during COVID-19 pandemic-Past and the future.,"Durre Aden, Sufian Zaheer, Rohit Kumar, Sunil Ranga",Journal of medical virology. 2023. doi: 10.1002/jmv.28701..,Aden,Journal of medical virology,2023,2023/04/01,,,10.1002/jmv.28701,"Monkeypox infection (Mpox) is caused by the Orthopoxvirus (OPXV) genus of the Poxviridae family, closely resembling its more famous sibling smallpox. Recently World Health Organization (WHO), have renamed monkeypox as Mpox citing racial concerns, so we will be referring to monkeypox as Mpox. There has been a recent outbreak in May 2022 when Mpox cases were identified in all six WHO regions. On July 23, 2022, WHO declared it a public health emergency. Before the current outbreak, Mpox had been reported in people from several parts of central and west African countries; and almost all Mpox cases in people outside of Africa were linked to international travel to countries where the disease commonly occurs or through imported animals. With the waning of smallpox vaccine-induced immunity, Mpox can spread in the global population. Though the virus generally does not cause high mortality in immunocompetent individuals, however, severe disease and mortality may result if the virus spreads to immunocompromised individuals, children, elderly individuals, pregnant women, and individuals living with comorbidities such as diabetes. The current transmission was suspected to have occurred through sexual activity in 95% of the persons with infection. It was found that 98% of the persons with infection were either gay or bisexual men, with 41% suffering from HIV infection. The reasons behind this current epidemiological behavior have to be studied further to formulate a hypothesis that, is it the homosexuals who need to be more concerned or is it a global concern, and is monkeypox changing its behaviour to a sexually transmitted infection? The rash, along with associated lymphadenopathy, is a clue toward Mpox infection, but polymerase chain reaction is needed for the confirmative diagnosis. With the discovery of a vaccine, repurposed antivirals, and precautionary steps to prevent the spread of infection, it might help in the containment of the virus. In addition, what we already know about Mpox has to be re-evaluated, because most of the information gathered is from low-resource settings in Africa. The world at large and health care agencies specifically needs to galvanize a well-funded global plan and research initiatives to contain the spread of Mpox. In this article, we have attempted to make the readers aware of the biology, etiopathogenesis including the changes at the cellular level the virus is causing, the changing trends of the virus transmission, and the clinical manifestations. We have also attempted to elaborate on the potential challenges and the need for early diagnosis and containment of this Mpox outbreak. This could be achieved by effectieve use of vaccination and taking social safety measures, especially by the communities at risk.",2022 outbreak; COVID-19; Monkeypox; Monkeypox Virus; orthopox
31285143,Outbreak of human monkeypox in Nigeria in 2017-18: a clinical and epidemiological report.,"Adesola Yinka-Ogunleye, Olusola Aruna, Mahmood Dalhat, Dimie Ogoina, Andrea McCollum, Yahyah Disu, Ibrahim Mamadu, Afolabi Akinpelu, Adama Ahmad, Joel Burga, Adolphe Ndoreraho, Edouard Nkunzimana, Lamin Manneh, Amina Mohammed, Olawunmi Adeoye, Daniel Tom-Aba, Bernard Silenou, Oladipupo Ipadeola, Muhammad Saleh, Ayodele Adeyemo, Ifeoma Nwadiutor, Neni Aworabhi, Patience Uke, Doris John, Paul Wakama, Mary Reynolds, Matthew R Mauldin, Jeffrey Doty, Kimberly Wilkins, Joy Musa, Asheena Khalakdina, Adebayo Adedeji, Nwando Mba, Olubunmi Ojo, Gerard Krause, Chikwe Ihekweazu",The Lancet. Infectious diseases. 2019. doi: 10.1016/S1473-3099(19)30294-4..,Yinka-Ogunleye,The Lancet. Infectious diseases,2019,2019/07/05,,,10.1016/S1473-3099(19)30294-4,"BACKGROUND: In September, 2017, human monkeypox re-emerged in Nigeria, 39 years after the last reported case. We aimed to describe the clinical and epidemiological features of the 2017-18 human monkeypox outbreak in Nigeria. METHODS: We reviewed the epidemiological and clinical characteristics of cases of human monkeypox that occurred between Sept 22, 2017, and Sept 16, 2018. Data were collected with a standardised case investigation form, with a case definition of human monkeypox that was based on previously established guidelines. Diagnosis was confirmed by viral identification with real-time PCR and by detection of positive anti-orthopoxvirus IgM antibodies. Whole-genome sequencing was done for seven cases. Haplotype analysis results, genetic distance data, and epidemiological data were used to infer a likely series of events for potential human-to-human transmission of the west African clade of monkeypox virus. FINDINGS: 122 confirmed or probable cases of human monkeypox were recorded in 17 states, including seven deaths (case fatality rate 6%). People infected with monkeypox virus were aged between 2 days and 50 years (median 29 years [IQR 14]), and 84 (69%) were male. All 122 patients had vesiculopustular rash, and fever, pruritus, headache, and lymphadenopathy were also common. The rash affected all parts of the body, with the face being most affected. The distribution of cases and contacts suggested both primary zoonotic and secondary human-to-human transmission. Two cases of health-care-associated infection were recorded. Genomic analysis suggested multiple introductions of the virus and a single introduction along with human-to-human transmission in a prison facility. INTERPRETATION: This study describes the largest documented human outbreak of the west African clade of the monkeypox virus. Our results suggest endemicity of monkeypox virus in Nigeria, with some evidence of human-to-human transmission. Further studies are necessary to explore animal reservoirs and risk factors for transmission of the virus in Nigeria. FUNDING: None.","[MeSH] Adult; [MeSH] Animals; [MeSH] Disease Outbreaks; [MeSH] Exanthema; [MeSH] Female; [MeSH] Fever; [MeSH] Humans; [MeSH] Male; [MeSH] Mpox, Monkeypox; [MeSH] Monkeypox virus; [MeSH] Nigeria; [MeSH] Whole Genome Sequencing"
40008874,Detection of mpox and other orthopoxviruses using a lateral flow device as a point-of-care diagnostic.,"Stephen M Laidlaw, David Ulaeto, Steve Lonsdale, Graeme Clark, Rebecca Sumner, Thomas Edwards, Emily Adams, Anne-Sophie Logist, Bram Van Holm, Carlos Maluquer de Motes, Peter Horby, Piet Maes, Miles W Carroll",Microbiology spectrum. 2025. doi: 10.1128/spectrum.02456-24..,Laidlaw,Microbiology spectrum,2025,2025/02/26,,,10.1128/spectrum.02456-24,"In 2022, the World Health Organization declared the worldwide outbreak of mpox to be a public health emergency of international concern. The causative monkeypox virus (MPXV) belonged to clade IIb and is transmitted through sexual contact with a low case fatality rate (0.1%), which, together with under-detection, all contributed to a rapid global spread particularly within the MSM (men who have sex with men) community. As MPXV clade II remains circulating worldwide, a new outbreak of the more fatal clade I disease has been declared in Central and East Africa, and remains uncontrolled in part due to the lack of point-of-care (POC) diagnostics for rapid decisions on treatment and self-isolation. To address the lack of POC solutions for mpox, we have designed and evaluated an orthopoxvirus-specific lateral flow device (LFD) that could be used for the diagnosis of mpox. Using an LFD comprising four monoclonal antibodies against the A27 protein, we demonstrate sensitivity to 3 × 105 pfu/mL. This sensitivity is expected to be sufficient for the detection of MPXV from lesion sites and may also be sufficient for other sample types such as saliva and urine. We found that the presence of guanidinium thiocyanate, a common ingredient in inactivating viral transport media, masked the LFD antigen, resulting in false negatives. POC diagnosis of mpox may be possible using an LFD to reduce delays arising from sample shipment to centralized laboratory testing facilities. In order to achieve this, our work demonstrates that an LFD-optimized buffer is required, as the sample collection buffer may have a detrimental impact on sensitivity for clinical material.IMPORTANCEMpox cases have dramatically increased both in traditionally monkeypox virus endemic countries and also worldwide. This increase comes at a time when immunity derived from smallpox vaccination is no longer available. Diagnosis of mpox is complicated due to both disease presentation and the availability of local diagnostic laboratories. The availability of a point-of-care diagnostic tool such as an lateral flow device (LFD) would play an important role to both diagnose and prevent onward transmission. This manuscript provides developers and assessors with key data for defining true sensitivity and specificity of a successful LFD in addition to buffer conditions for sample collection.",LFD; diagnostics; mpox
20667104,Gene expression profiling of monkeypox virus-infected cells reveals novel interfaces for host-virus interactions.,"Abdulnaser Alkhalil, Rasha Hammamieh, Justin Hardick, Mohamed Ait Ichou, Marti Jett, Sofi Ibrahim",Virology journal. 2010. doi: 10.1186/1743-422X-7-173..,Alkhalil,Virology journal,2010,2010/07/28,,,10.1186/1743-422X-7-173,"Monkeypox virus (MPV) is a zoonotic Orthopoxvirus and a potential biothreat agent that causes human disease with varying morbidity and mortality. Members of the Orthopoxvirus genus have been shown to suppress antiviral cell defenses, exploit host cell machinery, and delay infection-induced cell death. However, a comprehensive study of all host genes and virus-targeted host networks during infection is lacking. To better understand viral strategies adopted in manipulating routine host biology on global scale, we investigated the effect of MPV infection on Macaca mulatta kidney epithelial cells (MK2) using GeneChip rhesus macaque genome microarrays. Functional analysis of genes differentially expressed at 3 and 7 hours post infection showed distinctive regulation of canonical pathways and networks. While the majority of modulated histone-encoding genes exhibited sharp copy number increases, many of its transcription regulators were substantially suppressed; suggesting involvement of unknown viral factors in host histone expression. In agreement with known viral dependence on actin in motility, egress, and infection of adjacent cells, our results showed extensive regulation of genes usually involved in controlling actin expression dynamics. Similarly, a substantial ratio of genes contributing to cell cycle checkpoints exhibited concerted regulation that favors cell cycle progression in G1, S, G2 phases, but arrest cells in G2 phase and inhibits entry into mitosis. Moreover, the data showed that large number of infection-regulated genes is involved in molecular mechanisms characteristic of cancer canonical pathways. Interestingly, ten ion channels and transporters showed progressive suppression during the course of infection. Although the outcome of this unusual channel expression on cell osmotic homeostasis remains unknown, instability of cell osmotic balance and membrane potential has been implicated in intracellular pathogens egress. Our results highlight the role of histones, actin, cell cycle regulators, and ion channels in MPV infection, and propose these host functions as attractive research focal points in identifying novel drug intervention sites.","[MeSH] Animals; [MeSH] Cell Line; [MeSH] Chlorocebus aethiops; [MeSH] Disease Models, Animal; [MeSH] Gene Expression Profiling; [MeSH] Gene Expression Regulation; [MeSH] Host-Pathogen Interactions; [MeSH] Humans; [MeSH] Macaca mulatta; [MeSH] Mpox, Monkeypox; [MeSH] Monkeypox virus; [MeSH] Vero Cells"
39024895,Epidemiological and clinical characteristics of monkeypox among people with and without HIV in Peru: a national observational study.,"Max Carlos Ramírez-Soto, Hugo Arroyo-Hernández",Journal of infection and public health. 2024. doi: 10.1016/j.jiph.2024.102494..,Ramírez-Soto,Journal of infection and public health,2024,2024/07/10,,,10.1016/j.jiph.2024.102494,"BACKGROUND: In Latin America, Peru has the second highest number of cases of monkeypox (Mpox), of which more than 50 % are Human Immunodeficiency Virus (HIV)-positive. Here, we compared the epidemiological and clinical characteristics of Mpox between people with and without HIV in Peru. METHODS: We conducted a national retrospective study using data on confirmed cases of Mpox reported by the Peruvian National Surveillance System from 15 June 2022 to 31 December 2023. RESULTS: A total of 3561 confirmed cases of Mpox were included. Of these, 2123 (60 %) patients were people living with HIV (PLWH), with increased odds for those aged 30 years or older, homosexual (adjusted odds ratio [aOR] 8.58 [6.95-10.59], p<0.0001), bisexual (aOR=4.44 [3.46-5.69], p<0.0001), sex workers (aOR=2.24 [1.07-4.68], p=0.032), people with a history of syphilis (aOR=2.07 [1.66-2.58], p<0.001), and hospitalized (aOR=3.08 [2.03-4.68], p<0.001). PLWH were more likely to have proctitis (aOR=1.73 [1.26-2.37], p=0.001). The overall mortality was 20 of 3561 (0.56 %). Among PLWH and Mpox, more deaths occurred in hospitalized (p<0.001) and non-ART (p<0.001) individuals. CONCLUSION: Our findings highlight that HIV infection among Mpox cases in Peru is associated with high-risk sexual behaviour and a high likelihood of hospitalization.","Epidemiology; HIV, sexually transmitted infections; Monkeypox; Peru"
38042367,"A case of fatal monkeypox infection: necropsy and molecular findings, with some considerations related to clinical management.","María Paniagua-García, Carlos S Casimiro-Soriguer, David Chinchón, Mª Dolores Navarro-Amuedo, Rafael Luque-Márquez, Enrique de Álava, Jose A Lepe, José M Cisneros",Clinical microbiology and infection : the official publication of the European Society of Clinical Microbiology and Infectious Diseases. 2023. doi: 10.1016/j.cmi.2023.11.011..,Paniagua-García,Clinical microbiology and infection : the official publication of the European Society of Clinical Microbiology and Infectious Diseases,2024,2023/11/30,,,10.1016/j.cmi.2023.11.011,"OBJECTIVE: Human monkeypox (mpox) is usually self-limited infection; however, rising data show a worse outcome in patients with impaired immune status, particularly those co-infected with HIV [Mitjà O, Alemany A, Marks M, Lezama Mora JI, Rodríguez-Aldama JC, Torres Silva MS et al. Mpox in people with advanced HIV infection: A global case series. Lancet. 2023; 401:939-49. DOI:https://doi.org/10.1016/S0140-6736(23)00273-8] [Govind A, Lazarte SM, Kitchell E, Chow JY, Estelle CD, Fixsen E et al. Severe mpox infections in people with uncontrolled human immunodeficiency virus (HIV). Clin Infect Dis. 2023; 76:1843-6. DOI:https://doi.org/10.1093/cid/ciad052]. METHODS: We report the clinical, pathological, and molecular study of a patient with mpox infection and a late HIV diagnosis, with fatal outcome. RESULTS: Necropsy revealed visceral spread of mpox. Mpox virus was sequenced twice during the admission, uncovering an emerging mutation near a genomic region where mutations associated with tecovirimat resistance have been documented. DISCUSSION: Monkeypox can manifest as an opportunistic infection in individuals with advanced HIV-associated immunosuppression.",Antiviral treatment; Bacterial superinfection; Disseminated monkeypox infection; Late-stage human inmunodeficiency virus infection; Monkeypox; Opportunistic infection
38627378,Ultrasensitive single-step CRISPR detection of monkeypox virus in minutes with a vest-pocket diagnostic device.,"Yunxiang Wang, Hong Chen, Kai Lin, Yongjun Han, Zhixia Gu, Hongjuan Wei, Kai Mu, Dongfeng Wang, Liyan Liu, Ronghua Jin, Rui Song, Zhen Rong, Shengqi Wang",Nature communications. 2024. doi: 10.1038/s41467-024-47518-8..,Wang,Nature communications,2024,2024/04/16,,,10.1038/s41467-024-47518-8,"The emerging monkeypox virus (MPXV) has raised global health concern, thereby highlighting the need for rapid, sensitive, and easy-to-use diagnostics. Here, we develop a single-step CRISPR-based diagnostic platform, termed SCOPE (Streamlined CRISPR On Pod Evaluation platform), for field-deployable ultrasensitive detection of MPXV in resource-limited settings. The viral nucleic acids are rapidly released from the rash fluid swab, oral swab, saliva, and urine samples in 2 min via a streamlined viral lysis protocol, followed by a 10-min single-step recombinase polymerase amplification (RPA)-CRISPR/Cas13a reaction. A pod-shaped vest-pocket analysis device achieves the whole process for reaction execution, signal acquisition, and result interpretation. SCOPE can detect as low as 0.5 copies/µL (2.5 copies/reaction) of MPXV within 15 min from the sample input to the answer. We validate the developed assay on 102 clinical samples from male patients / volunteers, and the testing results are 100% concordant with the real-time PCR. SCOPE achieves a single-molecular level sensitivity in minutes with a simplified procedure performed on a miniaturized wireless device, which is expected to spur substantial progress to enable the practice application of CRISPR-based diagnostics techniques in a point-of-care setting.","[MeSH] Humans; [MeSH] Male; [MeSH] Monkeypox virus; [MeSH] Biological Assay; [MeSH] Cell Death; [MeSH] Exanthema; [MeSH] Nucleotidyltransferases; [MeSH] Nucleic Acid Amplification Techniques; [MeSH] Sensitivity and Specificity; [MeSH] CRISPR-Cas Systems; [MeSH] Recombinases; [MeSH] Mpox, Monkeypox"
35820590,Monkeypox virus: a re-emergent threat to humans.,"Qizan Gong, Changle Wang, Xia Chuai, Sandra Chiu",Virologica Sinica. 2022. doi: 10.1016/j.virs.2022.07.006..,Gong,Virologica Sinica,2022,2022/07/09,,,10.1016/j.virs.2022.07.006,"Human monkeypox (MPX) is a rare zoonotic infection characterized by smallpox-like signs and symptoms. It is caused by monkeypox virus (MPXV), a double stranded DNA virus belonging to the genus Orthopoxvirus. MPX was first identified in 1970 and mostly prevailed in the rural rainforests of Central and West Africa in the past. Outside Africa, MPX was reported in the United Kingdom, the USA, Israel, and Singapore. In 2022, the resurgence of MPX in Europe and elsewhere posed a potential threat to humans. MPXV was transmitted by the animals-human or human-human pathway, and the symptoms of MPXV infection are similar to that of smallpox, but in a milder form and with lower mortality (1%-10%). Although the smallpox vaccination has been shown to provide 85% protection against MPXV infection, and two anti-smallpox virus drugs have been approved to treat MPXV, there are still no specific vaccines and drugs against MPXV infection. Therefore it is urgent to take active measures including the adoption of novel anti-MPXV strategies to control the spread of MPXV and prevent MPX epidemic. In this review, we summarize the biological features, epidemiology, pathogenicity, laboratory diagnosis, and prevention and treatment strategies on MPXV. This review provides the basic knowledge for prevention and control of future outbreaks of this emerging infection.",Antiviral drugs; Monkeypox virus (MPXV); Orthopoxvirus; Smallpox vaccine
20130052,A mouse model of lethal infection for evaluating prophylactics and therapeutics against Monkeypox virus.,"Jennifer Stabenow, R Mark Buller, Jill Schriewer, Cheri West, John E Sagartz, Scott Parker",Journal of virology. 2010. doi: 10.1128/JVI.02012-09..,Stabenow,Journal of virology,2010,2010/02/03,,,10.1128/JVI.02012-09,"Monkeypox virus (MPXV) is an orthopoxvirus closely related to variola, the etiological agent of smallpox. In humans, MPXV causes a disease similar to smallpox and is considered to be an emerging infectious disease. Moreover, the use of MPXV for bioterroristic/biowarfare activities is of significant concern. Available small animal models of human monkeypox have been restricted to mammals with poorly defined biologies that also have limited reagent availability. We have established a murine MPXV model utilizing the STAT1-deficient C57BL/6 mouse. Here we report that a relatively low-dose intranasal (IN) infection induces 100% mortality in the stat1(-)(/)(-) model by day 10 postinfection with high infectious titers in the livers, spleens, and lungs of moribund animals. Vaccination with modified vaccinia virus Ankara (MVA) followed by a booster vaccination is sufficient to protect against an intranasal MPXV challenge and induces an immune response more robust than that of a single vaccination. Furthermore, antiviral treatment with CMX001 (HDP-cidofovir) and ST-246 protects when administered as a regimen initiated on the day of infection. Thus, the stat1(-)(/)(-) model provides a lethal murine platform for evaluating therapeutics and for investigating the immunological and pathological responses to MPXV infection.","[MeSH] Animals; [MeSH] Antiviral Agents; [MeSH] Benzamides; [MeSH] Cytosine; [MeSH] Disease Models, Animal; [MeSH] Female; [MeSH] Humans; [MeSH] Isoindoles; [MeSH] Liver; [MeSH] Lung; [MeSH] Male; [MeSH] Mice; [MeSH] Mice, Inbred C57BL; [MeSH] Mice, Knockout; [MeSH] Mpox, Monkeypox; [MeSH] Monkeypox virus; [MeSH] Organophosphonates; [MeSH] STAT1 Transcription Factor; [MeSH] Smallpox Vaccine; [MeSH] Spleen; [MeSH] Survival Analysis; [MeSH] Treatment Outcome; [MeSH] Vaccinia virus; [MeSH] Viral Load; [MeSH] Phthalimides"
38743839,Adapting an artificial intelligence sexually transmitted diseases symptom checker tool for Mpox detection: the HeHealth experience.,"Rayner Kay Jin Tan, Dilruk Perera, Salomi Arasaratnam, Yudara Kularathne",Sexual health. 2024. doi: 10.1071/SH23197..,Tan,Sexual health,2024,2024/05/01,,,10.1071/SH23197,"Artificial Intelligence (AI) applications have shown promise in the management of pandemics. In response to the global Monkeypox (Mpox) outbreak, the HeHealth.ai team leveraged an existing tool to screen for sexually transmitted diseases (STD) to develop a digital screening test for symptomatic Mpox using AI. Before the global Mpox outbreak, the team developed a smartphone app (HeHealth) where app users can use a smartphone to photograph their own penises to screen for symptomatic STD. The AI model initially used 5000 cases and a modified convolutional neural network to output prediction scores across visually diagnosable penis pathologies including syphilis, herpes simplex virus, and human papillomavirus. A total of about 22,000 users had downloaded the HeHealth app, and ~21,000 images were analysed using HeHealth AI technology. We then used formative research, stakeholder engagement, rapid consolidation images, a validation study, and implementation of the tool. A total of 1000 Mpox-related images had been used to train the Mpox symptom checker tool. Based on an internal validation, our digital symptom checker tool showed specificity of 87% and sensitivity of 90% for symptomatic Mpox. Several hurdles identified included issues of data privacy and security for app users, initial lack of data to train the AI tool, and the potential generalisability of input data. We offer several suggestions to help others get started on similar projects in emergency situations, including engaging a wide range of stakeholders, having a multidisciplinary team, prioritising pragmatism, as well as the concept that 'big data' in fact is made up of 'small data'.","[MeSH] Humans; [MeSH] Artificial Intelligence; [MeSH] Mobile Applications; [MeSH] Sexually Transmitted Diseases; [MeSH] Male; [MeSH] Smartphone; [MeSH] Mass Screening; [MeSH] Mpox, Monkeypox"
36468931,"What can we learn from HIV, COVID-19 and mpox stigma to guide stigma-informed pandemic preparedness?",Carmen H Logie,Journal of the International AIDS Society. 2022. doi: 10.1002/jia2.26042..,Logie,Journal of the International AIDS Society,2022,2022/12/01,,,10.1002/jia2.26042,,"[MeSH] Humans; [MeSH] COVID-19; [MeSH] HIV Infections; [MeSH] Pandemics; [MeSH] Social Stigma; [MeSH] Mpox, Monkeypox"
38295805,A qualitative review of social media sharing and the 2022 monkeypox outbreak: did early labelling help to curb misinformation or fuel the fire?,"Maria E Dalton, Robert Duffy, Emma Quinn, Kristian Larsen, Cheryl Peters, Darren Brenner, Lin Yang, Daniel Rainham",Sexual health. 2024. doi: 10.1071/SH23158..,Dalton,Sexual health,2024,2024/02/01,,,10.1071/SH23158,"BACKGROUND: Misinformation, defined as a claim that is false or misleading, considers information that is both shared with the intention of causing harm, and information that is false with no ill intent. Early attempts to downplay the risk of monkeypox (mpox) by singling out men who have sex with men (MSM) may have had the ill effect of stigmatising this group in discussions online. The aim of this study was to evaluate themes present on Instagram related to the 2022 mpox outbreak under #monkeypox. Specifically, this study sought to determine if the pervasive narratives surrounding the coronavirus disease 2019 (COVID-19) pandemic, particularly related to government mistrust and conspiracy, were penetrating discussions about mpox. METHODS: A total of 255 posts under #monkeypox (the top 85 posts per day, every 10days in July 2022) were collected on Instagram. A content analysis approach, which seeks to quantify themes present, was utilised to evaluate themes present in posts under #monkeypox. RESULTS: Contrary to previous research investigating public health misinformation online, the majority of posts under #monkeypox were categorised as accurate information (85.9%). Moreover, a surprising number of posts were classified as anti-misinformation (32.9%), whereby users actively worked to debunk false information being shared online related to mpox. CONCLUSIONS: We hypothesise that early labelling of the disease as one that strictly affects online MSM communities has resulted in the digital community coming together to fact-check and debunk misinformation under #monkeypox on Instagram.","[MeSH] Male; [MeSH] Humans; [MeSH] Homosexuality, Male; [MeSH] Mpox, Monkeypox; [MeSH] Social Media; [MeSH] Sexual and Gender Minorities; [MeSH] Disease Outbreaks; [MeSH] Communication"
37703247,Data-driven estimation of the instantaneous reproduction number and growth rates for the 2022 monkeypox outbreak in Europe.,"Fernando Saldaña, Maria L Daza-Torres, Maíra Aguiar",PloS one. 2023. doi: 10.1371/journal.pone.0290387..,Saldaña,PloS one,2023,2023/09/13,,,10.1371/journal.pone.0290387,"OBJECTIVE: To estimate the instantaneous reproduction number Rt and the epidemic growth rates for the 2022 monkeypox outbreaks in the European region. METHODS: We gathered daily laboratory-confirmed monkeypox cases in the most affected European countries from the beginning of the outbreak to September 23, 2022. A data-driven estimation of the instantaneous reproduction number is obtained using a novel filtering type Bayesian inference. A phenomenological growth model coupled with a Bayesian sequential approach to update forecasts over time is used to obtain time-dependent growth rates in several countries. RESULTS: The instantaneous reproduction number Rt for the laboratory-confirmed monkeypox cases in Spain, France, Germany, the UK, the Netherlands, Portugal, and Italy. At the early phase of the outbreak, our estimation for Rt, which can be used as a proxy for the basic reproduction number R0, was 2.06 (95% CI 1.63 - 2.54) for Spain, 2.62 (95% CI 2.23 - 3.17) for France, 2.81 (95% CI 2.51 - 3.09) for Germany, 1.82 (95% CI 1.52 - 2.18) for the UK, 2.84 (95% CI 2.07 - 3.91) for the Netherlands, 1.13 (95% CI 0.99 - 1.32) for Portugal, 3.06 (95% CI 2.48 - 3.62) for Italy. Cumulative cases for these countries present subexponential rather than exponential growth dynamics. CONCLUSIONS: Our findings suggest that the current monkeypox outbreaks present limited transmission chains of human-to-human secondary infection so the possibility of a huge pandemic is very low. Confirmed monkeypox cases are decreasing significantly in the European region, the decline might be attributed to public health interventions and behavioral changes in the population due to increased risk perception. Nevertheless, further strategies toward elimination are essential to avoid the subsequent evolution of the monkeypox virus that can result in new outbreaks.","[MeSH] Humans; [MeSH] Mpox, Monkeypox; [MeSH] Bayes Theorem; [MeSH] Europe; [MeSH] Disease Outbreaks; [MeSH] France"
36778555,Temporal dynamic characteristics of human monkeypox epidemic in 2022 around the world under the COVID-19 pandemic background.,"Yanxiang Cao, Meijia Li, Naem Haihambo, Xinni Wang, Xixi Zhao, Bin Wang, Meirong Sun, Mingrou Guo, Chuanliang Han",Frontiers in public health. 2023. doi: 10.3389/fpubh.2023.1120470..,Cao,Frontiers in public health,2023,2023/01/26,,,10.3389/fpubh.2023.1120470,"BACKGROUND: The reemergence of the monkeypox epidemic has aroused great concern internationally. Concurrently, the COVID-19 epidemic is still ongoing. It is essential to understand the temporal dynamics of the monkeypox epidemic in 2022 and its relationship with the dynamics of the COVID-19 epidemic. In this study, we aimed to explore the temporal dynamic characteristics of the human monkeypox epidemic in 2022 and its relationship with those of the COVID-19 epidemic. METHODS: We used publicly available data of cumulative monkeypox cases and COVID-19 in 2022 and COVID-19 at the beginning of 2020 for model validation and further analyses. The time series data were fitted with a descriptive model using the sigmoid function. Two important indices (logistic growth rate and semi-saturation period) could be obtained from the model to evaluate the temporal characteristics of the epidemic. RESULTS: As for the monkeypox epidemic, the growth rate of infection and semi-saturation period showed a negative correlation (r = 0.47, p = 0.034). The growth rate also showed a significant relationship with the locations of the country in which it occurs [latitude (r = -0.45, p = 0.038)]. The development of the monkeypox epidemic did not show significant correlation compared with the that of COVID-19 in 2020 and 2022. When comparing the COVID-19 epidemic with that of monkeypox, a significantly longer semi-saturation period was observed for monkeypox, while a significant larger growth rate was found in COVID-19 in 2020. CONCLUSIONS: This novel study investigates the temporal dynamics of the human monkeypox epidemic and its relationship with the ongoing COVID-19 epidemic, which could provide more appropriate guidance for local governments to plan and implement further fit-for-purpose epidemic prevention policies.",COVID-19; epidemics; monkeypox; public health; sigmoid function
35974453,Insights into the monkeypox virus: Making of another pandemic within the pandemic?,"Jatin Chadha, Lavanya Khullar, Pallavi Gulati, Sanjay Chhibber, Kusum Harjai",Environmental microbiology. 2022. doi: 10.1111/1462-2920.16174..,Chadha,Environmental microbiology,2022,2022/08/21,,,10.1111/1462-2920.16174,"Just when the world started to adapt to the 'new normal' amid the coronavirus disease 19 (COVID-19) pandemic, the world is witnessing the wrath of another viral disease, the monkeypox virus (MPXV). The virus is endemic to African countries, where several outbreaks have been reported in the past. However, the present cases have been reported in non-endemic countries worldwide. Although MPX is considered to be a self-limiting disease, recent reports on its incidence have proved otherwise. The 2022 multi-country MPX outbreak has drawn the attention of global surveillance organizations and epidemiologists to trace its origin; however, there are existing gaps regarding the animal reservoirs, biological implications, and management of MPX. In view of the recent events, the World Health Organization (WHO) has also declared the ongoing MPX outbreak a global health emergency. Hence, the geographically expanding MPXV poses a significant threat to human health and public safety. In this review, the latest insights into the biology of MPXV have been provided by discussing its biological implications on human health, changing epidemiological footprint, and presently available intervention strategies. This review also sheds light on the existing lacunas and possible reasons that may have been responsible for the ongoing MPX outbreak.","[MeSH] Animals; [MeSH] COVID-19; [MeSH] Disease Outbreaks; [MeSH] Humans; [MeSH] Mpox, Monkeypox; [MeSH] Monkeypox virus; [MeSH] Pandemics"
37370031,Monkeypox detection using deep neural networks.,"Amir Sorayaie Azar, Amin Naemi, Samin Babaei Rikan, Jamshid Bagherzadeh Mohasefi, Habibollah Pirnejad, Uffe Kock Wiil",BMC infectious diseases. 2023. doi: 10.1186/s12879-023-08408-4..,Sorayaie,BMC infectious diseases,2023,2023/06/27,,,10.1186/s12879-023-08408-4,"BACKGROUND: In May 2022, the World Health Organization (WHO) European Region announced an atypical Monkeypox epidemic in response to reports of numerous cases in some member countries unrelated to those where the illness is endemic. This issue has raised concerns about the widespread nature of this disease around the world. The experience with Coronavirus Disease 2019 (COVID-19) has increased awareness about pandemics among researchers and health authorities. METHODS: Deep Neural Networks (DNNs) have shown promising performance in detecting COVID-19 and predicting its outcomes. As a result, researchers have begun applying similar methods to detect Monkeypox disease. In this study, we utilize a dataset comprising skin images of three diseases: Monkeypox, Chickenpox, Measles, and Normal cases. We develop seven DNN models to identify Monkeypox from these images. Two scenarios of including two classes and four classes are implemented. RESULTS: The results show that our proposed DenseNet201-based architecture has the best performance, with Accuracy = 97.63%, F1-Score = 90.51%, and Area Under Curve (AUC) = 94.27% in two-class scenario; and Accuracy = 95.18%, F1-Score = 89.61%, AUC = 92.06% for four-class scenario. Comparing our study with previous studies with similar scenarios, shows that our proposed model demonstrates superior performance, particularly in terms of the F1-Score metric. For the sake of transparency and explainability, Local Interpretable Model-Agnostic Explanations (LIME) and Gradient-weighted Class Activation Mapping (Grad-Cam) were developed to interpret the results. These techniques aim to provide insights into the decision-making process, thereby increasing the trust of clinicians. CONCLUSION: The DenseNet201 model outperforms the other models in terms of the confusion metrics, regardless of the scenario. One significant accomplishment of this study is the utilization of LIME and Grad-Cam to identify the affected areas and assess their significance in diagnosing diseases based on skin images. By incorporating these techniques, we enhance our understanding of the infected regions and their relevance in distinguishing Monkeypox from other similar diseases. Our proposed model can serve as a valuable auxiliary tool for diagnosing Monkeypox and distinguishing it from other related conditions.",Artificial Intelligence; Deep learning; Epidemic; Explainable Artificial Intelligence; Grad-cam; LIME; Monkeypox
25896687,Treatment with the smallpox antiviral tecovirimat (ST-246) alone or in combination with ACAM2000 vaccination is effective as a postsymptomatic therapy for monkeypox virus infection.,"Aklile Berhanu, Jonathan T Prigge, Peter M Silvera, Kady M Honeychurch, Dennis E Hruby, Douglas W Grosenbach",Antimicrobial agents and chemotherapy. 2015. doi: 10.1128/AAC.00208-15..,Berhanu,Antimicrobial agents and chemotherapy,2015,2015/04/20,,,10.1128/AAC.00208-15,"The therapeutic efficacies of smallpox vaccine ACAM2000 and antiviral tecovirimat given alone or in combination starting on day 3 postinfection were compared in a cynomolgus macaque model of lethal monkeypox virus infection. Postexposure administration of ACAM2000 alone did not provide any protection against severe monkeypox disease or mortality. In contrast, postexposure treatment with tecovirimat alone or in combination with ACAM2000 provided full protection. Additionally, tecovirimat treatment delayed until day 4, 5, or 6 postinfection was 83% (days 4 and 5) or 50% (day 6) effective.","[MeSH] Animals; [MeSH] Antiviral Agents; [MeSH] Benzamides; [MeSH] Body Weight; [MeSH] Combined Modality Therapy; [MeSH] Isoindoles; [MeSH] Leukocyte Count; [MeSH] Macaca fascicularis; [MeSH] Mpox, Monkeypox; [MeSH] Monkeypox virus; [MeSH] Smallpox; [MeSH] Smallpox Vaccine; [MeSH] Vaccination; [MeSH] Viral Load; [MeSH] Viral Vaccines; [MeSH] Phthalimides"
36274369,First case report of human monkeypox in Latin America: The beginning of a new outbreak.,"Edgar Pérez-Barragán, Samantha Pérez-Cavazos",Journal of infection and public health. 2022. doi: 10.1016/j.jiph.2022.10.001..,Pérez-Barragán,Journal of infection and public health,2022,2022/10/12,,,10.1016/j.jiph.2022.10.001,"On 13 May 2022, a familial cluster of two cases of monkeypox was reported in the United Kingdom (UK) by the UK Health Security Agency (UKHSA). These cases had no relation to a case imported from Nigeria that was previously reported on 7 May 2022 in the UK. In the following days, several other European Union (EU) the Member States and other countries have reported cases of monkeypox not linked to travel to endemic countries. The report by the World Health Organization (WHO) until May 26, 2022, is of a total of 257 confirmed cases and 120 suspected cases, without any report of death. This outbreak involves 23 countries that are not endemic to the monkeypox virus. Latin America had no reported cases. We describe a case of imported monkeypox in Mexico City, Mexico.",Human monkeypox; Monkeypox; re-emerging disease
36328951,"National Monkeypox Surveillance, Central African Republic, 2001-2021.","Camille Besombes, Festus Mbrenga, Laura Schaeffer, Christian Malaka, Ella Gonofio, Jordi Landier, Ulrich Vickos, Xavier Konamna, Benjamin Selekon, Joella Namsenei Dankpea, Cassandre Von Platen, Franck Gislain Houndjahoue, Daniel Sylver Ouaïmon, Alexandre Hassanin, Nicolas Berthet, Jean-Claude Manuguerra, Antoine Gessain, Arnaud Fontanet, Emmanuel Nakouné-Yandoko",Emerging infectious diseases. 2022. doi: 10.3201/eid2812.220897..,Besombes,Emerging infectious diseases,2022,2022/11/03,,,10.3201/eid2812.220897,"We analyzed monkeypox disease surveillance in Central African Republic (CAR) during 2001-2021. Surveillance data show 95 suspected outbreaks, 40 of which were confirmed as monkeypox, comprising 99 confirmed and 61 suspected monkeypox cases. After 2018, CAR's annual rate of confirmed outbreaks increased, and 65% of outbreaks occurred in 2 forested regions bordering the Democratic Republic of the Congo. The median patient age for confirmed cases was 15.5 years. The overall case-fatality ratio was 7.5% (12/160) for confirmed and suspected cases, 9.6% (8/83) for children <16 years of age. Decreasing cross-protective immunity from smallpox vaccination and recent ecologic alterations likely contribute to increased monkeypox outbreaks in Central Africa. High fatality rates associated with monkeypox virus clade I also are a local and international concern. Ongoing investigations of zoonotic sources and environmental changes that increase human exposure could inform practices to prevent monkeypox expansion into local communities and beyond endemic areas.",Central Africa; Central African Republic; emerging infectious diseases; monkeypox; monkeypox virus; national surveillance; outbreak investigation; viruses; zoonoses
36220518,Monkeypox- a global emergency: What nations should learn from recent COVID-19 pandemic? - Correspondence.,"Rajeev K Singla, Bairong Shen","International journal of surgery (London, England). 2022. doi: 10.1016/j.ijsu.2022.106955..",Singla,"International journal of surgery (London, England)",2022,2022/10/08,,,10.1016/j.ijsu.2022.106955,,MSM; Monkeypox; Outbreak; Public health; Viral infection
16103616,"Extended interhuman transmission of monkeypox in a hospital community in the Republic of the Congo, 2003.","Lynne A Learned, Mary G Reynolds, Demole Wassa Wassa, Yu Li, Victoria A Olson, Kevin Karem, Linda L Stempora, Zach H Braden, Richard Kline, Anna Likos, François Libama, Henri Moudzeo, Jean Daniel Bolanda, Paul Tarangonia, Paul Boumandoki, Pierre Formenty, Joseph M Harvey, Inger K Damon",The American journal of tropical medicine and hygiene. 2005.,Learned,The American journal of tropical medicine and hygiene,2005,2005/08/01,,,,"This report describes the first reported outbreak of human monkeypox in the Republic of Congo. Eleven confirmed and probable monkeypox cases were observed during this outbreak, all were less than 18 years old, and most resided on the grounds of the Government Hospital in Impfondo. Molecular, virologic, and serologic, and diagnostic assays were used to detect evidence of monkeypox (or orthopox) virus infection in individuals with striking dermatologic and other clinical manifestations. The majority of cases in this outbreak experienced significant, symptomatic illnesses; there was one death, possibly involving secondary complications, and one instance of profound sequelae. Up to six sequential transmissions of monkeypox virus from person to person are hypothesized to have occurred, making this the longest uninterrupted chain of human monkeypox fully documented to date. The pattern of sustained human-to-human transmission observed during this outbreak may influence our current perception of the capacity for this zoonotic virus to adapt to humans.","[MeSH] Adolescent; [MeSH] Adult; [MeSH] Animals; [MeSH] Child; [MeSH] Child, Preschool; [MeSH] Congo; [MeSH] Democratic Republic of the Congo; [MeSH] Disease Outbreaks; [MeSH] Female; [MeSH] Hospitals; [MeSH] Humans; [MeSH] Infant; [MeSH] Male; [MeSH] Mpox, Monkeypox; [MeSH] Monkeypox virus"
39321566,Systematic evaluation of the induction of efficient neutralizing antibodies by recombinant multicomponent subunit vaccines against monkeypox virus.,"Min Tan, Rongrong Zhang, Tingbo Shen, Ai Li, Xuchen Hou, Yanru Zhang, Tiantian Wang, Bin Zhang, Peng Sun, Xin Gong, Lu Li, Jianxin Wu, Jun Wu, Runfeng Zhang, Bo Liu",Vaccine. 2024. doi: 10.1016/j.vaccine.2024.126384..,Tan,Vaccine,2024,2024/09/24,,,10.1016/j.vaccine.2024.126384,"Mpox (formerly known as monkeypox), which has symptoms similar to smallpox, is a zoonotic disease caused by the monkeypox virus (MPXV). From 1 January 2022 to 31 March 2024, 117 countries, territories, or areas reported 95,226 laboratory-confirmed cases of Mpox (including 185 deaths) to the World Health Organization. However, as there is no licensed specific MPXV vaccine available globally, the vaccines currently used for mpox prevention are mostly smallpox vaccines. Thus, the rapid development of safe and effective vaccines is urgently required. In the present study, the key MPXV proteins A35, B6R, E8L, A29, M1R, and H3L were expressed and prepared using a prokaryotic expression system (Escherichia coli) and a eukaryotic expression system (yeast), and the fusion antigens A35-A29 and A35-M1R were constructed based on the dimerization characteristics of the A35 protein. By combining the antigens with aluminum hydroxide and CpG adjuvants in different combinations, we developed nine multicomponent MPXV subunit vaccine candidates. Each antigen (10 μg) and fusion antigen (20 μg) were used to immunize the mice. The first two doses produced a mean titer of 10(Petersen et al., 2016 [5]), and the third dose maintained the same potent antibody-specific response as the previous two immunizations. The protective activity of different antigen combinations was determined using the cell neutralization test of vaccinia virus (VACV), which showed that the subunit vaccine candidates with two to six components (MPXV6/5/4/3a/3b/Fa/2a) had good neutralizing activity, and antigens A35 and M1R could produce neutralizing antibodies against VACV. The neutralizing antibody titer of the fusion antigen MPXVFa (A35-M1R), detected 2 weeks after the second booster dose, was comparable with that of MPXV2a (A35 and M1R). The A35-M1R fusion protein not only provided a high level of protection as a protective antigen but also simplified the preparation of candidate antigens. In summary, we systematically investigated the different protective antigen candidates of MPXV that have been widely studied and provided critical insights into the key protective antigen composition for vaccines, thus establishing a technical and theoretical foundation for the development of MPXV subunit vaccines.",E. coli; Immunogenicity; Monkeypox virus; Neutralizing antibodies; Subunit vaccines; Yeast
40673003,A bioinformatic analysis to systematically unveil shared pathways and molecular mechanisms underlying monkeypox and its predominant neurological manifestations.,"Amir Hossein Barjasteh, Hanieh Latifi, Ali Sepehrinezhad",Frontiers in cellular and infection microbiology. 2025. doi: 10.3389/fcimb.2025.1506687..,Barjasteh,Frontiers in cellular and infection microbiology,2025,2025/07/02,,,10.3389/fcimb.2025.1506687,"BACKGROUND: Monkeypox (MPOX) is a zoonotic disease caused by the MPOX virus (MPXV). MPOX resurfaced globally in May 2022, spreading throughout six WHO regions, resulting in nearly 87,000 cases and 112 deaths. Clinical symptoms include swollen lymph nodes, fever, joint pain and several neurological complications such as headache, encephalitis, myalgia, fatigue, photophobia and seizures. Despite these manifestations, the precise mechanisms of MPXV's neurotropism remain elusive. This study aimed to explore the genetic underpinnings of MPOX-related neurological manifestations, including headache, myalgia, fatigue, and photophobia, using advanced bioinformatics tools. METHODS: Data were sourced from the GeneCards database, which is an integrated database of human genes. Genes linked to MPOX and its neurological manifestations were identified and cross-referenced to uncover shared genes between these conditions. Network visualization was created using STRING, followed by topological analysis in Cytoscape to identify key genes based on degree and betweenness centrality. Functional enrichment analysis through ToppGene provided insights into molecular functions, biological processes, and cellular components associated with these target genes. Pathway analysis was performed using WikiPathways, and cell-type-specific enrichment was conducted using Enrichr. Additionally, we predicted functional microRNAs using mirTarbase and identified potential drug candidates via the Stitch database. RESULTS: We identified 32 MPOX-associated genes and a large set of neurological manifestation-related genes. Ten hub genes, including CD55, CXCL1, NFKB1, CXCL8, CD4, IL6, MX1, CFH, KLRK1, and CD46 were shared between MPOX and its neurological manifestations. Five novel genes, including CFHR3, C5AR1, C3AR1, IFNA2, and CXCL3 were predicted to be associated with MPOX and its neurological complications. Gene ontology analysis highlighted biological processes such as immune regulation, viral life cycle, and lymphocyte activation, while pathway enrichment identified critical signaling mechanisms like prostaglandin signaling, toll-like receptor 4 (TLR4) signaling, complement activation, and neuroinflammation. Moreover, cell types such as T-helper cells, natural killer cells, and microglia were found to be significantly impacted by MPOX and its frequent neurological complications. We identified 11 key microRNAs associated with MPOX-neurological manifestations and repurposed eight potential drugs, offering promising therapeutic strategies. CONCLUSION: This study emphasizes the central role of the complement system, immunological responses, and inflammatory pathways in the neurological manifestations of MPOX. The identification of novel genes and predicted therapeutic targets paves the way for future research and therapeutic interventions. Experimental validation is required to confirm these findings and determine the effectiveness of the proposed treatments.",T-helper cells; bioinformatics; drug repurposing; headache; monkeypox; myalgia; natural killer cells; photophobia
38722986,Expanded Access Programme for the use of tecovirimat for the treatment of monkeypox infection: A study protocol for an Expanded Access Programme.,"Josephine Bourner, Festus Devincy Redji Mbrenga, Christian Noël Malaka, Jake Dunning, Amanda Rojek, Emmanuel Fandema, Peter Horby, Yap Boum, Emmanuel Nakouné, Piero Olliaro",PloS one. 2024. doi: 10.1371/journal.pone.0278957..,Bourner,PloS one,2024,2024/05/09,,,10.1371/journal.pone.0278957,"BACKGROUND: Monkeypox is a viral zoonotic disease commonly reported in humans in parts of Central and West Africa. This protocol is for an Expanded Access Programme (EAP) to be implemented in the Central African Republic, where Clade I monkeypox virus diseases is primarily responsible for most monkeypox infections. The objective of the programme is to provide patients with confirmed monkeypox with access to tecovirimat, a novel antiviral targeting orthopoxviruses, and collect data on clinical and virological outcomes of patients to inform future research. METHODS: The study will be conducted at participating hospitals in the Central African Republic. All patients who provide informed consent to enrol in the programme will receive tecovirimat. Patients will remain in hospital for the duration of treatment. Data on clinical signs and symptoms will be collected every day while the patient is hospitalised. Blood, throat and lesion samples will be collected at baseline and then on days 4, 8, 14 and 28. Patient outcomes will be assessed on Day 14 -end of treatment-and at Day 28. Adverse event and serious adverse event data will be collected from the point of consent until Day 28. DISCUSSION: This EAP is the first protocolised treatment programme in Clade I MPXV. The data generated under this protocol aims to describe the use of tecovirimat for Clade I disease in a monkeypox endemic region of Central Africa. It is hoped that this data can inform the definition of outcome measures used in future research and contribute to the academic literature around the use of tecovirimat for the treatment of monkeypox. The EAP also aims to bolster research capacity in the region in order for robust randomised controlled trials to take place for monkeypox and other diseases. TRIAL REGISTRATION: {2a & 2b}: ISRCTN43307947.","[MeSH] Humans; [MeSH] Mpox, Monkeypox; [MeSH] Antiviral Agents; [MeSH] Monkeypox virus; [MeSH] Benzamides; [MeSH] Male; [MeSH] Adult; [MeSH] Female; [MeSH] Isoindoles; [MeSH] Adolescent; [MeSH] Treatment Outcome; [MeSH] Alanine; [MeSH] Phthalimides"
36521507,An opportunity seized: rapid clinical research provides insights into monkeypox virus dynamics and durations of infectiousness.,"Jake Dunning, Chinwe Ochu",The Lancet. Infectious diseases. 2022. doi: 10.1016/S1473-3099(22)00829-5..,Dunning,The Lancet. Infectious diseases,2023,2022/12/12,,,10.1016/S1473-3099(22)00829-5,,"[MeSH] Humans; [MeSH] Monkeypox virus; [MeSH] Mpox, Monkeypox"
19141441,A prairie dog animal model of systemic orthopoxvirus disease using West African and Congo Basin strains of monkeypox virus.,"Christina L Hutson, Victoria A Olson, Darin S Carroll, Jason A Abel, Christine M Hughes, Zachary H Braden, Sonja Weiss, Joshua Self, Jorge E Osorio, Paul N Hudson, Michael Dillon, Kevin L Karem, Inger K Damon, Russell L Regnery",The Journal of general virology. 2009. doi: 10.1099/vir.0.005108-0..,Hutson,The Journal of general virology,2009,2009/02/01,,,10.1099/vir.0.005108-0,"Multiple monkeypox virus (MPXV) animal models have been discussed in previous studies, but no small animal models, nor most non-human primate models, demonstrated the protracted asymptomatic incubation phase seen in systemic human orthopoxvirus illness. Herein, we characterize a black-tailed prairie dog (PD) (Cynomys ludovicianus) model of infection, via intranasal and intradermal exposures, with the two MPXV clades. Daily observations of the animals were made (food consumption, general symptoms, disease presentation), while weights and virus evaluations (ocular, nasal, oropharyngeal, faeces, blood) were obtained/made every third day. Generalized rash became apparent 9-12 days post-infection for all animals. Individual animals demonstrated a range of symptoms consistent with human monkeypox disease. Measurable viraemias and excretas were similar for both clade-representative strains and persisted until at least day 21. Greater morbidity was observed in Congo Basin strain-challenged animals and mortality was observed only in the Congo Basin strain-challenged animals. The PD model is valuable for the study of strain-dependent differences in MPXV. Additionally, the model closely mimics human systemic orthopoxvirus disease and may serve as a valuable non-human surrogate for investigations of antivirals and next generation orthopoxvirus vaccines.","[MeSH] Animals; [MeSH] Humans; [MeSH] Africa, Western; [MeSH] Antiviral Agents; [MeSH] Blood; [MeSH] Disease Models, Animal; [MeSH] Eye; [MeSH] Feces; [MeSH] Monkeypox virus; [MeSH] Mouth; [MeSH] Nose; [MeSH] Sciuridae; [MeSH] Viral Vaccines; [MeSH] Mpox, Monkeypox"
37966956,"From Pandemic to Epidemic: Lessons Learned From COVID-19 Applied to Mpox Outbreak Response, Westchester County, Metropolitan New York.","Marina Keller, Melissa Hellman, Dial Hewlett, Vishnu Chaturvedi, Donald S Chen, Judith Watson, Ada Huang, Renee Recchia, Sherlita Amler, Renee Garrick",Journal of public health management and practice : JPHMP. 1900. doi: 10.1097/PHH.0000000000001814..,Keller,Journal of public health management and practice : JPHMP,2024,1900/01/01,,,10.1097/PHH.0000000000001814,"The COVID-19 pandemic vaccination infrastructure was redeployed to address the Mpox epidemic. The Westchester County Department of Health coordinated an effective vaccine distribution, tracking, and data collection process with community partners with real-time feedback of operational challenges and updated public health directives. Westchester County, which comprises 9% of the New York State population, administered 24% (6770 doses) of JYNNEOS (smallpox and monkeypox vaccine) across the state. Among first-dose recipients, 13% were Black and 25% were Hispanic, approaching countywide US Census race and ethnicity breakdowns. The operational template designed during COVID-19 can be readily redeployed for subsequent epidemics of even seemingly dissimilar infections like Mpox.","[MeSH] Humans; [MeSH] Pandemics; [MeSH] New York; [MeSH] Mpox, Monkeypox; [MeSH] COVID-19; [MeSH] Disease Outbreaks"
39095457,The pathogens that could spark the next pandemic.,Smriti Mallapaty,Nature. 2024. doi: 10.1038/d41586-024-02513-3..,Mallapaty,Nature,2024,2024/08/01,,,10.1038/d41586-024-02513-3,,Infection; Public health; Vaccines
40517247,Monkeypox virus and type 1 diabetes: a molecular insight into inflammatory signaling and β-cell autoimmunity.,"Yahya A Almutawif, Haydar M Al-Kuraishy, Ali I Al-Gareeb, Ali K Albuhadily, Hamza M A Eid, Athanasios Alexiou, Marios Papadakis, Mohammed E Abo-El Fetoh, Gaber El-Saber Batiha",Virology journal. 2025. doi: 10.1186/s12985-025-02822-7..,Almutawif,Virology journal,2025,2025/06/14,,,10.1186/s12985-025-02822-7,"The current worldwide pandemic of monkeypox (MPXV) elicited apprehensions over its possible long-term health ramifications. Recent data indicate a potential association between MPXV infection and the onset of autoimmune disorders, such as type 1 diabetes (T1D). This article analyzes the possible methods for MPXV infection to induce autoimmune responses and damage pancreatic β-cells. We examine from published articles the possible MPXV-induced immune dysregulation and inflammation in the development of T1D. Utilizing insights from other diabetogenic viruses, such as enterovirus and SARS-CoV-2. Currently, the association between MPXV and the development of T1D is scarce. Therefore, additional studies are essential for establishing a conclusive causal link between MPXV and T1D.",Autoimmunity; COVID-19; Cytokines; Diabetogenic viruses; Immune dysregulation; Inflammation; Monkeypox; Pancreatic β-cells; Type 1 diabetes; Viral infections
37599459,Delineating multi-epitopes vaccine designing from membrane protein CL5 against all monkeypox strains: a pangenome reverse vaccinology approach.,"Ahad Amer Alsaiari, Mohammed Ageeli Hakami, Bader S Alotaibi, Samia S Alkhalil, Nada Alkhorayef, Kanwal Khan, Khurshid Jalal",Journal of biomolecular structure & dynamics. 2023. doi: 10.1080/07391102.2023.2248301..,Alsaiari,Journal of biomolecular structure & dynamics,2024,2023/08/20,,,10.1080/07391102.2023.2248301,"The recently identified monkeypox virus (MPXV or mpox) is a zoonotic orthopox virus that infects humans and causes diseases with traits like smallpox. The world health organization (WHO) estimates that 3-6% of MPXV cases result in death. As it might impact everyone globally, like COVID, and become the next pandemic, the cure for this disease is important for global public health. The high incidence and disease ratio of MPXV necessitates immediate efforts to design a unique vaccine candidate capable of addressing MPXV diseases. Here, we used a computational pan-genome-based vaccine design strategy for all currently reported 19 MPXV strains acquired from different regions of the world. Thus, this study's objective was to develop a new and safe vaccine candidate against MPXV by targeting the membrane CL5 protein; identified after the pangenome analysis. Proteomics and reverse vaccinology have covered up all of the MPXV epitopes that would usually stimulate robust host immune responses. Following this, only two mapped (MHC-I, MHC-II, and B-cell) epitopes were observed to be extremely effective that can be used in the construction of CL5 protein vaccine candidates. The suggested vaccine (V5) candidate from eight vaccine models was shown to be antigenic, non-allergenic, and stable (with 213 amino acids). The vaccine's candidate efficacy was evaluated by using many in silico methods to predict, improve, and validate its 3D structure. Molecular docking and molecular dynamics simulations further reveal that the proposed vaccine candidate ensemble has a high interaction energy with the HLAs and TRL2/4 immunological receptors under study. Later, the vaccine sequence was used to generate an expression vector for the E. coli K12 strain. Further study uncovers that V5 was highly immunogenic because it produced robust primary, secondary, and tertiary immune responses. Eventually, the use of computer-aided vaccine designing may significantly reduce costs and speed up the process of developing vaccines. Although, the results of this research are promising, however, more research (experimental; in vivo, and in vitro studies) is needed to verify the biological efficacy of the proposed vaccine against MPXV.Communicated by Ramaswamy H. Sarma.",Pan-genome; membrane protein CL5; monkeypox virus; reverse vaccinology
37017380,Monkeypox pandemic containment: does the ACAM2000 vaccine play a role in the current outbreaks?,"Basant E Katamesh, Maysa Madany, Fatma Labieb, Abdelaziz Abdelaal",Expert review of vaccines. 2023. doi: 10.1080/14760584.2023.2198600..,Katamesh,Expert review of vaccines,2023,2023/01/01,,,10.1080/14760584.2023.2198600,,ACAM; Mpox; monkeypox; safety; vaccine
16341204,Antiviral treatment is more effective than smallpox vaccination upon lethal monkeypox virus infection.,"Koert J Stittelaar, Johan Neyts, Lieve Naesens, Geert van Amerongen, Rob F van Lavieren, Antonin Holý, Erik De Clercq, Hubert G M Niesters, Edwin Fries, Chantal Maas, Paul G H Mulder, Ben A M van der Zeijst, Albert D M E Osterhaus",Nature. 2005. doi: 10.1038/nature04295..,Stittelaar,Nature,2006,2005/12/11,,,10.1038/nature04295,"There is concern that variola virus, the aetiological agent of smallpox, may be used as a biological weapon. For this reason several countries are now stockpiling (vaccinia virus-based) smallpox vaccine. Although the preventive use of smallpox vaccination has been well documented, little is known about its efficacy when used after exposure to the virus. Here we compare the effectiveness of (1) post-exposure smallpox vaccination and (2) antiviral treatment with either cidofovir (also called HPMPC or Vistide) or with a related acyclic nucleoside phosphonate analogue (HPMPO-DAPy) after lethal intratracheal infection of cynomolgus monkeys (Macaca fascicularis) with monkeypox virus (MPXV). MPXV causes a disease similar to human smallpox and this animal model can be used to measure differences in the protective efficacies of classical and new-generation candidate smallpox vaccines. We show that initiation of antiviral treatment 24 h after lethal intratracheal MPXV infection, using either of the antiviral agents and applying various systemic treatment regimens, resulted in significantly reduced mortality and reduced numbers of cutaneous monkeypox lesions. In contrast, when monkeys were vaccinated 24 h after MPXV infection, using a standard human dose of a currently recommended smallpox vaccine (Elstree-RIVM), no significant reduction in mortality was observed. When antiviral therapy was terminated 13 days after infection, all surviving animals had virus-specific serum antibodies and antiviral T lymphocytes. These data show that adequate preparedness for a biological threat involving smallpox should include the possibility of treating exposed individuals with antiviral compounds such as cidofovir or other selective anti-poxvirus drugs.","[MeSH] Animals; [MeSH] Antiviral Agents; [MeSH] Cell Line; [MeSH] Humans; [MeSH] Macaca fascicularis; [MeSH] Mpox, Monkeypox; [MeSH] Monkeypox virus; [MeSH] Oxygen; [MeSH] Smallpox Vaccine; [MeSH] Survival Rate; [MeSH] Vaccination; [MeSH] Viral Load"
39459952,Mpox and Lessons Learned in the Light of the Recent Outbreak: A Narrative Review.,"Konstantinos Protopapas, Dimitra Dimopoulou, Nikolaos Kalesis, Karolina Akinosoglou, Charalampos D Moschopoulos",Viruses. 2024. doi: 10.3390/v16101620..,Protopapas,Viruses,2024,2024/10/16,,,10.3390/v16101620,"According to the WHO, more than 90,000 cases of mpox have been reported since the 2022 worldwide outbreak, which resulted in 167 deaths, while a new outbreak in Africa since 2023 has resulted in over 18,000 cases and 617 deaths. Mpox is a zoonosis caused by the monkeypox virus, a double-stranded DNA virus belonging to the Orthopoxvirus genus, which causes smallpox-like illness. Until 2022, cases were predominately located in West and Central Africa, with only sporadic cases and outbreaks reported in other parts of the world. During the 2022 outbreak, the primary mode of transmission was sexual contact among men who have sex with men. The changing epidemiology of mpox resulted in new disease phenotypes and populations at risk, disproportionally affecting people who live with HIV. Commonly presenting as a mild, self-limiting illness, mpox can cause severe and protracted disease in people with HIV with a CD4 count < 200 cell/mm3. The global emergence of mpox that followed and intersected with COVID-19 mobilized the scientific community and healthcare stakeholders to provide accurate diagnostics, preventive vaccines and treatment to those most affected. Despite existing gaps, this rapid response helped to contain the outbreak, but challenges remain as new variants emerge. Preparedness and readiness to respond to the next outbreak is crucial in order to minimize the impact to the most vulnerable.",global response; monkeypox virus; mpox; outbreak; vaccination; zoonotic diseases
29573840,"Investigation of an outbreak of monkeypox in an area occupied by armed groups, Central African Republic.","E Kalthan, J Tenguere, S G Ndjapou, T A Koyazengbe, J Mbomba, R M Marada, P Rombebe, P Yangueme, M Babamingui, A Sambella, E R Nakoune",Medecine et maladies infectieuses. 2018. doi: 10.1016/j.medmal.2018.02.010..,Kalthan,Medecine et maladies infectieuses,2018,2018/03/21,,,10.1016/j.medmal.2018.02.010,"BACKGROUND: Monkeypox is a zoonosis caused by an Orthopoxvirus of the Poxviridae family. Human infections are often severe and are a public health problem. PATIENTS AND METHOD: We conducted a monkeypox outbreak investigation of suspected case patients in five villages of the Alindao-Mingala Health District following blood sample confirmation of the virus by the Institut Pasteur in Bangui. We aimed to determine disease characteristics, to describe the context and the risk factors, and to measure the incidence and case fatality. Patients were reported in the villages of Rehou 4, 5, Dalakere 1, Kongbo, and Pavika from August to October 2016. Data was collected on individual records when interviewing patients or parents. RESULTS: A total of 26 patients were identified. The˂10 years and 21-30 years age groups were the most affected. The overall attack rate was 5 per 1000 inhabitants and the case fatality was 7.7%. Young age and the absence of smallpox vaccination were associated with severe presentations in 87.5% of cases. CONCLUSION: The annual number of monkeypox outbreaks increases in the Central African Republic with severe presentations and a high case fatality especially in children. Reinforcing the surveillance and characterization of circulating strains will provide information on the need for vaccine production.",Monkeypox; Outbreak; Zoonose; Zoonoses; Épidémie
40193168,Monkeypox Virus: WHO's Second Public Health Emergency of International Concern Within 2 Years.,Harald Brüssow,Microbial biotechnology. 2025. doi: 10.1111/1751-7915.70142..,Brüssow,Microbial biotechnology,2025,2025/04/01,,,10.1111/1751-7915.70142,"An upsurge of monkeypox disease (mpox) cases with clade I virus in Central Africa led WHO to declare a Public Health Emergency of International Concern for a second time shortly after the worldwide clade II mpox epidemic in 2022/3 among homosexual men. In the Democratic Republic of Congo (DRC), the annual incidence of clade I mpox, transmitted mostly from animal sources to children, increased 20-fold between 1980 and 2007; 60,000 mpox cases occurred between 2010 and 2023. The incidence again doubled between 2023 and 2024, showing a case fatality rate of 3.3%. A new clade Ib virus was detected in 2024 in eastern DRC where mostly adults were infected by heterosexual contact. Ib was recently introduced and showed a mutation spectrum of human-to-human transmission. Asymptomatic mpox infections, the release of infectious virus before symptom onset in a subgroup of cases, and superspreaders complicate containment measures during the 2022 epidemic. Isolation of cases until two consecutive negative PCR tests was recommended but necessitates cheap and rapid diagnostic tests which are in development. Sexual behavioural changes during the 2022 epidemic have contributed more to the curbing of the epidemic than vaccination. The smallpox vaccine Dryvax protected children exposed to clade I mpox in DRC in the 1980s. The attenuated third-generation smallpox Modified Vaccinia Ankara (MVA) vaccines and derivatives showed robust protection against clade IIb mpox during the 2022/3 epidemic in various study formats. Vaccine efficacy exceeding 75% was reported after two doses. mRNA in lipid-nanoparticle encoding surface proteins from extracellular enveloped and intracellular mature virions of monkeypox virus (MPXV) induced humoral and cellular immune responses that protected macaques against mpox disease with clade I and II viruses better than MVA. Only mixtures of monoclonal antibodies protected mice from mpox. The antiviral tecovirimat showed no efficacy in two clinical trials against clade I and II mpox.",PHEIC; Poxviridae; antivirals; epidemiology; monkey pox; vaccines; zoonosis
36591724,An immunoinformatic approach towards development of a potent and effective multi-epitope vaccine against monkeypox virus (MPXV).,"Sarbani Mishra, Madhusmita Rout, Sunita Panda, Susheel Kumar Singh, Rohan Sinha, Budheswar Dehury, Sanghamitra Pati",Journal of biomolecular structure & dynamics. 2023. doi: 10.1080/07391102.2022.2163426..,Mishra,Journal of biomolecular structure & dynamics,2023,2023/01/02,,,10.1080/07391102.2022.2163426,"Monkeypox is a viral zoonotic disease, often transmitted to humans from animals. While the whole world is haggling with the COVID-19 pandemic, the emergence of the monkeypox virus (MPXV) arose as a new challenge to mankind. Till date, numerous cases related to the MPXV have been reported in several countries across the globe, but, its momentary distribution in the current time has left everyone in fright with increasing mortality and limited clinically approved treatments. Therefore, it is of immense importance to develop a potent and highly effective vaccine capable of inducing desired immunogenic responses against the highly contagious MPXV. Herein, using various immunoinformatic and computational biology tools, we made an attempt to develop a multi-epitope vaccine construct against the MPXV which is antigenic, non-allergen and non-toxic in nature and capable of exhibiting immunogenic behavior. The sequence of vaccine construct was designed using the proposed 4 MHC-I, 3 MHC-II and 4 B-cell epitopes linked with suitable adjuvant and linkers. The modeled structure of the vaccine construct was used to assess its interaction with the Toll-like Receptor 4 (TLR4) using ClusPro and HADDOCK. All-atoms molecular dynamics simulation of the MPXV vaccine construct-TLR4 complex followed by a high level of gene expression of the construct within the bacterial system affirmed its stability along with induction of immunogenic response within the host cell. Altogether, our immunoinformatic approach aid in the development of a stable chimeric vaccine construct against MPXV and needs further experimental validation for its immunological relevance and usefulness as a vaccine candidate.Communicated by Ramaswamy H. Sarma.",B cell epitopes; Molecular dynamics simulation; Monkeypox virus; Toll like Receptor 4 (TLR4); computational biology; vaccine; viral zoonotic disease
36996865,Detecting mpox infection in the early epidemic: an epidemiologic investigation of the third and fourth cases in Korea.,"Taeyoung Kim, Eonjoo Park, Jun Suk Eun, Eun-Young Lee, Ji Won Mun, Yunsang Choi, Shinyoung Lee, Hansol Yeom, Eunkyoung Kim, Jongmu Kim, Jihyun Choi, Jinho Ha, Sookkyung Park",Epidemiology and health. 2023. doi: 10.4178/epih.e2023040..,Kim,Epidemiology and health,2023,2023/03/23,,,10.4178/epih.e2023040,"OBJECTIVES: As few mpox cases have been reported in Korea, we aimed to identify the characteristics of mpox infection by describing our epidemiologic investigation of a woman patient (index patient, the third case in Korea) and a physician who was infected by a needlestick injury (the fourth case). METHODS: We conducted contact tracing and exposure risk evaluation through interviews with these 2 patients and their physicians and contacts, as well as field investigations at each facility visited by the patients during their symptomatic periods. We then classified contacts into 3 levels according to their exposure risk and managed them to minimize further transmission by recommending quarantine and vaccination for post-exposure prophylaxis and monitoring their symptoms. RESULTS: The index patient had sexual contact with a man foreigner during a trip to Dubai, which was considered the probable route of transmission. In total, 27 healthcare-associated contacts across 7 healthcare facilities and 9 community contacts were identified. These contacts were classified into high (7 contacts), medium (9 contacts), and low (20 contacts) exposure risk groups. One high-risk contact was identified as a secondary patient: a physician who was injured while collecting specimens from the index patient. CONCLUSIONS: The index patient visited several medical facilities due to progressive symptoms prior to isolation. Although the 2022 mpox epidemic mainly affected young men, especially men who have sex with men, physicians should also consider mpox transmission in the general population for the timely detection of mpox-infected patients.",Contact tracing; Monkeypox; Needlestick injuries
39749987,Clinical Characterization and Outcomes of Human Clade IIb Mpox Virus Disease: A European Multicenter Mpox Observational Cohort Study (MOSAIC).,"Elise Pesonel, Cédric Laouénan, Laetitia Guiraud, Josephine Bourner, Isabelle Hoffmann, Diana Molino, Coralie Tardivon, Delphine Bachelet, France Mentré, Alain Amstutz, Laura Merson, Amanda Rojek, Minerva Cervantes Gonzalez, Andrea Antinori, Antonella Castagna, Silvia Nozza, Valérie Pourcher, Agnès Libois, Jake Dunning, Evelina Tacconelli, Maya Hites, Fernando De La Calle Prieto, Peter Horby, Yazdan Yazdanpanah, Alexandra Calmy, François-Xavier Lescure, Piero Olliaro",Clinical infectious diseases : an official publication of the Infectious Diseases Society of America. 2025. doi: 10.1093/cid/ciae657..,Pesonel,Clinical infectious diseases : an official publication of the Infectious Diseases Society of America,2025,2025/06/04,,,10.1093/cid/ciae657,"BACKGROUND: The global mpox outbreak that started in May 2022 was caused by a novel clade IIb variant of the mpox virus (Orthopoxvirus monkeypox, MPXV). It differed from the traditional Western and Central Africa disease in transmission patterns and clinical presentation. METHODS: To address the need for detailed clinical and virologic data, we conducted an observational cohort study (MOSAIC) during May 2022-July 2023 in individuals with confirmed MPXV infection enrolled in 6 European countries. Case management decisions were left to the attending physician. Participants were monitored for up to 6 months for clinical signs/symptoms and clinical and virologic outcomes through hospital visits, phone interviews, and self-administered questionnaires. Outcomes included time to lesion resolution, clinical status, and virus clearance. RESULTS: The 518 participants not receiving any specific treatment (""untreated"") were diagnosed a median 5 days from symptom onset; 90% were managed as outpatients. Lesions were mostly cutaneous (88%) and perigenital (74%). By day 14 from the first polymerase chain reaction (PCR)-positive sample, 39% had resolved lesions. Time to 95% unculturable virus was longest in cutaneous lesions (52 days). A putative systemic antiviral was available for 57 participants, 44% as inpatients; 34% and 58% had resolved lesions by day 14 from the first PCR-positive sample and from treatment start, respectively. Time to 95% unculturable virus was 60 days in skin and oropharynx. No death or recrudescence occurred by day 180. CONCLUSIONS: MOSAIC provides comprehensive insights into the clinical and virologic characteristics of mpox caused by the clade IIb variant. The study forms the basis of clinical characterization for ongoing mpox outbreaks.",clade IIb; lesion resolution; mpox; observational cohort; viral load
39256731,"Monkeypox pandemic in Sudan, surveillance epidemiologic report, 2022.","Ahmad Izzoddeen, Omer Elbadri, Mohamed Nageeb Abdalla, Mustafa Magbol, Muntasir Osman",BMC public health. 2024. doi: 10.1186/s12889-024-19058-9..,Izzoddeen,BMC public health,2024,2024/09/10,,,10.1186/s12889-024-19058-9,"BACKGROUND: Mpox, is a zoonosis that is known to be endemic in several Central and West African countries. Recently, in 2022, it has emerged in Europe and United States, what raised the alarm to be declared in late June 2024 as a public health event of international concern. This study aimed to give insight about the recent spread of mpox in Sudan, and documents the epidemiologic situation. METHODS: Through a cross-sectional design, Sudan mpox data was extracted from the disease surveillance line-list at the national level at Sudan Federal Ministry of Health. the data was customized and then analyzed using Epi Info7 software. Analysis was done using frequencies and percentages and the results presented in tables and figures. Permission and ethical approval were obtained from the Health Emergency and Epidemic Control Directorate at the Federal Ministry of Health. RESULTS: The outbreak of mpox was confirmed after testing of initial specimens outside Sudan with positivity rate of 72%. Later the cases continued to be reported based on the clinical diagnosis and standard case definition. Out of 375 reported cases, 54.4% were males, while 45.6% were females. The age of cases ranged from one month to 78 years with majority (41.1%) of the cases were children under 5 years of age. Regarding the reported symptoms, all cases had the characteristic skin rash and 74.1% of them had fever. Other symptoms included, headache (31.5%), sore throat (30.9%) and lymphadenopathy (26.1%). For occupation, 35.7% were preschool and 10.4% were school children, 9% of cases were prisoners. Around 22 (5.8%) reported contact history with a confirmed case, while (5.6%) of the cases were imported cases. Cases were reported from 17 states with 42 affected localities (districts) with an overall attack rate of 2.36/ 100,000. The highest number of cases was reported from Gadaref (45.3%), West Darfur (25.9%), Khartoum (13.3%) and north Darfur (3.5%). In Gadaref, 146 (85.8%) of the cases were from a refugees' camp. Started in epi week 19, the outbreak peaked in week 38 and last in week 42. CONCLUSION: Mpox was confirmed in the new Sudan for the first time with cases reported in most of states. Although importation of the virus is hypothesized, internal hidden circulation is possible and more in-depth investigation is highly recommended. The higher rate of infection among preschool, school children and refugees, highlights the need to strengthen the prevention and control measures in schools and camps. More focus on the data completeness is required for better understanding of the disease and can be ensured by the surveillance directorate through training of staff and updating of reporting forms. Strengthening the lab capacity inside the country is a necessity to ensure testing of all the clinically diagnosed cases.",Monkeypox; Mpox; Pandemic; Surveillance
28814515,[18F]-Fluorodeoxyglucose Uptake in Lymphoid Tissue Serves as a Predictor of Disease Outcome in the Nonhuman Primate Model of Monkeypox Virus Infection.,"Julie Dyall, Reed F Johnson, Svetlana Chefer, Christopher Leyson, David Thomasson, Jurgen Seidel, Dan R Ragland, Russell Byrum, Catherine Jett, Jennifer A Cann, Marisa St Claire, Elaine Jagoda, Richard C Reba, Dima Hammoud, Joseph E Blaney, Peter B Jahrling",Journal of virology. 2017. doi: 10.1128/JVI.00897-17..,Dyall,Journal of virology,2017,2017/10/13,,,10.1128/JVI.00897-17,"Real-time bioimaging of infectious disease processes may aid countermeasure development and lead to an improved understanding of pathogenesis. However, few studies have identified biomarkers for monitoring infections using in vivo imaging. Previously, we demonstrated that positron emission tomography/computed tomography (PET/CT) imaging with [18F]-fluorodeoxyglucose (FDG) can monitor monkeypox disease progression in vivo in nonhuman primates (NHPs). In this study, we investigated [18F]-FDG-PET/CT imaging of immune processes in lymphoid tissues to identify patterns of inflammation in the monkepox NHP model and to determine the value of [18F]-FDG-PET/CT as a biomarker for disease and treatment outcomes. Quantitative analysis of [18F]-FDG-PET/CT images revealed differences between moribund and surviving animals at two sites vital to the immune response to viral infections, bone marrow and lymph nodes (LNs). Moribund NHPs demonstrated increased [18F]-FDG uptake in bone marrow 4 days postinfection compared to surviving NHPs. In surviving, treated NHPs, increase in LN volume correlated with [18F]-FDG uptake and peaked 10 days postinfection, while minimal lymphadenopathy and higher glycolytic activity were observed in moribund NHPs early in infection. Imaging data were supported by standard virology, pathology, and immunology findings. Even with the limited number of subjects, imaging was able to differentiate the difference between disease outcomes, warranting additional studies to demonstrate whether [18F]-FDG-PET/CT can identify other, subtler effects. Visualizing altered metabolic activity at sites involved in the immune response by [18F]-FDG-PET/CT imaging is a powerful tool for identifying key disease-specific time points and locations that are most relevant for pathogenesis and treatment.IMPORTANCE Positron emission tomography and computed tomography (PET/CT) imaging is a universal tool in oncology and neuroscience. The application of this technology to infectious diseases is far less developed. We used PET/CT imaging with [18F]-labeled fluorodeoxyglucose ([18F]-FDG) in monkeys after monkeypox virus exposure to monitor the immune response in lymphoid tissues. In lymph nodes of surviving monkeys, changes in [18F]-FDG uptake positively correlated with enlargement of the lymph nodes and peaked on day 10 postinfection. In contrast, the bone marrow and lymph nodes of nonsurvivors showed increased [18F]-FDG uptake by day 4 postinfection with minimal lymph node enlargement, indicating that elevated cell metabolic activity early after infection is predictive of disease outcome. [18F]-FDG-PET/CT imaging can provide real-time snapshots of metabolic activity changes in response to viral infections and identify key time points and locations most relevant for monitoring the development of pathogenesis and for potential treatment to be effective.",PET/CT; cidofovir; imaging; monkeypox virus; nonhuman primate; orthopoxvirus; virus
19223621,ST-246 antiviral efficacy in a nonhuman primate monkeypox model: determination of the minimal effective dose and human dose justification.,"Robert Jordan, Arthur Goff, Annie Frimm, Michael L Corrado, Lisa E Hensley, Chelsea M Byrd, Eric Mucker, Josh Shamblin, Tove' C Bolken, Carly Wlazlowski, Wendy Johnson, Jennifer Chapman, Nancy Twenhafel, Shanthakumar Tyavanagimatt, Adams Amantana, Jarasvech Chinsangaram, Dennis E Hruby, John Huggins",Antimicrobial agents and chemotherapy. 2009. doi: 10.1128/AAC.01596-08..,Jordan,Antimicrobial agents and chemotherapy,2009,2009/02/17,,,10.1128/AAC.01596-08,"Therapeutics for the treatment of pathogenic orthopoxvirus infections are being sought. In the absence of patients with disease, animal models of orthopoxvirus disease are essential for evaluation of the efficacies of antiviral drugs and establishment of the appropriate dose and duration of human therapy. Infection of nonhuman primates (NHP) by the intravenous injection of monkeypox virus has been used to evaluate a promising therapeutic drug candidate, ST-246. ST-246 administered at 3 days postinfection (which corresponds to the secondary viremia stage of disease) at four different doses (from 100 mg/kg of body weight down to 3 mg/kg) once a day for 14 days was able to offer NHP 100% protection from a lethal infection with monkeypox virus and reduce the viral load and lesion formation. In NHP, the administration of ST-246 at a dose of 10 mg/kg/day for 14 days resulted in levels of blood exposure comparable to the levels attained in humans administered 400 mg in the fed state. These results suggest that administration of an oral dosage of 400 mg once daily for 14 days will be effective for the prevention or treatment of smallpox or monkeypox infections in humans.","[MeSH] Animals; [MeSH] Antiviral Agents; [MeSH] Benzamides; [MeSH] Disease Models, Animal; [MeSH] Dose-Response Relationship, Drug; [MeSH] Humans; [MeSH] Isoindoles; [MeSH] Macaca fascicularis; [MeSH] Mpox, Monkeypox; [MeSH] Monkeypox virus; [MeSH] Treatment Outcome; [MeSH] Phthalimides"
36082686,"A large multi-country outbreak of monkeypox across 41 countries in the WHO European Region, 7 March to 23 August 2022.","Aisling M Vaughan, Orlando Cenciarelli, Soledad Colombe, Luís Alves de Sousa, Natalie Fischer, Celine M Gossner, Jeff Pires, Giuditta Scardina, Gudrun Aspelund, Margarita Avercenko, Sara Bengtsson, Paula Blomquist, Anna Caraglia, Emilie Chazelle, Orna Cohen, Asuncion Diaz, Christina Dillon, Irina Dontsenko, Katja Kotkavaara, Mario Fafangel, Federica Ferraro, Richard Firth, Jannik Fonager, Christina Frank, Mireia G Carrasco, Kassiani Gkolfinopoulou, Marte Petrikke Grenersen, Bernardo R Guzmán Herrador, Judit Henczkó, Elske Hoornenborg, Derval Igoe, Maja Ilić, Klaus Jansen, Denisa-Georgiana Janță, Tone Bjordal Johansen, Ana Kasradze, Anders Koch, Jan Kyncl, João Vieira Martins, Andrew McAuley, Kassiani Mellou, Zsuzsanna Molnár, Zohar Mor, Joël Mossong, Alina Novacek, Hana Orlikova, Iva Pem Novosel, Maria K Rossi, Malgorzata Sadkowska-Todys, Clare Sawyer, Daniela Schmid, Anca Sîrbu, Klara Sondén, Arnaud Tarantola, Margarida Tavares, Marianna Thordardottir, Veronika Učakar, Catharina Van Ewijk, Juta Varjas, Anne Vergison, Roberto Vivancos, Karolina Zakrzewska, Richard Pebody, Joana M Haussig",Euro surveillance : bulletin Europeen sur les maladies transmissibles = European communicable disease bulletin. 2022. doi: 10.2807/1560-7917.ES.2022.27.36.2200620..,Vaughan,Euro surveillance : bulletin Europeen sur les maladies transmissibles = European communicable disease bulletin,2022,2022/09/01,,,10.2807/1560-7917.ES.2022.27.36.2200620,"Following the report of a non-travel-associated cluster of monkeypox cases by the United Kingdom in May 2022, 41 countries across the WHO European Region have reported 21,098 cases and two deaths by 23 August 2022. Nowcasting suggests a plateauing in case notifications. Most cases (97%) are MSM, with atypical rash-illness presentation. Spread is mainly through close contact during sexual activities. Few cases are reported among women and children. Targeted interventions of at-risk groups are needed to stop further transmission.",European Region; MPX; Monkeypox; orthopoxvirus; outbreak
39417768,"Mpox global health emergency: Insights into the virus, immune responses, and advancements in vaccines PART II: Insights into the advancements in vaccines.","Eakachai Prompetchara, Chutitorn Ketloy, Chirayus Khawsang, Tanapat Palaga, Kiat Ruxrungtham",Asian Pacific journal of allergy and immunology. 2024. doi: 10.12932/AP-111024-1946..,Prompetchara,Asian Pacific journal of allergy and immunology,2024,2024/09/01,,,10.12932/AP-111024-1946,"Mpox is currently a global health emergency. This review (Part II) aims to provide insights into Mpox vaccines and their advancements, offering easily digestible information for healthcare workers and researchers. Current Mpox vaccines are all live-attenuated, previously approved for smallpox, and are classified into non-replicating (Modified Vaccinia Ankara-Bavarian Nordic or MVA-BN) and replicating vaccines (Lister clone16m8 KM Biologic or LC16m8KMB and Acambis2000 or ACAM2000). Replicating vaccines offer long-lasting immunity but are contraindicated for immunocompromised individuals and those with extensive dermatitis. Replicating vaccines are administered as a single dose via epicutaneous scarification, while the non-replicating vaccine is given as two subcutaneous doses. Regulatory approvals in various countries are based on animal challenge studies, with limited effectiveness data available. Only LC16m8 is approved for children in Japan, while the others are approved for individuals aged 18 and older. Clinical trials are currently investigating the efficacy and safety of MVA-BN, particularly in children and for post-exposure prophylaxis (PEP). Novel Mpox vaccines that provide cross-protection against orthopoxviruses are needed, with DNA, subunit, and mRNA platforms under development. MPXV-neutralizing antibody-inducing target antigens for vaccine development include the outer envelope antigens of extracellular enveloped virus (EEV): A35R and B6R, and the inner membrane antigens of intracellular mature virus (IMV): M1R, A29L, H3L, and E8L. Two mRNA vaccines are currently in early clinical stages. Importantly, the COVID-19 pandemic underscored the importance of addressing vaccine disparities and improving global access. Transformative approaches are being explored to overcome this challenge and to enhance access in low- and middle-income countries.","[MeSH] Humans; [MeSH] Global Health; [MeSH] Animals; [MeSH] Smallpox Vaccine; [MeSH] Vaccines, Attenuated; [MeSH] Smallpox; [MeSH] Mpox, Monkeypox"
35914540,Evolutionary implications of human transmission of monkeypox: the importance of sequencing multiple lesions.,"David O Ulaeto, Jake Dunning, Miles W Carroll",The Lancet. Microbe. 2022. doi: 10.1016/S2666-5247(22)00194-X..,Ulaeto,The Lancet. Microbe,2022,2022/07/30,,,10.1016/S2666-5247(22)00194-X,,"[MeSH] Animals; [MeSH] Biological Evolution; [MeSH] Humans; [MeSH] Mpox, Monkeypox; [MeSH] Monkeypox virus; [MeSH] Sciuridae"
36850381,Monkeypox Detection Using CNN with Transfer Learning.,"Murat Altun, Hüseyin Gürüler, Osman Özkaraca, Faheem Khan, Jawad Khan, Youngmoon Lee","Sensors (Basel, Switzerland). 2023. doi: 10.3390/s23041783..",Altun,"Sensors (Basel, Switzerland)",2023,2023/02/05,,,10.3390/s23041783,"Monkeypox disease is caused by a virus that causes lesions on the skin and has been observed on the African continent in the past years. The fatal consequences caused by virus infections after the COVID pandemic have caused fear and panic among the public. As a result of COVID reaching the pandemic dimension, the development and implementation of rapid detection methods have become important. In this context, our study aims to detect monkeypox disease in case of a possible pandemic through skin lesions with deep-learning methods in a fast and safe way. Deep-learning methods were supported with transfer learning tools and hyperparameter optimization was provided. In the CNN structure, a hybrid function learning model was developed by customizing the transfer learning model together with hyperparameters. Implemented on the custom model MobileNetV3-s, EfficientNetV2, ResNET50, Vgg19, DenseNet121, and Xception models. In our study, AUC, accuracy, recall, loss, and F1-score metrics were used for evaluation and comparison. The optimized hybrid MobileNetV3-s model achieved the best score, with an average F1-score of 0.98, AUC of 0.99, accuracy of 0.96, and recall of 0.97. In this study, convolutional neural networks were used in conjunction with optimization of hyperparameters and a customized hybrid function transfer learning model to achieve striking results when a custom CNN model was developed. The custom CNN model design we have proposed is proof of how successfully and quickly the deep learning methods can achieve results in classification and discrimination.",deep learning; epidemics; healthcare; image processing; monkeypox detection; transfer learning
35926767,Monkeypox virus neurological manifestations in comparison to other orthopoxviruses.,"Maryam Shafaati, Milad Zandi",Travel medicine and infectious disease. 2022. doi: 10.1016/j.tmaid.2022.102414..,Shafaati,Travel medicine and infectious disease,2022,2022/08/02,,,10.1016/j.tmaid.2022.102414,"Viral infectious diseases have various neurological manifestations, whether they are epidemic or pandemic in nature. Nonspecific encephalopathy is the most common central nervous system (CNS) manifestation. The spectrum of nervous evidence varies for viral pathogens. Some infectious viruses, such as the Ebola virus, exhibit direct neurotropism. Others, such as the Rift Valley fever virus, have the potential for neurotropism. Direct neurotropism is unknown in monkeypox virus, SARS-CoV-2, MERS-CoV, and even smallpox. As seen in the COVID-19, there may be evidence of para-infectious neurological syndrome. There have only been a few reports of neurological diseases caused by monkeypox infection. Future efforts to prevent the spread of infectious disease surges can reduce mortality complications, the therapeutic burden on the health-care system, and prevent further spread. This study describes the clinical and neurological complications of monkeypox infection, particularly encephalitis, as well as the laboratory diagnosis of these cases.",Monkeypox virus; Nervous system; Neurology
40531798,"Use of JYNNEOS (Smallpox and Mpox Vaccine, Live, Nonreplicating) for Persons Aged ≥18 Years at Risk for Mpox During an Mpox Outbreak: Recommendations of the Advisory Committee on Immunization Practices - United States, 2023.","Agam K Rao, Faisal S Minhaj, Rosalind J Carter, Jonathan Duffy, Panayampalli S Satheshkumar, Kevin P Delaney, Laura A S Quilter, Rachel E Kachur, Catherine McLean, Danielle L Moulia, David T Kuhar, Marie A de Perio, Ian H Spicknall, Beth P Bell, Pablo J Sánchez, Christina L Hutson, Amanda C Cohn",MMWR. Morbidity and mortality weekly report. 2025. doi: 10.15585/mmwr.mm7422a3..,Rao,MMWR. Morbidity and mortality weekly report,2025,2025/06/19,,,10.15585/mmwr.mm7422a3,"Since the worldwide eradication of smallpox in 1980, orthopoxvirus vaccines had been used nearly exclusively by persons at risk for occupational exposure to orthopoxviruses, including Monkeypox virus, the virus that causes mpox. However, during recent years, the epidemiology of mpox has been changing in countries where the animal reservoirs are believed to live and where endemic transmission has been known to occur for decades. CDC issues outbreak-specific vaccination recommendations based on the epidemiology at the time specific cases or clusters are identified; however, because of the increased risk for U.S. mpox outbreaks, the Advisory Committee on Immunization Practices (ACIP) reviewed results from a previously performed modified Grading of Recommendations Assessment, Development, and Evaluation of the 2-dose JYNNEOS (smallpox and mpox vaccine, live, nonreplicating) vaccination series and an Evidence to Recommendations (EtR) framework addressing multiple domains (e.g., benefits, harms, and target population values and preferences). Based on this assessment, ACIP recommended the use of JYNNEOS (a live, replication-deficient vaccinia virus vaccine) for persons aged ≥18 years at risk for mpox during an mpox outbreak (irrespective of clade). Because the cause of future mpox outbreaks and the populations affected by these outbreaks remain uncertain, public health authorities will continue to issue outbreak-specific vaccination guidance when outbreaks occur. A clade IIb mpox outbreak that began in 2022 continued to cause substantial morbidity and mortality >1 year later. Although CDC had issued outbreak-specific vaccination guidance, it was anticipated that the outbreak would be protracted. For this reason, ACIP reviewed a second EtR framework about outbreaks and in 2023 recommended JYNNEOS for persons aged ≥18 years at risk for acquiring mpox during the multinational clade IIb outbreak. As of 2025, cases continue to occur; however, the future need for the recommendation will be reassessed as the outbreak evolves. Mpox vaccination is not routinely recommended for health care personnel during mpox outbreaks, including during the ongoing clade IIb outbreak.","[MeSH] Humans; [MeSH] Disease Outbreaks; [MeSH] United States; [MeSH] Adult; [MeSH] Adolescent; [MeSH] Advisory Committees; [MeSH] Centers for Disease Control and Prevention, U.S.; [MeSH] Smallpox Vaccine; [MeSH] Mpox, Monkeypox; [MeSH] Young Adult; [MeSH] Middle Aged; [MeSH] Vaccines, Attenuated; [MeSH] Practice Guidelines as Topic; [MeSH] Female; [MeSH] Male; [MeSH] Aged"
40044363,Mpox in a Patient With a Signal Transducer and Activator of Transcription 1 Gain-of-Function Mutation.,"Jack W McHugh, Eric O Gomez, Omar M Abu-Saleh, Cristina G Corsini Campioli, Supavit Chesdachai, Saadiya Nazli, Nicholas T Streck, Shama Cash-Goldwasser, Agam K Rao, Michelle L Meyer, Avni Y Joshi, Kevin P Boyd, Julian A Villalba, Reade A Quinton, Pritish K Tosh, Aditya S Shah",Mayo Clinic proceedings. 2025. doi: 10.1016/j.mayocp.2024.11.022..,McHugh,Mayo Clinic proceedings,2025,2025/03/01,,,10.1016/j.mayocp.2024.11.022,"We report a case of mpox in a patient with a signal transducer and activator of transcription 1 gain-of-function mutation. Despite initial improvement with intravenous immune globulin and tecovirimat, severe symptoms developed and the patient died. This underscores the need for immune system optimization and effective virucidal treatments for mpox.","[MeSH] Humans; [MeSH] Fatal Outcome; [MeSH] Gain of Function Mutation; [MeSH] Mpox, Monkeypox; [MeSH] STAT1 Transcription Factor"
36129007,GETTING AHEAD OF MONKEYPOX: Learning from the COVID-19 pandemic experience to prevent the potentially new monkeypox pandemic.,"Widaliz Vega-Rodriguez, Hinh Ly",Journal of medical virology. 2022. doi: 10.1002/jmv.28146..,Vega-Rodriguez,Journal of medical virology,2023,2022/09/26,,,10.1002/jmv.28146,"As the caseloads of monkeypox virus (MPXV) infection are steadily increasing worldwide, the World Health Organization has recently declared it a global outbreak. There are no specific drugs or vaccines against monkeypox, however, smallpox vaccines and smallpox antivirals could be used to prevent a global MPXV pandemic. This editorial examines some of the currently employed prophylactic and therapeutic strategies against this virus. Additionally, information on former and newly established surveillance methods like the Sewer Coronavirus Alert Network (SCAN) have been examined as a way to improve surveillance against MPXV and how best to utilize knowledge learned from the ongoing COVID-19 pandemic to prevent potential twin viral pandemics.",Poxvirus; SARS coronavirus; epidemiology; pandemics; virus classification
38236779,"Mpox Outbreak - Los Angeles County, California, May 4-August 17, 2023.","Colleen M Leonard, Kathleen Poortinga, Erin Nguyen, Abraar Karan, Sonali Kulkarni, Rebecca Cohen, Jacob M Garrigues, Amy N Marutani, Nicole M Green, Andrea A Kim, Kwa Sey, Mario J Pérez",MMWR. Morbidity and mortality weekly report. 2024. doi: 10.15585/mmwr.mm7302a4..,Leonard,MMWR. Morbidity and mortality weekly report,2024,2024/01/18,,,10.15585/mmwr.mm7302a4,"Since May 2022, approximately 2,500 mpox cases have been reported in Los Angeles County (LAC), California. Beginning in May 2023, the LAC Department of Public Health observed a consistent increase in mpox cases after a prolonged period of low incidence. A total of 56 cases were identified during May 4-August 17, 2023. A minority of mpox patients were fully vaccinated (29%). One patient was hospitalized; no deaths were reported. Two cases of reinfection occurred, both of which were associated with mild illness. The increasing number of cases during this period was significant, as few other health departments in the United States reported an increase in mpox cases during the same period. The outbreak spread similarly to the 2022 U.S. mpox outbreak, mainly through sexual contact among gay, bisexual, and other men who have sex with men. Vaccination against mpox became available in June 2022 and has been shown to be effective at preventing mpox disease. This outbreak was substantially smaller than the 2022 mpox outbreak in LAC (2,280 cases); possible explanations for the lower case count include increased immunity provided from vaccination against mpox and population immunity from previous infections. Nonetheless, mpox continues to spread within LAC, and preventive measures, such as receipt of JYNNEOS vaccination, are recommended for persons at risk of Monkeypox virus exposure.","[MeSH] Male; [MeSH] Humans; [MeSH] Homosexuality, Male; [MeSH] Los Angeles; [MeSH] Mpox, Monkeypox; [MeSH] Sexual and Gender Minorities; [MeSH] Disease Outbreaks"
38816155,Rapid and highly sensitive colorimetric LAMP assay and integrated device for visual detection of monkeypox virus.,"Yadan Peng, Ruolan Hu, Shuang Xue, Yugan He, Lili Tian, Zehan Pang, Yile He, Yuqi Dong, Yinghan Shi, Shuqi Wang, Bixia Hong, Ke Liu, Ruixue Wang, Lihua Song, Huahao Fan, Mengzhe Li, Yigang Tong",Analytica chimica acta. 2024. doi: 10.1016/j.aca.2024.342720..,Peng,Analytica chimica acta,2024,2024/05/14,,,10.1016/j.aca.2024.342720,"BACKGROUND: The monkeypox virus (MPXV) is a linear double-stranded DNA virus with a large genome that causes tens of thousands of infections and hundreds of deaths in at least 40 countries and regions worldwide. Therefore, timely and accurate diagnostic testing could be an important measure to prevent the ongoing spread of MPXV and widespread epidemics. RESULTS: Here, we designed multiple sets of primers for the target region of MPXV for loop-mediated isothermal amplification (LAMP) detection and identified the optimal primer set. Then, the specificity in fluorescent LAMP detection was verified using the plasmids containing the target gene, pseudovirus and other DNA/RNA viruses. We also evaluated the sensitivity of the colorimetric LAMP detection system using the plasmid and pseudovirus samples, respectively. Besides, we used monkeypox pseudovirus to simulate real samples for detection. Subsequent to the establishment and introduction of a magnetic beads (MBs)-based nucleic acid extraction technique, an integrated device was developed, characterized by rapidity, high sensitivity, and remarkable specificity. This portable system demonstrated a visual detection limit of 137 copies/mL, achieving sample-to-answer detection within 1 h. SIGNIFICANCE: The device has the advantages of integration, simplicity, miniaturization, and visualization, which help promote the realization of accurate, rapid, portable, and low-cost testing. Meanwhile, this platform could facilitate efficient, cost-effective and easy-operable point-of-care testing (POCT) in diverse resource-limited settings in addition to the laboratory.",Integrated device; LAMP; MBs; Monkeypox virus; Nucleic acid testing
37027356,Monkeypox detection from skin lesion images using an amalgamation of CNN models aided with Beta function-based normalization scheme.,"Rishav Pramanik, Bihan Banerjee, George Efimenko, Dmitrii Kaplun, Ram Sarkar",PloS one. 2023. doi: 10.1371/journal.pone.0281815..,Pramanik,PloS one,2023,2023/04/07,,,10.1371/journal.pone.0281815,"We have recently been witnessing that our society is starting to heal from the impacts of COVID-19. The economic, social and cultural impacts of a pandemic cannot be ignored and we should be properly equipped to deal with similar situations in future. Recently, Monkeypox has been concerning the international health community with its lethal impacts for a probable pandemic. In such situations, having appropriate protocols and methodologies to deal with the outbreak efficiently is of paramount interest to the world. Early diagnosis and treatment stand as the only viable option to tackle such problems. To this end, in this paper, we propose an ensemble learning-based framework to detect the presence of the Monkeypox virus from skin lesion images. We first consider three pre-trained base learners, namely Inception V3, Xception and DenseNet169 to fine-tune on a target Monkeypox dataset. Further, we extract probabilities from these deep models to feed into the ensemble framework. To combine the outcomes, we propose a Beta function-based normalization scheme of probabilities to learn an efficient aggregation of complementary information obtained from the base learners followed by the sum rule-based ensemble. The framework is extensively evaluated on a publicly available Monkeypox skin lesion dataset using a five-fold cross-validation setup to evaluate its effectiveness. The model achieves an average of 93.39%, 88.91%, 96.78% and 92.35% accuracy, precision, recall and F1 scores, respectively. The supporting source codes are presented in https://github.com/BihanBanerjee/MonkeyPox.","[MeSH] Humans; [MeSH] Disease Outbreaks; [MeSH] Hydrolases; [MeSH] Mpox, Monkeypox; [MeSH] Monkeypox virus; [MeSH] Skin Diseases"
36906772,Vaccines for monkeypox disease and challenges in its production and distribution: a lesson from COVID-19 pandemic.,"Sakshi Watarkar, Prashant Upadhyay, Shankhaneel Ghosh, Aditya A Godbole, Sai K Kishori, Aroop Mohanty, Bijaya K Padhi, Ranjit Sah","International journal of surgery (London, England). 2023. doi: 10.1097/JS9.0000000000000016..",Watarkar,"International journal of surgery (London, England)",2023,2023/03/01,,,10.1097/JS9.0000000000000016,,"[MeSH] Humans; [MeSH] COVID-19; [MeSH] Mpox, Monkeypox; [MeSH] Pandemics; [MeSH] Vaccines"
35791639,Monkeypox outbreak - No panic and stigma; Only awareness and preventive measures can halt the pandemic turn of this epidemic infection.,"Md Rabiul Islam, Moynul Hasan, Mohammad Saydur Rahman, Md Ashrafur Rahman",The International journal of health planning and management. 2022. doi: 10.1002/hpm.3539..,Rabiul,The International journal of health planning and management,2022,2022/07/06,,,10.1002/hpm.3539,,disease outbreaks; monkeypox; monkeypox virus; poxviridae; poxviridae infections; public health; viral zoonoses
36906782,"Deadly Marburg virus in Ghana, 2022 amidst monkeypox and COVID-19 pandemic: A distressing concern for public health.","Aroma Naeem, Shehroze Tabassum, Syed M H Zaidi, Qasim Mehmood, Farhan Naeem, Saima Gill, Andrew A Wireko","International journal of surgery (London, England). 2023. doi: 10.1097/JS9.0000000000000161..",Naeem,"International journal of surgery (London, England)",2023,2023/03/01,,,10.1097/JS9.0000000000000161,,"[MeSH] Humans; [MeSH] Marburgvirus; [MeSH] COVID-19; [MeSH] Ghana; [MeSH] Mpox, Monkeypox; [MeSH] Public Health; [MeSH] Pandemics"
19474247,Virulence and pathophysiology of the Congo Basin and West African strains of monkeypox virus in non-human primates.,"Masayuki Saijo, Yasushi Ami, Yuriko Suzaki, Noriyo Nagata, Naoko Iwata, Hideki Hasegawa, Itoe Iizuka, Tomoyuki Shiota, Kouji Sakai, Momoko Ogata, Shuetsu Fukushi, Tetsuya Mizutani, Tetsutaro Sata, Takeshi Kurata, Ichiro Kurane, Shigeru Morikawa",The Journal of general virology. 2009. doi: 10.1099/vir.0.010207-0..,Saijo,The Journal of general virology,2009,2009/05/27,,,10.1099/vir.0.010207-0,"Monkeypox virus is divided into Congo Basin and West African strains. The virulence and pathophysiology of two strains, Zr-599 (a Congo Basin monkeypox virus) and Liberia (a West African monkeypox virus), were evaluated in non-human primates. Four monkeys were infected by the subcutaneous (SC) and two by the intranasal (IN) inoculation routes for Zr-599 and Liberia at a dose of 10(6) p.f.u. One monkey in the Liberia/SC group was demonstrated to be co-infected with Gram-positive cocci and was excluded from analyses. Infections in three of the four Zr-599/SC monkeys and in one of the three Liberia/SC monkeys were fatal. Virus genome levels in blood in the Zr-599/SC monkeys were approximately 10 times higher than those in the Liberia/SC monkeys. Zr-599 affected respiratory, genito-urinary and gastrointestinal tract organs more severely than Liberia. Zr-599 was more virulent than Liberia and one of the factors might be the difference in organ tropism.","[MeSH] Africa, Western; [MeSH] Animals; [MeSH] Chlorocebus aethiops; [MeSH] Congo; [MeSH] Disease Models, Animal; [MeSH] Humans; [MeSH] Macaca fascicularis; [MeSH] Mpox, Monkeypox; [MeSH] Monkeypox virus; [MeSH] Vero Cells; [MeSH] Viremia; [MeSH] Virulence"
17426185,Efficacy of the antipoxvirus compound ST-246 for treatment of severe orthopoxvirus infection.,"Elena Sbrana, Robert Jordan, Dennis E Hruby, Rosa I Mateo, Shu-Yuan Xiao, Marina Siirin, Patrick C Newman, Amelia P A Travassos DA Rosa, Robert B Tesh",The American journal of tropical medicine and hygiene. 2007.,Sbrana,The American journal of tropical medicine and hygiene,2007,2007/04/01,,,,"Efficacy of the new antipoxvirus compound ST-246 was evaluated as treatment of monkeypox (MPX) virus infection in a ground squirrel model of the disease. Ground squirrels were given a lethal dose of MPX virus and were then treated orally at various times post-inoculation (pi) with 100 mg/kg/day of ST-246. Morbidity and mortality, clinical laboratory results, viral load, and pathology of placebo and treatment groups were compared. All animals that started treatment with ST-246 on days 0, 1, 2, and 3 pi survived lethal challenge with MPX virus; 67% of animals treated on day 4 pi also survived. In contrast, 100% of the placebo group died. Most of the ST-246-treated animals showed no evidence of clinical disease or alteration of baseline clinical laboratory values and had minimal histopathologic changes. These results suggest that ST-246 is a promising candidate for early treatment of severe orthopoxvirus infection.","[MeSH] Animal Diseases; [MeSH] Animals; [MeSH] Antiviral Agents; [MeSH] Benzamides; [MeSH] Drug Administration Schedule; [MeSH] Indoles; [MeSH] Isoindoles; [MeSH] Liver; [MeSH] Lung; [MeSH] Models, Animal; [MeSH] Mpox, Monkeypox; [MeSH] Sciuridae; [MeSH] Spleen; [MeSH] Time Factors; [MeSH] Phthalimides"
39824291,Evaluation of the diagnostic accuracy of Xpert® Mpox and STANDARD™ M10 MPX/OPX for the detection of monkeypox virus.,"Alessandra Romero-Ramirez, Anushri Somasundaran, Konstantina Kontogianni, Jacob Parkes, Yusra Hussain, Susan Gould, Christopher T Williams, Dominic Wooding, Richard Body, Hayley E Hardwick, J Kenneth Baillie, Jake Dunning, Malcolm G Semple, Tom E Fletcher, Thomas Edwards, Devy Emperador, Ana I Cubas-Atienzar",The Journal of infection. 2025. doi: 10.1016/j.jinf.2025.106413..,Romero-Ramirez,The Journal of infection,2025,2025/01/15,,,10.1016/j.jinf.2025.106413,"OBJECTIVES: Evaluation of diagnostic accuracy of two point-of-care (POC) molecular diagnostic tests for the detection of monkeypox virus (MPXV): Xpert® Mpox (Cepheid, Inc., USA) and STANDARD™ M10 MPX/OPX (SD Biosensor, Inc., Korea). METHODS: Diagnostic accuracy of both POC platforms was evaluated using 53 upper-respiratory swabs (URS) and 32 skin lesions swabs (SS) collected from mpox and COVID-19 patients in the UK against the Sansure (Sansure Biotech Inc.) and CDC reference qPCR tests. The analytical sensitivity of both platforms was assessed using a viral isolate from II, B.1 lineage. RESULTS: The overall sensitivity and specificity of the Xpert® Mpox was 97.67% [95% CI 87.71-99.94%] and 88.57% [95% CI 73.26-96.80%] and 97.44% [95% CI 86.52-99.94%] and 74.42% [95% CI 58.83-86.48%] comparing the Sansure and CDC qPCR, respectively and for the M10 MPX/OPX was 87.80% [95% CI 73.80-95.92%] and 76.60% [95% CI 61.97-87.70%] and 94.29% [95% CI 80.84-99.30%] and 86.67% [95% CI 73.21-94.95%] with the Sansure and CDC qPCR. CONCLUSION: The Xpert® Mpox had good diagnostic accuracy for both sample types while the M10 MPX/OPX clinical accuracy was deficient with URS. Our data supports the use of URS during the first 3 days of symptoms onset for mpox diagnosis.",Diagnostics; MPXV; Monkeypox; Mpox; Orthopoxvirus; PCR; Point-of-care (POC)
39178867,The global alarm bell is ringing due to the threat of potential severe cases and deaths caused by clade I of monkeypox virus.,"Min Du, Min Liu, Ben Niu, Jue Liu",The Lancet. Infectious diseases. 2024. doi: 10.1016/S1473-3099(24)00530-9..,Du,The Lancet. Infectious diseases,2024,2024/08/20,,,10.1016/S1473-3099(24)00530-9,,"[MeSH] Humans; [MeSH] Global Health; [MeSH] Monkeypox virus; [MeSH] Mpox, Monkeypox"
37615561,Case Investigation and Contact Tracing in US State and Local Public Health Agencies: Sustaining Capacities and Applying Lessons Learned From the COVID-19 Pandemic and 2022 Mpox Outbreak.,"Alexandra Woodward, Caitlin Rivers",Health security. 2023. doi: 10.1089/hs.2023.0011..,Woodward,Health security,2023,2023/08/23,,,10.1089/hs.2023.0011,"The COVID-19 pandemic illuminated the lack of resources available to US state and local public health agencies to respond to large-scale health events. Two response activities that were notably underresourced are case investigation and contact tracing (CI/CT), which health agencies routinely employ to control and prevent the transmission of infectious diseases. However, the scale of contact tracing required during the COVID-19 pandemic exceeded available resources, even in high-capacity public health agencies. For both routine outbreak response and epidemic preparedness, health agencies must have CI/CT program capacities in place prior to the detection of an outbreak to be ready to respond. Our research builds on previous work to identify the baseline CI/CT capacities needed in US state and local public health agencies to respond to any type of outbreak. Fifteen public health officials representing 10 public health agencies and 4 experts in CI/CT were interviewed about various aspects of their CI/CT program during the COVID-19 pandemic. The interviews coincided with the beginning of the 2022 mpox epidemic. Discussions on CI/CT during that response were collected to augment the interviews, where possible. Findings revealed that CI/CT capacities were underresourced prior to and during the pandemic, as well as during the mpox outbreak, even after substantial additional resourcing and efforts to scale up. Moreover, state and local health agencies encountered challenges in pivoting their COVID-19 CI/CT capacities for the mpox response, suggesting that CI/CT programs should either be designed with flexibility in mind, or should allow for specialization based on the pathogen's mode of transmission and the population at risk. Federal, state, and local health agency staff and officials should consider lessons learned from this research to plan for readily scalable and sustainable CI/CT programs to ensure readiness for future outbreaks.",COVID-19; Case investigation; Contact tracing; Infectious disease; Policy; Public health capacity; Public health preparedness/response
19349521,Nonhuman primates are protected from smallpox virus or monkeypox virus challenges by the antiviral drug ST-246.,"John Huggins, Arthur Goff, Lisa Hensley, Eric Mucker, Josh Shamblin, Carly Wlazlowski, Wendy Johnson, Jennifer Chapman, Tom Larsen, Nancy Twenhafel, Kevin Karem, Inger K Damon, Chelsea M Byrd, Tove' C Bolken, Robert Jordan, Dennis Hruby",Antimicrobial agents and chemotherapy. 2009. doi: 10.1128/AAC.00021-09..,Huggins,Antimicrobial agents and chemotherapy,2009,2009/04/06,,,10.1128/AAC.00021-09,"ST-246, a potent orthopoxvirus egress inhibitor, is safe and effective at preventing disease and death in studies of small-animal models involving challenge by several different pathogenic poxviruses. In this report, the antiviral efficacy of ST-246 in treatment of nonhuman primates infected with variola virus or monkeypox virus was assessed. The data indicate that oral dosing once per day with ST-246 protects animals from poxvirus disease, as measured by reductions in viral load and numbers of lesions and enhancement of survival.","[MeSH] Animals; [MeSH] Antiviral Agents; [MeSH] Benzamides; [MeSH] Female; [MeSH] Humans; [MeSH] Isoindoles; [MeSH] Macaca fascicularis; [MeSH] Male; [MeSH] Mpox, Monkeypox; [MeSH] Smallpox; [MeSH] Phthalimides"
38035733,Mpox (monkeypox) risk and mortality associated with HIV infection: a national case-control study in Nigeria.,"Adesola Yinka-Ogunleye, Mahmood Dalhat, Afolabi Akinpelu, Olusola Aruna, Fatima Garba, Adama Ahmad, Adesola Adeleye, Iliya Botson, Bamidele Oluwafemi, Oladipo Ogunbode, Lateefat Amao, Udeme Ekripo, Gambo Gumel Aliyu, Ifedayo Adetifa, Chikwe Ihekweazu, Ibrahim Abubakar",BMJ global health. 2023. doi: 10.1136/bmjgh-2023-013126..,Yinka-Ogunleye,BMJ global health,2023,2023/11/30,,,10.1136/bmjgh-2023-013126,"INTRODUCTION: Recent outbreaks of mpox are characterised by changes in the natural history of the disease, the demographic and clinical characteristics of the cases, and widening geographical distribution. We investigated the role of HIV and other sexually transmitted infections (STIs) coinfection among cases in the re-emergence of mpox to inform national and global response. METHODS: We conducted a national descriptive and case-control study on cases in the 2017-2019 Nigerian mpox outbreak. Mpox cases were age, sex and geographical area matched each with two randomly selected controls from a representative national HIV/AIDS survey. Logistic regression was used to investigate the association between HIV infection and the risk of mpox acquisition and death. RESULTS: Among 204 suspected mpox cases, 86 were confirmed (median age 31 years (IQR 27-38 years), mostly males (61 cases, 70.9%). Three-fifths of mpox cases had serological evidence of one or more STIs with 27.9% (24/86) coinfected with HIV. The case fatality rate was 9.4% (8/86) and 20.8% (5/24) overall and in HIV positive cases respectively. Mpox cases were more likely to have HIV coinfection compared with an age, gender and geography-matched control group drawn from the general population (OR 45 (95% CI 6.1 to 333.5, p=0.002) and when compared with non mpox rash cases (7.29 (95% CI 2.6 to 20.5, p<0.0001)). HIV coinfection and young age were associated with mortality among mpox cases (aOR 13.66 (95% CI 1.88 to 98.95, p=0.010) and aOR 0.90 (0.82-0.97, p=0.008), respectively). CONCLUSION: HIV infection was associated with a higher risk of contracting and dying from mpox. Children are also at high risk of death. STIs in mpox cases may be suggestive of high-risk sexual behaviours among these individuals.",HIV
38745559,Mpox in people with HIV: A narrative review.,"Hideta Nakamura, Kazuko Yamamoto",HIV medicine. 2024. doi: 10.1111/hiv.13661..,Nakamura,HIV medicine,2024,2024/05/15,,,10.1111/hiv.13661,"OBJECTIVE: The 2022 global mpox outbreak disproportionately impacted people living with HIV. This review explores recent evidence on mpox in this group, focusing on clinical presentation, complications, treatment modalities and vaccine strategies. RECENT FINDINGS: Recent studies have suggested that people with HIV diagnosed with mpox have a greater risk of proctitis and hospitalization compared with people without HIV. In addition, those with advanced immunosuppression face an elevated risk of severe mpox infection, which can lead to mortality. Comprehensive and prompt supportive care using antiretrovirals and mpox antivirals is crucial in this group. Although results from randomized clinical trials are still forthcoming, recent studies suggest that early initiation of tecovirimat can prevent disease progression in people with HIV. The non-replicative attenuated smallpox vaccine is well tolerated and effective in preventing monkeypox virus infections in people with HIV. Further studies are needed regarding long-term vaccine effectiveness for this population. CONCLUSION: Evaluating the risk of severe mpox in people living with HIV requires assessing the level of immune suppression and viral control. Universal access to vaccination is imperative to prevent the resurgence of future outbreaks.",HIV; modified vaccinia Ankara‐Bavarian Nordic vaccine; mpox; tecovirimat
38249378,Cases of Monkeypox show highly-overlapping co-infection with HIV and syphilis.,"Lin Jia, Benyong Yan, Yuan Fang, Xiaodong Yang, Han Jia, Mei Zhang, Shuang Li, Yang Zhang, Wen Wang, Caiping Guo, Tong Zhang, Xiaojie Huang, Taiyi Jiang",Frontiers in public health. 2024. doi: 10.3389/fpubh.2023.1276821..,Jia,Frontiers in public health,2023,2024/01/05,,,10.3389/fpubh.2023.1276821,"PURPOSE: Ongoing Monkeypox (MPX) outbreaks in countries outside Africa have unique characteristics. However, data on cohorts of confirmed cases in China is limited. The study provides important epidemiological, diagnostic, and clinical information about this disease in China. METHODS: We report a series of Chinese individuals with confirmed MPX infections identified at Beijing Youan Hospital (China) from June 10 to July 15, 2023. Samples were taken from the skin, anus, throat, and blood. An epidemiological questionnaire was used to collect demographic and clinical data. Further, we compared the MPX viral (MPXV) loads across different anatomical sites. RESULTS: 66 samples were collected from 20 patients, all of whom were cisgender men. Median patient age was 29 years. Notably, 19 (95%) patients reported unprotected sexual encounters with men in the preceding month, and 13 (65%) were human immunodeficiency virus (HIV)-positive. Among those with HIV, 12 (92%) were receiving antiretroviral therapy, and 11 (85%) had well-controlled infections (HIV viral load <40/mL). The median CD4+ T cell count was 667 cells/mm3. In the HIV-negative group, three (43%) patients were taking preexposure prophylaxis. Fifteen patients (75%) had concurrent sexually transmitted infections (50% had syphilis and 65% had HIV) and eight (40%) had HIV and syphilis co-infection. MPXV loads were significantly higher in samples from the skin (cycle threshold value [Ct value]: 19·0) and anus (Ct value: 23.0) compared to samples from the throat (Ct value: 31.0) or blood (Ct value: 34.5). All patients had skin lesions (85% of whom presented with anogenital lesions). Common systemic symptoms included fever (85%) and lymphadenopathy (55%). The median incubation period was 8 d [interquartile range (IQR): 6-16 d]. The median time from the onset of skin lesions to scab removal was 14 d (IQR: 10-16 d). No deaths or severe cases were reported. CONCLUSION: MPXV primarily affects young homosexual men. The high MPXV viral loads in skin and anal lesions indicate that transmission most likely occurs through direct and close body contact. This study also reports high rates of HIV and syphilis co-infection. Therefore, preventive efforts should focus on homosexual men.",Monkeypox; clinical features; sexually transmitted infection; transmission routes; viral loads
39225831,"Mpox treatment evolution: past milestones, present advances, and future directions.","Alagammai Ganesan, Thirumalai Arunagiri, Suganandhini Mani, Vamsi Ravi Kumaran, Gayathrii Sk, Sandhiya Elumalai, Kanaka Parvathi Kannaiah, Hemanth Kumar Chanduluru",Naunyn-Schmiedeberg's archives of pharmacology. 2024. doi: 10.1007/s00210-024-03385-0..,Ganesan,Naunyn-Schmiedeberg's archives of pharmacology,2025,2024/09/03,,,10.1007/s00210-024-03385-0,"An underestimated worldwide health concern, Monkeypox (Mpox) is becoming a bigger menace to the world's population. After smallpox was eradicated in 1970, Mpox was found in a rural region of Africa and quickly spread to other African countries. The etiological agent of the Mpox infection, the Mpox virus, is constantly evolving, and its capability for cross-species transmission led to a global outbreak in 2022 which led to several deaths throughout the world. This review aims to showcase the progressive treatment methods and emerging innovations in the diagnostic and prevention strategies for controlling Mpox. The clinical trial data for antiviral drugs were systematically collected and analyzed using statistical tests to determine the most effective antiviral treatment. Emerging viral protein inhibitors that are under investigation for Mpox treatment were also scrutinized in this review. Additionally, modern diagnostic methods, such as the Streamlined CRISPR On Pod Evaluation platform (SCOPE) and graphene quantum rods were reviewed, and the efficacy of mRNA vaccines with traditional smallpox vaccines used for Mpox were compared. The statistical analysis revealed that tecovirimat (TCV) is the most effective antiviral drug among the other evaluated drugs, showing superior efficacy in clinical trials. Similarly, mRNA vaccines offer greater effectiveness compared to conventional smallpox vaccines. Furthermore, emerging nanomedicine and herbal drug candidates were highlighted as potential future treatments for Mpox. The findings underscore the effectiveness of TCV in treating Mpox and highlight significant advancements in preventive treatments. The review also points to innovative approaches in vaccine technology and potential future therapies, including nanomedicine and herbal remedies, which may enhance Mpox management.",Antivirals for Mpox; Detection and treatment of Mpox; Emerging infectious diseases; Monkeypox; Orthopoxvirus; Vaccines for Mpox
37861345,Comparison of clinical course of Mpox among HIV-negative and HIV-positive patients: A 2022 cohort of hospitalized patients in Central Europe.,"Jacek Kowalski, Iwona Cielniak, Ewelina Garbacz-Łagożna, Grażyna Cholewińska-Szymańska, Miłosz Parczewski",Journal of medical virology. 2023. doi: 10.1002/jmv.29172..,Kowalski,Journal of medical virology,2023,2023/10/01,,,10.1002/jmv.29172,"Mpox has become the most significant orthopoxviral infection among humans. Since May 2022, there has been a multicountry outbreak of mpox across six continents. Retrospective observational cohort study of 94 patients with probable or confirmed mpox of whom 86.2% were hospitalized in Hospital for Infectious Diseases in Warsaw, Poland between May 16 and October 30, 2022. Most patients were young (median age: 31, IQR: 25-43 years), predominantly (88.3%) Polish men who have sex with men exposed most commonly in Poland (82.7%), Spain (6.2%), or Germany (4.9%). The median observed mpox incubation period was 7 (IQR: 4-8) days with the median hospitalization time of 7 (range: 2-24, IQR: 5-11) days. History of sexually transmitted infections (STIs) was common in the group (previous syphilis or hepatitis C virus in 33.3% and 17.3%, respectively, 6.2% of early syphilis or gonorrhea). A significant proportion (n = 43, 45.7%) of mpox cases were people with human immunodeficiency virus (HIV), all except one were on stable and virologically effective (88.4% with HIV viral load <50 copies/mL) antiretroviral treatment. Chemsex was reported in 34.6% of hospitalized cases, more commonly among people with HIV (48.5% vs. 25.0%, p = 0.029). None of the mpox infected patients presented with advanced HIV infection. Despite the fact that 6.3% of cases presented with >50 skin lesions the course of the disease was self-limited with no severe cases or deaths. There were no significant clinical or laboratory differences or complication rates between patients with and without HIV coinfection. Epidemiological and clinical characteristics of mpox in Poland are similar to other countries, but there were no targeted, population oriented interventions or vaccination programs. Mpox diagnosis provided an opportunity to screen and diagnose other STIs. As Central European populations, including refugees from Ukraine, are largely unvaccinated against mpox access to preventive vaccinations and antiviral therapy should be maximized.",HIV infection; Poland; mpox; outbreak; year 2022
38986546,Mpox: South Africa reports 20 new cases and three deaths.,Elisabeth Mahase,BMJ (Clinical research ed.). 2024. doi: 10.1136/bmj.q1529..,Mahase,BMJ (Clinical research ed.),2024,2024/07/10,,,10.1136/bmj.q1529,,"[MeSH] Humans; [MeSH] South Africa; [MeSH] Male; [MeSH] Female; [MeSH] Adult; [MeSH] SARS-CoV-2; [MeSH] Middle Aged; [MeSH] Adolescent; [MeSH] Young Adult; [MeSH] Mpox, Monkeypox"
12149352,Outbreaks of disease suspected of being due to human monkeypox virus infection in the Democratic Republic of Congo in 2001.,"Hermann Meyer, Mathilde Perrichot, Markus Stemmler, Petra Emmerich, Herbert Schmitz, Francis Varaine, Robert Shungu, Florimond Tshioko, Pierre Formenty",Journal of clinical microbiology. 2002. doi: 10.1128/JCM.40.8.2919-2921.2002..,Meyer,Journal of clinical microbiology,2002,2002/08/01,,,10.1128/JCM.40.8.2919-2921.2002,"Seven outbreaks of disease characterized by a pustular rash and suspected to have been caused by human monkeypox virus were investigated. The outbreaks occurred between February and August 2001 in the province of Equateur in the Democratic Republic of Congo. The outbreaks involved a total of 31 persons and caused five deaths. Specimens from 14 patients were available and were analyzed by electron microscopy, virus isolation, and PCR assays specific for monkeypox virus and varicella-zoster virus. We provide evidence that two outbreaks were indeed caused by monkeypox virus (16 cases, with four deaths), that in two outbreaks both monkeypox and varicella-zoster virus were involved (seven cases, with one death), and that two outbreaks were cases of chickenpox caused by infection with varicella-zoster virus (six cases, with no deaths). In one outbreak, no evidence for either monkeypox or chickenpox was found (two cases, with no deaths).","[MeSH] Adult; [MeSH] Animals; [MeSH] Child, Preschool; [MeSH] Democratic Republic of the Congo; [MeSH] Disease Outbreaks; [MeSH] Female; [MeSH] Humans; [MeSH] Infant; [MeSH] Male; [MeSH] Microscopy, Electron; [MeSH] Monkeypox virus; [MeSH] Polymerase Chain Reaction; [MeSH] Poxviridae Infections; [MeSH] Virus Cultivation"
39900050,"Clinical and epidemiological characteristics of the 2022-2023 Mpox outbreak in Buenos Aires, Argentina.","Romina Mauas, María José Rolón, Fabiana Montaldo, Gustavo Lopardo, Agustina Fiori, Ángeles Tisné, Elena Obieta, Sofía Pelaez, Rosana Cuini, Verónica Cacciari, María Marta Greco, Gastón Copertari, Liliana Calanni, Pablo Parenti, Gustavo Castro, Anabella Erviti, Martín Brizuela, María Fernanda Rombini, Edgardo Bottaro, Diego Cecchini, Isabel Cassetti",Medicina. 2025.,Mauas,Medicina,2025,2025/01/01,,,,"INTRODUCTION: The 2022-2023 Mpox outbreak in Argentina presented unique challenges due to the lack of vaccination and antiviral therapy. This study analyzed the epidemiological and clinical characteristics of cases in the Buenos Aires Metropolitan Area (MABA), examining temporal trends, HIV status, and concomitant sexually transmitted infections (STIs). MATERIALS AND METHODS: An ambispective, analitic, and multicenter study was conducted between September 2022 and May 2023 in HIV/STI clinics and hospitals in MABA. Cases were classified as confirmed (positive PCR) or possible (clinical and epidemiological criteria). Patients infected with MPox with and without HIV were compared. RESULTS: 247 patients were included, 95.5% were confirmed cases. The median age was 36 years; 98% were men; 93.7% were men who have sex with men. Sexual exposure was the main transmission route (91%). The 25.2% presented concomitant STIs. The 74% were people living with HIV (PLWH), with good immuno-virological control. Common clinical manifestations included papular, pustular, and vesicular lesions; 59.4% presented >20 lesions. Rectal involvement occurred in 25.6%. Complications were observed in 9.3%, hospitalization in 6.6%, and mortality was 0.4%. PLWH showed a higher prevalence of perianal lesions and proctitis, without differences in complications and hospitalization. DISCUSSION: The outbreak in Argentina, mainly affecting men who have sex with men living with HIV, had low mortality. No significant differences were observed in complications and hospitalization between people with and without HIV.",Argentina; Mpox; complications; mortality
37625431,Clinical characteristics and predictors of human mpox outcome during the 2022 outbreak in Nigeria: a cohort study.,"Dimie Ogoina, Mahmood Muazu Dalhat, Ballah Akawu Denue, Mildred Okowa, Nneka Marian Chika-Igwenyi, Hakeem Abiola Yusuff, Umenzekwe Chukwudi Christian, Olukemi Adekanmbi, Anastacia Okwudili Ojimba, John Tunde Aremu, Kambai Lalus Habila, Sebastine Oseghae Oiwoh, Ekaete Alice Tobin, Simon Mafuka Johnson, Abimbola Olaitan, Chizaram Onyeaghala, Simji Samuel Gomerep, Datonye Alasia, Asukwo E Onukak, Juliet Mmerem, Uche Unigwe, Olanrewaju Falodun, Vivian Kwaghe, Sati Klein Awang, Mogaji Sunday, Chiedozie James Maduka, Aliyu Mamman Na'uzo, Sampson Omagbemi Owhin, Abdullahi Asara Mohammed, Mukhtar Abdulmajid Adeiza",The Lancet. Infectious diseases. 2023. doi: 10.1016/S1473-3099(23)00427-9..,Ogoina,The Lancet. Infectious diseases,2023,2023/08/22,,,10.1016/S1473-3099(23)00427-9,"BACKGROUND: Research from sub-Saharan Africa that contributes to our understanding of the 2022 mpox (formerly known as monkeypox) global outbreak is insufficient. Here, we describe the clinical presentation and predictors of severe disease among patients with mpox diagnosed between Feb 1, 2022, and Jan 30, 2023 in Nigeria. METHODS: We did a cohort study among laboratory-confirmed and probable mpox cases seen in 22 mpox-treatment centres and outpatient clinics across Nigeria. All individuals with confirmed and probable mpox were eligible for inclusion. Exclusion criteria were individuals who could not be examined for clinical characterisation and those who had unknown mortality outcomes. Skin lesion swabs or crust samples were collected from each patient for mpox diagnosis by PCR. A structured questionnaire was used to document sociodemographic and clinical data, including HIV status, complications, and treatment outcomes from the time of diagnosis to discharge or death. Severe disease was defined as mpox associated with death or with a life-threatening complication. Two logistic regression models were used to identify clinical characteristics associated with severe disease and potential risk factors for severe disease. The primary outcome was the clinical characteristics of mpox and disease severity. FINDINGS: We enrolled 160 people with mpox from 22 states in Nigeria, including 134 (84%) adults, 114 (71%) males, 46 (29%) females, and 25 (16%) people with HIV. Of the 160 patients, distinct febrile prodrome (n=94, 59%), rash count greater than 250 (90, 56%), concomitant varicella zoster virus infection (n=48, 30%), and hospital admission (n=70, 48%) were observed. Nine (6%) of the 160 patients died, including seven (78%) deaths attributable to sepsis. The clinical features independently associated with severe disease were a rash count greater than 10 000 (adjusted odds ratio 26·1, 95% CI 5·2-135·0, p<0·0001) and confluent or semi-confluent rash (6·7, 95% CI 1·9-23·9). Independent risk factors for severe disease were concomitant varicella zoster virus infection (3·6, 95% CI 1·1-11·5) and advanced HIV disease (35·9, 95% CI 4·1-252·9). INTERPRETATION: During the 2022 global outbreak, mpox in Nigeria was more severe among those with advanced HIV disease and concomitant varicella zoster virus infection. Proactive screening, management of co-infections, the integration and strengthening of mpox and HIV surveillance, and preventive and treatment services should be prioritised in Nigeria and across Africa. FUNDING: None.","[MeSH] Adult; [MeSH] Female; [MeSH] Male; [MeSH] Humans; [MeSH] Nigeria; [MeSH] Cohort Studies; [MeSH] Mpox, Monkeypox; [MeSH] Chickenpox; [MeSH] Herpes Zoster; [MeSH] Varicella Zoster Virus Infection; [MeSH] Exanthema; [MeSH] Disease Outbreaks; [MeSH] HIV Infections"
37131950,Emergency committee recommendations on mpox - what's next?,"Rosamund F Lewis, Krutika Kuppalli, Ana Hoxha, Meg C Doherty",Bulletin of the World Health Organization. 2023. doi: 10.2471/BLT.23.290134..,Lewis,Bulletin of the World Health Organization,2023,2023/05/01,,,10.2471/BLT.23.290134,,"[MeSH] Humans; [MeSH] Mpox, Monkeypox"
39672537,A new method for the estimation of stochastic epidemic descriptors reinforced by Kalman-based dynamic parameter estimation. Application to mpox data.,"Vasileios E Papageorgiou, Georgios Vasiliadis, George Tsaklidis",Mathematical biosciences. 2024. doi: 10.1016/j.mbs.2024.109365..,Papageorgiou,Mathematical biosciences,2025,2024/12/11,,,10.1016/j.mbs.2024.109365,"In the realm of epidemiology, it is essential to accurately assess epidemic phenomena through the adoption of innovative techniques that yield reliable predictions. This article introduces an advanced method that merges the Extended Kalman Filter approach with recursive algorithms to compute critical stochastic attributes important for evaluating epidemics. A new three-dimensional discrete Markov chain is presented, according to which the total number of infections, deaths, and the duration of epidemic outbreaks are estimated. This approach represents a notable improvement over the standard estimation procedure, which relies on Markov-based stochastic models with fixed parameters. Furthermore, it constitutes a real-time estimation process, as opposed to the standard method, which is more suitable for offline applications. The proposed methodology marks an original attempt to integrate computational techniques for modeling stochastic epidemic characteristics with dynamic parameter estimation procedures. An additional advantage is the reduction of noise in the system's states enhancing the overall precision. The method's performance is thoroughly assessed through 3 simulated epidemic instances. Furthermore, its application to the actual 2022 monkeypox (mpox) data from the Czech Republic demonstrates promising effectiveness. In comparison to the standard methodology, our approach yields estimates with deviations of only 4.383 weeks, 3.542 infections, and 0.266 deaths, as opposed to the standard method where we observe deviations of 15.372 weeks, 5.786 infections, and 0.501 deaths. Overall, the proposed estimation procedure proves to be a valuable tool for investigating epidemic phenomena characterized by fluctuating dynamics, potentially providing valuable insights for addressing the associated public health challenges. MSC: 62M20, 60J22, 65C40, 62G30, 62P10.",Discrete-time markov chains; Dynamic parameter estimation; Kalman filters; Monkeypox (mpox); SIRD Model; Stochastic processes
36220036,[Monkeypox and exudative pharyngitis in Argentina].,"Andrea Duarte, María Victoria Iannantuono, Marina Perez, Mariano Masciocchi, Silvio Payaslian, María Celia Cuesta",Medicina. 2022.,Duarte,Medicina,2022,2022/01/01,,,,"Since May 2022, monkeypox cases have been reported in non-endemic countries with different characteristics from the traditional description of the disease, predominantly in men who have sex with men, with possible sexual transmission and with no documentation of mortality to date. We report what would be the first patient diagnosed in Argentina with no travel nexus to countries with viral circulation. Young, bisexual man, on antiretroviral HIV pre-exposure prophylaxis, whose presentation was exudative pharyngitis with no other documented aetiology and lymphadenopathy that progressed to necrosis, presence of characteristic asynchronous lesions on the face, neck, abdomen, extremities, and genitals, in a total of no more than 25. Polymerase-chain-reaction assay of samples from skin lesions, fauces exudate and semen were positive for monkeypox. Pharyngeal involvement with the presence of exudate after ruling out other infections could be a rarity for the epidemic form of the disease. The finding of the virus in semen, already reported in other publications, is still not enough to confirm the sexual route as a form of transmission. In conclusion: Our case warns about other possible forms of presentation of epidemic monkeypox and the need to increase the level of suspicion for its early detection as a strategy to prevent dissemination and protect vulnerable groups. Even more information is required to determine the sexual transmission of this disease.",epidemic; exudative pharyngitis; lymphadenopathy; monkeypox; outbreak
38840177,The impact of immunosuppression on the mortality and hospitalization of Monkeypox: a systematic review and meta-analysis of the 2022 outbreak.,"Ahmed Azzam, Heba Khaled, Haitham Salem, Ameer Ahmed, Amira M Heniedy, Hassan Samy Hassan, Ahmed Hassan, Taghrid S El-Mahdy",Virology journal. 2024. doi: 10.1186/s12985-024-02392-0..,Azzam,Virology journal,2024,2024/06/05,,,10.1186/s12985-024-02392-0,"BACKGROUND: Limited data is available regarding the severity and mortality of Mpox in individuals with immunocompromised conditions. Therefore, we performed this meta-analysis to understand the impact of HIV- or non-HIV-associated immunosuppression on the severity of Mpox requiring hospitalization and mortality. METHODS: A thorough literature search was performed from 2022 up to January 2024. The results were presented as odds ratios (ORs). We only included patients who required hospitalization for severity rather than isolation. RESULTS: A total of 34 studies were included in this analysis. Our analysis did not find a significant difference in the hospitalization risk between HIV-positive individuals and those who were HIV-negative (OR = 1.03; P = 0.85; 7 studies; CD4 count of fewer than 200 cells/µL was less than 0.5% across all studies). Patients with a CD4 count lower than 200 cells/µL or an unsuppressed RNA viral load (> 200 copies/ml) had a significantly higher hospitalization risk (OR = 5.3, P < 0.001) and (OR = 3, P < 0.001), respectively. Most of the reported deaths were reported in patients with HIV with CD4 counts below 200 cells/µL, with some fatal cases occurring in non-HIV immunosuppressed patients, particularly organ transplant recipients. Based on the autopsy findings, Mpox was confirmed in multiple organs, particularly the digestive tract, lung, and testes. Furthermore, some studies documented cases of death that were suspected to be related to hemophagocytic lymphohistiocytosis (HLH) and immune reconstitution inflammatory syndrome (IRIS). Most of the death reports showed concomitant non-Mpox infections at the time of hospitalization and death CONCLUSIONS: Our finding shows that Mpox acts as an opportunistic pathogen in immunocompromised individuals. These individuals should be prioritized for early care and closely monitored for signs of deteriorating clinical conditions. Clinical manifestations and autopsy findings strongly suggest Mpox dissemination to multiple organs, particularly the digestive tract, and lungs. However, the presence of concomitant non-Mpox infections complicates the assessment of the attribution of Mpox to death. Caution should be exercised when interpreting data suggesting poorer outcomes in individuals with non-HIV immunosuppression, as current evidence is scarce and further research is needed.",HIV; Hospitalization; Immune reconstitution inflammatory syndrome; Meta-analysis; Monkeypox; Mortality; Mpox
3036967,Human monkeypox: clinical features of 282 patients.,"Z Jezek, M Szczeniowski, K M Paluku, M Mutombo",The Journal of infectious diseases. 1987. doi: 10.1093/infdis/156.2.293..,Jezek,The Journal of infectious diseases,1987,1987/08/01,,,10.1093/infdis/156.2.293,"We present the clinical features and course of 282 patients with human monkeypox in Zaire during 1980-1985. The ages of the patients ranged from one month to 69 years; 90% were less than 15 years of age. The clinical picture was similar to that of the ordinary and modified forms of smallpox. Lymphadenopathy, occurring in the early stage of the illness, was the most important sign differentiating human monkeypox from smallpox and chickenpox. The symptoms, signs, and the course of the disease in patients who had been vaccinated against smallpox differed significantly from those in unvaccinated subjects. Pleomorphism and ""cropping"" similar to that in chickenpox occurred in 31% of vaccinated and 18% of unvaccinated patients. The prognosis depended largely on the presence of severe complications. No deaths occurred among vaccinated patients. In unvaccinated patients the crude case-fatality rate was 11% but was higher among the youngest children (15%).","[MeSH] Adolescent; [MeSH] Adult; [MeSH] Age Factors; [MeSH] Aged; [MeSH] Child; [MeSH] Child, Preschool; [MeSH] Female; [MeSH] Humans; [MeSH] Infant; [MeSH] Infant, Newborn; [MeSH] Lymph Nodes; [MeSH] Male; [MeSH] Middle Aged; [MeSH] Monkeypox virus; [MeSH] Poxviridae Infections; [MeSH] Prognosis; [MeSH] Vaccination"
38236842,Mpox: The alarm went off. Have we gone back to sleep?,"Piero Olliaro, Josephine Bourner, Yap Boum Ii, Emmanuel Nakouné, Elise Pesonel, Amanda Rojek, Yazdan Yazdanpanah, François-Xavier Lescure, Alexandra Calmy, Beatriz Grinsztejn, Peter Horby, Laura Merson, Jake Dunning",PLoS neglected tropical diseases. 2024. doi: 10.1371/journal.pntd.0011871..,Olliaro,PLoS neglected tropical diseases,2024,2024/01/18,,,10.1371/journal.pntd.0011871,,"[MeSH] Humans; [MeSH] Mpox, Monkeypox"
37211342,Clinical and epidemiological characteristics of mpox: A descriptive cases series in Colombia.,"Carlos A Álvarez-Moreno, Juan C Alzate-Ángel, Ilich H De La Hoz-Siegler, Adriana Bareño, Mónica Mantilla, Otto Sussman, Sandra Valderrama-Beltrán, Jose Y Rodriguez, Leonardo Arévalo, Javier Andrade-Sierra, Mónica Padilla, Ludovic Reveiz",Travel medicine and infectious disease. 2023. doi: 10.1016/j.tmaid.2023.102594..,Álvarez-Moreno,Travel medicine and infectious disease,2023,2023/05/19,,,10.1016/j.tmaid.2023.102594,"INTRODUCTION: Colombia is the fifth most affected country by the global monkeypox outbreak and the second in LAC after Brazil. We describe the clinical and epidemiological characteristics of 521 patients with mpox in the country. METHODS: We conducted an observational analysis of laboratory-confirmed Mpox cases between June 29 and November 16, 2022. RESULTS: Most cases were young men living with HIV. The clinical evolution was primarily benign, with two deaths reported. We found some differences between women and men regarding their BMI, presence of lymphadenopathies, localization of lesions, and the antecedent of HIV infection. CONCLUSION: Although it seems that the epidemic curve for this outbreak of Mpox is decreasing not only in Colombia but globally, it could remain endemic. Therefore, it is necessary to maintain very close surveillance.",Communicable diseases; Disease attributes; Disease outbreaks; Emerging; Monkeypox
37080993,Discovery and structural characterization of monkeypox virus methyltransferase VP39 inhibitors reveal similarities to SARS-CoV-2 nsp14 methyltransferase.,"Jan Silhan, Martin Klima, Tomas Otava, Petr Skvara, Dominika Chalupska, Karel Chalupsky, Jan Kozic, Radim Nencka, Evzen Boura",Nature communications. 2023. doi: 10.1038/s41467-023-38019-1..,Silhan,Nature communications,2023,2023/04/20,,,10.1038/s41467-023-38019-1,"Monkeypox is a disease with pandemic potential. It is caused by the monkeypox virus (MPXV), a double-stranded DNA virus from the Poxviridae family, that replicates in the cytoplasm and must encode for its own RNA processing machinery including the capping machinery. Here, we present crystal structures of its 2'-O-RNA methyltransferase (MTase) VP39 in complex with the pan-MTase inhibitor sinefungin and a series of inhibitors that were discovered based on it. A comparison of this 2'-O-RNA MTase with enzymes from unrelated single-stranded RNA viruses (SARS-CoV-2 and Zika) reveals a conserved sinefungin binding mode, implicating that a single inhibitor could be used against unrelated viral families. Indeed, several of our inhibitors such as TO507 also inhibit the coronaviral nsp14 MTase.","[MeSH] Humans; [MeSH] Methyltransferases; [MeSH] SARS-CoV-2; [MeSH] Monkeypox virus; [MeSH] COVID-19; [MeSH] Viral Nonstructural Proteins; [MeSH] RNA; [MeSH] Zika Virus; [MeSH] Zika Virus Infection; [MeSH] RNA, Viral"
40754731,Predictors of mpox infectious periods: findings from a fine and gray sub-distribution hazard model using Vietnamese national mpox data.,"Thi Ngoc Anh Hoang, Van Ngoc Hoang, Thi Thu Trang Dinh, Ngoc Long Vu, Ha Linh Quach",Epidemiology and infection. 2025. doi: 10.1017/S0950268825100356..,Hoang,Epidemiology and infection,2025,2025/08/04,,,10.1017/S0950268825100356,"Investigating risk factors for mpox's infectious period is vital for preventing this emerging disease, yet evidence remains scarce. This study aimed to identify risk factors associated with the duration of mpox infectiousness among mpox cases in Vietnam. The primary outcome was the duration of the mpox infectiousness, defined between symptom onset and the first negative test result for the mpox virus. Fine and Gray's regression models were employed to assess the associations between the infectious period and several risk factors while accounting for competing risks of death by mpox. Most mpox cases recovered within 30 days. Patients with HIV or treated at multiple facilities for mpox had lower incidence rates of cleared infection compared to those who were HIV-negative or treated at a single facility. In regression models, patients with mpox symptoms of rash or mucosal lesions (sub-distribution hazard ratios = 0.62, 95% confidence interval = 0.46-0.83), ulcers (0.57, 0.41-0.80), or fever (0.62, 0.46-0.83) had significantly prolonged infectious periods than those without such symptoms. Our findings provided insights for managing mpox cases, especially those vulnerable to prolonged infectious periods in settings with sporadic cases reported.",Mpox; Vietnam; competing risk; fine and gray model; infectious period
36089749,Rapid and reliable inactivation protocols for the diagnostics of emerging viruses: The example of SARS-CoV-2 and monkeypox virus.,"Grégory Quéromès, Emilie Frobert, Maude Bouscambert-Duchamp, Antoine Oblette, Martine Valette, Geneviève Billaud, Vanessa Escuret, Bruno Lina, Florence Morfin, Alexandre Gaymard",Journal of medical virology. 2022. doi: 10.1002/jmv.28126..,Quéromès,Journal of medical virology,2023,2022/09/21,,,10.1002/jmv.28126,"The emergence and sustained transmission of novel pathogens are exerting an increasing demand on the diagnostics sector worldwide, as seen with the ongoing severe acute respiratory coronavirus 2 (SARS-CoV-2) pandemic and the more recent public health concern of monkeypox virus (MPXV) since May 2022. Appropriate and reliable viral inactivation measures are needed to ensure the safety of personnel handling these infectious samples. In the present study, seven commercialized diagnosis buffers, heat (56°C and 60°C), and sodium dodecyl sulfate detergent (2.0%, 1.0%, and 0.5% final concentrations) were tested against infectious SARS-CoV-2 and MPXV culture isolates on Vero cell culture. Cytopathic effects were observed up to 7 days postinoculation and viral load evolution was measured by semiquantitative polymerase chain reaction. The World Health Organization recommends an infectious titer reduction of at least 4 log10 . As such, the data show efficacious SARS-CoV-2 inactivation by all investigated methods, with >6.0 log10 reduction. MPXV inactivation was also validated with all investigated methods with 6.9 log10 reductions, although some commercial buffers required a longer incubation period to yield complete inactivation. These results are valuable for facilities, notably those without biosafety level-3 capabilities, that need to implement rapid and reliable protocols common against both SARS-CoV-2 and MPXV.",SARS-CoV-2; emerging pathogen; inactivation; monkeypox virus; risk management
36592670,Development of a rapid image-based high-content imaging screening assay to evaluate therapeutic antibodies against the monkeypox virus.,"Krishna P Kota, Natasza E Ziółkowska, Jiayi Wei, Junzhong Peng, David Ordonez, Christy Raney, Jon Prigge, Jay W Hooper, Mayanka Awasthi, Scott J Goebel, Brian A Zabel, Farooq Nasar, Seth Lederman, Sina Bavari",Antiviral research. 2022. doi: 10.1016/j.antiviral.2022.105513..,Kota,Antiviral research,2023,2022/12/30,,,10.1016/j.antiviral.2022.105513,"Antibody-based therapy is emerging as a critical therapeutic countermeasure to treat acute viral infections by offering rapid protection against clinical disease. The advancements in structural biology made it feasible to rationalize monoclonal antibodies (mAbs) by identifying key and, possibly, neutralizing epitopes of viral proteins for therapeutic purposes. A critical component in assessing mAbs during pandemics requires the development of rapid but detailed methods to detect and quantitate the neutralization activity. In this study, we developed and optimized two high-content image (HCI)-based assays: one to detect viral proteins by staining and the second to quantify cytopathic viral effects by a label-free phenotypic assay. These assays were employed to screen for therapeutic antibodies against the monkeypox virus (MPXV) using surrogate poxviruses such as vaccinia virus (VACV). Plaque-based neutralization results confirmed the HCI data. The phenotypic assay found pox virus-induced syncytia formation in various cells, and we were able to quantitate and use this phenotype to screen mAbs. The HCI identified several potent VACV-neutralizing antibodies that showed in vitro efficacy against both clades of MPXV. In addition, a combination study of ST-246/tecovirimat/TPOXX a single neutralizing antibody Ab-40, showed synergistic activity against VACV in an in-vitro neutralization assay. This rapid high-content method utilizing state-of-the-art technologies enabled the evaluation of hundreds of mAbs quickly to identify several potent anti-MPXV neutralizing mAbs for further development.","[MeSH] Monkeypox virus; [MeSH] Antibodies, Viral; [MeSH] Antibodies, Neutralizing; [MeSH] Vaccinia virus; [MeSH] Viral Proteins; [MeSH] Antibodies, Monoclonal; [MeSH] Neutralization Tests"
37053126,"Epidemiologic and Clinical Features of Mpox-Associated Deaths - United States, May 10, 2022-March 7, 2023.","Aspen P Riser, Allison Hanley, Michael Cima, Linda Lewis, Kayla Saadeh, Jemma Alarcón, Lauren Finn, Moon Kim, Jeremy Adams, Douglas Holt, Amanda Feldpausch, Jessica Pavlick, Andrew English, Marguerite Smith, Tyler Rehman, Ronald Lubelchek, Stephanie Black, Matthew Collins, Layne Mounsey, David Blythe, Meredith Hodach Avalos, Ellen H Lee, Olivia Samson, Marcia Wong, B Denise Stokich, Ellen Salehi, Lynn Denny, Kirsten Waller, Pamela Talley, Julie Schuman, Michael Fischer, Stephen White, Kenneth Davis, Ashley Caeser Cuyler, Rabeeya Sabzwari, Robert N Anderson, Katrina Byrd, Jeremy A W Gold, Shannon Kindilien, James T Lee, Siobhán O'Connor, Jesse O'Shea, LaTweika A T Salmon-Trejo, Raquel Velazquez-Kronen, Carla Zelaya, William Bower, Sascha Ellington, Adi V Gundlapalli, Andrea M McCollum, Leah Zilversmit Pao, Agam K Rao, Karen K Wong, Sarah Anne J Guagliardo",MMWR. Morbidity and mortality weekly report. 2023. doi: 10.15585/mmwr.mm7215a5..,Riser,MMWR. Morbidity and mortality weekly report,2023,2023/04/14,,,10.15585/mmwr.mm7215a5,"As of March 7, 2023, a total of 30,235 confirmed and probable monkeypox (mpox) cases were reported in the United States,† predominantly among cisgender men§ who reported recent sexual contact with another man (1). Although most mpox cases during the current outbreak have been self-limited, cases of severe illness and death have been reported (2-4). During May 10, 2022-March 7, 2023, 38 deaths among persons with probable or confirmed mpox¶ (1.3 per 1,000 mpox cases) were reported to CDC and classified as mpox-associated (i.e., mpox was listed as a contributing or causal factor). Among the 38 mpox-associated deaths, 94.7% occurred in cisgender men (median age = 34 years); 86.8% occurred in non-Hispanic Black or African American (Black) persons. The median interval from symptom onset to death was 68 days (IQR = 50-86 days). Among 33 decedents with available information, 93.9% were immunocompromised because of HIV. Public health actions to prevent mpox deaths include integrated testing, diagnosis, and early treatment for mpox and HIV, and ensuring equitable access to both mpox and HIV prevention and treatment, such as antiretroviral therapy (ART) (5).","[MeSH] Adult; [MeSH] Humans; [MeSH] Male; [MeSH] Black or African American; [MeSH] Disease Outbreaks; [MeSH] Mpox, Monkeypox; [MeSH] Public Health; [MeSH] United States"
38112084,Mpox in people living with HIV.,"Irfaan Maan, Manik Kohli, Richard Gilson",Current opinion in infectious diseases. 2023. doi: 10.1097/QCO.0000000000000994..,Maan,Current opinion in infectious diseases,2024,2023/12/07,,,10.1097/QCO.0000000000000994,"PURPOSE OF REVIEW: The 2022 global outbreak of mpox disproportionally affected people with HIV (PWH). We review the data on the presentation, treatment, and prevention of mpox in PWH. RECENT FINDINGS: Most PWH with mpox had a mild and self-limiting illness, no different to people without HIV. A higher rate of rectal symptoms has been reported among PWH and those with advanced HIV disease were at higher risk of severe disease, hospitalization, and death. Treatment with antivirals was widely used in hospitalized patients without any randomized control trial data to support its use and without any data specifically in PWH. Use of smallpox vaccines to prevent mpox is safe in PWH regardless of CD4+ cell count. There is limited data on efficacy in those with lower CD4+ cell count and on long-term protective efficacy. SUMMARY: PWH should be offered vaccination against mpox in line with national guidelines. PWH should be individually risk-assessed for severe mpox, based on their CD4+ cell count and co-morbidities and ideally recruited into treatment trials to build an evidence base on efficacy. HIV and other sexually transmitted infection testing should be offered to all people diagnosed with mpox.","[MeSH] Humans; [MeSH] Mpox, Monkeypox; [MeSH] HIV Infections; [MeSH] Disease Outbreaks; [MeSH] Hospitalization; [MeSH] Vaccination"
37516243,"Clinical features, treatment, and outcomes of mpox in solid organ transplant recipients: A multicenter case series and literature review.","Eibhlin Higgins, Nischal Ranganath, Omar Mehkri, Aneela Majeed, Jeremey Walker, Stephanie Spivack, Eric Bhaimia, Esther Benamu, Jonathan Hand, Shobhit Keswani, Dallas Dunn, Elena Beam, Raymund R Razonable",American journal of transplantation : official journal of the American Society of Transplantation and the American Society of Transplant Surgeons. 2023. doi: 10.1016/j.ajt.2023.07.016..,Higgins,American journal of transplantation : official journal of the American Society of Transplantation and the American Society of Transplant Surgeons,2023,2023/07/27,,,10.1016/j.ajt.2023.07.016,"In 2022, the largest global outbreak of mpox to date emerged. In the immunocompetent host, mpox generally presents as a self-limiting illness. However, immunosuppression, such as that seen with advanced HIV, has been associated with significant morbidity and mortality related to mpox infection. To evaluate the impact of immunosuppression related to solid organ transplantation on clinical features and outcomes of mpox we established a multicenter case registry. Eleven cases from 7 participating centers in the USA were submitted. All cases occurred in males. The majority were kidney transplant recipients (91%, n = 10). Median duration of symptoms at presentation was 6 days (range, 3-14 days). Rates of hospitalization were high (73%, n = 8) with a median length of stay of 4.5 days (range, 1-10 days). Mpox in solid organ transplant recipients was associated with a high burden of skin lesions and systemic symptoms. Fever, fatigue, pharyngitis, and proctitis were commonly reported. Other clinical features included headache, myalgia, epididymo-orchitis, urinary retention, hematemesis, pneumonitis, and circulatory shock. All patients received treatment with tecovirimat. There was 1 mpox-related death in the cohort. Infection was reported to have resolved at 30-day follow-up in all other cases.",mpox; solid organ transplant recipients; transplant ID; viral infection
41147571,[Detection of highly pathogenic orthopoxviruses (Poxviridae: Chordopoxvirinae: Orthopoxvirus) by dot immunoassay in a high-containment biological safety laboratory].,"A V Ersh, A G Poltavchenko, N D Ushkalenko, P V Filatov, K A Titova, D A Odnoshevsky, A A Sergeev, A A Sergeev",Voprosy virusologii. 2025. doi: 10.36233/0507-4088-332..,Ersh,Voprosy virusologii,2025,2025/09/16,,,10.36233/0507-4088-332,"INTRODUCTION: Highly pathogenic for humans orthopoxviruses (OPV) - Variola virus (VARV) and Monkeypox virus (MPXV) can cause systemic diseases characterized by high contagiousness and often leading to death. In previous publications (https://doi.org/10.3390/v14112580), we reported on the development of a sensitive, rapid and easy-to-use immunochemical test potentially suitable for use in the infection foci and in laboratory conditions with a high level of biosecurity. The prototype of the diagnostic kit was tested on non-pathogenic and low-pathogenic for humans OPV and specifically detected them with a sensitivity within the range of 103 to 104 PFU/mL. The aim of this work was to evaluate the sensitivity of this assay in detecting highly pathogenic for humans MPXV and VARV, as well as the applicability of the assay in a laboratory with a high level of biosafety (BSL-4). MATERIALS AND METHODS: The efficiency of virus detection in cryolysates of CV-1 cell culture samples infected with VARV and MPXV was assessed using a one-step dot immunoassay method in a laboratory with biosafety level BSL-4. RESULTS: It was shown that the one-step dot assay allows detection of MPXV at a concentration of 2.5 × 103 PFU/mL, and VARV at a concentration of 1.0 × 104 PFU/mL. It was noted that vapors from disinfectants (hydrogen peroxide/formaldehyde) applied in biosafety cabinet decontamination may interfere with assay performance and affect result interpretation. CONCLUSION: The one-step dot immunoassay can be performed in a BSL-4 laboratory. When limiting the contact of the detecting system with formaldehyde vapors, the sensitivity of the test for detection of VARV and MPXV falls within the previously declared range of 103-104 PFU/mL.",detection; dot immunoassay; monkeypox virus; smallpox virus
37723464,"Comparison of the risk of hospital admission, need for ventilation, sepsis, pneumonitis and death among the recent monkeypox outbreak and historical outbreaks.","Florian Gaertner, Saskia Preissner, William Arthur Petri, Olubunmi Atolani, Max Heiland, Susanne Nahles, Robert Preissner, Moritz Hertel",BMC infectious diseases. 2023. doi: 10.1186/s12879-023-08599-w..,Gaertner,BMC infectious diseases,2023,2023/09/18,,,10.1186/s12879-023-08599-w,"BACKGROUND: The course of monkeypox can be severe. Our aim was to retrospectively compare the risk of hospital admission, the need for ventilation, sepsis, pneumonitis and death between the recent outbreak and historical outbreaks. MATERIALS AND METHODS: Cases of monkeypox were retrieved from the TriNetX database and assigned to either cohort I (recent outbreak between May 1st and September 16th, 2022) and cohort II (historical outbreaks before May 1st, 2022). After matching for age distribution, statistical analysis was performed. RESULTS: Of 640 patients with monkeypox 81 subjects per cohort remained after matching (mean age±standard deviation = 36.1±18.3 years). Within 56 days after diagnosis 10 patients per cohort were hospitalized (12.4%) and/or developed sepsis (12.4%). The risk of ventilation and pneumonitis were significantly lower among cohort I compared with cohort II (0 vs. 10 cases; risk difference = 12.4%; p = 0.001; Log-Rank test). No cases of death were recorded. CONCLUSION: Even though monkeypox provides a risk of severe courses, the infection is self-limiting in most cases. Unlike past outbreaks, the risk of ventilation and pneumonitis may be relatively low among recent outbreaks.",Death; Hospital admission; MPV; MXPV; Monkeypox; Need for ventilation; Pneumonitis; Zoonosis; sepsis
37632124,Implementation and early outcomes of a telehealth visit model to deliver tecovirimat for mpox infection in New York City.,"Justin Chan, David J DiTullio, Patricia Pagan Pirallo, Mary Foote, Dorothy Knutsen, Angelica Cifuentes Kottkamp, Tristan D McPherson, Vikramjit Mukherjee, Robert Pitts, Andrew Wallach, Marcia Wong, Dana Mazo, Ofole Mgbako",Journal of telemedicine and telecare. 2023. doi: 10.1177/1357633X231194796..,Chan,Journal of telemedicine and telecare,2025,2023/08/25,,,10.1177/1357633X231194796,"The 2022 mpox outbreak in New York City posed challenges to rapidly scaling up treatment capacity. We describe a telehealth treatment model launched during this outbreak that facilitated healthcare provider treatment capacity, and was able to adhere to a Centers for Disease Control and Prevention (CDC)-sponsored expanded access investigational new drug (EA-IND) protocol for tecovirimat. Sixty-nine patients were evaluated and prescribed tecovirimat for mpox through telehealth visits at NYC Health + Hospitals/Bellevue and NYU Langone Health from June to August 2022. Thirty-two (46.4%) were previously diagnosed with HIV. Forty-four (63.8%) reported full recovery, with the remainder lost to follow-up. Most patients (n = 60, 87.0%) attended at least one follow-up visit (either in person or through telehealth) after starting treatment. We observed favorable treatment outcomes, with no serious adverse events, hospitalizations, or deaths related to mpox. While equitable access to telehealth remains a limitation that needs to be addressed, this telehealth model enabled a rapid scale-up of tecovirimat prescription during the mpox outbreak, and should be considered as an important tool used to respond to future infectious disease outbreaks.",Mpox; digital health equity; tecovirimat; telehealth
36198116,Combating Stigma in the Era of Monkeypox-Is History Repeating Itself?,"Alanna Bergman, Kara McGee, Jason Farley, Jeffrey Kwong, Katherine McNabb, Joachim Voss",The Journal of the Association of Nurses in AIDS Care : JANAC. 2022. doi: 10.1097/JNC.0000000000000367..,Bergman,The Journal of the Association of Nurses in AIDS Care : JANAC,2022,2022/10/05,,,10.1097/JNC.0000000000000367,"Men who have sex with men (MSM) and people with HIV (PWH) perceive, internalize, and experience significant stigma from family members, health care providers, and community members because of their sexual behaviors. The current monkeypox (MPX) outbreak is affecting both communities. The pandemic has spread to 89 countries with more than 31,000 confirmed cases, and global agencies are concerned about how the disease is portrayed in the media. This article will introduce MPX and its associated stigmas, providing a brief theoretical perspective on adaptive behaviors and nursing interventions to mitigate stigma. This is followed by a case-based description of the current experiences of an MSM with MPX. We will discuss stigma prevention strategies from an adaptation and mitigation perspective. We conclude with how nurses can contribute to stigma prevention for individuals with MPX.","[MeSH] Male; [MeSH] Humans; [MeSH] Homosexuality, Male; [MeSH] Sexual and Gender Minorities; [MeSH] Mpox, Monkeypox; [MeSH] HIV Infections; [MeSH] Social Stigma"
38054533,Exploring the dynamics of the 2022 mpox outbreak in Canada.,"Rachael M Milwid, Michael Li, Aamir Fazil, Mathieu Maheu-Giroux, Carla M Doyle, Yiqing Xia, Joseph Cox, Daniel Grace, Milada Dvorakova, Steven C Walker, Sharmistha Mishra, Nicholas H Ogden",Journal of medical virology. 2023. doi: 10.1002/jmv.29256..,Milwid,Journal of medical virology,2023,2023/12/01,,,10.1002/jmv.29256,"The 2022 mpox outbreak predominantly impacted gay, bisexual, and other men who have sex with men (gbMSM). Two models were developed to support situational awareness and management decisions in Canada. A compartmental model characterized epidemic drivers at national/provincial levels, while an agent-based model (ABM) assessed municipal-level impacts of vaccination. The models were parameterized and calibrated using empirical case and vaccination data between 2022 and 2023. The compartmental model explored: (1) the epidemic trajectory through community transmission, (2) the potential for transmission among non-gbMSM, and (3) impacts of vaccination and the proportion of gbMSM contributing to disease transmission. The ABM incorporated sexual-contact data and modeled: (1) effects of vaccine uptake on disease dynamics, and (2) impacts of case importation on outbreak resurgence. The calibrated, compartmental model followed the trajectory of the epidemic, which peaked in July 2022, and died out in December 2022. Most cases occurred among gbMSM, and epidemic trajectories were not consistent with sustained transmission among non-gbMSM. The ABM suggested that unprioritized vaccination strategies could increase the outbreak size by 47%, and that consistent importation (≥5 cases per 10 000) is necessary for outbreak resurgence. These models can inform time-sensitive situational awareness and policy decisions for similar future outbreaks.",Canada; agent-based model; compartmental model; mathematical model; mpox; pandemic
11384521,"Outbreak of human monkeypox, Democratic Republic of Congo, 1996 to 1997.","Y J Hutin, R J Williams, P Malfait, R Pebody, V N Loparev, S L Ropp, M Rodriguez, J C Knight, F K Tshioko, A S Khan, M V Szczeniowski, J J Esposito",Emerging infectious diseases. 2001. doi: 10.3201/eid0703.010311..,Hutin,Emerging infectious diseases,2001,2001/01/01,,,10.3201/eid0703.010311,"Human monkeypox is a zoonotic smallpox-like disease caused by an orthopoxvirus of interhuman transmissibility too low to sustain spread in susceptible populations. In February 1997, 88 cases of febrile pustular rash were identified for the previous 12 months in 12 villages of the Katako-Kombe Health Zone, Democratic Republic of Congo (attack rate = 22 per 1,000; case-fatality rate = 3.7%). Seven were active cases confirmed by virus isolation. Orthopoxvirus- neutralizing antibodies were detected in 54% of 72 patients who provided serum and 25% of 59 wild-caught animals, mainly squirrels. Hemagglutination-inhibition assays and Western blotting detected antibodies in 68% and 73% of patients, respectively. Vaccinia vaccination, which protects against monkeypox, ceased by 1983 after global smallpox eradication, leading to an increase in the proportion of susceptible people.","[MeSH] Adolescent; [MeSH] Adult; [MeSH] Animals; [MeSH] Child; [MeSH] Child, Preschool; [MeSH] Democratic Republic of the Congo; [MeSH] Disease Outbreaks; [MeSH] Female; [MeSH] Hemagglutination Inhibition Tests; [MeSH] Humans; [MeSH] Infant; [MeSH] Male; [MeSH] Middle Aged; [MeSH] Monkeypox virus; [MeSH] Poxviridae Infections; [MeSH] Time Factors"
36916727,Therapeutics for treating mpox in humans.,"Tilly Fox, Susan Gould, Naveena Princy, Tim Rowland, Vittoria Lutje, Rebecca Kuehn",The Cochrane database of systematic reviews. 2023. doi: 10.1002/14651858.CD015769..,Fox,The Cochrane database of systematic reviews,2023,2023/03/14,,,10.1002/14651858.CD015769,"BACKGROUND: Mpox was declared a Public Health Emergency of International Concern (PHEIC) by the World Health Organization (WHO) on 23 July 2022, following the identification of thousands of cases in several non-endemic countries in previous months. There are currently no licenced therapeutics for treating mpox; however, some medications may be authorized for use in an outbreak. The efficacy and safety of possible therapeutic options has not been studied in humans with mpox. There is a need to investigate the evidence on safety and effectiveness of treatments for mpox in humans; should any therapeutic option be efficacious and safe, it may be approved for use around the world. OBJECTIVES: There are two parts to this Cochrane Review: a review of evidence from randomized controlled trials (RCTs), and a narrative review of safety data from non-randomized studies. Randomized controlled trials review To systematically review the existing evidence on the effectiveness of therapeutics for mpox infection in humans compared to: a) another different therapeutic for mpox, or b) placebo, or c) supportive care, defined as the treatment of physical and psychological symptoms arising from the disease. Non-randomized studies review To assess the safety of therapeutics for mpox infection from non-randomized studies (NRS). SEARCH METHODS: Randomized controlled trials review We searched the following databases up to 25 January 2023: MEDLINE (OVID), Embase (OVID), Biosis previews (Web of Science), CAB Abstracts (Web of science), and Cochrane CENTRAL (Issue 1 2023). We conducted a search of trial registries (Clinicaltrials.gov and International Clinical Trials Registry Platform (ICTRP)) on 25 January 2023. There were no date or language limits placed on the search. We undertook a call to experts in the field for relevant studies or ongoing trials to be considered for inclusion in the review. Non-randomized studies review We searched the following databases on 22 September 2022: Cochrane Central Register of Controlled Trials (CENTRAL; Issue 9 of 12, 2022), published in the Cochrane Library; MEDLINE (Ovid); Embase (Ovid); and Scopus (Elsevier). We also searched the WHO International Clinical Trials Registry Platform and ClinicalTrials.gov for trials in progress. SELECTION CRITERIA: For the RCT review and the narrative review, any therapeutic for the treatment of mpox in humans was eligible for inclusion, including tecovirimat, brincidofovir, cidofovir, NIOCH-14, immunomodulators, and vaccine immune globulin. Randomized controlled trials review Studies were eligible for the main review if they were of randomized controlled design and investigated the effectiveness or safety of therapeutics in human mpox infection. Non-randomized studies review Studies were eligible for inclusion in the review of non-randomized studies if they were of non-randomized design and contained data concerning the safety of any therapeutic in human mpox infection. DATA COLLECTION AND ANALYSIS: Randomized controlled trials review Two review authors independently applied study inclusion criteria to identify eligible studies. If we had identified any eligible studies, we planned to assess the risk of bias, and report results with 95% confidence intervals (CI). The critical outcomes were serious adverse events, development of disease-related complications, admission to hospital for non-hospitalized participants, pain as judged by any visual or numerical pain scale, level of virus detected in clinical samples, time to healing of all skin lesions, and mortality. We planned to perform subgroup analysis to explore whether the effect of the therapeutic on the planned outcomes was modified by disease severity and days from symptom onset to therapeutic administration. We also intended to explore the following subgroups of absolute effects: immunosuppression, age, and pre-existing skin disease. Non-randomized studies review One review author applied study inclusion criteria to identify eligible studies and extracted data. Studies of a non-randomized design containing data on the safety of therapeutics could not be meta-analyzed due to the absence of a comparator; we summarized these data narratively in an appendix. MAIN RESULTS: Randomized controlled trials review We did not identify any completed RCTs investigating the effectiveness of therapeutics for treating mpox for the main review. We identified five ongoing trials that plan to assess the effectiveness of one therapeutic option, tecovirimat, for treating mpox in adults and children. One of these ongoing trials intends to include populations with, or at greater risk of, severe disease, which will allow an assessment of safety in more vulnerable populations. Non-randomized studies review Three non-randomized studies met the inclusion criteria for the narrative review, concerning data on the safety of therapeutics in mpox. Very low-certainty evidence from non-randomized studies of small numbers of people indicates no serious safety signals emerging for the use of tecovirimat in people with mpox infection, but a possible safety signal for brincidofovir. All three participants who received brincidofovir had raised alanine aminotransferase (ALT), but not bilirubin, suggesting mild liver injury. No study reported severe drug-induced liver injury with brincidofovir. AUTHORS' CONCLUSIONS: Randomized controlled trials review This review found no evidence from randomized controlled trials concerning the efficacy and safety of therapeutics in humans with mpox. Non-randomized studies review Very low-certainty evidence from non-randomized studies indicates no serious safety signals emerging for the use of tecovirimat in people with mpox infection. In contrast, very low-certainty evidence raises a safety signal that brincidofovir may cause liver injury. This is also suggested by indirect evidence from brincidofovir use in smallpox. This warrants further investigation and monitoring. This Cochrane Review will be updated as new evidence becomes available to assist policymakers, health professionals, and consumers in making appropriate decisions for the treatment of mpox.","[MeSH] Adult; [MeSH] Child; [MeSH] Humans; [MeSH] Mpox, Monkeypox; [MeSH] Organophosphonates; [MeSH] Immunoglobulins; [MeSH] Cytosine"
37678309,Mpox in people with past infection or a complete vaccination course: a global case series.,"Aniruddha Hazra, Jason Zucker, Elizabeth Bell, John Flores, Leanna Gordon, Oriol Mitjà, Clara Suñer, Adrien Lemaignen, Simon Jamard, Silvia Nozza, Achyuta V Nori, Edgar Pérez-Barragán, Juan Carlos Rodríguez-Aldama, Jose Louis Blanco, Constance Delaugerre, Dan Turner, Irene Fuertes, Viviana Leiro, Sharon L Walmsley, Chloe M Orkin",The Lancet. Infectious diseases. 2023. doi: 10.1016/S1473-3099(23)00492-9..,Hazra,The Lancet. Infectious diseases,2024,2023/09/04,,,10.1016/S1473-3099(23)00492-9,"BACKGROUND: Since May, 2022, a large global outbreak of human mpox (formerly known as monkeypox) has predominantly affected men who have sex with men. The strain responsible, Clade IIb, has mutated substantially from precursors originating from the 2017-18 outbreak in Nigeria. Immunity to smallpox, another orthopoxvirus, via previous infection or vaccination provides lifelong immunity. However, since the 2022 mpox outbreak, recent clusters were described in individuals with presumed immunity through recent infection or vaccination. We aim to describe the epidemiological and clinical characteristics of mpox in individuals with past infection or vaccination to improve the understanding of this disease in the setting of previous immunity. METHODS: In this global case series, international collaborators from nine countries provided data on individuals with PCR-confirmed mpox after documented previous infection or vaccination between May 11, 2022, and June 30, 2023. We excluded cases that could not confirm vaccination status or cases with partial immunisation or any doses received before the current multi-national mpox outbreak (cutoff date May 1, 2022). Data were collected via a case report spreadsheet that reported on dates of infection and vaccination, route of immunisation, demographic characteristics, clinical findings, HIV status, concomitant sexually transmitted infections, and markers of disease severity (mpox severity score system). We describe case epidemiology, clinical course, and mpox severity scores; all analyses were descriptive. FINDINGS: We report mpox infections in 37 gay and bisexual men who have sex with men: seven individuals had mpox reinfections, 29 individuals had mpox infections that occurred after two appropriately spaced Modified Vaccinia Ankara-Bavarian Nordic vaccine courses, and one individual had an infection that met the criteria for both reinfection and infection after vaccination. The median age of individuals was 36 years (IQR 30-45; range 21-58). Those with natural immunity after initial infection had a shorter disease course with less mucosal disease upon reinfection than with their initial infection. Infections post-vaccination were characterised by few lesions, little mucosal disease, and minimal analgesia requirements; two people received oral tecovirimat. Overall, there were no deaths, no bacterial superinfections, and all individuals were managed in the ambulatory clinic with one hospital admission for a necrotising neck lesion. INTERPRETATION: The epidemiology of people with mpox reinfection or infection post-vaccination was similar to other published cohorts during the 2022 outbreak-predominantly young, sexually active gay and bisexual men who have sex with men. Clinical features and outcomes of repeat infection and infection after vaccination appear to be less clinically severe than those described in 2022 case literature. Specifically, compared with the 2022 case series, these individuals in the present study had fewer confluent lesions, less mucosal involvement, reduced analgesia requirement, and fewer admissions. Natural immunity and vaccine-induced immunity are not fully protective against mpox infection. However, in this small series both disease duration and severity appear to be reduced. FUNDING: None.","[MeSH] Male; [MeSH] Humans; [MeSH] Adult; [MeSH] Middle Aged; [MeSH] Homosexuality, Male; [MeSH] Mpox, Monkeypox; [MeSH] Reinfection; [MeSH] Sexual and Gender Minorities; [MeSH] Vaccination; [MeSH] Vaccines"
35613732,Waking up to monkeypox.,"Emmanuel Nakoune, Piero Olliaro",BMJ (Clinical research ed.). 2022. doi: 10.1136/bmj.o1321..,Nakoune,BMJ (Clinical research ed.),2022,2022/05/25,,,10.1136/bmj.o1321,,"[MeSH] Disease Outbreaks; [MeSH] Humans; [MeSH] Mpox, Monkeypox"
37144922,Crucial choices in a global health crisis: Revealing the demand and willingness to pay for a hypothetical monkeypox vaccine - the PREVENT study.,"Bach Xuan Tran, Linh Anh Do, Thao Phuong Hoang, Laurent Boyer, Pascal Auquier, Guillaume Fond, Huong Thi Le, Minh Ngoc Le Vu, Trang Huyen Thi Dang, Anh Hai Tran Nguyen, Carl A Latkin, Roger Cm Ho, Cyrus Sh Ho, Melvyn Wb Zhang",Journal of global health. 2023. doi: 10.7189/jogh.13.04033..,Tran,Journal of global health,2023,2023/05/05,,,10.7189/jogh.13.04033,"BACKGROUND: The latent monkeypox outbreak has become the most emergent public health challenge globally. This study was conducted to assess the acceptability, and willingness to take and pay for a hypothetical Monkeypox vaccine among the Vietnamese general public as well as investigate preference for individual vaccine attributes. METHODS: An online cross-sectional study was conducted using snowball sampling among 842 respondents in Vietnam in 2022. A Discrete choice experiment (DCE) on preference for six major attributes of vaccine: effectiveness, immunity duration, side effects, mortality rate, restriction, and the cost was applied. RESULTS: Fear of the impact of monkeypox on public health and the economy, vaccine service satisfaction and responsibility to the community were the most weighted factors in the decision to take a hypothetical monkeypox vaccine. Two-thirds of participants were willing to take the vaccine, while insufficient information on monkeypox and the vaccine were the main reasons for vaccine hesitancy. For vaccine attributes, the mortality rate after seven days of vaccination was the most weighted while cost was the least influential attribute. Factors associated with willingness to take and to pay for the monkeypox vaccine included knowledge of transmission, geographical location, service satisfaction, and risk of infection, while financial burden and fear of vaccine were major drivers of hesitancy. CONCLUSION: Our findings underline an urgent need for effective information dissemination through social media and counseling. The implementation of nationwide monkeypox vaccination requires prioritization and support for high-risk groups as well as consideration for the country's financial resources.","[MeSH] Humans; [MeSH] Smallpox Vaccine; [MeSH] Cross-Sectional Studies; [MeSH] Global Health; [MeSH] Mpox, Monkeypox; [MeSH] Vaccines"
39044633,Quantifying the basic reproduction number and underestimated fraction of Mpox cases worldwide at the onset of the outbreak.,"Nicola Luigi Bragazzi, Sarafa Adewale Iyaniwura, Qing Han, Woldegebriel Assefa Woldegerima, Jude Dzevela Kong","Journal of the Royal Society, Interface. 2024. doi: 10.1098/rsif.2023.0637..",Bragazzi,"Journal of the Royal Society, Interface",2024,2024/07/24,,,10.1098/rsif.2023.0637,"In 2022, there was a global resurgence of mpox, with different clinical-epidemiological features compared with previous outbreaks. Sexual contact was hypothesized as the primary transmission route, and the community of men having sex with men (MSM) was disproportionately affected. Because of the stigma associated with sexually transmitted infections, the real burden of mpox could be masked. We quantified the basic reproduction number (R 0) and the underestimated fraction of mpox cases in 16 countries, from the onset of the outbreak until early September 2022, using Bayesian inference and a compartmentalized, risk-structured (high-/low-risk populations) and two-route (sexual/non-sexual transmission) mathematical model. Machine learning (ML) was harnessed to identify underestimation determinants. Estimated R 0 ranged between 1.37 (Canada) and 3.68 (Germany). The underestimation rates for the high- and low-risk populations varied between 25-93% and 65-85%, respectively. The estimated total number of mpox cases, relative to the reported cases, is highest in Colombia (3.60) and lowest in Canada (1.08). In the ML analysis, two clusters of countries could be identified, differing in terms of attitudes towards the 2SLGBTQIAP+ community and the importance of religion. Given the substantial mpox underestimation, surveillance should be enhanced, and country-specific campaigns against the stigmatization of MSM should be organized, leveraging community-based interventions.",Mpox; basic reproduction number; mathematical modelling; men having sex with men; sexually transmitted infections; underestimation
37056203,Clinical manifestations of human Mpox infection: A systematic review and meta-analysis.,"Hyunju Yon, Hyoin Shin, Jae Il Shin, Jung U Shin, Youn Ho Shin, Jinseok Lee, Sang Youl Rhee, Ai Koyanagi, Louis Jacob, Lee Smith, Seung Won Lee, Masoud Rahmati, Suhana Ahmad, Wonyoung Cho, Dong Keon Yon",Reviews in medical virology. 2023. doi: 10.1002/rmv.2446..,Yon,Reviews in medical virology,2023,2023/04/13,,,10.1002/rmv.2446,"Little is known about the ongoing monkeypox (mpox) outbreak, and the clinical features of mpox in patients worldwide have not been rigorously analysed. Thus, we aimed to investigate the clinical features associated with mpox infection and understand the pathophysiology and characteristics of the disease. For this systematic review and meta-analysis, we searched PubMed/MEDLINE, Embase, CINAHL, Google Scholar, and the Cochrane Database of Systematic Reviews for articles published till 16 September 2022. We used a random effects model to calculate the pooled prevalence and 95% confidence interval (CI). We used the I2 statistic to assess heterogeneity, Egger's test to assess publication bias, 95% prediction interval to determine the level of uncertainty, and the Newcastle-Ottawa Scale and Joanna Briggs Institute quality assessment tool to assess the risk of bias. Twenty-six relevant articles from 19 countries across 5 continents were included, and data on 5472 mpox patients with 18 unique features were analysed. The pooled prevalence of clinical features of mpox were rash (85.7%, 95% CI: 68.3-94.3; k = 21), chills (77.8%, 95% CI: 70.5-83.7; k = 3), and fever (62.3%, 95% CI: 51.3-71.6; k = 25), lymphadenopathy (58.6%, 95% CI: 47.2-69.2; k = 21), lethargy or exhaustion (46.8%, 95% CI: 30.7-63.5; k = 14), pruritus (40.6%, 95% CI: 28.5-54.0; k = 5), myalgia (36.0%, 95% CI: 24.3-49.7; k = 16), headache (34.6%, 95% CI: 23.4-47.8; k = 17), skin ulcer (31.1%, 95% CI: 18.6-47.1; k = 7), abdomen symptom (24.2%, 95% CI: 17.9-31.9; k = 11), pharyngitis (23.0%, 95% CI: 12.7-37.9; k = 14), respiratory symptom (19.5%, 95% CI: 6.8-44.6; k = 6), nausea or vomiting (13.0%, 95% CI: 4.6-31.9; k = 3), scrotal or penile oedema (10.7%, 95% CI: 6.3-17.7; k = 4), conjunctivitis (7.1%, 95% CI: 2.4-18.9; k = 6), and death (0.9%, 95% CI: 0.4-2.0; k = 26). This is the first international and comprehensive study to examine all clinical presentations of human mpox infection. Our systematic review proposes a comprehensive understanding of the current mpox outbreak and may serve as key data for future studies on the pathological mechanisms and epidemiology of mpox infections.",clinical feature; monkeypox; prevalence; symptom
37805977,Development of a novel serological assay for the detection of mpox infection in vaccinated populations.,"Jennifer L Yates, Danielle T Hunt, Karen E Kulas, Karen J Chave, Linda Styer, Sandhya T Chakravarthi, Gianna Y Cai, Maria C Bermúdez-González, Giulio Kleiner, Deena Altman, Komal Srivastava, Viviana Simon, Dennis Feihel, Joseph McGowan, Wayne Hogrefe, Philip Noone, Christina Egan, Mark K Slifka, William T Lee",Journal of medical virology. 2023. doi: 10.1002/jmv.29134..,Yates,Journal of medical virology,2023,2023/10/01,,,10.1002/jmv.29134,"In 2022 the World Health Organization declared a Public Health Emergency for an outbreak of mpox, the zoonotic Orthopoxvirus (OPV) affecting at least 104 nonendemic locations worldwide. Serologic detection of mpox infection is problematic, however, due to considerable antigenic and serologic cross-reactivity among OPVs and smallpox-vaccinated individuals. In this report, we developed a high-throughput multiplex microsphere immunoassay using a combination of mpox-specific peptides and cross-reactive OPV proteins that results in the specific serologic detection of mpox infection with 93% sensitivity and 98% specificity. The New York State Non-Vaccinia Orthopoxvirus Microsphere Immunoassay is an important tool to detect subclinical mpox infection and understand the extent of mpox spread in the community through retrospective analysis.",antibody; immunoassay; mpox; orthopoxvirus; serology
35970550,Making sense of monkeypox death rates.,Lauren Vogel,CMAJ : Canadian Medical Association journal = journal de l'Association medicale canadienne. 2022. doi: 10.1503/cmaj.1096012..,Vogel,CMAJ : Canadian Medical Association journal = journal de l'Association medicale canadienne,2022,2022/08/15,,,10.1503/cmaj.1096012,,"[MeSH] Disease Outbreaks; [MeSH] Humans; [MeSH] Mpox, Monkeypox"
36130588,"Monkeypox: Virology, Pathophysiology, Clinical Characteristics, Epidemiology, Vaccines, Diagnosis, and Treatments.","Marzieh Soheili, Sherko Nasseri, Maryam Afraie, Sorour Khateri, Yousef Moradi, Seyede Maryam Mahdavi Mortazavi, Hamed Gilzad-Kohan","Journal of pharmacy & pharmaceutical sciences : a publication of the Canadian Society for Pharmaceutical Sciences, Societe canadienne des sciences pharmaceutiques. 2022. doi: 10.18433/jpps33138..",Soheili,"Journal of pharmacy & pharmaceutical sciences : a publication of the Canadian Society for Pharmaceutical Sciences, Societe canadienne des sciences pharmaceutiques",2022,2022/01/01,,,10.18433/jpps33138,"The World Health Organization, has declared the recent multiregional outbreak of monkeypox, a global public health emergency. Monkeypox is a zoonotic viral infection endemic to the west and central Africa. It belongs to the Poxviridae family, the Chordopoxvirinae subfamily, and the Orthopoxvirus genus. The Poxviridae family generally consists of complex, large, enveloped, and linear double-stranded DNA viruses. The initial clinical symptoms of monkeypox are often fever, severe headache, lymphadenopathy, myalgia, and fatigue. The skin lesions typically erupt within 1-3 days of the onset of fever. The rash tends to be more localized on the face and extremities than on the trunk. Monkeypox is often a self-limiting infection, and symptoms last from 2 to 4 weeks. It is isolated from various species, but the exact natural host is uncertain. Monkeypox is transmitted by close contact with infected humans or animals. Currently, no specific medication is available for monkeypox, and the existing therapeutics are the anti-viral agents approved for smallpox infection, including tecovirimat, cidofovir, and brincidofovir. Additionally, the U.S. Food and Drug Administration has approved Vaccinia Immune Globulin Intravenous for treating vaccination complications. It is diagnosed by PCR. There are currently two vaccines licensed by the U.S. Food and Drug Administration. According to the WHO guidance, the first-generation smallpox vaccines held in national reserves of some countries are not recommended as they do not meet the current safety and manufacturing standards. The interim guidance indicates that new and safer (second- and third generation) vaccines for smallpox, may be beneficial for monkeypox prevention, including JYNNEOS, which has been approved for the prevention of monkeypox. Human monkeypox was first reported in 1970. Since then, it has caused several outbreaks, mainly in central and west Africa. The first monkeypox outbreak outside of Africa occurred in the United States in 2003, linked to contact with infected pet prairie dogs. More recently (2018-2021), monkeypox cases have been reported in travelers from Nigeria to the United Kingdom, Israel, Singapore, and the US. Since May 2022, multiple monkeypox cases have been confirmed in several non-endemic countries, raising the concern of an emerging global pandemic. This review is an updated overview of our current state of knowledge regarding monkeypox virology, pathophysiology, clinical characteristics, epidemiology, vaccines, diagnosis, and treatment options.","[MeSH] Animals; [MeSH] Cidofovir; [MeSH] DNA; [MeSH] Humans; [MeSH] Mpox, Monkeypox; [MeSH] Smallpox; [MeSH] United States; [MeSH] Vaccines"
36566771,Clinical features and management of individuals admitted to hospital with monkeypox and associated complications across the UK: a retrospective cohort study.,"Douglas L Fink, Helen Callaby, Akish Luintel, William Beynon, Helena Bond, Eleanor Y Lim, Effrossyni Gkrania-Klotsas, Jospeh Heskin, Margherita Bracchi, Balram Rathish, Iain Milligan, Geraldine O'Hara, Stephanie Rimmer, Joanna R Peters, Lara Payne, Nisha Mody, Bethany Hodgson, Penny Lewthwaite, Rebecca Lester, Stephen D Woolley, Ann Sturdy, Ashley Whittington, Leann Johnson, Nathan Jacobs, John Quartey, Brendan Ai Payne, Stewart Crowe, Ivo Am Elliott, Thomas Harrison, Joby Cole, Katie Beard, Tomas-Paul Cusack, Imogen Jones, Rishi Banerjee, Tommy Rampling, Jake Dunning",The Lancet. Infectious diseases. 2022. doi: 10.1016/S1473-3099(22)00806-4..,Fink,The Lancet. Infectious diseases,2023,2022/12/22,,,10.1016/S1473-3099(22)00806-4,"BACKGROUND: The scale of the 2022 global mpox (formerly known as monkeypox) outbreak has been unprecedented. In less than 6 months, non-endemic countries have reported more than 67 000 cases of a disease that had previously been rare outside of Africa. Mortality has been reported as rare but hospital admission has been relatively common. We aimed to describe the clinical and laboratory characteristics and outcomes of individuals admitted to hospital with mpox and associated complications, including tecovirimat recipients. METHODS: In this cohort study, we undertook retrospective review of electronic clinical records and pathology data for all individuals admitted between May 6, and Aug 3, 2022, to 16 hospitals from the Specialist and High Consequence Infectious Diseases Network for Monkeypox. The hospitals were located in ten cities in England and Northern Ireland. Inclusion criteria were clinical signs consistent with mpox and MPXV DNA detected from at least one clinical sample by PCR testing. Patients admitted solely for isolation purposes were excluded from the study. Key outcomes included admission indication, complications (including pain, secondary infection, and mortality) and use of antibiotic and anti-viral treatments. Routine biochemistry, haematology, microbiology, and virology data were also collected. Outcomes were assessed in all patients with available data. FINDINGS: 156 individuals were admitted to hospital with complicated mpox during the study period. 153 (98%) were male and three (2%) were female, with a median age of 35 years (IQR 30-44). Gender data were collected from electronic patient records, which encompassed full formal review of clincian notes. The prespecified options for data collection for gender were male, female, trans, non-binary, or unknown. 105 (71%) of 148 participants with available ethnicity data were of White ethnicity and 47 (30%) of 155 were living with HIV with a median CD4 count of 510 cells per mm3 (IQR 349-828). Rectal or perianal pain (including proctitis) was the most common indication for hospital admission (44 [28%] of 156). Severe pain was reported in 89 (57%) of 156, and secondary bacterial infection in 82 (58%) of 142 individuals with available data. Median admission duration was 5 days (IQR 2-9). Ten individuals required surgery and two cases of encephalitis were reported. 38 (24%) of the 156 individuals received tecovirimat with early cessation in four cases (two owing to hepatic transaminitis, one to rapid treatment response, and one to patient choice). No deaths occurred during the study period. INTERPRETATION: Although life-threatening mpox appears rare in hospitalised populations during the current outbreak, severe mpox and associated complications can occur in immunocompetent individuals. Analgesia and management of superimposed bacterial infection are priorities for patients admitted to hospital. FUNDING: None.","[MeSH] Humans; [MeSH] Female; [MeSH] Male; [MeSH] Adult; [MeSH] Mpox, Monkeypox; [MeSH] Retrospective Studies; [MeSH] Cohort Studies; [MeSH] Hospitals; [MeSH] Pain; [MeSH] Benzamides; [MeSH] United Kingdom"
37612863,Emergence of Monkeypox (MPX): A Close Relative of Small Pox During COVID-19 Era.,"Ivneet Kour, Lipika Singhal, Sonia Mehta, Varsha Gupta",Infectious disorders drug targets. 2024. doi: 10.2174/1871526523666230823105945..,Kour,Infectious disorders drug targets,2024,2024/01/01,,,10.2174/1871526523666230823105945,"After the eradication of smallpox (SPX), a new zoonotic threat that can trigger outbreaks has emerged. It may be fatal during the COVID19 outbreak. Humanity continues to be threatened due to re-emergence of the outbreaks. In most cases, new emerging viral agents originate from nonhuman hosts with zoonotic origins. Recent outbreaks of zoonotic infectious diseases with the potential to cause epidemics and pandemics continue to pose a major threat to the health security of entire regions, continents, and the world at large. Around five decades backthat Monkeypox (MPX) was reported for the first time in the Democratic Republic of the Congo (DRC) and was then confined to Central Africa only. Over the time, it has spread to other regions of Africa as well as outside Africa. As of August 2022, 40398 infections have been confirmed in almost 68 countries that have never reported MPX before. The majority of infections have been reported in Europe and Southeast Asia. On 23rd August 2022, MPX was declared a public health emergency of international concern, a step below declaring any disease as a pandemic. The article discusses the recent history of MPX outbreaks, as well as the evolving clinical manifestations of the disease, and the possible causes of the increase in cases, including the cessation of SPX vaccinations.",COVID-19; Eradication of small pox; MPX and SPX; democratic republic of the congo (DRC).; emerging zoonotic disease; vaccines
17263043,[Globalization and infectious diseases].,"Pietro Luigi Garavelli, Paola Peduzzi",Recenti progressi in medicina. 2006.,Garavelli,Recenti progressi in medicina,2006,2006/10/01,,,,"We live in an ever more connected global village linked through international travel, politics, economics, culture and human-human and human-animal interactions. In public health a similar combination of factors can be seen. Today the concept of globalization including global exposure to infectious diseases is becoming more apparent. In 2003 outbreaks included monkeypox , SARS and avian influenza. This article examines some basic problems to infectious diseases emergence and control.","[MeSH] Animals; [MeSH] Birds; [MeSH] Communicable Disease Control; [MeSH] Communicable Diseases; [MeSH] Communicable Diseases, Emerging; [MeSH] Disease Outbreaks; [MeSH] Global Health; [MeSH] Humans; [MeSH] Influenza in Birds; [MeSH] Influenza, Human; [MeSH] Mpox, Monkeypox; [MeSH] Public Health; [MeSH] Risk Factors; [MeSH] Severe Acute Respiratory Syndrome; [MeSH] World Health Organization"
36981996,Monkeypox (Mpox) and Occupational Exposure.,"Marta Szkiela, Marta Wiszniewska, Agnieszka Lipińska-Ojrzanowska",International journal of environmental research and public health. 2023. doi: 10.3390/ijerph20065087..,Szkiela,International journal of environmental research and public health,2023,2023/03/14,,,10.3390/ijerph20065087,"Recently, there has been a significant increase in interest in biological risk factors, which are increasingly perceived as an important problem in occupational medicine. Exposure to harmful biological agents may be associated with the deliberate use of microorganisms in the work process or with unintentional exposure resulting from the presence of biological risk factors in the work environment. Monkeypox (mpox) is a viral infectious disease that may afflict humans and non-human primates. Since May 2022, mpox has occurred in Europe, North and South America, Asia, Australia and Africa, with some 76,713 cases (75,822 in locations that have not historically reported mpox) and 29 total deaths reported to date. Between 2018 and 2021, several cases of mpox were reported worldwide in high-income countries (Israel, Singapore, United Kingdom, United States: Texas and Maryland). We conducted a literature search in PubMed and Google Scholar web databases for occupational exposure to mpox. The highest work-related risk for mpox transmission has been noted among healthcare professionals, people working with animals, and sex workers. There is general agreement that a paramount issue to avoid transmission of infection in occupational settings is an appropriate decontamination of often-touched surfaces and usage of appropriate personal protective equipment by the workers at high risk of infection. The group that should especially protect themselves and be educated in the field of early symptoms of the disease and prevention are dentists, who are often the first to detect the symptoms of the disease on the oral mucosa.",exposure; infectious diseases; mpox; occupational health; occupational risk; workers; workplace
40415038,"Readiness, knowledge, and attitudes of healthcare professionals in Jordan toward Monkeypox: a cross-sectional survey.","Ahmad Z Al Meslamani, Dania Abu-Naser, Rami H Al-Rifai",Scientific reports. 2025. doi: 10.1038/s41598-025-03051-2..,Al,Scientific reports,2025,2025/05/25,,,10.1038/s41598-025-03051-2,"Healthcare professionals play a vital role in managing and containing disease outbreaks. This study evaluated the level of readiness, knowledge, and attitudes of healthcare professionals in Jordan towards Monkeypox (Mpox) disease and explored factors associated with poor level of readiness, poor level of knowledge, and negative attitude toward Mpox. A pre-validated cross-sectional survey was carried out on healthcare professionals (physicians, pharmacists and nurses) actively involved in patient care in Jordan from 15 July to 30 September 2024. After being pilot-tested on 30 healthcare professionals, the 48-item questionnaire, collected information on participant's demographics, and readiness, knowledge, and attitudes towards Mpox. Multivariable logistic regression identified factors associated with poor readiness, poor knowledge, and negative attitude. A total of 1093 healthcare professionals participated in the survey, including 329 physicians (30.1%), 346 pharmacists (31.7%), and 418 nurses (38.2%). Among participants, 58.0% demonstrated high levels of readiness, and 53.9% showed high levels of knowledge regarding Mpox. However, one-third (33.6%) were unaware of the availability of an effective vaccine, and only 30.7% recognized the lack of an effective treatment for Mpox. Nurses had higher readiness scores (median: 5, IQR: 5) compared to physicians (median: 4, IQR: 6) and pharmacists (median: 4, IQR: 6), while physicians scored highest in knowledge (median: 8, IQR: 4), followed by nurses (median: 7, IQR: 4) and pharmacists (median: 5, IQR: 4). No prior pandemic response experience was positively associated with increased likelihood of poor Mpox readiness (AOR: 2.11, 95% CI: 1.60-2.78) and poor knowledge (AOR: 1.40, 95% CI: 1.08-1.81). Poor knowledge was also linked to relying on workshops as the main information source (AOR: 2.55, 95% CI: 1.50-4.32). Negative attitudes were associated with lack of prior response experience (AOR: 1.36, 95% CI: 1.04-1.77), not using digital health records (AOR: 1.56, 95% CI: 1.18-2.05), and depending on colleagues for information (AOR: 1.73, 95% CI: 1.00-3.00) while attending workshop was protective against having negative attitude (AOR: 0.32, 95% CI: 0.17-0.60). While over half of healthcare professionals in Jordan demonstrated high readiness and knowledge regarding Mpox, significant gaps remain, particularly in vaccine and treatment awareness. Nurses showed higher readiness, whereas physicians had better knowledge levels. Targeted training and improved information dissemination strategies are needed to enhance Mpox response capacity among healthcare professionals.",Jordan; Monkeypox; Mpox; Outbreak; Public health workers
39097539,Targeting Monkeypox Virus Methyltransferase: Virtual Screening of Natural Compounds from Middle-Eastern Medicinal Plants.,"Hayder O Hashim, Jafar M B Al-Shuhaib, Mudher K Mohammed, Mohammed Baqur S Al-Shuhaib",Molecular biotechnology. 2024. doi: 10.1007/s12033-024-01246-y..,Hashim,Molecular biotechnology,2025,2024/08/03,,,10.1007/s12033-024-01246-y,"Monkeypox is an infectious disease resulting from the monkeypox virus, and its fatality rate varies depending on the virus clade and the location of the outbreak. In monkeypox virus, methyltransferase (MTase) plays a crucial role in modifying the cap structure of viral mRNA. This alteration assists the virus in evading the host's immune system, enhances viral protein synthesis, and ultimately enables successful infection and replication within host cells. Given the significance of MTase in viral infection and spread within the host, our study aimed to identify a natural inhibitor for this enzyme using docking and molecular dynamic (MD) simulations. We collected a total of 12,971 natural compounds from 200 medicinal plants in the Middle East. After eliminating duplicate compounds, we had 5,749 unique ligand conformers, which we then subjected to high-throughput virtual screening against MTase. The most promising hits were further evaluated using the extra-precision (XP) tool. The affinity of these hits was also assessed by Prime-Molecular Mechanics/Generalized Born Surface Area (MMGBSA) tool. The analysis revealed that two standard controls (sinefungin and TO1119) and two Middle-Eastern compounds (folic acid and 1,2,4,6-tetragalloylglucose) exhibited the best XP docking scores. According to Prime MMGBSA calculations, the Middle-Eastern compounds showed higher affinities, with values of - 60.61 kcal/mol for 1,2,4,6-tetragalloylglucose and - 51.87 kcal/mol for folic acid, surpassing the controls (TO1119 at - 35.71 kcal/mol and sinefungin at - 31.51 kcal/mol). In the majority of Molecular dynamic (MD) simulations, folic acid exhibited demonstrated greater stability than sinefungin. Further investigation revealed that folic acid occupied a critical position in the active site of MTase, which reduced its interaction with the mRNA substrate. Based on these findings, it can be concluded that folic acid is a highly promising natural compound for potential use in the cost-effective treatment of monkeypox virus. The identification of folic acid as a potential antiviral agent highlights the importance of nature in providing new therapeutic uses that have significant implications for global health, particularly in regions where monkeypox viral outbreaks are prevalent. However, it is essential to note that further wet-lab validations are necessary to confirm its efficacy for treatment in a medical context.",Drug design; Folic acid; Monkeypox virus; Natural inhibitors; Virtual screening
40286799,"Immunogenicity of MVA-BN vaccine deployed as mpox prophylaxis: a prospective, single-centre, cohort study and analysis of transcriptomic predictors of response.","Philip G Drennan, Nicholas M Provine, Stephanie A Harris, Ashley Otter, Kate Hollett, Cushla Cooper, Roel P H De Maeyer, Beatrice Nassanga, Alberta Ateere, Maria Fransiska Pudjohartono, Yanchun Peng, Ji-Li Chen, Scott Jones, Nurul Huda Mohamad Fadzillah, Alba Grifoni, Allessandro Sette, Iman Satti, Sam M Murray, Cathy Rowe, Sema Mandal, Bassam Hallis, Paul Klenerman, Tao Dong, Duncan Richards, James Fullerton, Helen McShane, Mark Coles",The Lancet. Microbe. 2025. doi: 10.1016/j.lanmic.2024.101045..,Drennan,The Lancet. Microbe,2025,2025/04/23,,,10.1016/j.lanmic.2024.101045,"BACKGROUND: Since 2022, mpox has emerged as a global health threat, with two clades (I and II) causing outbreaks of international public health concern. The third generation smallpox vaccine modified vaccinia Ankara, manufactured by Bavarian Nordic (MVA-BN), has emerged as a key component of mpox prevention. To date, the immunogenicity of this vaccine, including determinants of response, has been incompletely described, especially when MVA-BN has been administered intradermally at a fifth of the registered dose (so-called fractionated dosing), as recommended as a dose-sparing strategy. The aim of this study was to explore the immunogenicity of MVA-BN and baseline determinants of vaccine response in an observational public-health response setting. METHODS: We conducted a prospective cohort study and immunological analysis of responses to MVA-BN in patients attending a sexual health vaccination clinic in Oxford, UK. Blood samples were taken at baseline, day 14, and day 28 after first vaccine, and 28 and 90 days following a second vaccine. A subcohort had additional blood samples collected day 1 following their first vaccine (optional timepoint). We assessed IgG responses to mpox and vaccinia antigens using Luminex assay (MpoxPlex) using generalised linear mixed modelling, and T-cell responses using IFN-γ enzyme-linked immunospot and activation-induced marker assay. Associations between blood transcriptomic signatures (baseline, day 1) and immunogenicity were assessed using differential expression analysis and gene set enrichment methods. FINDINGS: We recruited 34 participants between Dec 1, 2022 and May 3, 2023 of whom 33 received fractionated dosing. Of the 30 without previous smallpox vaccination, 14 (47%) seroconverted by day 28, increasing to 25 (89%) 90 days after second vaccination. However, individuals seronegative on day 28 had persistently lower responses compared with individuals seropositive on day 28 (numerically lower antibody responses to six of seven dynamic antigens in the MPoxPlex assay, p<0·05). Serological response on day 28 was positively associated with type I and II interferon signatures 1 day after vaccination (n=18; median module score 0·13 vs 0·06; p=1·1 × 10-⁶), but negatively associated with these signatures at baseline (normalised enrichment score -2·81 and -2·86, respectively). INTERPRETATION: Baseline inflammatory states might inhibit MVA-BN serological immunogenicity by inhibiting the upregulation of MVA-induced innate immune signalling. If confirmed mechanistically, these insights could inform improved vaccination strategies against mpox in diverse geographic and demographic settings. Given the likelihood of vaccine supply limitations presently and in future outbreak settings, the utility of dose-sparing vaccine strategies as a general approach to maximising population benefit warrants further study. FUNDING: UKRI via the UK Monkeypox Research Consortium, Chinese Academy of Medical Sciences Innovation Fund for Medical Sciences, the Kennedy Trust for Rheumatology Research, the John Climax Donation, the Medical Research Council (UK), the Wellcome Trust, the Center for Cooperative Human Immunology (National Institutes of Health), and the National Institute for Health and Care Research Oxford Biomedical Research Centre.","[MeSH] Adult; [MeSH] Female; [MeSH] Humans; [MeSH] Male; [MeSH] Middle Aged; [MeSH] Young Adult; [MeSH] Antibodies, Viral; [MeSH] Cohort Studies; [MeSH] Immunogenicity, Vaccine; [MeSH] Immunoglobulin G; [MeSH] Prospective Studies; [MeSH] Smallpox; [MeSH] Smallpox Vaccine; [MeSH] Transcriptome; [MeSH] Vaccination; [MeSH] Vaccinia virus; [MeSH] Mpox, Monkeypox"
36542047,Epidemiological and clinical characteristics of monkeypox cases in Brazil in 2022: a cross-sectional study.,"Ana Roberta Pati Pascom, Isabella Nepomuceno de Souza, Amanda Krummenauer, Magda Machado Saraiva Duarte, Janaina Sallas, Daniela Buosi Rohlfs, Gerson Mendes Pereira, Arnaldo Correia de Medeiros, Angélica Espinosa Miranda",Epidemiologia e servicos de saude : revista do Sistema Unico de Saude do Brasil. 2022. doi: 10.1590/S2237-96222022000300036..,Pascom,Epidemiologia e servicos de saude : revista do Sistema Unico de Saude do Brasil,2022,2022/01/01,,,10.1590/S2237-96222022000300036,"OBJECTIVE: to describe epidemiological and clinical characteristics of monkeypox (MPX) in Brazil, from the identification of the first case, on June 7, 2022, to Epidemiological Week (EW) 39, ending on October 1, 2022. METHODS: this was a descriptive study of cases notified to the Ministry of Health; trends were analyzed based on the number of confirmed and probable cases per EW; the cases were also described according to demographic and clinical variables. RESULTS: out of 31,513 notifications, 23.8% were confirmed; 91.8% were male; 70.6% were cis men; and median age was 32 years. Fever (58.0%), adenomegaly (42.4%), headache (39.9%) and rash (37.0%) were the most frequent symptoms; 27.5% reported being immunosuppressed, 34.6% were living with HIV and 10.5% had a sexually transmitted infection; three deaths were recorded. CONCLUSION: the MPX case profile was similar to that of other countries; surveillance actions must be strengthened to control the outbreak.","[MeSH] Humans; [MeSH] Male; [MeSH] Adult; [MeSH] Female; [MeSH] Mpox, Monkeypox; [MeSH] Cross-Sectional Studies; [MeSH] Brazil; [MeSH] Disease Outbreaks; [MeSH] Exanthema"
179217,[Generalized monkeypox in orally infected rabbits and white mice].,"E M Shchelukhina, S S Marennikova",Voprosy virusologii. 1975.,Shchelukhina,Voprosy virusologii,1975,1975/01/01,,,,"In the past 5 years 17 human cases of monkeypox with 4 deaths were reported in African countries. The source and the mechanism of transmission of the infection are unknown. One of the possible modes of human infection could be through monkey meat used for food. The paper presents the results of the study of susceptibility of 4 species of laboratory animals to monkeypox virus given orally. Adult rabbits, guinea pigs, and hamsters were found to be resistant. Ten-day-old rabbits and 8-, 10- and 12-day-old mice developed generalized infection with eruptions and high lethality. The infection was transmitted to uninfected rabbits of the same litter, apparently by air-borne droplet mode. The obtained model of generalized monkeypox infection after per os administration of the virus and the fact of air-borne droplet transmission of infection may serve as indirect evidence of the possibility of transmission of the infection by this mode in nature.",[MeSH] Animals; [MeSH] Cricetinae; [MeSH] Guinea Pigs; [MeSH] Haplorhini; [MeSH] Mice; [MeSH] Monkey Diseases; [MeSH] Monkeypox virus; [MeSH] Poxviridae Infections; [MeSH] Rabbits
37294338,Risk factors for mortality and clinical presentation of monkeypox.,"Salma Triana-González, Cristina Román-López, Stefan Mauss, Ana Luz Cano-Díaz, José Antonio Mata-Marín, Edgar Pérez-Barragán, Ericka Pompa-Mera, Jesús Enrique Gaytán-Martínez","AIDS (London, England). 2023. doi: 10.1097/QAD.0000000000003623..",Triana-González,"AIDS (London, England)",2023,2023/06/08,,,10.1097/QAD.0000000000003623,"OBJECTIVES: To describe risk factors for mortality and clinical characteristics in patients with mpox infection at a reference hospital in Mexico. DESIGN: A prospective cohort study was conducted from September to December 2022 at Hospital de Infectología La Raza National Medical Center. METHODS: Study participants were patients that met operational definition of confirmed case of mpox according to WHO criteria. Information was obtained through a case report form that included epidemiological, clinical, and biochemical information. The follow-up period was from initial evaluation for hospitalization until discharge due to clinical improvement or death. Written informed consent was obtained from all participants. RESULTS: Seventy-two patients were included in the analysis, 64 of 72 (88.9%) were people with HIV (PWH). Of the total of patients 71 of 72 (98.6%) were male, with a median age of 32 years old [95% confidence interval (CI), interquartile range (IQR) 27-37]. Coinfection with sexually transmitted infections was reported in 30 of 72 (41.7%). The overall mortality was five of 72 (6.9%). The incidence of mortality rate in PWH was 6.3%. Median days from onset of symptoms to death from any cause during hospitalization was 50 days (95% CI, IQR 38-62). Risk factors for mpox mortality in the bivariate analysis were CD4 + cells count ≤100 cells/μl at the time of assessment RR 20 (95% CI, IQR 6.6-60.2) ( P < 0.001), absence of antiretroviral therapy RR 6.6 (95% CI, IQR 3.6-12.1) ( P = 0.001) and ≥50 skin lesions at presentation RR 6.4 (95% CI, IQR 2.6-15.7) ( P = 0.011). CONCLUSIONS: The clinical presentation between PWH and non-HIV patients was similar in this study, however, reported mortality was associated with advanced-HIV disease.","[MeSH] Humans; [MeSH] Male; [MeSH] Adult; [MeSH] Female; [MeSH] HIV Infections; [MeSH] Mpox, Monkeypox; [MeSH] Prospective Studies; [MeSH] Risk Factors; [MeSH] CD4-Positive T-Lymphocytes"
36828001,Mpox in people with advanced HIV infection: a global case series.,"Oriol Mitjà, Andrea Alemany, Michael Marks, Jezer I Lezama Mora, Juan Carlos Rodríguez-Aldama, Mayara Secco Torres Silva, Ever Arturo Corral Herrera, Brenda Crabtree-Ramirez, José Luis Blanco, Nicolo Girometti, Valentina Mazzotta, Aniruddha Hazra, Macarena Silva, Juan José Montenegro-Idrogo, Kelly Gebo, Jade Ghosn, María Fernanda Peña Vázquez, Eduardo Matos Prado, Uche Unigwe, Judit Villar-García, Noah Wald-Dickler, Jason Zucker, Roger Paredes, Alexandra Calmy, Laura Waters, Cristina Galvan-Casas, Sharon Walmsley, Chloe M Orkin","Lancet (London, England). 2023. doi: 10.1016/S0140-6736(23)00273-8..",Mitjà,"Lancet (London, England)",2023,2023/02/21,,,10.1016/S0140-6736(23)00273-8,"BACKGROUND: People living with HIV have accounted for 38-50% of those affected in the 2022 multicountry mpox outbreak. Most reported cases were in people who had high CD4 cell counts and similar outcomes to those without HIV. Emerging data suggest worse clinical outcomes and higher mortality in people with more advanced HIV. We describe the clinical characteristics and outcomes of mpox in a cohort of people with HIV and low CD4 cell counts (CD4 <350 cells per mm3). METHODS: A network of clinicians from 19 countries provided data of confirmed mpox cases between May 11, 2022, and Jan 18, 2023, in people with HIV infection. Contributing centres completed deidentified structured case report sheets to include variables of interest relevant to people living with HIV and to capture more severe outcomes. We restricted this series to include only adults older than 18 years living with HIV and with a CD4 cell count of less than 350 cells per mm3 or, in settings where a CD4 count was not always routinely available, an HIV infection clinically classified as US Centers for Disease Control and Prevention stage C. We describe their clinical presentation, complications, and causes of death. Analyses were descriptive. FINDINGS: We included data of 382 cases: 367 cisgender men, four cisgender women, and ten transgender women. The median age of individuals included was 35 (IQR 30-43) years. At mpox diagnosis, 349 (91%) individuals were known to be living with HIV; 228 (65%) of 349 adherent to antiretroviral therapy (ART); 32 (8%) of 382 had a concurrent opportunistic illness. The median CD4 cell count was 211 (IQR 117-291) cells per mm3, with 85 (22%) individuals with CD4 cell counts of less than 100 cells per mm3 and 94 (25%) with 100-200 cells per mm3. Overall, 193 (51%) of 382 had undetectable viral load. Severe complications were more common in people with a CD4 cell count of less than 100 cells per mm3 than in those with more than 300 cells per mm3, including necrotising skin lesions (54% vs 7%), lung involvement (29% vs 0%) occasionally with nodules, and secondary infections and sepsis (44% vs 9%). Overall, 107 (28%) of 382 were hospitalised, of whom 27 (25%) died. All deaths occurred in people with CD4 counts of less than 200 cells per mm3. Among people with CD4 counts of less than 200 cells per mm3, more deaths occurred in those with high HIV viral load. An immune reconstitution inflammatory syndrome to mpox was suspected in 21 (25%) of 85 people initiated or re-initiated on ART, of whom 12 (57%) of 21 died. 62 (16%) of 382 received tecovirimat and seven (2%) received cidofovir or brincidofovir. Three individuals had laboratory confirmation of tecovirimat resistance. INTERPRETATION: A severe necrotising form of mpox in the context of advanced immunosuppression appears to behave like an AIDS-defining condition, with a high prevalence of fulminant dermatological and systemic manifestations and death. FUNDING: None.","[MeSH] Adult; [MeSH] Male; [MeSH] Humans; [MeSH] Female; [MeSH] HIV Infections; [MeSH] Mpox, Monkeypox; [MeSH] Acquired Immunodeficiency Syndrome; [MeSH] CD4 Lymphocyte Count; [MeSH] Viral Load"
39554695,Challenges and Ongoing Actions to Address the Mpox Emergency in Africa.,"Faraan O Rahim, Mosoka Fallah, Urvish Jain, Eugene T Richardson, Nicaise Ndembi, Ngashi Ngongo, Jean Kaseya",Annals of global health. 2024. doi: 10.5334/aogh.4580..,Rahim,Annals of global health,2024,2024/11/15,,,10.5334/aogh.4580,"This review examines key events, challenges, and responses to the mpox public health emergency following the Africa CDC's declaration of a Public Health Emergency of Continental Concern on August 13, 2024. In response to the crisis, over 3.6 million vaccine doses and more than $150 million in funding have been mobilized globally, with contributions from the United States, European Union, and Japan. However, challenges persist, particularly in the Democratic Republic of Congo, where a humanitarian crisis in Kinshasa has complicated mpox diagnostics and treatment. In response, the Africa CDC has deployed its One Continental Incident Management Support team, with a focus on decentralizing diagnostics and enhancing sample movement through additional PCR equipment, funded by the Pandemic Fund and USAID. To reinforce laboratory diagnostics, surveillance, and case management, the Africa CDC has adopted a comprehensive ""One Team, One Plan, One Budget, One M&E"" approach and has deployed 72 epidemiologists to improve data integration. Collaborative efforts with WHO, GAVI, and UNICEF aim to expedite vaccine distribution, with a target of 10 million doses by 2025, alongside enhanced vaccine safety monitoring.",Africa; global health; mpox
11959564,"Characterization of wild-type and cidofovir-resistant strains of camelpox, cowpox, monkeypox, and vaccinia viruses.","Donald F Smee, Robert W Sidwell, Debbie Kefauver, Mike Bray, John W Huggins",Antimicrobial agents and chemotherapy. 2002. doi: 10.1128/AAC.46.5.1329-1335.2002..,Smee,Antimicrobial agents and chemotherapy,2002,2002/05/01,,,10.1128/AAC.46.5.1329-1335.2002,"Cidofovir ([(S)-1-(3-hydroxy-2-phosphonylmethoxypropyl)cytosine] [HPMPC])-resistant forms of camelpox, cowpox, monkeypox, and vaccinia viruses were developed by prolonged passage in Vero 76 cells in the presence of drug. Eight- to 27-fold-higher concentrations of cidofovir were required to inhibit the resistant viruses than were needed to inhibit the wild-type (WT) viruses. Resistant viruses were characterized by determining their cross-resistance to other antiviral compounds, examining their different replication abilities in two cell lines, studying the biochemical basis of their drug resistance, and assessing the degrees of their virulence in mice. These viruses were cross resistant to cyclic HPMPC and, with the exception of vaccinia virus, to (S)-1-(3-hydroxy-2-phosphonylmethoxypropyl)adenine. Three of the four resistant cowpox and monkeypox viruses exhibited reduced abilities to infect and replicate in 3T3 cells compared to their abilities in Vero 76 cells. Compared to the WT virus polymers the resistant cowpox virus DNA polymerase was 8.5-fold less sensitive to inhibition by cidofovir diphosphate, the active form of the drug. Intracellular phosphorylation of [3H]cidofovir was not stimulated or inhibited by infection with resistant cowpox virus. In intranasally infected BALB/c mice, WT cowpox virus was 80-fold more virulent than the resistant virus. Cidofovir treatment (100 mg/kg of body weight, given one time only as early as 5 min after virus challenge) of a resistant cowpox virus infection could not protect mice from mortality. However, the drug prevented mortality in 80 to 100% of the mice treated with a single 100-mg/kg dose at 1, 2, 3, or 4 days after WT virus challenge. By application of these results to human orthopoxvirus infections, it is anticipated that resistant viruses may be untreatable with cidofovir but their virulence may be attenuated. Studies will need to be conducted with cidofovir-resistant monkeypox virus in monkeys to further support these hypotheses.","[MeSH] 3T3 Cells; [MeSH] Animals; [MeSH] Antiviral Agents; [MeSH] Camelus; [MeSH] Cattle; [MeSH] Chlorocebus aethiops; [MeSH] Cidofovir; [MeSH] Cowpox virus; [MeSH] Cytosine; [MeSH] Drug Resistance, Viral; [MeSH] Mice; [MeSH] Mice, Inbred BALB C; [MeSH] Mice, SCID; [MeSH] Microbial Sensitivity Tests; [MeSH] Monkeypox virus; [MeSH] Organophosphonates; [MeSH] Organophosphorus Compounds; [MeSH] Poxviridae; [MeSH] Poxviridae Infections; [MeSH] Vaccinia virus; [MeSH] Vero Cells; [MeSH] Viral Plaque Assay; [MeSH] Virus Replication"
39666414,[Epidemiological surveillance: review of data from the Febrile Unit of the Muñiz Hospital 2020-2024].,"Javier Sánchez Doncell, Sandra Menéndez Veloz, Karen Aguiar, Melina Lemos, Luciana Tucciarelli, José L Francos",Medicina. 2024.,Sánchez,Medicina,2024,2024/01/01,,,,"The appearance of epidemiological events that threaten the health system marked the importance of responses that go beyond the dissemination of information and since the COVID-19 pandemic, the Government of the City of Buenos Aires (Argentina) proposed an epidemiological surveillance model in devices called Febrile Units (UF). At the Muñiz Hospital, this unit provided epidemiological surveillance strategies in the pandemic and the different epidemics and outbreaks, still continuing its operation today. The objective of this work is to evaluate the implementation of the Febril Unit as an epidemiological surveillance structure. A review of the literature of epidemiological surveillance was carried out in the Febril Unit (UF) of the Muñiz hospital from 2020 to 2024, evaluating 3 elements of public health: diseases, risk factors, and other public health events. The search for epidemiological surveillance information generated 15 results in the final review, from which the following are described: diseases (COVID-19, monkeypox and dengue), associated risk factors (obesity and COPD in COVID-19, HIV,tuberculosis in COVID-19) and other public health events (tuberculosis, other respiratory viruses, burnout - emotional impact). The implementation of an epidemiological surveillance system together with a multidisciplinary team is important for public policies. The health data collected, analyzed and interpreted makes it possible to plan actions and develop strategies in epidemiological surveillance. The challenge is to find a response where the public health and epidemiological surveillance processes are not separated.",COVID-19; dengue; epidemiological surveillance; monkeypox; tuberculosis
38465911,Clinical features and outcomes of mpox in people with and without HIV: a national comparative study.,"Isaac Núñez, Santa E Ceballos-Liceaga, Alethse de la Torre, Gabriel García-Rodríguez, Irma López-Martínez, Hugo López-Gatell, Juan L Mosqueda-Gómez, Sergio Iván Valdés-Ferrer",Journal of acquired immune deficiency syndromes (1999). 2024. doi: 10.1097/QAI.0000000000003407..,Núñez,Journal of acquired immune deficiency syndromes (1999),2024,2024/03/04,,,10.1097/QAI.0000000000003407,"BACKGROUND: People who live with HIV (PWLH) have been one of the most affected groups during the current mpox outbreak. They are hypothesized to have a more severe clinical course than people without HIV but comparative data is scarce. We aimed to compare clinical features and outcomes of mpox in people with and without HIV in Mexico. SETTING: Country-wide study in Mexico. METHODS: We performed an observational study using nation-wide epidemiological data. We included all people with confirmed mpox diagnosed between May and November 2022 in Mexico. Clinical and sociodemographic characteristics were compared between people with and without HIV. Multivariable logistic regression models were preformed to determine the association between HIV, clinical features, and outcomes and reported with odds ratios (ORs) and 95% confidence intervals (95% CI). ORs for rare outcomes were interpreted as risk ratios. RESULTS: Among 3291 people with mpox, 59% were PWLH. PWLH had an increased risk of severe mpox (OR 2.6, 2.4-2.9) and death (OR 10.8, 9.7-11.9). They also had a higher risk of otalgia, proctitis, and urethritis. Eleven individuals died, of whom ten were PWLH. All deaths were directly attributed to mpox. CONCLUSION: People with HIV have a higher risk of severe mpox and death due to mpox.","[MeSH] Adolescent; [MeSH] Adult; [MeSH] Female; [MeSH] Humans; [MeSH] Male; [MeSH] Middle Aged; [MeSH] Young Adult; [MeSH] Disease Outbreaks; [MeSH] HIV Infections; [MeSH] Mexico; [MeSH] Mpox, Monkeypox"
38376353,Bisbenzimide compounds inhibit the replication of prototype and pandemic potential poxviruses.,"Jerzy Samolej, Diogo Correa Mendonca, Nicole Upfold, Marion McElwee, Mariann Landsberger, Artur Yakimovich, Arvind H Patel, Blair L Strang, Jason Mercer",Microbiology spectrum. 2024. doi: 10.1128/spectrum.04072-23..,Samolej,Microbiology spectrum,2024,2024/02/20,,,10.1128/spectrum.04072-23,"We previously identified the bisbenzimide Hoechst 33342 (H42) as a potent multi-stage inhibitor of the prototypic poxvirus, the vaccinia virus (VACV), and several parapoxviruses. A recent report showed that novel bisbenzimide compounds similar in structure to H42 could prevent human cytomegalovirus replication. Here, we assessed whether these compounds could also serve as poxvirus inhibitors. Using virological assays, we show that these bisbenzimide compounds inhibit VACV spread, plaque formation, and the production of infectious progeny VACV with relatively low cell toxicity. Further analysis of the VACV lifecycle indicated that the effective bisbenzimide compounds had little impact on VACV early gene expression but inhibited VACV late gene expression and truncated the formation of VACV replication sites. Additionally, we found that bisbenzimide compounds, including H42, can inhibit both monkeypox and a VACV mutant resistant to the widely used anti-poxvirus drug TPOXX (Tecovirimat). Therefore, the tested bisbenzimide compounds were inhibitors of both prototypic and pandemic potential poxviruses and could be developed for use in situations where anti-poxvirus drug resistance may occur. Additionally, these data suggest that bisbenzimide compounds may serve as broad-activity antiviral compounds, targeting diverse DNA viruses such as poxviruses and betaherpesviruses.IMPORTANCEThe 2022 mpox (monkeypox) outbreak served as a stark reminder that due to the cessation of smallpox vaccination over 40 years ago, most of the human population remains susceptible to poxvirus infection. With only two antivirals approved for the treatment of smallpox infection in humans, the need for additional anti-poxvirus compounds is evident. Having shown that the bisbenzimide H33342 is a potent inhibitor of poxvirus gene expression and DNA replication, here we extend these findings to include a set of novel bisbenzimide compounds that show anti-viral activity against mpox and a drug-resistant prototype poxvirus mutant. These results suggest that further development of bisbenzimides for the treatment of pandemic potential poxviruses is warranted.",DNA replication; antiviral; mpox; vaccinia virus; viral transcription
36327164,"Severe Monkeypox in Hospitalized Patients - United States, August 10-October 10, 2022.","Maureen J Miller, Shama Cash-Goldwasser, Grace E Marx, Caroline A Schrodt, Anne Kimball, Kia Padgett, Rebecca S Noe, David W McCormick, Joshua M Wong, Sarah M Labuda, Brian F Borah, Isaac Zulu, Amimah Asif, Gurpreet Kaur, Janet M McNicholl, Athena Kourtis, Andrew Tadros, Sarah Reagan-Steiner, Jana M Ritter, Yon Yu, Patricia Yu, Rachel Clinton, Corrine Parker, Eleanor S Click, Johanna S Salzer, Andrea M McCollum, Brett Petersen, Faisal S Minhaj, Ericka Brown, Michael P Fischer, Robert L Atmar, Andrew R DiNardo, Ya Xu, Cameron Brown, Jerry Clay Goodman, Ashley Holloman, Julia Gallardo, Hanna Siatecka, Georgia Huffman, John Powell, Philip Alapat, Pralay Sarkar, Nicola A Hanania, Or Bruck, Steven D Brass, Aneesh Mehta, Alexandra W Dretler, Amanda Feldpausch, Jessica Pavlick, Hillary Spencer, Isaac Ghinai, Stephanie R Black, Laura N Hernandez-Guarin, Sarah Y Won, Shivanjali Shankaran, Andrew T Simms, Jemma Alarcón, Jesse G O'Shea, John T Brooks, Jennifer McQuiston, Margaret A Honein, Siobhán M O'Connor, Kevin Chatham-Stephens, Kevin O'Laughlin, Agam K Rao, Elliot Raizes, Jeremy A W Gold, Sapna Bamrah Morris",MMWR. Morbidity and mortality weekly report. 2022. doi: 10.15585/mmwr.mm7144e1..,Miller,MMWR. Morbidity and mortality weekly report,2022,2022/11/04,,,10.15585/mmwr.mm7144e1,"As of October 21, 2022, a total of 27,884 monkeypox cases (confirmed and probable) have been reported in the United States.§ Gay, bisexual, and other men who have sex with men have constituted a majority of cases, and persons with HIV infection and those from racial and ethnic minority groups have been disproportionately affected (1,2). During previous monkeypox outbreaks, severe manifestations of disease and poor outcomes have been reported among persons with HIV infection, particularly those with AIDS (3-5). This report summarizes findings from CDC clinical consultations provided for 57 patients aged ≥18 years who were hospitalized with severe manifestations of monkeypox¶ during August 10-October 10, 2022, and highlights three clinically representative cases. Overall, 47 (82%) patients had HIV infection, four (9%) of whom were receiving antiretroviral therapy (ART) before monkeypox diagnosis. Most patients were male (95%) and 68% were non-Hispanic Black (Black). Overall, 17 (30%) patients received intensive care unit (ICU)-level care, and 12 (21%) have died. As of this report, monkeypox was a cause of death or contributing factor in five of these deaths; six deaths remain under investigation to determine whether monkeypox was a causal or contributing factor; and in one death, monkeypox was not a cause or contributing factor.** Health care providers and public health professionals should be aware that severe morbidity and mortality associated with monkeypox have been observed during the current outbreak in the United States (6,7), particularly among highly immunocompromised persons. Providers should test all sexually active patients with suspected monkeypox for HIV at the time of monkeypox testing unless a patient is already known to have HIV infection. Providers should consider early commencement and extended duration of monkeypox-directed therapy†† in highly immunocompromised patients with suspected or laboratory-diagnosed monkeypox.§§ Engaging all persons with HIV in sustained care remains a critical public health priority.","[MeSH] United States; [MeSH] Humans; [MeSH] Male; [MeSH] Adolescent; [MeSH] Adult; [MeSH] Female; [MeSH] HIV Infections; [MeSH] Homosexuality, Male; [MeSH] Ethnicity; [MeSH] Population Surveillance; [MeSH] Minority Groups; [MeSH] Sexual and Gender Minorities; [MeSH] Mpox, Monkeypox"
17229505,Adjuvant-enhanced antibody responses to recombinant proteins correlates with protection of mice and monkeys to orthopoxvirus challenges.,"Christiana N Fogg, Jeffrey L Americo, Shlomo Lustig, John W Huggins, Scott K Smith, Inger Damon, Wolfgang Resch, Patricia L Earl, Dennis M Klinman, Bernard Moss",Vaccine. 2007. doi: 10.1016/j.vaccine.2006.12.037..,Fogg,Vaccine,2007,2007/01/03,,,10.1016/j.vaccine.2006.12.037,"Recombinant proteins are being evaluated as smallpox and monkeypox vaccines because of their perceived safety compared to live vaccinia virus. Previously, we demonstrated that three or more injections of a Ribi-type adjuvant with a combination of three proteins from the outer membranes of intracellular (L1 protein) and extracellular (A33 and B5 proteins) forms of vaccinia virus protected mice against a lethal intranasal challenge with vaccinia virus. Here, we compared several adjuvants and found that QS-21 and to a lesser extent alum+CpG oligodeoxynucleotides accelerated and enhanced neutralizing antibody responses to a mixture of L1 and A33 proteins, provided the highest ratio of IgG2a to IgG1 isotype response, and protected mice against disease and death after only two immunizations 3 weeks apart. In addition, monkeys immunized with recombinant vaccinia virus proteins and QS-21 developed neutralizing antibody to monkeypox virus and had reduced virus load, skin lesions, and morbidity compared to the non-immunized group following monkeypox virus challenge.","[MeSH] Adjuvants, Immunologic; [MeSH] Alum Compounds; [MeSH] Animals; [MeSH] Antibody Formation; [MeSH] Female; [MeSH] HeLa Cells; [MeSH] Humans; [MeSH] Macaca fascicularis; [MeSH] Mice; [MeSH] Mice, Inbred BALB C; [MeSH] Monkeypox virus; [MeSH] Oligonucleotides; [MeSH] Orthopoxvirus; [MeSH] Poxviridae Infections; [MeSH] Recombinant Proteins; [MeSH] Saponins; [MeSH] Vaccinia; [MeSH] Vaccinia virus; [MeSH] Viral Envelope Proteins; [MeSH] Viral Vaccines"
35973747,"Availability, scope and quality of monkeypox clinical management guidelines globally: a systematic review.","Eika Webb, Ishmeala Rigby, Melina Michelen, Andrew Dagens, Vincent Cheng, Amanda M Rojek, Dania Dahmash, Susan Khader, Keerti Gedela, Alice Norton, Muge Cevik, Erhui Cai, Eli Harriss, Samuel Lipworth, Robert Nartowski, Helen Groves, Peter Hart, Lucille Blumberg, Tom Fletcher, Shevin T Jacob, Louise Sigfrid, Peter W Horby",BMJ global health. 2022. doi: 10.1136/bmjgh-2022-009838..,Webb,BMJ global health,2022,2022/08/01,,,10.1136/bmjgh-2022-009838,"BACKGROUND: Monkeypox (MPX) is an important human Orthopoxvirus infection. There has been an increase in MPX cases and outbreaks in endemic and non-endemic regions in recent decades. We appraised the availability, scope, quality and inclusivity of clinical management guidelines for MPX globally. METHODS: For this systematic review, we searched six databases from inception until 14 October 2021, augmented by a grey literature search until 17 May 2022. MPX guidelines providing treatment and supportive care recommendations were included, with no exclusions for language. Two reviewers assessed the guidelines. Quality was assessed using the Appraisal of Guidelines for Research and Evaluation II tool. RESULTS: Of 2026 records screened, 14 guidelines were included. Overall, most guidelines were of low-quality with a median score of 2 out of 7 (range: 1-7), lacked detail and covered a narrow range of topics. Most guidelines focused on adults, five (36%) provided some advice for children, three (21%) for pregnant women and three (21%) for people living with HIV. Treatment guidance was mostly limited to advice on antivirals; seven guidelines advised cidofovir (four specified for severe MPX only); 29% (4/14) tecovirimat, and 7% (1/14) brincidofovir. Only one guideline provided recommendations on supportive care and treatment of complications. All guidelines recommended vaccination as post-exposure prophylaxis (PEP). Three guidelines advised on vaccinia immune globulin as PEP for severe cases in people with immunosuppression. CONCLUSION: Our results highlight a lack of evidence-based clinical management guidelines for MPX globally. There is a clear and urgent need for research into treatment and prophylaxis including for different risk populations. The current outbreak provides an opportunity to accelerate this research through coordinated high-quality studies. New evidence should be incorporated into globally accessible guidelines, to benefit patient and epidemic outcomes. A 'living guideline' framework is recommended. PROSPERO REGISTRATION NUMBER: CRD42020167361.","health policy; infections, diseases, disorders, injuries; systematic review"
40067846,"Geographical distribution and the impact of socio-environmental indicators on incidence of Mpox in Ontario, Canada.","Chigozie Louisa J Ugwu, Ali Asgary, Jianhong Wu, Jude Dzevela Kong, Nicola Luigi Bragazzi, James Orbinski, Woldegebriel Assefa Woldegerima",PloS one. 2025. doi: 10.1371/journal.pone.0306681..,Ugwu,PloS one,2025,2025/03/11,,,10.1371/journal.pone.0306681,"BACKGROUND: Ontario, being one of Canada's largest provinces, has been central to the high incidence of human Mpox. Research is scarce on how socio-environmental factors influence Mpox incidences. This study seeks to explore potential geographical correlations and the relationship between indicators of social marginalization and Mpox incidence rate in Ontario. METHODOLOGY: We used surveillance data on confirmed human Mpox cases from May 1, 2022, to March 31, 2024, extracted from the Public Health Ontario website for this study. Spatial autocorrelation of Mpox incidence was investigated using spatial methods including Moran's Index, Getis-Ord Gi*statistic, and spatial Poisson scan statistic. Following this, we adopted a generalized Poisson regression (GPR) model to estimate the incidence rate ratios (IRRs) based on the association between Ontario PHU-level marginalization and Mpox incidence, while adjusting for age and sex. The goodness-of-fit of the models was assessed using the Log Likelihood (LL), Akaike Information Criterion (AIC), Akaike's Information Criterion corrected (AICc), and the Bayesian Information Criterion (BIC). RESULTS: Our analysis revealed significant localized spatial heterogeneity in Mpox incidence across Ontario. Statistically significant local clusters of Mpox cases were identified in Toronto ([Formula: see text] ), Ottawa ([Formula: see text]), and a secondary cluster, overlapping Hamilton PHU with nine local districts ([Formula: see text]), all with [Formula: see text]. The incidence rate of Mpox was statistically significantly associated with a higher proportion of ethnic concentration (racialized groups, migrants, or visible minorities) [Formula: see text], gender [Formula: see text] and higher residential instability [Formula: see text]. CONCLUSION: We identified major Mpox hotspots in Toronto. According to our model results, the high incidence rate may be influenced by the greater population of internal migrants and younger individuals. Based on these insights, we recommend targeted interventions in the high-risk neighborhoods. Efforts to improve Mpox diagnosis and promote health equity among socioeconomically vulnerable populations, including racial and ethnic minorities, should be implemented.","[MeSH] Adolescent; [MeSH] Adult; [MeSH] Aged; [MeSH] Child; [MeSH] Child, Preschool; [MeSH] Female; [MeSH] Humans; [MeSH] Male; [MeSH] Middle Aged; [MeSH] Young Adult; [MeSH] Incidence; [MeSH] Ontario; [MeSH] Socioeconomic Factors; [MeSH] Mpox, Monkeypox"
39582900,"Phylogeny of Seven Genomes of Monkeypox Virus - Anhui Province, China, 2023.","Wanhang Lu, Qingqing Chen, Xiaomin Wu, Jiaqi Li, Ming Li, Yongkang Xiao, Lei Gong, Yong Sun",China CDC weekly. 2024. doi: 10.46234/ccdcw2024.245..,Lu,China CDC weekly,2024,2024/11/15,,,10.46234/ccdcw2024.245,"WHAT IS ALREADY KNOWN ABOUT THIS TOPIC?: Monkeypox, first identified in Africa in 1958, is a zoonotic disease caused by monkeypox virus (MPXV). Since January 2022, a global outbreak of mpox has spread to over 100 non-endemic countries. As of June 30, 2024, there have been 99,176 confirmed cases and 535 probable cases across 116 countries, resulting in 208 deaths. WHAT IS ADDED BY THIS REPORT?: This report presents an analysis of the whole genome sequences of seven MPXVs from Anhui Province. We discovered that, compared to the reference sequence (NC_063383.1), these genomes exhibit 91 nucleotide substitutions and 42 amino acid mutations. They are highly similar to genomes of MPXVs that emerged simultaneously in China, Japan, the Republic of Korea, and Portugal, and are classified within the IIb C.1.1 lineage, with multiple transmission chains and no new branch. WHAT ARE THE IMPLICATIONS FOR PUBLIC HEALTH PRACTICE?: The MPXV in Anhui Province has undergone mutations in areas critical for viral replication, transcription, and immune escape, posing a risk of recurrent outbreaks. Therefore, vigilant mutation monitoring of MPXV is imperative.",Genetic characteristics analysis; Genome sequence; Monkeypox virus
38003819,Serosurvey of Immunity to Monkeypox (Mpox) Virus Antigens in People Living with HIV in South Florida.,"Jonah Kupritz, Savita Pahwa, Suresh Pallikkuth","Pathogens (Basel, Switzerland). 2023. doi: 10.3390/pathogens12111355..",Kupritz,"Pathogens (Basel, Switzerland)",2023,2023/11/15,,,10.3390/pathogens12111355,"Mpox is an infectious disease caused by the monkeypox virus (MPXV) belonging to the Orthopoxvirus (OPXV) genus, which includes smallpox and vaccinia virus (VACV). A global mpox outbreak which began in May 2022 has infected more than 88,000 people. VACV-based vaccines provide protection against mpox disease but complicate the use of serological assays for disease surveillance. We tested the reactivity of serum IgG from Modified Vaccinia Ankara-Bavarian Nordic (MVA-BN)-vaccinated (n = 12) and convalescent mpox-infected (n = 5) individuals and uninfected, non-vaccinated controls (n = 32) to MPXV/VACV proteins A27, A29, A30, A35, B16, B21, C19, D6, E8, H3, I1, and L1. Using a subset of MPXV antigen-based assays (A35, B16, E8, H3, and I1), we conducted a mpox antibody survey of serum from 214 individuals, including 117 (54.7%) people with HIV (PWH) collected between June 2022 and January 2023, excluding individuals who reported recent mpox vaccination or infection, and 32 young, pre-pandemic controls. The convalescent sera reacted strongly to most tested antigens. Vaccine sera responses were limited to A35, E8, H3, and I1. IgG antibody to E8 was markedly elevated in all vaccinated individuals. B16 IgG showed high sensitivity (100% [95% CI: 56.55-100.0%]) and specificity (91.67% [64.61-99.57%]) for distinguishing infection from MVA-BN vaccination, while E8 IgG showed 100% [75.75-100] sensitivity and 100% [79.61-100] specificity for detecting and distinguishing vaccinated individuals from controls. We identified 11/214 (5.1%) recent serum samples and 1/32 (3.1%) young, pre-pandemic controls that were seropositive for ≥2 MPXV antibodies, including 6.8% of PWH. Seropositivity was 10/129 (7.8%) among males compared to 1/85 (1.2%) among females. Our findings provide insight into the humoral immune response to mpox and demonstrate the usefulness of inexpensive, antigen-based serosurveillance in identifying asymptomatic or unreported infections.",diagnostic; immunoassay; monkeypox; mpox; seroprevalence; serosurveillance; vaccine
40945038,"Urogenital manifestations of SARS-CoV-2, MPXV and Zika virus: A comprehensive review.","Yubin Li, Guanghan Fan, Huadong He",Molecular aspects of medicine. 2025. doi: 10.1016/j.mam.2025.101399..,Li,Molecular aspects of medicine,2025,2025/09/12,,,10.1016/j.mam.2025.101399,"The current century has been associated with the outbreaks of emerging and re-emerging viral infections such as severe acute respiratory syndrome coronavirus 2 (SARS-CoV-2), monkeypox virus (MPXV), and Zika virus (ZIKV). Although their common clinical manifestations are currently well-known, the urogenital system is gaining attention as a significant, though often underappreciated, anatomical site for emerging and re-emerging viral infections, disease development, and transmission. The present review aims to comprehensively discuss the urogenital complications linked to the infections caused by these viruses, with a primary focus on describing their suggested and established roles in the development of urogenital sequelae. It reviews various molecular and cellular mechanisms, such as direct viral pathogen cytopathic activity, virally-mediated inflammation, and the nephrotoxic side effects of specific medications, by which SARS-CoV-2, MPXV, and ZIKV may affect various parts of the urogenital system. In this context, SARS-CoV-2 uses angiotensin-converting enzyme 2 (ACE2) for cell entry, which is frequently present in the urogenital tissues, resulting in urogenital injuries. Zika virus exhibits a distinct tropism for the male reproductive tract, demonstrating prolonged viral persistence in semen that facilitates sexual transmission and is linked to testicular damage and adverse congenital outcomes. The present study also addresses diagnostic considerations and therapeutic strategies in the context of urogenital sequelae associated with these viruses. Understanding the intricate molecular basis of these viral-caused sequelae is crucial for improving differential diagnosis and introducing targeted therapeutic strategies.",Monkeypox virus; SARS-CoV-2; Urogenital system; Zika virus
40767796,Preparing for the Next Pandemic: Designing Resilient Information-Sharing Systems in Acute Care.,"Jaskaran Karan Bains, Nicholas Stark, Jaskirat Dhanoa, Tuna Hayirli, Mai Vu, Michaela Kerrissey, Hemal Kanzaria, Christopher Peabody",Annals of emergency medicine. 2025. doi: 10.1016/j.annemergmed.2025.06.615..,Bains,Annals of emergency medicine,2026,2025/08/06,,,10.1016/j.annemergmed.2025.06.615,"STUDY OBJECTIVES: We describe a human-centered design process of creating a centralized digital information hub for information sharing in the emergency department (ED), called E∗Drive. We assessed its usage during the coronavirus 2019 (COVID-19) and monkeypox (Mpox) pandemics and discuss how to replicate a similar resource. METHODS: We recruited an interdisciplinary team of 6 clinicians and designers to build this digital tool with the guiding principles of reliability, agility, and accessibility. We compared average unique page views to our ED's previous clinical guideline system and tracked views alongside COVID-19 and Mpox case counts to assess E∗Drive usage during both pandemics. RESULTS: Our process simplified complex clinical guidelines into single-page, color-coded workflows that could be updated without specialized technical knowledge. After initial launch during the COVID-19 pandemic, E∗Drive (https://edrive.ucsf.edu) reached more than 61 unique daily users by February 2023. This infrastructure and process enabled proactive dissemination of Mpox resources well before case rates rose. Web traffic for our Mpox guidelines rose as San Francisco became the United States epicenter of Mpox, peaking at 126 unique daily views in a department staffed by 25 to 30 clinicians per day. CONCLUSION: By instituting a clear, replicable process for information dissemination and investing in human-centered design during the COVID-19 pandemic, we achieved clinician trust and adoption of a digital information hub. This enabled a more proactive response to the next infectious disease outbreak (Mpox). By using a similar process with off-the-shelf content creation tools, E∗Drive can be adapted to many different ED settings to improve information dissemination without specialized technological expertise.",COVID; Guidelines; Innovation; Mpox; Pandemic
39810237,Monkeypox: a re-emergent virus with global health implications - a comprehensive review.,"Nourhan G Naga, Enas A Nawar, A'laa A Mobarak, Aya G Faramawy, Hend M H Al-Kordy","Tropical diseases, travel medicine and vaccines. 2025. doi: 10.1186/s40794-024-00237-w..",Naga,"Tropical diseases, travel medicine and vaccines",2025,2025/01/15,,,10.1186/s40794-024-00237-w,"Monkeypox virus (MPXV) is an enclosed, double-stranded DNA virus from the Orthopoxvirus genus, which also contains variola, vaccinia, and cowpox. MPXV, which was once confined to West and Central Africa, has recently had a rebound, spreading beyond its original range since 2017. The virus is distinguished by its unique morphology, which includes an oval or brick-shaped structure and a complex lipid and protein makeup. The current multi-country outbreak designated a public health emergency in 2022, has highlighted MPXV's shifting epidemiology and ability to spread rapidly over the globe. 'No one is safe until everyone is safe' is a slogan we often heard during the COVID-19 pandemic, which is now also required for the growing global and regional mpox outbreaks. The epidemic is divided into two clades: Clade I and Clade II, which have distinct pathogenic characteristics. Diagnostic approaches have developed with advances in molecular techniques, yet problems persist in resource-constrained situations. This overview summarizes the virus's history, epidemiology, morphology, and clinical characteristics, offering insights into its recent comeback and current global response efforts.",Orthopoxvirus; Clade variability; Diagnostic methods; Epidemiology; Monkeypox Virus (MPXV)
37363720,Knowledge of mpox and its determinants among the healthcare personnel in Arabic regions: A multi-country cross-sectional study.,"Sarya Swed, Haidara Bohsas, Muhammad Mainuddin Patwary, Hidar Alibrahim, Amine Rakab, Abdulqadir J Nashwan, Wael Hafez, Noheir A I Hassan, Sheikh Shoib, Mohamed Elsayed, Bisher Sawaf, Mhd Kutaiba Albuni, Elias Battikh, Gihan Mustafa Kamal Mohamed, Adel AlBozom, Ebrahim Shaddad, Sherihan Fathey, Mila Nu Nu Htay, Sanjit Sah, Ivan Cherrez-Ojeda, Aroop Mohanty, Bijaya Kumar Padhi, Alfonso J Rodriguez-Morales, Aravind Gandhi P, Ranjit Sah",New microbes and new infections. 2023. doi: 10.1016/j.nmni.2023.101146..,Swed,New microbes and new infections,2023,2023/06/09,,,10.1016/j.nmni.2023.101146,"BACKGROUND & AIM: The monkeypox virus (MPXV), an Orthopoxvirus family member, is the zoonotic agent that causes mpox (formerly known as monkeypox). The ongoing mpox pandemic has caused cases across continents involving 110 countries. This study aimed to assess mpox knowledge and its determinants among healthcare personnel. METHODS: This cross-sectional study was conducted from June 6 to June 25, 2022, among 17 Arab countries. The self-administered questionnaire consists of 53 questions assessing the knowledge about the monkeypox virus. RESULTS: In total, 5874 medical students and clinical doctors from 17 Arab countries participated in this study. Only 13.8% (n = 812) of respondents have ever received information about mpox during their studies in medicine. The mean knowledge score was 13.84, and the median score was 15 (range 1-34). More than half (51.3%, n = 3012) have heard about mpox before. A low proportion of the participants had a good level of knowledge on mpox. Only 11.7% of respondents had correctly identified the natural host and the incubation period of mpox. More than half (58.9%) were aware of the signs and symptoms of mpox. Few respondents (28%) believed that mpox and smallpox have similar signs and symptoms. Specialist doctors had higher knowledge of mpox (AOR = 2.96, 95% CI = 2.24-3.92, p < 0.001) than other cadres. CONCLUSION: Mpox awareness among Arabic medical students and practitioners is low; hence immediate action in creating awareness among arab healthcare professionals is the need of the hour. This is crucial in the mpox early detection and prevention of its spread.",Awareness; Clinicians; Medical students; Middle East; Monkeypox
37363364,Monkeypox virus is nature's wake-up call: a bird's-eye view.,"Sanjit Boora, Suman Yadav, Kumari Soniya, Sulochana Kaushik, Jaya Parkash Yadav, Mihir Seth, Samander Kaushik",Virusdisease. 2023. doi: 10.1007/s13337-023-00826-x..,Boora,Virusdisease,2023,2023/05/26,,,10.1007/s13337-023-00826-x,"Several infections have emerged in humans, domestic animals, wildlife, and plant populations, causing a severe problem for humanity. Since the discovery of the Monkeypox virus (Mpox) in 1958 in Copenhagen, Denmark, it has resurfaced several times, producing severe infections in humans and resulting in a significant fatality rate. Mpox is an Orthopoxvirus of the Poxviridae family. This family contains various medically important viruses. The natural reservoir of Mpox is unknown yet. Mpox might be carried by African rodents and nonhuman primates (such as monkeys). The role of monkeys has been confirmed by its various outbreaks. The infection may be transferred from unidentified wild animals to monkeys, who can then spread it to humans by crossing species barriers. In close contact, human-to-human transmission is also possible. Mpox outbreaks have been documented regularly in Central and Western Africa, but recently in 2022, it has spread to over one hundred-six countries. There is no specific treatment for it, although the smallpox vaccine, antivirals, and vaccinia immune globulin help in the effective management of Mpox. In conclusion: Monkeypox poses a severe threat to public health due to the lack of specific vaccinations and effective antivirals. Surveillance studies in affected regions can assist in the early diagnosis of disease and help to control significant outbreaks. The present review provides information on epidemiology, clinical symptoms, risk factors, diagnosis, and preventive measures of Mpox.",Antiviral; Emerging viruses; Infectious diseases; Monkeypox virus; Orthopoxvirus
36950196,"Investigation of a mpox outbreak in Central African Republic, 2021-2022.","C Besombes, F Mbrenga, C Malaka, E Gonofio, L Schaeffer, X Konamna, B Selekon, J Namsenei-Dankpea, C Gildas Lemon, J Landier, C von Platen, A Gessain, J C Manuguerra, A Fontanet, E Nakouné","One health (Amsterdam, Netherlands). 2023. doi: 10.1016/j.onehlt.2023.100523..",Besombes,"One health (Amsterdam, Netherlands)",2023,2023/03/07,,,10.1016/j.onehlt.2023.100523,"Human monkeypox virus is spreading globally, and more information is required about its epidemiological and clinical disease characteristics in endemic countries. We report the investigation of an outbreak in November 2021 in Central African Republic (CAR). The primary case, a hunter, fell ill after contact with a non-human primate at the frontier between forest and savannah. The ensuing investigation in a small nearby town concerned two families and four waves of inter-human transmission, with 14 confirmed cases, 11 suspected cases and 17 non-infected contacts, and a secondary attack rate of 59.5% (25/42). Complications were observed in 12 of the 19 (63.2%) confirmed and suspected cases with available clinical follow-up data: eight cases of bronchopneumonia, two of severe dehydration, one corneal ulcer, one abscess, two cutaneous superinfections, and six cutaneous sequelae (cheloid scars, or depigmentation). There was one death, giving a case fatality ratio of 1/25 (4.0%) for confirmed and suspected cases. This outbreak, with the largest number of confirmed cases ever described in CAR, confirms the potential severity of the disease associated with clade I monkeypox viruses, and highlights the need for rapid control over virus circulation to prevent the further national and international spread of infection.",Central African Republic; Emerging infectious diseases; Monkeypox virus; Outbreak investigation; Surveillance; Zoonosis; mpox
41322099,Fatal Mpox Coinfection in Advanced AIDS: A Case Report.,"Yansi Lu, Xiaoshu Yu, Changjing Zhou, Shengyi Li, Zhaoshun Ou Yang, Yuanyuan Huang",Infection and drug resistance. 2025. doi: 10.2147/IDR.S546140..,Lu,Infection and drug resistance,2025,2025/11/25,,,10.2147/IDR.S546140,"The mpox virus (MPXV) is a zoonotic pathogen that has been causing a worldwide pandemic outbreak since 2022, posing a significant threat to global public health security. During this outbreak, monkeypox has been more prevalent among immunocompromised individuals, particularly those infected with HIV (Human Immunodeficiency Virus). We report a case of a 21-year-old male patient with advanced AIDS in China who developed severe complications, including skin tissue infection, proctitis, and conjunctivitis, following monkeypox infection. Despite early aggressive treatment, the patient ultimately succumbed to infectious shock and multiple organ failure. This case strongly underscores that such patients experience severe skin infections and rapid disease progression, necessitating urgent early recognition and treatment.",AIDS; clinical manifestations; differential diagnosis; mpox virus
41069596,Genomic variability and immunological aspects involved in response to MPXV infection.,"Simone La Frazia, Anna Rosa Garbuglia, Silvia Pauciullo, Verdiana Zulian, Paola Del Porto",Frontiers in pharmacology. 2025. doi: 10.3389/fphar.2025.1665830..,La,Frontiers in pharmacology,2025,2025/09/24,,,10.3389/fphar.2025.1665830,"Mpox, caused by the monkeypox virus (MPXV), is a zoonotic disease that has gained global relevance after the 2022-2024 outbreak. MPXV exists in two distinct clades: clade I, associated with higher virulence and mortality, and clade II, which demonstrated increased human-to-human transmission and adaptation. Clinically, Mpox presents with rash, fever, and lymphadenopathy, with severe complications in immunocompromised individuals. Genomic surveillance has revealed rapid evolution, partly driven by APOBEC3-mediated mutagenesis, especially within immune-modulating regions. Although smallpox vaccines like MVA-BN and ACAM2000 provide cross-protection against Mpox, the MVA-BN vaccine showed a more favourable safety profile, but variable effectiveness compared to replicating vaccines. Antiviral agents such as tecovirimat and cidofovir have been used off-label, but emerging resistance and limited clinical efficacy highlight an urgent need for MPXV-specific therapeutics. The current epidemiological scenario emphasizes the importance of novel antiviral development and optimized prophylactic strategies to improve clinical outcomes and global preparedness. This review aims to provide a comprehensive overview of the molecular biology, clinical features, the current drugs used to treat Mpox infection and the vaccines used to prevent the infection. It also discussing the limitations of these therapeutic tools and the improvements needed to enhance their efficacy.",Mpox; genome; pathogen characteristics; transmission; vaccines
36676198,"Current Insights into Diagnosis, Prevention Strategies, Treatment, Therapeutic Targets, and Challenges of Monkeypox (Mpox) Infections in Human Populations.","Mitesh Patel, Mohd Adnan, Abdu Aldarhami, Abdulrahman S Bazaid, Nizar H Saeedi, Almohanad A Alkayyal, Fayez M Saleh, Ibrahim B Awadh, Amir Saeed, Khalid Alshaghdali","Life (Basel, Switzerland). 2023. doi: 10.3390/life13010249..",Patel,"Life (Basel, Switzerland)",2023,2023/01/16,,,10.3390/life13010249,"In the wake of the emergence and worldwide respread of a viral infection called Monkeypox (Mpox), there is a serious threat to the health and safety of the global population. This viral infection was endemic to the western and central parts of Africa, but has recently spread out of this endemic area to various countries, including the United Kingdom (UK), Portugal, Spain, the United States of America (USA), Canada, Sweden, Belgium, Italy, Australia, Germany, France, the Netherlands, Israel, and Mexico. This is a timely review focusing on recent findings and developments in the epidemiology, clinical features, therapeutic targets, diagnosis, prevention mechanisms, research challenges and possible treatment for Mpox. To date (29 November 2022), there have been around 81,225 reported cases of Mpox. In most cases, this illness is mild; however, there is a fatality rate ranging from 1 to 10%, which might be increased due to associated complications and/or secondary infections. There is a real challenge in the diagnosis of Mpox, since its symptoms are very similar to those of other infections, including smallpox and chickenpox. Generally, to prevent/limit the risk and transmission of Mpox, the detection and isolation of infected individuals, as well as hand hygiene and cleanliness, are essential and effective approaches to control/combat this viral infection. Nevertheless, updated information about Mpox from different angles is lacking. Thus, this review provides updated and comprehensive information about the Mpox illness, which should highlight the global burden, pathogenicity, symptoms, diagnosis, prevention measures and possible treatment of this emerging disease.",Monkeypox virus; Mpox; emerging diseases; infectious diseases; orthopoxvirus; zoonotic disease
36845803,The study of human monkeypox disease in 2022 using the epidemic models: herd immunity and the basic reproduction number case.,Marwan Al-Raeei,Annals of medicine and surgery (2012). 2023. doi: 10.1097/MS9.0000000000000229..,Al-Raeei,Annals of medicine and surgery (2012),2023,2023/02/07,,,10.1097/MS9.0000000000000229,"As of May 2022, a new outbreak of the human monkeypox (MPOX) disease appeared in multiple countries, where the 2022 human MPOX disease spread to more than 109 cases, excluding the suspected cases up to the end of 2022. The deaths of the 2022 human MPOX exceeded 200 cases up to the same date. The human MPOX is not a new disease, this disease was once endemic in some countries on the African continent. Despite this, this disease began to spread in a number of countries around the world in 2022. The first case of the 2022 human MPOX was recorded in the United Kingdom in May. After that date, this disease began to become a pandemic in a number of other countries, such as the United States, Spain, and Brazil. The 2022 human MPOX is a type of viral disease caused by a viral virus, the MPOX virus, and this virus causes rashes and lesions over the skin of the patient, as well as in the mouth of the patient. Multiple effective indicators are employed for the study of the 2022 of the human MPOX, such as the herd immunity of the human MPOX (HIhMPOX), the basic reproduction number of the human MPOX (BRNhMPOX), and the infection period of the human MPOX. This study focuses on the study of the herd immunity of, and the basic reproduction number of the 2022 outbreak of human MPOX in multiple countries around the world. This study employed the semianalytical method of the Susceptible compartment S, Infectious compartment I, Recovered compartment R (SIR) pandemic model including the mortality for the study of the herd immunity, and the basic reproduction number of the 2022 human MPOX disease. It is found that the average value of the herd immunity for the human MPOX disease in 2022 equals to 0.2194, that is, 21.94% for multiple countries, and equals to 35.52% for the United States, and 30.99% for Spain. Also, it is found that the average value of the basic reproduction number of the 2022 human MPOX disease equals to 1.2810 for multiple countries. It is concluded from these values that 21.94% of the total susceptible population has to be immunized in an effective way to prevent the spreading of the disease. Also, based on the previous values, it is concluded that the status of the 2022 MPOX disease is spreading as a pandemic.",MPOX; MSM; disease outbreak; epidemic; gay; herd immunity; human monkeypox; models; pox viruses; the basic reproduction number
39338547,Update of the Genetic Variability of Monkeypox Virus Clade IIb Lineage B.1.,"Fabio Scarpa, Ilenia Azzena, Alessandra Ciccozzi, Francesco Branda, Chiara Locci, Maria Perra, Noemi Pascale, Chiara Romano, Giancarlo Ceccarelli, Giuseppe Terrazzano, Pier Luigi Fiori, Massimo Ciccozzi, Marco Casu, Daria Sanna",Microorganisms. 2024. doi: 10.3390/microorganisms12091874..,Scarpa,Microorganisms,2024,2024/09/11,,,10.3390/microorganisms12091874,"From 1 January 2022 to 31 May 2024, the World Health Organization (WHO) reported 97,745 laboratory-confirmed Mpox cases, including 203 deaths, across 116 countries. Despite a 2.3% decrease in new cases in May 2024 compared to April 2024, significant regional variations persist. The African Region reported the highest proportion of new cases, while other regions experienced mixed trends. Phylogenomic analyses of the Mpox virus Clade IIb lineage B.1 reveal stable genetic variability with minimal diversification. The Bayesian Skyline Plot indicates a generally stable viral population size with a modest peak in late 2023, followed by a decline. In general, the data indicate that the MPXV outbreak is primarily localized within a few consistent geographic clusters. The virus's evolution is relatively slow, as indicated by its stable genetic variability, and Clade IIb lineage B.1 does not currently show signs of rapid genetic changes or population growth. The current low level of genetic diversity should not lead to complacency. Ongoing genomic surveillance is essential for effective outbreak management and understanding. This monitoring is crucial for identifying any shifts in the virus's behavior or transmission, allowing for prompt public health responses and adjustments. In addition, continued vigilance is necessary to detect any new variants that might influence the outbreak's trajectory.",clade IIb; genetics; genome-based surveillance; lineage B.1; molecular epidemiology; monkeypox; phylodynamic; phylogeny; zoonotic disease
39225854,Zero-covid advocacy during the COVID-19 pandemic: a case study of views on Twitter/X.,"Kasper P Kepp, Kevin Bardosh, Tijl De Bie, Louise Emilsson, Justin Greaves, Tea Lallukka, Taulant Muka, J Christian Rangel, Niclas Sandström, Michaéla C Schippers, Jonas Schmidt-Chanasit, Tracy Vaillancourt",Monash bioethics review. 2024. doi: 10.1007/s40592-024-00205-2..,Kepp,Monash bioethics review,2024,2024/09/03,,,10.1007/s40592-024-00205-2,"During the COVID-19 pandemic, many advocacy groups and individuals criticized governments on social media for doing either too much or too little to mitigate the pandemic. In this article, we review advocacy for COVID-19 elimination or ""zero-covid"" on the social media platform X (Twitter). We present a thematic analysis of tweets by 20 influential co-signatories of the World Health Network letter on ten themes, covering six topics of science and mitigation (zero-covid, epidemiological data on variants, long-term post-acute sequelae (Long COVID), vaccines, schools and children, views on monkeypox/Mpox) and four advocacy methods (personal advice and promoting remedies, use of anecdotes, criticism of other scientists, and of authorities). The advocacy, although timely and informative, often appealed to emotions and values using anecdotes and strong criticism of authorities and other scientists. Many tweets received hundreds or thousands of likes. Risks were emphasized about children's vulnerability, Long COVID, variant severity, and Mpox, and via comparisons with human immunodeficiency viruses (HIV). Far-reaching policies and promotion of remedies were advocated without systematic evidence review, or sometimes, core field expertise. We identified potential conflicts of interest connected to private companies. Our study documents a need for public health debates to be less polarizing and judgmental, and more factual. In order to protect public trust in science during a crisis, we suggest the development of mechanisms to ensure ethical guidelines for engagement in ""science-based"" advocacy, and consideration of cost-benefit analysis of recommendations for public health decision-making.",Advocacy; Pandemic; Science; Social media; Zero-covid
39222653,Global wastewater surveillance for pathogens with pandemic potential: opportunities and challenges.,"Nicholas C Grassly, Alexander G Shaw, Michael Owusu",The Lancet. Microbe. 2024. doi: 10.1016/j.lanmic.2024.07.002..,Grassly,The Lancet. Microbe,2025,2024/08/30,,,10.1016/j.lanmic.2024.07.002,"Wastewater surveillance holds great promise as a sensitive method to detect spillover of zoonotic infections and early pandemic emergence, thereby informing risk mitigation and public health response. Known viruses with pandemic potential are shed in human stool or urine, or both, and the experiences with SARS-CoV-2, monkeypox virus, and Zika virus highlight the feasibility of community-based wastewater surveillance for pandemic viruses that have different transmission routes. We reviewed human shedding and wastewater surveillance data for prototype viruses representing viral families of concern to estimate the likely sensitivity of wastewater surveillance compared with that of clinical surveillance. We examined how data on wastewater surveillance detection, together with viral genetic sequences and animal faecal biomarkers, could be used to identify spillover infections or early human transmission and adaptation. The opportunities and challenges associated with global wastewater surveillance for the prevention of pandemics are described in this Personal View, focusing on low-income and middle-income countries, where the risk of pandemic emergence is the highest. We propose a research and public health agenda to ensure an equitable and sustainable solution to these challenges.",[MeSH] Humans; [MeSH] Wastewater; [MeSH] Pandemics; [MeSH] Animals; [MeSH] COVID-19; [MeSH] SARS-CoV-2; [MeSH] Zoonoses; [MeSH] Feces; [MeSH] Global Health; [MeSH] Viruses; [MeSH] Wastewater-Based Epidemiological Monitoring
37602673,Non-A to E hepatitis in children: Detecting a novel viral epidemic during the COVID-19 pandemic.,Harald Brüssow,Microbial biotechnology. 2023. doi: 10.1111/1751-7915.14329..,Brüssow,Microbial biotechnology,2023,2023/08/21,,,10.1111/1751-7915.14329,"During the COVID-19 pandemic, two further novel viral epidemics were described in 2022, monkeypox virus infections in men having sex with men and non-A to E hepatitis in children. The latter occurred in the first half of 2022 with about 1000 cases worldwide, necessitating liver transplantation in 5% and causing death in 2% of patients. It took some effort to clarify the cause of the novel hepatitis epidemic. Researchers were confronted with a polymicrobial viral infection consisting of an adenovirus-associated virus type 2 (AAV2) infection, co-occurring with either human adenovirus type 41 (HAdV41) or herpesvirus infections; most prominently human herpesvirus type 6 (HHV-6). AAV-2, a small Dependovirus of the Parvovirus family, needs these helper viruses for its replication. AAV2 is used as a vector for liver-targeting gene therapy but was not previously known to cause acute hepatitis. HAdV41 and HHV-6 are mostly known to cause diarrhoea and febrile illnesses associated with skin rashes in children, respectively. Except for a few case reports of HHV-6 hepatitis, HAdV and HHV-6 are mostly known as major pathogens in immunosuppressed transplantation patients. A potential role of SARS-CoV-2 has also been discussed but the most popular hypothesis involves an indirect role of the COVID-19 pandemic for this novel disease. Exposure to HHV-6 infections occurs nearly quantitatively during the first year of life. Social distancing measures, followed by the lifting of these measures in 2022 might have caused a delayed exposure to multiple, normally benign childhood viral infections eliciting a dysregulated immune response with pathological effects for liver cells. In the fall of 2022, when these conditions were not longer met, case numbers dwindled. The hypothesis of an unequilibrated immune response instead of intrinsic cytopathic activity of the implicated viruses is further supported by the enrichment of a particular HLA allele in cases over controls.","[MeSH] Child; [MeSH] Humans; [MeSH] Male; [MeSH] COVID-19; [MeSH] Pandemics; [MeSH] Roseolovirus Infections; [MeSH] Virus Diseases; [MeSH] Herpesvirus 6, Human; [MeSH] Adenoviruses, Human"
41180764,An indigenous monkeypox (Mpox) case in a non-endemic region: a case report.,"Irshad Ali Roghani, Sadaf Jamil, Iftikhar Ud-Din, Miraj Ahmad, Muhammad Aamir Khan, Shehryar Azad, Samim Noori, Sardar Noman Qayyum",Annals of medicine and surgery (2012). 2025. doi: 10.1097/MS9.0000000000003727..,Roghani,Annals of medicine and surgery (2012),2025,2025/08/12,,,10.1097/MS9.0000000000003727,"INTRODUCTION AND IMPORTANCE: Mpox, a zoonotic viral infection caused by the Monkeypox virus, has recently emerged as a global public health concern. Mpox cases are increasingly being reported in non-endemic regions. In this manuscript, we report an indigenous case of Mpox in a non-endemic region with unusual clinical presentation. CASE PRESENTATION: A 32-year-old female, residing in District Khyber, presented with a 4-day history of fever, fatigue, myalgia, sore throat, body rashes, oral and nasopharyngeal lesions, and widespread vesiculopustular eruptions. She was diagnosed with monkeypox on 21 February 2025. Her husband recently returned from Saudi Arabia, and was suspected to be the primary source of infection. The patient had no history of animal contact, recent vaccination or immunocompromising conditions. CLINICAL DISCUSSION: The patient was isolated at a tertiary care hospital, and a multidisciplinary public health response was initiated. The patient received supportive treatment, including antipyretics, analgesics, and fluid management. Infection prevention, and control measures were taken. The patient gradually improved and resulted in complete resolution of symptoms in three weeks. CONCLUSION: Indigenous cases of Mpox are an emerging challenge. Early identification, accurate diagnosis, and supportive care are crucial to reduce mortality and prevent outbreak.",PCR; case report; indigenous cases; mpox; viral exanthema
36800222,The health of influenza surveillance and pandemic preparedness in the wake of the COVID-19 pandemic.,"Rodney Stuart Daniels, John William McCauley",The Journal of general virology. 2023. doi: 10.1099/jgv.0.001822..,Daniels,The Journal of general virology,2023,2023/02/01,,,10.1099/jgv.0.001822,"The COVID-19 pandemic is the first to have emerged when Next Generation Sequencing was readily available and it has played the major role in following evolution of the causative agent, Severe Acute Respiratory Syndrome Coronavirus 2. Response to the pandemic was greatly facilitated though use of existing influenza surveillance networks: World Health Organization (WHO) Global Influenza Surveillance and Response System (GISRS), focussing largely on human influenza, and the OFFLU network of expertise on avian influenza established by the Food and Agricultural Organization of the United Nations (FAO) and the World Organization for Animal Health (WOAH). Data collection/deposition platforms associated with these networks, notably WHO's FluNet and the Global Initiative on Sharing All Influenza Data (GISAID) were/are being used intensely. Measures introduced to combat COVID-19 resulted in greatly decreased circulation of human seasonal influenza viruses for approximately 2 years, but circulation continued in the animal sector with an upsurge in the spread of highly pathogenic avian influenza subtype H5N1 with large numbers of wild bird deaths, culling of many poultry flocks and sporadic spill over into mammalian species, including humans, thereby increasing pandemic risk potential. While there are proposals/implementations to extend use of GISRS and GISAID to other infectious disease agents (e.g. Respiratory Syncytial Virus and Monkeypox), there is need to ensure that influenza surveillance is maintained and improved in both human and animal sectors in a sustainable manner to be truly prepared (early detection) for the next influenza pandemic.",Influenza; pandemic preparedness; sustainable surveillance
38801569,Poxviruses from the Concept of One Health.,"Laith Al-Eitan, Mountaser Haddad, Ahmad Mihyar",Advances in experimental medicine and biology. 2024. doi: 10.1007/978-3-031-57165-7_2..,Al-Eitan,Advances in experimental medicine and biology,2024,2024/01/01,,,10.1007/978-3-031-57165-7_2,"In the last 4 years, the world has experienced two pandemics of bat-borne viruses. Firstly, in 2019 the SARS-CoV-2 pandemic started and has been causing millions of deaths around the world. In 2022, a Monkeypox pandemic rose in various countries of the world. Those pandemics have witnessed movements and initiatives from healthcare and research institutions to establish a worldwide understanding to battle any future pandemics and biological threats. One Health concept is a modern, comprehensive, unifying ways to improve humans, animals, and ecosystems' health. This concept shows how much they are intertwined and related to one another, whether it is an environmental, or a pathological relation. This review aims to describe Poxviridae and its impact on the One Health concept, by studying the underlying causes of how poxviruses can affect the health of animals, humans, and environments. Reviewing the effect of disease transmission between animal to human, human to human, and animal to animal with pox viruses as a third party to achieve a total understanding of infection and viral transmission. Thus, contributing to enhance detection, diagnosis, research, and treatments regarding the application of One Health.",Monkeypoxvirus; One Health; Orthopoxvirus; Poxvirus; Smallpox virus; Zoonosis
37123718,The Threat of Impending Pandemics: A Proactive Approach.,"Baijayantimala Mishra, Sutapa Rath, Monalisa Mohanty, Prasanta R Mohapatra",Cureus. 2023. doi: 10.7759/cureus.36723..,Mishra,Cureus,2023,2023/03/27,,,10.7759/cureus.36723,"The incessant occurrence of devastating health-related events, either on a large scale, such as pandemics, or in a local community in the form of sporadic outbreaks due to infectious agents, warrants a rapid, target-oriented, well-organized response team to combat the demonic consequences. While the world has been recovering from the clutches of the recent disastrous COVID-19 pandemic, the struggles against novel emerging and re-emerging pathogens such as monkeypox (mpox), newer evolving strains of influenza, Ebola, Zika, and the yellow fever virus continue to date. Therefore, a multisectoral, intercontinental, collaborative, interdisciplinary, and highly dedicated approach should always be implemented to achieve optimal health and avert future threats.",influenza; mers; pandemic; preparedness; sars; zoonosis
37736424,The Biosafety Research Road Map: The Search for Evidence to Support Practices in the Laboratory-Mpox/Monkeypox Virus.,"Stuart D Blacksell, Sandhya Dhawan, Marina Kusumoto, Kim Khanh Le, Kathrin Summermatter, Joseph O'Keefe, Joseph Kozlovac, Salama Suhail Al Muhairi, Indrawati Sendow, Christina M Scheel, Anthony Ahumibe, Zibusiso M Masuku, Allan M Bennett, Kazunobu Kojima, David R Harper, Keith Hamilton",Applied biosafety : journal of the American Biological Safety Association. 2023. doi: 10.1089/apb.2022.0045..,Blacksell,Applied biosafety : journal of the American Biological Safety Association,2023,2023/09/12,,,10.1089/apb.2022.0045,"INTRODUCTION: The virus formerly known as monkeypox virus, now called mpoxv, belongs to the Orthopoxvirus genus and can cause mpox disease through both animal-to-human and human-to-human transmission. The unexpected spread of mpoxv among humans has prompted the World Health Organization (WHO) to declare a Public Health Emergency of International Concern (PHEIC). METHODS: We conducted a literature search to identify the gaps in biosafety, focusing on five main areas: how the infection enters the body and spreads, how much of the virus is needed to cause infection, infections acquired in the lab, accidental release of the virus, and strategies for disinfecting and decontaminating the area. DISCUSSION: The recent PHEIC has shown that there are gaps in our knowledge of biosafety when it comes to mpoxv. We need to better understand where this virus might be found, how much of it can spread from person-to-person, what are the effective control measures, and how to safely clean up contaminated areas. By gathering more biosafety evidence, we can make better decisions to protect people from this zoonotic agent, which has recently become more common in the human population.",biosafety evidence; biosafety knowledge gaps; mpox; mpox virus; pathogen characteristics
36721442,"The Mpox, serious menace, or paper tiger?","Shahram Jalilian, Mohammad-Navid Bastani",Iranian journal of microbiology. 2022. doi: 10.18502/ijm.v14i6.11251..,Jalilian,Iranian journal of microbiology,2022,2022/12/01,,,10.18502/ijm.v14i6.11251,"One of the most horrible diseases in history, Smallpox is caused by the Variola from Poxvirus family, has caused great morbidity and mortality along the way since it was eradicated in the 20th century. During and after the eradication program for Variola, other Poxviruses such as the Monkeypox (Mpox) virus, which causes a smallpox-like disease, became flagrant. With its long range of enzymes and proteins, poxviruses are effectively resisting hostile immune system attacks and disrupting cell signaling pathways. After Smallpox vaccination, cross-reaction immunity develops between Orthopoxviruses. Mpox is indeed an African endemic virus; however, increasing and emerging cases have been reported globally in recent years. According to Smallpox eradication in the 1970s and vaccination ceasing, nowadays centerpieces of the world population are vulnerable to Mpox virus. Our knowledge of Mpox is severely limited due to the lack of regular surveillance methods. Increasing education, boosting surveillance, and developing diagnostic competence is the most significant policies for improving identification, treatment, and restricting further virus spread. So Mpox can play a double-edge blade role in which without monitoring and increasing awareness it could be horrific and with public awareness and boosting surveillance it could be a paper tiger. This article reviewed previous reports about the Mpox merge from PubMed and google scholar from 2018 to June 2022.",Monkeypox; Mpox; Poxviruses; Smallpox; Vaccinia; Variola
38013719,Preparedness for a monkeypox outbreak.,"Qin Luo, Jun Han",Infectious medicine. 2022. doi: 10.1016/j.imj.2022.07.001..,Luo,Infectious medicine,2022,2022/07/19,,,10.1016/j.imj.2022.07.001,"In light of the ongoing COVID-19 pandemic, the unexpected outbreak and worldwide spread of monkeypox has gained global attention. As of June 22, 2022, there were 3340 confirmed cases of monkeypox globally, which is the largest and most widespread monkeypox epidemic outside Africa. Monkeypox virus (MPXV) is transmitted from human-to-human through direct contact with infectious skin or mucosal skin lesions, respiratory droplets, or indirect contact with contaminated objects or materials, as well as mother-to-child vertical transmission. It is also possibly sexually transmitted through semen/vaginal fluid, and the possibility of community transmission cannot be ruled out. Monkeypox is a viral zoonotic disease caused by MPXV, which is an enveloped, linear, double-stranded DNA virus belonging to the Orthopoxvirus genus, of the Chordopoxvirinae subfamily, within the Poxviridae family. Monkeypox is usually a self-limiting infection, with symptoms lasting 2-4 weeks, and has a fatality rate that has historically fluctuated from 0% to 11%. Symptoms of monkeypox include intense headaches, fever, lesions, and lymphadenopathy. Although there is no specific treatment or vaccine for MPXV infection, antiviral drugs and vaccines for smallpox have been approved for use in several countries in response to the monkeypox outbreak. Before the virus can be allowed to establish efficient person-to-person transmission, rapid action must be taken to contain the local spread and, by extension, the multi-country outbreak of monkeypox.",Infection; Monkeypox virus; Outbreak; Treatment
40901148,Potential of MRNA vaccines for mpox prevention: current evidence and future directions.,"Toufik Abdul-Rahman, Ogungbemi Evelyn Faith, Oyinbolaji Akinwande Ajetunmobi, Hala Ibrahim Thaalibi, Chinelo Geraldine Ikele, Gargi Gautam, Faith Olanrewaju Omotayo, Poulami Roy, Alhazan Amir Adebayo, Muslimat Abolore Mojeed, Tolulope Taiwo Kareem, Halima Ibrahim Ali, Rebecca Grace Atieno, Esther Oluwafeyisayo Ademeta, Neil Garg, Patrick Ashinze, Godfred Yawson Scott",Annals of medicine and surgery (2012). 2025. doi: 10.1097/MS9.0000000000003558..,Abdul-Rahman,Annals of medicine and surgery (2012),2025,2025/07/10,,,10.1097/MS9.0000000000003558,"In 2022, the presumption of monkeypox (mpox) to be of limited epidemiology shifted when a global outbreak was announced. Being a member of the Orthopoxvirus genus in the Poxviridae family, it'd been reported in over 82 countries with over 17 000 confirmed cases by July 2022, thus showing its capability for spreading rapidly. As the smallpox vaccine offers 85% cross-immunity against mpox, the outbreak highlighted the attenuation of global immunity against orthopoxviruses after the cessation of vaccination campaigns against smallpox. The mortality of this virus is higher in vulnerable populations such as children, pregnant women, the elderly, and immunosuppressed individuals. With treatment methods being limited to off-label use of antivirals, the need for urgent and efficient preventative measures is emphasized. At present, JYNNEOS (Modified Vaccinia Ankara-Bavarian Nordic), showing favorable safety, and ACAM2000, a live attenuated virus with a high risk of side effects, are two vaccines that are indicated for mpox immunization. However, neither of them has proven full safety, efficacy, and widespread accessibility against mpox. Hence, the use of mRNA vaccines has emerged as a better alternative to traditional vaccinations, as they leverage synthetic messenger RNA to instruct host cells to produce antigens, eliciting both humoral and cellular immune responses. Though they provided rapid scalability, adaptability to emerging viral variants, and an established safety profile after the COVID-19 pandemic, their usage in preventing mpox remains an area of research. This paper elucidates the potential of mRNA technology to address the unmet needs in mpox prevention. It also highlights the need for genomic surveillance, immunological insights, and innovative delivery systems.",COVID-19; mRNA vaccines; monkeypox
37341132,Viral evasion of the interferon response at a glance.,"Junji Zhu, Cindy Chiang, Michaela U Gack",Journal of cell science. 2023. doi: 10.1242/jcs.260682..,Zhu,Journal of cell science,2023,2023/06/21,,,10.1242/jcs.260682,"Re-emerging and new viral pathogens have caused significant morbidity and mortality around the world, as evidenced by the recent monkeypox, Ebola and Zika virus outbreaks and the ongoing COVID-19 pandemic. Successful viral infection relies on tactical viral strategies to derail or antagonize host innate immune defenses, in particular the production of type I interferons (IFNs) by infected cells. Viruses can thwart intracellular sensing systems that elicit IFN gene expression (that is, RIG-I-like receptors and the cGAS-STING axis) or obstruct signaling elicited by IFNs. In this Cell Science at a Glance article and the accompanying poster, we review the current knowledge about the major mechanisms employed by viruses to inhibit the activity of intracellular pattern-recognition receptors and their downstream signaling cascades leading to IFN-based antiviral host defenses. Advancing our understanding of viral immune evasion might spur unprecedented opportunities to develop new antiviral compounds or vaccines to prevent viral infectious diseases.",Innate immunity; Interferon; Intracellular sensors; Viral evasion
36128260,"Monkeypox outbreak amidst COVID-19 reemergence in the European Region: Challenges, efforts, and recommendations.","Amna Binte Zaheer, Tehreem Ali, Areeba Ashfaq, Adina Jabeen",Annals of medicine and surgery (2012). 2022. doi: 10.1016/j.amsu.2022.104657..,Zaheer,Annals of medicine and surgery (2012),2022,2022/09/16,,,10.1016/j.amsu.2022.104657,"Monkeypox (MPX), caused by the Monkeypox virus (MPXV), is an endemic disease in African countries and is currently causing outbreaks in several European regions, amidst a recent surge in new COVID-19 cases. This can significantly impact already exhausted healthcare services, adding on to the economic and social burdens in the region. A lack of sufficient laboratory diagnostics, antivirals, vaccines may hinder effective clinical management of affected patients. Therefore, it is essential to increase awareness about MPX and its transmission among the general population, to ensure necessary precautions are taken and new cases are reported swiftly. This article discusses the impact of MPXV on the current reemergence of COVID-19 in Europe, lessons learnt during the COVID-19 pandemic and recommendations to address potential challenges.","COVID-19; HCW, Healthcare workers; MPX, Monkey pox; MPXV, Monkey pox virus; Monkeypox virus; Outbreak; Pandemic"
41406676,The epidemiology of pathogens with pandemic potential: A review of key parameters and clustering analysis.,"Jack Ward, Oswaldo Gressani, Sol Kim, Niel Hens, W John Edmunds",Epidemics. 2025. doi: 10.1016/j.epidem.2025.100882..,Ward,Epidemics,2026,2025/12/13,,,10.1016/j.epidem.2025.100882,"INTRODUCTION: In the light of the COVID-19 pandemic many countries are trying to widen their pandemic planning from its traditional focus on influenza. However, it is impossible to draw up detailed plans for every pathogen with epidemic potential. We set out to try to simplify this process by reviewing the epidemiology of a range of pathogens with pandemic potential and seeing whether they fall into groups with shared epidemiological traits. METHODS: We reviewed the epidemiological characteristics of 19 different pathogens with pandemic potential (those on the WHO priority list of pathogens, different strains of influenza and Mpox). We extracted data on key parameters (reproduction number serial interval, proportion of presymptomatic transmission, case fatality risk and transmission route) and applied an unsupervised learning algorithm. This combined Monte Carlo sampling with ensemble clustering to classify pathogens into distinct epidemiological archetypes based on their shared characteristics. RESULTS: From 154 articles we extracted 302 epidemiological parameter estimates. The clustering algorithms categorise these pathogens into six archetypes (1) highly transmissible Coronaviruses, (2) moderately transmissible Coronaviruses, (3) high-severity contact and zoonotic pathogens, (4) Influenza viruses (5) MERS-CoV-like and (6) MPV-like. CONCLUSION: Unsupervised learning on epidemiological data can be used to define distinct pathogen archetypes. This method offers a valuable framework to allocate emerging and novel pathogens into defined groups to evaluate common approaches for their control.",Blueprint pathogens; Epidemiology; Infectious diseases; Pandemic preparedness
36979936,"Demographic, Epidemiologic, and Clinical Characteristics of Human Monkeypox Disease Pre- and Post-2022 Outbreaks: A Systematic Review and Meta-Analysis.","Hossein Hatami, Parnian Jamshidi, Mahta Arbabi, Seyed Amir Ahmad Safavi-Naini, Parisa Farokh, Ghazal Izadi-Jorshari, Benyamin Mohammadzadeh, Mohammad Javad Nasiri, Milad Zandi, Amirhossein Nayebzade, Leonardo A Sechi",Biomedicines. 2023. doi: 10.3390/biomedicines11030957..,Hatami,Biomedicines,2023,2023/03/20,,,10.3390/biomedicines11030957,"(1) Background: In early May 2022, an increasing number of human monkeypox (mpox) cases were reported in non-endemic disparate regions of the world, which raised concerns. Here, we provide a systematic review and meta-analysis of mpox-confirmed patients presented in peer-reviewed publications over the 10 years before and during the 2022 outbreak from demographic, epidemiological, and clinical perspectives. (2) Methods: A systematic search was performed for relevant studies published in Pubmed/Medline, Embase, Scopus, and Google Scholar from 1 January 2012 up to 15 February 2023. Pooled frequencies with 95% confidence intervals (CIs) were assessed using the random or fixed effect model due to the estimated heterogeneity of the true effect sizes. (3) Results: Out of 10,163 articles, 67 met the inclusion criteria, and 31 cross-sectional studies were included for meta-analysis. Animal-to-human transmission was dominant in pre-2022 cases (61.64%), but almost all post-2022 reported cases had a history of human contact, especially sexual contact. The pooled frequency of MSM individuals was 93.5% (95% CI 91.0-95.4, I2: 86.60%) and was reported only in post-2022 included studies. The male gender was predominant in both pre- and post-2022 outbreaks, and the mean age of confirmed cases was 29.92 years (5.77-41, SD: 9.38). The most common clinical manifestations were rash, fever, lymphadenopathy, and malaise/fatigue. Proctalgia/proctitis (16.6%, 95% CI 10.3-25.6, I2: 97.76) and anal/perianal lesions (39.8%, 95% CI 30.4-49.9, I2: 98.10) were the unprecedented clinical manifestations during the 2022 outbreak, which were not described before. Genitalia involvement was more common in post-2022 mpox patients (55.6%, 95% CI 51.7-59.4, I2: 88.11). (4) Conclusions: There are speculations about the possibility of changes in the pathogenic properties of the virus. It seems that post-2022 mpox cases experience a milder disease with fewer rashes and lower mortality rates. Moreover, the vast majority of post-2022 cases are managed on an outpatient basis. Our study could serve as a basis for ongoing investigations to identify the different aspects of previous mpox outbreaks and compare them with the current ones.",clinical manifestations; lymphadenopathy; monkeypox; mortality; mpox; outbreak; rash
41831617,Surface sampling pre- and post-decontamination in UK hospital rooms occupied by a 2021 household cluster of clade IIb mpox cases.,"S Gould, B Atkinson, O Onianwa, A Spencer, J Furneaux, M-C Hoyle, A Bennett, H Adler, T Wingfield, S Marshall, W Wong, D Porter, M Beadsworth, J Dunning, T E Fletcher",The Journal of hospital infection. 2026. doi: 10.1016/j.jhin.2026.01.030..,Gould,The Journal of hospital infection,2026,2026/03/12,,,10.1016/j.jhin.2026.01.030,"BACKGROUND: In 2021, an adult with mpox clade IIb infection was admitted to a UK teaching hospital within the High Consequence Infectious Diseases (HCID) network 14 days after travelling from Nigeria and 12 days after onset of symptoms. Subsequently, two household contacts (one adult and one child) developed confirmed symptomatic mpox infection, and were admitted to the same HCID ward for management. METHODS: Environmental swabs of high-touch and low-touch surfaces were collected, including sampling before and after terminal decontamination. RESULTS: In total, monkeypox virus was detected in 72 of 222 (32.4%) samples collected by quantitative polymerase chain reaction (qPCR). Of samples collected from rooms occupied by cases with active infection, where both pre- and post-decontamination results were available, 65% of samples were positive pre-decontamination and 5% were positive post-decontamination. Environmental sampling was also conducted in a suite occupied by asymptomatic contacts and a recovered case; nine of 43 (20.9%) samples were positive during occupation and pre-decontamination, and one of 27 (3.7%) samples was positive post-decontamination. There was variation in the proportion of positive environmental swabs pre-decontamination (14-100%) and post-decontamination (0-15%) between cases. Post-decontamination, there was a reduction in qPCR-positive samples, and where samples remained positive, the level of nucleic acid detected decreased. Viral isolation was attempted in 13 of 72 qPCR-positive samples, and viable virus was identified in two samples. One of these samples was collected from a suite not occupied by any person with active infection. CONCLUSION: This study establishes the utility of environmental sampling around mpox cases to measure infection prevention and control measures, including the efficacy of cleaning protocols used.",Environmental decontamination; Environmental sampling; Infection prevention and control; mpox
36290539,Current and Perspective Sensing Methods for Monkeypox Virus.,"Ijaz Gul, Changyue Liu, Xi Yuan, Zhicheng Du, Shiyao Zhai, Zhengyang Lei, Qun Chen, Muhammad Akmal Raheem, Qian He, Qiuyue Hu, Chufan Xiao, Zhang Haihui, Runming Wang, Sanyang Han, Ke Du, Dongmei Yu, Can Yang Zhang, Peiwu Qin","Bioengineering (Basel, Switzerland). 2022. doi: 10.3390/bioengineering9100571..",Gul,"Bioengineering (Basel, Switzerland)",2022,2022/10/18,,,10.3390/bioengineering9100571,"The outbreak of the monkeypox virus (MPXV) in non-endemic countries is an emerging global health threat and may have an economic impact if proactive actions are not taken. As shown by the COVID-19 pandemic, rapid, accurate, and cost-effective virus detection techniques play a pivotal role in disease diagnosis and control. Considering the sudden multicountry MPXV outbreak, a critical evaluation of the MPXV detection approaches would be a timely addition to the endeavors in progress for MPXV control and prevention. Herein, we evaluate the current MPXV detection methods, discuss their pros and cons, and provide recommended solutions to the problems. We review the traditional and emerging nucleic acid detection approaches, immunodiagnostics, whole-particle detection, and imaging-based MPXV detection techniques. The insights provided in this article will help researchers to develop novel techniques for the diagnosis of MPXV.",LAMP; RPA; diagnosis; immunoassay; monkeypox; real-time PCR
36890994,Healthcare system preparedness for the next pandemic beyond COVID-19 situation.,"Tungki Pratama Umar, Al Kamal Muhammad Shafiul Kadir, Yasmine Adel Mohammed, Mounir Ould Setti",Journal of preventive medicine and hygiene. 2022. doi: 10.15167/2421-4248/jpmh2022.63.4.2786..,Umar,Journal of preventive medicine and hygiene,2022,2022/12/31,,,10.15167/2421-4248/jpmh2022.63.4.2786,,COVID-19; Healthcare; Monkeypox; Pandemic
35967174,"Monkeypox: A Review of Clinical Features, Diagnosis, and Treatment.","Asfand Yar Cheema, Oboseh J Ogedegbe, Mishaal Munir, Gabriel Alugba, Tioluwani K Ojo",Cureus. 2022. doi: 10.7759/cureus.26756..,Cheema,Cureus,2022,2022/07/11,,,10.7759/cureus.26756,"Monkeypox virus (MPXV) is an enveloped double-stranded DNA virus that results in a smallpox-like human disease. This causative organism belongs to the Orthopoxvirus genus. It is known to affect the neurological, respiratory, and gastrointestinal systems. The past few decades have seen endemic outbreaks of this viral infection due to the eradication of smallpox and subsequent laxity in vaccination efforts. Since it was initially diagnosed in 1970 in the Democratic Republic of Congo, it has spread to many countries worldwide, including the United States of America, becoming a disease of significant epidemiological importance. The most recent outbreak occurred in 2022. Although this viral disease is considered self-limiting, it poses serious public health concerns due to its complications and pandemic potential. This review will introduce a general overview of MPXV and describe the epidemiology, clinical features, evaluation, and treatment of monkeypox patients. It will also provide a means to raise awareness among primary and secondary healthcare providers. Furthermore, our review focuses on the most up-to-date clinical information for the effective management, prevention, and counselling of monkeypox patients worldwide.",animal-human transmission; endemic; human-human transmission; monkeypox; mpxv; orthopoxvirus; outbreaks; viruses
36932335,"Monkeypox epidemiology, clinical presentation, and transmission: a systematic review.","Ashima Sharma, Hari Prasad, Nidhi Kaeley, Aparna Bondalapati, Lokesh Edara, Y Ajay Kumar",International journal of emergency medicine. 2023. doi: 10.1186/s12245-023-00491-3..,Sharma,International journal of emergency medicine,2023,2023/03/17,,,10.1186/s12245-023-00491-3,"BACKGROUND: The new zoonotic viral infection, monkeypox, is a global health issue. Our study aimed at studying the epidemiology, clinical presentation, complications, case fatality rate, and transmission among the present cases of monkeypox infection. METHODS: Articles were searched in PubMed, Google Scholar, and Science Direct databases using the keywords ""Monkeypox"" [MeSH] or ""Monkeypox virus"" (MeSH). Narrative reviews, conference abstracts, commentaries, and articles in languages other than English were excluded. RESULTS: From three databases, 1442 studies were identified. Seven hundred ten articles were excluded because they included data before 2022, leaving 732 items for screening. After filtering 320 data due to data duplication, 412 remained. Due to the inclusion of systematic reviews, meta-analyses, reviews, comments, and articles in languages other than English, 257 were excluded. Eligibility based on full-text review was applied to the remaining 155, excluding 129. So, the study covered a total of remaining 26 articles. We studied 2352 confirmed cases from published literature, accounting for approximately 4% of infected cases worldwide. Around 81.71% of patients have a bisexual or men having sex with men (MSM) preference. Approximately 30.18% of confirmed cases were HIV positive. Male sex was also identified as a risk factor in our review. CONCLUSION: Monkeypox human-to-human and human-to-animal transmission are rising. Thus, it is essential to do research on the prevention, clinicodemographic trends, and treatment of monkeypox. Understanding this will enable us to treat monkeypox patients with a targeted and focused approach.",Complications; Epidemiology; Monkeypox; Monkeypox virus; Transmission
36454131,Adapting a Group-Level PrEP Promotion Intervention Trial for Transgender Latinas During the COVID-19 Pandemic.,"Scott D Rhodes, Amanda E Tanner, Lilli Mann-Jackson, Jorge Alonzo, Lucero Refugio Aviles, Carla A Galindo, Patricia A Bessler, Cari Courtenay-Quirk, Benjamin D Smart, Manuel Garcia, Tamar Goldenberg, Ana D Sucaldito, Beth A Reboussin",AIDS education and prevention : official publication of the International Society for AIDS Education. 2022. doi: 10.1521/aeap.2022.34.6.481..,Rhodes,AIDS education and prevention : official publication of the International Society for AIDS Education,2022,2022/12/01,,,10.1521/aeap.2022.34.6.481,"The COVID-19 pandemic has profoundly affected the conduct of community-based and community-engaged research. Prior to the pandemic, our community-based participatory research partnership was testing ChiCAS, an in-person, group-level behavioral intervention designed to promote uptake of pre-exposure prophylaxis (PrEP), condom use, and medically supervised gender-affirming hormone therapy among Spanish-speaking transgender Latinas. However, the pandemic required adaptations to ensure the safe conduct of the ChiCAS intervention trial. In this article, we describe adaptations to the trial within five domains. Transgender women are disproportionately affected by HIV, and it is essential to find ways to continue research designed to support their health within the context of the COVID-19 pandemic and future infectious disease outbreaks, epidemics, and pandemics. These adaptations offer guidance for ongoing and future community-based and community-engaged research during the COVID-19 pandemic and/or potential subsequent outbreaks (e.g., monkeypox), epidemics, and pandemics, particularly within under-served marginalized and minoritized communities.",COVID; Latina; PrEP; intervention; transgender
39460309,The Peculiar Emergence of Mpox (Monkeypox): Directions for the Search for the Natural Reservoir and Vaccination Strategies.,Romulus Breban,Vaccines. 2024. doi: 10.3390/vaccines12101142..,Breban,Vaccines,2024,2024/10/04,,,10.3390/vaccines12101142,"Background/Objectives: Mpox (monkeypox) is a zoonosis with origins in a currently unknown African reservoir. The first epidemiological accounts of mpox date back to the early 1980s, yet mpox only emerged as a pandemic threat in 2022-2023, more than 40 years later. This scenario is very different from those of other emerging diseases such as HIV and SARS, which immediately spread globally, in fully susceptible populations, starting from patients zero. Methods: We use mathematical modeling to illustrate the dynamics of mpox herd immunity in small communities in touch with the mpox natural reservoir. In particular, we employ an SEIR stochastic model. Results: The peculiar emergence of mpox can be explained by its relationship with smallpox, which was eradicated through universal mass vaccination in 1980. Mpox first emerged in small rural communities in touch with mpox's animal reservoir and then spread globally. The relative isolation of these communities and their herd-immunity dynamics against mpox worked to delay the introduction of mpox in large urban centers. Conclusions: Mathematical modeling suggests that the search for the mpox animal reservoir would be most fruitful in communities with high mpox seroprevalence and small outbreaks. These are communities is tight contact with the mpox natural reservoir. We propose vaccinating individuals in communities in these communities to severely reduce the importation of cases elsewhere.",animal reservoir; disease invasion; epidemic emergence; monkeypox; mpox; patient zero; vaccination strategy
38978921,The Feasibility of Elimination of Monkeypox Virus in Nigeria: A Systematic Review.,"Adewale Lawrence, Joseph Anejo-Okopi, Babatunde Adeseye",Cureus. 2024. doi: 10.7759/cureus.61867..,Lawrence,Cureus,2024,2024/06/07,,,10.7759/cureus.61867,"Monkeypox is a zoonotic virus with an increasing incidence in Nigeria, posing significant public health challenges. The virus, related to smallpox, primarily spreads through direct contact with infected animals or humans and has been noted for its potential for wider transmission due to changing ecological and social dynamics. This research aims to evaluate the feasibility of eliminating monkeypox in Nigeria through integrated approaches involving vaccination, public health strategies, and ecological management. Additionally, it seeks to propose a unified public health strategy, incorporating One Health principles, to achieve the elimination of monkeypox in Nigeria. A review of the feasibility of eliminating the monkeypox virus in Nigeria was conducted using databases like Science Direct, Cochrane, PubMed, and Medline. The search was guided by the methodologies and reporting guidelines of the Preferred Reporting Items for Systematic reviews and Meta-Analyses (PRISMA). The initial search yielded 89 publications, but the number of articles that required examination was reduced after applying selected keywords and evaluating abstracts. We deemed 32 articles relevant to the subject after applying inclusion and exclusion criteria. The findings are analyzed, highlighting their limitations and strengths and discussing practical implications, knowledge gaps, and recommendations for future research. This study provides evidence supporting the feasibility of the elimination of the monkeypox virus in Nigeria. Strategic recommendations for a sustainable public health approach to eliminating monkeypox emphasize preventive measures, community engagement, and ecological preservation. This study will provide critical insights into the feasibility of eliminating monkeypox in Nigeria, offering a model that can be adapted for other regions facing similar challenges. The integration of health, ecological, and community-focused strategies is expected to contribute significantly to global efforts to control and potentially eradicate monkeypox. This research could serve as a foundational study for public health authorities in Nigeria and internationally, informing policy and operational decisions to control and eliminate monkeypox as a public health threat. The monkeypox virus reemerges in Nigeria, increasing mortality rates. Awareness programs should be conducted on its danger, transmission mode, and potential human transmission. Public education on the lack of treatment and vaccines is crucial. Meat inspection laws should be enforced to ensure safe animal consumption.",elimination; epidemiology; monkeypox virus; mpxv; spillover
36016230,Vaccination for Monkeypox Virus Infection in Humans: A Review of Key Considerations.,Kay Choong See,Vaccines. 2022. doi: 10.3390/vaccines10081342..,See,Vaccines,2022,2022/08/18,,,10.3390/vaccines10081342,"Monkeypox virus infection in humans (MVIH) is currently an evolving public health concern given that >3000 MVIH cases have been reported in >50 countries globally, and the World Health Organization declared monkeypox a global health emergency on 23 July 2022. Adults (≥16 years old) usually have mild disease in contemporary studies, with a pooled case fatality rate of 0.03% (1/2941 cases). In comparison, poorer outcomes have been reported in children <16 years old (pooled case fatality rate 19% (4/21 cases)), immunocompromised patients, and pregnant women, with high rates of fetal demise in this group. Monkeypox-specific treatments include oral or intravenous tecovirimat, intravenous or topical cidofovir, oral brincidofovir, and vaccinia immunoglobulin, but the overall risk−benefit balance of monkeypox-specific treatment is unclear. Two effective vaccines exist for the prevention of MVIH: modified vaccinia Ankara and ACAM2000. Most probably, vaccination will be a key strategy for mitigating MVIH given the current rapid global spread of monkeypox, the existence of efficacious vaccines, and the uncertain risk−benefit profile of current antivirals. Priority groups for vaccination should include healthcare workers at high risk for occupational exposure, immunocompromised patients, and children. Vaccination strategies include pre-exposure vaccination, post-exposure prophylaxis, and ring vaccination of close contacts.",epidemiology; infection control; post-exposure prophylaxis; pre-exposure prophylaxis; smallpox; vaccinia virus
36359593,"Monkeypox: An Unfamiliar Virus-Clinical and Epidemiological Characteristics, Diagnosis, and Treatment with Special Emphasis on Oral Health.","Visha Shailesh Pandya, Vini Mehta, Mohammas Miraj, Sharifa M Alasiry, Wdad Alanazy, Tintu Thomas Uthup, Riyaz Ahamed Shaik, Cesare D'Amico, Maura Mancini, Francesca Gorassini, Luca Fiorillo, Aida Meto","Diagnostics (Basel, Switzerland). 2022. doi: 10.3390/diagnostics12112749..",Pandya,"Diagnostics (Basel, Switzerland)",2022,2022/11/10,,,10.3390/diagnostics12112749,"With the recent increased prevalence of human outbreaks, monkeypox has been recognized for decades as an infectious disease with substantial pandemic potential. The majority of cases of this virus have been observed in the European region (11,865), with few cases in the Western Pacific (54). Various governing health agencies are striving to restrain the fatal monkeypox virus (MPXV). Health practitioners around the world are learning about the many clinical manifestations of this infection, and its potential therapies. Despite the plethora of new evidence and rising cases, the essential questions remain unsolved. Thus, in this review, we have modernized the outlook for monkeypox, which will be helpful for various medical practitioners. In the light of continuing outbreaks around the world, we have also presented our assessment of the readiness of India against this outbreak, with a special focus on its effects on oral health.",dentistry; monkeypox; oral health; pandemic; zoonosis
36877905,Planning For The Next Pandemic: Lab Systems Need Policy Shift To Speed Emerging Infectious Disease Warning And Tracking.,"Jay K Varma, Jill Taylor, Joshua M Sharfstein",Health affairs (Project Hope). 2023. doi: 10.1377/hlthaff.2022.01211..,Varma,Health affairs (Project Hope),2023,2023/03/01,,,10.1377/hlthaff.2022.01211,"Early detection and ongoing monitoring of infectious diseases depends on diagnostic testing. The US has a large, diverse system of public, academic, and private laboratories that develop new diagnostic tests; perform routine testing; and conduct specialized reference testing, such as genomic sequencing. These laboratories operate under a complex mix of laws and regulations at the federal, state, and local levels. The COVID-19 pandemic exposed major weaknesses in the nation's laboratory system, some of which were seen again during the global mpox outbreak in 2022. In this article we review how the US laboratory system has been designed to detect and monitor emerging infections, describe what gaps were revealed during COVID-19, and propose specific steps that policy makers can take both to strengthen the current system and to prepare the US for the next pandemic.","[MeSH] Humans; [MeSH] Communicable Diseases, Emerging; [MeSH] COVID-19; [MeSH] Laboratories; [MeSH] Pandemics; [MeSH] Policy"
39494157,Mapping the Mpox discourse: A network and sentiment analysis.,"Ikhwan Yuda Kusuma, Ádám Visnyovszki, Muh Akbar Bahar",Exploratory research in clinical and social pharmacy. 2024. doi: 10.1016/j.rcsop.2024.100521..,Kusuma,Exploratory research in clinical and social pharmacy,2024,2024/10/09,,,10.1016/j.rcsop.2024.100521,"Mpox, a zoonotic disease re-emerging from animals to humans, poses a risk of evolving into a global pandemic due to its high infectivity and potential asymptomatic transmission. This study maps the structure and configuration of mpox-related discussions on Twitter/X, identifies key influencers and top hashtags, and analyzes public sentiment. Data were collected using NodeXL Pro from May 7, 2022, to January 15, 2023, with the keyword ""Monkeypox"" and visualized using Gephi. Social network analysis ranked nodes by betweenness centrality scores to highlight key communicators, and the YifanHu layout algorithm visualized the network. Influential users, source topics, and hashtags were identified, and sentiment analysis was conducted using Azure Machine Learning tools. The analysis identified 11,397 mpox-related tweets. The network structure resembled a community with diverse participants. Influential users included health and science journalists, writers, academics, medical doctors, and public figures. News media and organizational websites were the top information sources, emphasizing the need for accessible scientific information. ""Monkeypox"" and ""Mpox"" were the most prevalent hashtags. Negative sentiments dominated the discussion. This analysis provides insights into network structure, key influencers, information sources, and public sentiment, aiding tailored health initiatives to address misinformation and advocate valid health information and emergency responses.",Monkeypox; Mpox; Sentiment; Social network; Twitter/X
39828540,[Growing global public health challenges].,"C X Liao, B Wang, J Lyu, L M Li",Zhonghua liu xing bing xue za zhi = Zhonghua liuxingbingxue zazhi. 2025. doi: 10.3760/cma.j.cn112338-20241230-00839..,Liao,Zhonghua liu xing bing xue za zhi = Zhonghua liuxingbingxue zazhi,2025,2025/01/10,,,10.3760/cma.j.cn112338-20241230-00839,"Global public health is currently undergoing unprecedented and complex changes. The COVID-19 pandemic has exposed vulnerabilities and weaknesses of the global health system, urging nations globally to prioritize pandemic prevention and response strategies. Simultaneously, emerging infectious diseases such as mpox and avian influenza, as well as re-emerging infectious diseases including tuberculosis, AIDS, and viral hepatitis, continue to pose threats to global public health security. Moreover, the prevalence of chronic diseases remains significant, while concerns pertaining to environmental health and the well-being of children and adolescents are growing increasingly prominent. Addressing these challenges requires the formulation of effective public health policies, strengthened international cooperation, enhanced health education, improved public health literacy, and the establishment of a more resilient global public health system.",[MeSH] Humans; [MeSH] Global Health; [MeSH] COVID-19; [MeSH] Public Health; [MeSH] Pandemics; [MeSH] SARS-CoV-2
36751201,"Monkeypox: Treatment, Vaccination, and Prevention.","Sehrish Shah, Darshna Fulmali",Cureus. 2023. doi: 10.7759/cureus.33434..,Shah,Cureus,2023,2023/01/06,,,10.7759/cureus.33434,"In regions where the disease is endemic, Monkeypox (MPV) transmission related to healthcare has been seen on numerous occasions. This disease has episodes of occurrence in certain regions around the globe, such as in the Democratic Republic of Congo's (DRC) Tshuapa region. Here, the disease was found with a prevalence of 0.35 per 1000, as per data collected by the Centers for Disease Control and Prevention (CDC) of the United States (US). Data also shows approximately 100 confirmed cases of MPV for every infection among Healthcare Workers (HCWs). These findings and scientific research on burns, superficial wounds, herpes, eczema vaccine, and other conditions indicate that MPV sufferers might get an advantage from medical care to lessen the effects of weakened skin and mucosa. This should involve guarding delicate anatomical areas like the eyes and genitalia, maintaining enough hydration and nourishment, and preventing and treating consequences like secondary bacterial diseases. In the DRC, this disease was first recognized in 1970. Since then, it has spread to numerous nations around the globe and gained substantial epidemiological significance. The most recent epidemic has taken place in 2022 worldwide. The viruses that cause MPV and cowpox are currently regarded as emerging. Because of the rise in international travel, the popularity of exotic pets, and the decline in smallpox vaccination rates, they pose a significant danger of spreading. Although it is believed that this viral illness will eventually go away on its own, the possibility of the pandemic raises several serious problems for the general public's health. In addition to providing a broad overview of the Monkeypox Virus (MPXV), this study will detail the epidemiology, clinical hallmarks, assessment, and treatment of MPV sufferers.",eczema vaccine; epidemiology; management; monkeypox; self- limiting
41613048,Public-private partnerships are critical for rapid response to infectious disease threats.,"Jennifer Rakeman-Cagno, Larry Kelmar, Michael Loeffelholz, David Persing",Frontiers in public health. 2026. doi: 10.3389/fpubh.2025.1695424..,Rakeman-Cagno,Frontiers in public health,2025,2026/01/14,,,10.3389/fpubh.2025.1695424,"Public-private partnerships focused on infectious disease diagnostics have been increasing since the COVID-19 pandemic. These partnerships have resulted in new test development, increased testing capacity and services, technology development, and processes to enable faster collaborative response in the context of an outbreak. This paper explores the importance of public-private partnerships in response to infectious disease public health threats. Collaboration between federal partners and diagnostic test manufacturers has been critical to the COVID-19, mpox, and other responses in the United States, and these partnerships will be critical to future responses. Public-private partnerships pull together the pieces needed to rapidly develop and scale diagnostics necessary for responding to emerging infectious diseases. Developing partnerships during ""peace time"" further enables rapid action when outbreaks occur.",diagnostic testing; outbreak response; pandemic preparedness; public health emergency response; public-private partnerships
36573222,Study and prediction of the 2022 global monkeypox epidemic.,"Fengying Wei, Zhihang Peng, Zhen Jin, Jinjie Wang, Ximing Xu, Xinyan Zhang, Jun Xu, Zixiong Ren, Yao Bai, Xiaoli Wang, Bulai Lu, Zhaojun Wang, Jianguo Xu, Senzhong Huang",Journal of biosafety and biosecurity. 2022. doi: 10.1016/j.jobb.2022.12.001..,Wei,Journal of biosafety and biosecurity,2022,2022/12/22,,,10.1016/j.jobb.2022.12.001,"The World Health Organization (WHO) declared monkeypox as a public health emergency of international concern (PHEIC) on July 23, 2022, their highest level of alert. This raised concerns about the management of the global monkeypox outbreak, as well as the scientific analysis and accurate prediction of the future course of the epidemic. This study used EpiSIX (an analysis and prediction system for epidemics based on a general SEIR model) to analyze the monkeypox epidemic and to forecast the major tendencies based on data from the USA CDC (https://www.cdc.gov) and the WHO (https://www.who.int/health-topics/monkeypox). The global outbreak of monkeypox started in the UK on May 2, 2022, which marked the beginning of an epidemic wave. As of October 28, 2022, the cumulative number of reported cases worldwide was 77,115, with 36 deaths. EpiSIX simulations predict that the global monkeypox epidemic will enter a low epidemic status on March 1, 2023 with the cumulative number of confirmed cases ranging from 85,000 to 124,000, and the total number of deaths ranging from 60 to 87. Our analysis revealed that the basic reproduction number (R0) of monkeypox virus (MPXV) is near to 3.1 and the percentage of asymptomatic individuals is 13.1 %-14.5 %, both of which are similar to the data for SARS. The vaccination efficiency against susceptibility (VEs) of individuals who have had monkeypox is ∼ 79 %, and the vaccination efficiency against infectiousness (VEi) of individuals who have had monkeypox is ∼ 76 %-82 %. The mean incubation period for monkeypox is 8 days. In total, 94.7 % of infected individuals develop symptoms within 20 days and recover within 2 weeks after the confirmation of symptoms. Simulation results using EpiSIX showed that ring vaccination was remarkably effective against monkeypox. Our findings confirmed that a 20-day isolation for close contacts is necessary.",Epidemic; Monkeypox; Prediction; Tendency
36146612,"Public Perceptions of the Emerging Human Monkeypox Disease and Vaccination in Riyadh, Saudi Arabia: A Cross-Sectional Study.","Sultan Ayoub Meo, Thamir Al-Khlaiwi, Ziyad Fahad Aljofan, Aued Iaed Alanazi, Anusha Sultan Meo",Vaccines. 2022. doi: 10.3390/vaccines10091534..,Meo,Vaccines,2022,2022/09/15,,,10.3390/vaccines10091534,"The human monkeypox disease is caused by the monkeypox virus (MPXV), which is a zoonotic disease. In the year 2022, the prevalence of monkeypox cases swiftly increased worldwide and the disease has now been declared a global public health emergency. The present study aimed to assess the public's perceptions and knowledge of and attitudes toward monkeypox in Riyadh, Saudi Arabia. This questionnaire-based cross-sectional study was conducted from 15 May to 15 July 2022. The participants' perceptions, knowledge, and attitudes were collected via a 28-item-based questionnaire survey. The survey was based on 1020 participants (554 (54.3%) were females, and 466 (45.7%) were males). The results reveal that out of 1020 participants, 799 (78.3%) respondents believed that monkeypox disease has developed into a pandemic situation, and 798 (78.2%) suggested that the disease is most common in Western and Central Africa. Further analysis shows that 692 (67.8%) respondents agreed that monkeypox cases are increasing worldwide, 798 (21.8%) believed that monkeypox is commonly transmitted through direct contact, and 545 (53.4%) of respondents reported that it is easily transmitted from human to human. Moreover, 693 (67.9%) participants mentioned that monkeypox disease is spreading more widely as people travel from one country to another, while 807 (79.1%) participants were aware that smallpox and monkeypox have similar clinical features. Furthermore, the majority of participants (p = 0.033) agreed that health officials should start a vaccination campaign to combat monkeypox. Regarding preventive measures and vaccination campaigns, 641 (62.8%) participants suggested that health officials should take public preventive measures and 446 (43.7%) recommended that health officials start vaccination campaigns against monkeypox. The knowledge of human monkeypox among the general population in Riyadh, Saudi Arabia was satisfactory for all ages, genders, levels of education, and economic groups. Moreover, the majority of participants proposed adopting preventive measures and starting a vaccination campaign to combat monkeypox disease. The knowledge of monkeypox in the public domain is a key factor to improve the public's capacity to minimize the disease burden and fight against viral infectious diseases at regional and global levels.",Saudi Arabia; disease; human monkeypox; knowledge
36992194,"Knowledge, Attitude and Worry in the Kurdistan Region of Iraq during the Mpox (Monkeypox) Outbreak in 2022: An Online Cross-Sectional Study.","Sirwan Khalid Ahmed, Salar Omar Abdulqadir, Rukhsar Muhammad Omar, Ardalan Jabbar Abdullah, Hawre Asaad Rahman, Safin Hassan Hussein, Halkawt Ismail Mohammed Amin, Deepak Chandran, Anil Kumar Sharma, Kuldeep Dhama, Malik Sallam, Harapan Harapan, Nader Salari, Chiranjib Chakraborty, Araz Qadir Abdulla",Vaccines. 2023. doi: 10.3390/vaccines11030610..,Ahmed,Vaccines,2023,2023/03/08,,,10.3390/vaccines11030610,"The rapid spread of monkeypox (mpox) has been declared as a public health emergency of international concern (PHEIC). The present study aimed to assess the knowledge, attitude, and worry levels of the general population in the Kurdistan region of Iraq regarding the ongoing mpox multi-country outbreak. An online cross-sectional survey was conducted between 27-30 July 2022, using a convenience sampling method. The questionnaire was adapted from previous studies addressing the same topic. The independent Student's t-test, one-way ANOVA, and logistic regression were used to assess possible factors associated with knowledge, attitude, and worry toward mpox. A total of 510 respondents were included in the final analysis. The participants showed a moderate level of mpox knowledge, a neutral attitude towards mpox, and a relatively moderate worry level. The logistic regression analysis showed that age, gender, marital status, religion, level of education, and place of residence were associated with mpox knowledge; however, the significant variables in the multivariate regression analysis were gender, religion, level of education, and residential area. Gender and residential area were associated with attitudes toward mpox; however, the significant variables in the multivariate regression analysis were gender and residential areas. The worry toward mpox was influenced by gender, marital status, religion, and place of residence, yet the significant variables in the multivariate regression analysis were gender, religion, educational level, and residential area. In conclusion, the Kurdish population had moderate knowledge, a neutral attitude, and a moderate level of worry about mpox. Considering the continuous rapid rise in mpox cases in several countries, and its possible risk as pandemic amid the ongoing COVID-19 pandemic, proactive control measures, adequate disease prevention strategies, and preparedness plans need to be formulated and immediately implemented to tackle the appearance of fears among people, and to safeguard the mental health of the public.",attitude; fear; knowledge; monkeypox; mpox; social media; stress; vaccine acceptance; vaccine hesitancy; worry
37631936,Belarusian Healthcare Professionals' Views on Monkeypox and Vaccine Hesitancy.,"Abanoub Riad, Nadzeya Rybakova, Nadzeya Dubatouka, Ina Zankevich, Miloslav Klugar, Michal Koščík, Anton Drobov",Vaccines. 2023. doi: 10.3390/vaccines11081368..,Riad,Vaccines,2023,2023/08/15,,,10.3390/vaccines11081368,"BACKGROUND: Despite the low transmission risk of Monkeypox (mpox) in Belarus, this study is vital as it contributes to our understanding of vaccine hesitancy among healthcare professionals (HCPs). It aims to assess vaccination perceptions and evaluate the willingness to pay for the vaccine among Belarusian HCPs, thereby enhancing pandemic preparedness. METHODS: in October 2022, a cross-sectional survey-based study was conducted among Belarusian HCPs using a self-administered questionnaire (SAQ). Invitations were disseminated via social media platforms using a snowball sampling method. The SAQ encompassed various categories, including sociodemographic details, medical history, sources of mpox information, perceived and factual mpox knowledge, and perceptions of the mpox vaccine according to the health belief model (HBM), mpox vaccine acceptance and willingness to pay (WTP). RESULTS: while a large proportion of respondents had good knowledge of mpox epidemiology and its clinical manifestations, their awareness of available vaccines and treatment options was limited. Consequently, a significant correlation was found between the history of influenza vaccination and mpox-related knowledge. Furthermore, the study showed that just over half of the participants (51.4%) were willing to receive the mpox vaccine if offered for free, safely, and effectively, with their decision largely influenced by perceived benefits (Spearman's rho = 0.451) and cues to action (Spearman's rho = 0.349). However, a considerable degree of hesitancy (30.6%) and resistance (18.1%) towards the mpox vaccine was observed, underscoring the need for targeted interventions to address these issues. CONCLUSIONS: this study highlights a significant knowledge gap among Belarusian HCPs about mpox vaccines and treatments, despite a general awareness of the disease's epidemiology and symptoms, and it underscores the need for targeted interventions to enhance mpox knowledge and vaccine acceptance.",Republic of Belarus; cross-sectional studies; disease outbreaks; health belief model; health personnel; knowledge; monkeypox; smallpox vaccine; vaccination hesitancy
37697313,Tracking global resources and capacity for health research: time to reassess strategies and investment decisions.,"Taghreed Adam, Ambinintsoa H Ralaidovy, Anna Laura Ross, John C Reeder, Soumya Swaminathan",Health research policy and systems. 2023. doi: 10.1186/s12961-023-00979-7..,Adam,Health research policy and systems,2023,2023/09/11,,,10.1186/s12961-023-00979-7,"The COVID-19 pandemic and more recently the Monkeypox outbreak emphasize the urgency and importance of improving the availability and equitable distribution of resources for health research across rich and poor countries. Discussions about the persistent imbalances in resource allocation for health research between rich and poor countries are not new, but little or no progress has been made in redressing these imbalances over the years. This is critical not only for emergency preparedness, but for the worlds' ability to improve population health in an equitable manner. Concerned with the lack of progress in this area, Member States of the World Health Organization requested the establishment of a Global Observatory on Health Research and Development, with the aim of consolidating, monitoring and analyzing relevant information on health research and development, with a view to informing the coordination and prioritization of new investments. In this commentary, we highlight some of the striking disparities from the Observatory's analysis over the 5 years since its establishment and reflect on what is needed to overturn stagnant progress.",Funding; Global; Health research and development; Investments; Low- and middle-income countries; Priority setting
37052999,Online Health Information Seeking for Mpox in Endemic and Nonendemic Countries: Google Trends Study.,"Thomas Shepherd, Michelle Robinson, Christian Mallen",JMIR formative research. 2023. doi: 10.2196/42710..,Shepherd,JMIR formative research,2023,2023/04/13,,,10.2196/42710,"BACKGROUND: The recent global outbreak of mpox (monkeypox) has already been declared a public health emergency of international concern by the World Health Organization. Given the health, social, and economic impacts of the COVID-19 pandemic, there is understandable concern and anxiety around the emergence of another infectious disease-especially one about which little is known. OBJECTIVE: We used Google Trends to explore online health information seeking patterns for mpox in endemic and nonendemic countries and investigated the impact of the publication of the first in-country case on internet search volume. METHODS: Google Trends is a publicly accessible and free data source that aggregates worldwide Google search data. Google search data were used as a surrogate measure of online health information seeking for 178 days between February 18 and August 18, 2022. Searching data were downloaded across this time period for nonendemic countries with the highest case count (United States, Spain, Germany, United Kingdom, and France) and 5 endemic countries (Democratic Republic of Congo, Nigeria, Ghana, Central African Republic, and Cameroon). Joinpoint regression analysis was used to measure changes in searching trends for mpox preceding and following the announcement of the first human case. RESULTS: Online health information seeking significantly increased after the publication of the first case in all the nonendemic countries-United States, Spain, Germany, United Kingdom, and France, as illustrated by significant joinpoint regression models. Joinpoint analysis revealed that models with 3 significant joinpoints were the most appropriate fit for these data, where the first joinpoint represents the initial rise in mpox searching trend, the second joinpoint reflects the start of the decrease in the mpox searching trend, and the third joinpoint represents searching trends' return to searching levels prior to the first case announcement. Although this model was also found in 2 endemic countries (ie, Ghana and Nigeria), it was not found in Central African Republic, Democratic Republic of Congo, or Cameroon. CONCLUSIONS: Findings demonstrate a surge in online heath information seeking relating to mpox after the first in-country case was publicized in all the nonendemic countries and in Ghana and Nigeria among the endemic counties. The observed increases in mpox searching levels are characterized by sharp but short-lived periods of searching before steep declines back to levels observed prior to the publication of the first case. These findings emphasize the importance of the provision of accurate, relevant online public health information during disease outbreaks. However, online health information seeking behaviors only occur for a short time period, and the provision of accurate information needs to be timely in relation to the publication of new case-related information.",Google Trends; disease; epidemic; health information seeking; infectious disease; infodemiology: surveillance; joinpoint regression; monkeypox; mpox; online; outbreak; public health
36895541,Epidemiological Review on Monkeypox.,"Vashistha M Patel, Shreya V Patel",Cureus. 2023. doi: 10.7759/cureus.34653..,Patel,Cureus,2023,2023/02/05,,,10.7759/cureus.34653,"The significant increase in monkeypox cases that was reported at the beginning of 2022 was notable. The resurgence of viral zoonosis is especially concerning, given the current and recent COVID-19 epidemic. There are worries that a new pandemic may be beginning due to the virus that causes monkeypox spreading so quickly. This article aimed to provide an overview of the epidemiology, pathogenesis, and clinical symptoms of monkeypox. It has been known that monkeypox was primarily prevalent in Central and West Africa, but in recent years, cases of monkeypox infections have been reported around the world. The transmission of the infection to humans has been connected to exposure to a diseased animal or person's excretions and secretions. Various studies indicate that monkeypox clinically manifests as fever, fatigue, and a rash of smallpox-like lesions and can cause various complications, including pneumonia, encephalitis, and sepsis, which, when not properly managed, can lead to death. Those living in remote and forested areas, taking care of individuals infected with monkeypox, and trading and taking care of exotic animals are some of the risk factors for monkeypox. Men having sex with men are also at higher risk of contracting monkeypox. When dealing with individuals who have high-risk factors and come with new-onset progressive rashes, it is necessary for clinicians to highly suspect monkeypox. This review will serve as reference material and a supplement to the existing literature that will assist in the proper management and prevention of monkeypox.",central african clade; global epidemiology; monkeypox virus; orthopoxvirus family; west african clade; zoonotic infections
37138672,Early pandemic use of face masks in Papua New Guinea under a mask mandate.,"Mark Raphael, Angela Kelly-Hanku, David Heslop, Danielle Hutchinson, Mohana Kunasekaran, Ashley Quigley, Raina MacIntyre",Western Pacific surveillance and response journal : WPSAR. 2023. doi: 10.5365/wpsar.2023.14.1.998..,Raphael,Western Pacific surveillance and response journal : WPSAR,2023,2023/03/28,,,10.5365/wpsar.2023.14.1.998,"OBJECTIVE: During the coronavirus disease (COVID-19) pandemic, face mask wearing was mandated in Port Moresby, Papua New Guinea in July 2020, but compliance was observed to be low. We aimed to determine the frequency of face mask wearing by the general public in Papua New Guinea under the mask mandate. METHODS: To estimate compliance with the mandate, we analysed photographs of people gathering in Port Moresby published between 29 September and 29 October 2020. Photo-epidemiology was performed on the 40 photographs that met pre-defined selection criteria for inclusion in our study. RESULTS: Among the total of 445 fully visible photographed faces, 53 (11.9%) were observed wearing a face mask over mouth and nose. Complete non-compliance (no faces wearing masks) was observed in 19 (4.3%) photographs. Physical distancing was observed in 10% of the 40 photographs. Mask compliance in indoor settings (16.4%) was higher than that observed in outdoor settings (9.8%), and this difference was statistically significant (P < 0.05). Mask compliance was observed in 8.9% of large-sized gatherings (> 30 people), 12.7% of medium-sized gatherings (11-30 people) and 25.0% of small-sized gatherings (4-10 people; photographs with < 4 people were excluded from analysis). DISCUSSION: We found very low population compliance with face mask mandates in Papua New Guinea during the pre-vaccine pandemic period. Individuals without face coverings and non-compliant with physical distancing guidelines are considered to be in a high-risk category for COVID-19 transmission particularly in medium- and large-sized gatherings. A new strategy to enforce public health mandates is required and should be clearly promoted to the public.",[MeSH] Humans; [MeSH] COVID-19; [MeSH] Masks; [MeSH] Pandemics; [MeSH] Papua New Guinea; [MeSH] Public Health
19887033,"Simian varicella virus in pigtailed macaques (Macaca nemestrina): clinical, pathologic, and virologic features.","Renee Rosemary Hukkanen, Maggie Gillen, Richard Grant, H Denny Liggitt, Hans-Peter Kiem, Stephen T Kelley",Comparative medicine. 2009.,Hukkanen,Comparative medicine,2009,2009/10/01,,,,"Simian varicella virus (SVV; Cercopithecine herpesvirus 9) is a naturally occurring herpesvirus of nonhuman primates. Here we present the clinical, pathologic, and virologic findings from 2 cases of SVV in adult female pigtailed macaques (Macaca nemestrina). The initial case presented with hyperthermia and a diffuse inguinal rash which spread centripetally, progressing to vesiculoulcerative dermatitis of the trunk, face, and extremities. At 96 h after presentation, the animal was anorexic and lethargic and had oral and glossal ulcerations. Euthanasia was elected in light of the macaque's failure to respond to clinical treatment. Seven days after the first case was identified, a second macaque presented with a vesicular rash and was euthanized. Gross necropsy lesions for both cases included vesicular, ulcerative dermatitis with mucocutaneous extension and hepatic necrosis; the initial case also demonstrated necrohemorrhagic gastroenterocolitis and multifocal splenic necrosis. Histology confirmed herpetic viral infection with abundant intranuclear inclusion bodies. Immunofluorescence assays detected antibodies specific for SVV. PCR assays of vesicular fluid, tissue, and blood confirmed SVV and excluded varicella-zoster virus (Human herpesvirus 3). Serology for Macacine herpesvirus 1 (formerly Cercopithecine herpesvirus 1), poxvirus (monkeypox), and rubella was negative. Banked serum samples confirmed SVV exposure and seroconversion. Investigation into the epidemiology of the seroconversion demonstrated a SVV colony prevalence of 20%. The described cases occurred in animals with reconstituted immune systems (after total-body irradiation) and demonstrate the clinical effects of infection with an endemic infectious agent in animals with a questionable immune status.","[MeSH] Animals; [MeSH] Antibodies, Viral; [MeSH] Dermatitis; [MeSH] Enterocolitis; [MeSH] Fatal Outcome; [MeSH] Female; [MeSH] Herpesviridae Infections; [MeSH] Intranuclear Inclusion Bodies; [MeSH] Liver; [MeSH] Macaca nemestrina; [MeSH] Monkey Diseases; [MeSH] Necrosis; [MeSH] RNA, Viral; [MeSH] Seroepidemiologic Studies; [MeSH] Spleen; [MeSH] Varicellovirus"
40242766,Corrigendum: Global transmission of monkeypox virus-a potential threat under the COVID-19 pandemic.,"Yang Wang, Ping Leng, Hao Zhou",Frontiers in immunology. 2025. doi: 10.3389/fimmu.2025.1592351..,Wang,Frontiers in immunology,2025,2025/04/02,,,10.3389/fimmu.2025.1592351,[This corrects the article DOI: 10.3389/fimmu.2023.1174223.].,airline travel; detection; monkeypox virus; transmission; vaccination
36632260,"Non-painful, Non-itchy Monkeypox Virus Rash: A Case Report.","Sethi Ashish, Robert Patterson, Alyssa K Tomsey",Cureus. 2022. doi: 10.7759/cureus.32342..,Ashish,Cureus,2022,2022/12/09,,,10.7759/cureus.32342,"Monkeypox virus (MPVX) is a double-stranded deoxyribonucleic acid (DNA) virus from the genus Orthopoxvirus, family Poxviridae. Many cases of MPVX infection are currently seen worldwide. Although the majority of cases reported are not severe, basic precautionary measures are key to preventing this infection from turning into a catastrophic pandemic. We report a case of a 54-year-old male with no high-risk behavior who developed a sudden uncharacteristic monkeypox virus rash while on a flight from Nigeria.",acam2000; hiv; jynneos; men who have sex with other men (msm); monkeypox virus; monkeypox virus rash; nigeria; small pox; tecovirimat
41009205,"The Evolution of Monkeypox Vaccination Acceptance in Romania: A Comparative Analysis (2022-2025), Psychosocial Perceptions, and the Impact of Anti-Vaccination Rhetoric on Societal Security.","Cătălin Peptan, Flavius Cristian Mărcău, Olivia-Roxana Alecsoiu, Dragos Mihai Panagoret, Marian Emanuel Cojoaca, Alina Magdalena Musetescu, Genu Alexandru Căruntu, Alina Georgiana Holt, Ramona Mihaela Nedelcuță, Victor Gheorman","Behavioral sciences (Basel, Switzerland). 2025. doi: 10.3390/bs15091175..",Peptan,"Behavioral sciences (Basel, Switzerland)",2025,2025/08/29,,,10.3390/bs15091175,"This study examines the evolution of willingness to accept the monkeypox (Mpox) vaccine in Romania between 2022 and 2025. It explores key sociodemographic and behavioral predictors of vaccine acceptance and investigates how public perceptions-particularly concerning disease severity and conspiracy beliefs-have shifted across two independent cross-sectional samples. Two nationally distributed surveys were conducted in July 2022 (n = 820) and January-February 2025 (n = 1029), targeting Romanian residents aged 18 and above. Data were analyzed using descriptive statistics, Chi-square tests, Kolmogorov-Smirnov tests, and a Random Forest classification model to assess the relative importance of predictors of vaccine acceptance. Between 2022 and 2025, vaccine acceptance increased modestly, particularly among individuals aged 36-65 and those with prior experience of voluntary or COVID-19 vaccination. Random Forest analysis identified behavioral factors as the strongest predictors of acceptance in both years, while the influence of education and gender varied over time. Belief in conspiracy theories slightly declined and lost predictive relevance by 2025. Perceptions of pandemic potential and fear of infection also decreased, suggesting reduced risk salience and possible pandemic fatigue. Despite a slight upward trend, overall Mpox vaccine acceptance in Romania remains among the lowest in Europe. These findings highlight the need for targeted public health communication, particularly toward skeptical or demographically vulnerable groups. Prior vaccination behavior emerged as a key driver of acceptance, indicating that trust-building strategies should capitalize on existing pro-vaccination habits. Future research should adopt qualitative and longitudinal approaches to better capture the evolving psychosocial dynamics of vaccine hesitancy.",Romania; fake news; hesitancy; monkeypox; societal security; vaccine
38140243,Attitudes towards Receiving Monkeypox Vaccination: A Systematic Review and Meta-Analysis.,"Mostafa Hossam-Eldin Moawad, Amira Mohamed Taha, Dang Nguyen, Mohammed Ali, Yasmine Adel Mohammed, Wesam Abd El-Tawab Moawad, Esraa Hamouda, D Katterine Bonilla-Aldana, Alfonso J Rodriguez-Morales",Vaccines. 2023. doi: 10.3390/vaccines11121840..,Moawad,Vaccines,2023,2023/12/12,,,10.3390/vaccines11121840,"BACKGROUND: The public's attitude towards Mpox vaccination is a critical factor in the success of immunisation programmes. Understanding the factors contributing to vaccine acceptance or hesitancy is critical for developing effective health communication strategies. This systematic review and meta-analysis aims to bring together evidence from observational studies on attitudes towards Mpox vaccination, including willingness and rejection. METHODS: From this review's inception until June 2023, a comprehensive search was conducted across four major electronic databases: PubMed, Web of Science, Scopus, and EBSCO. The inclusion criteria included studies investigating public attitudes towards Mpox vaccination, as defined by acceptance and willingness to be vaccinated versus rejection and unwillingness. RESULTS: Thirty studies met the inclusion criteria among the screened literature. An analysis of 27 studies involving 81,792 participants revealed that 45,926 (56.14%) were willing to receive the Mpox vaccination. In contrast, ten studies involving 7448 participants revealed that 2156 people (28.94%) were unwilling to receive the Mpox vaccination. Females were less willing to receive the vaccine than males, with an odds ratio (OR) of 0.61 (95% CI, 0.43-0.86). Furthermore, homosexuals were found to be more willing than heterosexuals, with an OR of 1.44 (95% CI, 1.14-1.80). CONCLUSION: Vaccination is emerging as a critical strategy for preventing Mpox infection and fostering herd immunity against potential outbreaks. Improving public awareness and acceptance of vaccination is critical to avoiding a situation similar to the COVID-19 pandemic. Targeted educational and outreach programmes could explain the benefits of vaccination, bridging the information gap and encouraging a proactive public health approach to emerging infectious diseases.",Mpox; acceptance; hesitancy; meta-analysis; monkeypox; vaccine; willingness
39671167,Towards an Ethical Analysis of Research in One Health (EAROH).,Zohar Lederman,Journal of bioethical inquiry. 2024. doi: 10.1007/s11673-024-10406-3..,Lederman,Journal of bioethical inquiry,2025,2024/12/13,,,10.1007/s11673-024-10406-3,"The COVID-19 and Monkeypox pandemics and the ongoing Marburg outbreak in Rwanda provide a stark reminder of the importance of espousing a One Health (OH) approach to zoonoses as well as other public health and global health issues. Recent years have in fact seen an exponential rise in biomedical and public health journals and publications explicitly adopting the name of OH. Not all research that pertains to be OH however is indeed OH research, insofar as it does not comply with the proclaimed OH goals of benefiting humans, animals, and the environment. Thus, to ensure such compliance a checklist or toolkit for an ethical analysis of research in OH (EAROH) should be required prior to publication in scientific journals or grant applications. Such a toolkit should be developed by a working group of scholars with expertise in OH ethics, animal ethics, and environmental ethics.",Animal ethics; One health; Research
36304649,IADVL Academy Position Statement on Emerging Dermatoses in India: Monkeypox.,"Rashmi Jindal, Chander Grover, Rashmi Sarkar, Lalit Kumar Gupta",Indian dermatology online journal. 2022. doi: 10.4103/idoj.idoj_437_22..,Jindal,Indian dermatology online journal,2022,2022/09/05,,,10.4103/idoj.idoj_437_22,"As we were on the road to recovery from the coronavirus disease-19 (COVID-19) pandemic, the world is waking up to yet another potential adversary. Monkeypox (or human monkeypox) caused by monkeypox virus (an orthopox virus) is fast emerging in more than 80 countries worldwide, where it has never been historically reported. We in India, have already seen the advent of this outbreak since July 2022, with a progressive rise in number of cases being seen. Though the virus is not a novel virus; it is presenting with atypical manifestations as compared to our conventional knowledge of the disease. Through this document, the Indian Association of Dermatologists, Venereologists, and Leprologists Academy aims to sensitize dermatologists toward recognizing the clinical features and responding promptly, to contain the outbreak at the earliest. In view of the non-availability of specific antiviral drugs as well as vaccines; early detection, isolation, and prevention of spread form the mainstay of our approach towards the outbreak, which has been declared to be a ""Public Health Emergency of International Concern"" by the World Health Organization.",Diagnosis; India; World Health Organization; monkeypox; monkeypox virus; prophylaxis; treatment
37366869,Health Workers' Knowledge and Attitude towards Monkeypox in Southwestern Saudi Arabia: A Cross-Sectional Study.,"Nasser H Sobaikhi, Najim Z Alshahrani, Rakan S Hazazi, Hafiz I Al-Musawa, Raed E Jarram, Amjad E Alabah, Nawaf F Haqawi, Fadi A Munhish, Mohammed A Shajeri, Mohammed H Matari, Riyadh M Salami, Alhassan H Hobani, Najla A Yahya, Abdulaziz H Alhazmi","Diseases (Basel, Switzerland). 2023. doi: 10.3390/diseases11020081..",Sobaikhi,"Diseases (Basel, Switzerland)",2023,2023/06/02,,,10.3390/diseases11020081,"BACKGROUND: Monkeypox outbreaks in non-endemic countries emphasize the importance of being prepared to prevent its progression to a pandemic. To effectively control monkeypox, healthcare providers must have sufficient knowledge and good attitudes and practices to limit its spread. We initiated this project to assess the factors associated with health workers' knowledge and attitude toward monkeypox in southwestern Saudi Arabia. METHODS: We included 398 eligible health workers working at various health facilities. Data was collected using an online survey, and participants had an opportunity to consent. We conducted descriptive statistics for all variables and used chi-square statistics, t-test, and multivariate analysis to establish the association between health workers' demographic characteristics and knowledge of monkeypox disease. RESULTS: The mean age was 30.93 ± 8.25 years for the included participants, and most of them were between 22 and 29 years, male, single, nurses, working in government hospitals, and had worked for at least five years. The chi-square and t-test showed that the participants' knowledge level was significantly related to age, marital status, job title, and medical practice. Most of the participants had low knowledge and good attitudes toward monkeypox prevention measures. Multivariate analysis showed that higher knowledge was associated with younger age after controlling all other significant bivariate relationships between knowledge and demographics. CONCLUSIONS: This study found low knowledge levels and high good attitude levels of monkeypox among the participants. As such, there is a need to support health workers in understanding monkeypox epidemiology, prevention, and treatment. Therefore, Saudi Arabia will be making significant strides to being well prepared and ready to handle future monkeypox outbreaks.",Jazan; Saudi Arabia; attitude; health workers; knowledge; monkeypox; mpox
37112790,"Knowledge of Community Pharmacists in Saudi Arabia Regarding Human Monkeypox, Its Management, Prevention, and Vaccination: Findings and Implications.","Alian A Alrasheedy, Abdulrahman H Aldawsari, Munyib I Alqasir, Omar A Alsawyan, Osama A Alalwan, Saleh A Alwaker, Masaad S Almutairi, Brian Godman",Vaccines. 2023. doi: 10.3390/vaccines11040878..,Alrasheedy,Vaccines,2023,2023/04/21,,,10.3390/vaccines11040878,"Many cases of monkeypox have recently been reported in countries where this disease is not endemic, raising a global health concern. Consequently, healthcare professionals (HCPs), including pharmacists, need to be aware of the disease, its prevention, including the role of vaccines, and its management to reduce transmission. A cross-sectional, questionnaire-based study was conducted among conveniently sampled community pharmacists in the Qassim region of Saudi Arabia. A total of 189 community pharmacists participated in the study, giving a response rate of 72.97%. From these, 86.77% were male, 51.32% were ≤30 years old, 36.51% were aged between 31-40 years, and 43.39% had 1-5 years of experience as community pharmacists. Their overall knowledge was 17.72 ± 5.56 out of a maximum of 28. The overall rate of correct answers for the knowledge statements was 63.29%, with 52.4% answering ≥50-<75% of the knowledge questions correctly and 31.2% answering ≥75% of the questions correctly. The knowledge subdomain related to diagnosis and clinical characteristics recorded the highest score, with the subdomain relating to causative pathogens and epidemiology recording a lower score. Overall, community pharmacists had moderate knowledge of monkeypox and its clinical management, prevention, and the role of vaccines, which is a concern for the future. Consequently, tailored, flexible, and timely educational interventions are needed to ensure that HCPs, including community pharmacists, are fully equipped with the latest evidence-based knowledge regarding this viral disease to reduce transmission and improve care.",Saudi Arabia; community pharmacists; monkeypox; mpox; non-endemic; outbreak; pandemic
35928395,"Monkeypox: A Comprehensive Review of Transmission, Pathogenesis, and Manifestation.","Jasndeep Kaler, Azhar Hussain, Gina Flores, Shehreen Kheiri, Dara Desrosiers",Cureus. 2022. doi: 10.7759/cureus.26531..,Kaler,Cureus,2022,2022/07/03,,,10.7759/cureus.26531,"As the fear of the coronavirus disease 2019 (COVID-19) pandemic subsides, countries around the globe are now dealing with a fear of the epidemic surrounding the prevalence of monkeypox cases in various regions. Previously endemic to regions of Africa, the majority of monkeypox cases associated with the 2022 outbreak are being noted in countries around Europe and in the western hemisphere. While contact-tracing projects are being conducted by various organizations, it is unknown how this outbreak began. Monkeypox virus is one of the many zoonotic viruses that belong to the Orthopoxvirus genus of the Poxviridae family. Monkeypox cases received global attention during the 1970s, after the global eradication of smallpox. The smallpox vaccine provided cross-immunity to the monkeypox virus. Upon the cessation of smallpox vaccine administration, monkeypox cases became more prevalent. It was not until the 2003 US outbreak that monkeypox truly gained global attention. Despite the virus being named monkeypox, monkeys are not the origin of the virus. Several rodents and small mammals have been attributed as the source of the virus; however, it is unknown what the true origin of monkeypox is. The name monkeypox is due to the viral infection being first witnessed in macaque monkeys. Though human-to-human transmission of monkeypox is very rare, it is commonly attributed to respiratory droplets or direct contact with mucocutaneous lesions of an infected individual. Currently, there is no treatment allocated for infected individuals, however, supportive treatments can be administered to provide symptom relief to individuals; Medications such as tecovirimat may be administered in very severe cases. These treatments are subjective, as there are no exact guidelines for symptom relief.",chordopoxvirinae; monkeypox; orthopoxvirus; poxviridae; poxvirus
36569695,Human Monkeypox: An Emerging Zoonosis.,"Janhvi Giradkar, Mahalaqua Nazli Khatib",Cureus. 2022. doi: 10.7759/cureus.31736..,Giradkar,Cureus,2022,2022/11/21,,,10.7759/cureus.31736,"Human monkeypox is caused by a zoonotic Orthopoxvirus that resembles smallpox. It is challenging to identify the illness from varicella and smallpox. The rapid spread of cases across countries has raised serious concerns among public health officials around the world, prompting accelerated investigations to identify the origins and causes of the rapid expansion of cases. When people come into contact with infected animals, they may unintentionally contract monkeypox. The monkeypox virus is transferred by direct exposure to lesions, respiratory droplets, body fluids, and contaminated objects like blood. Fever, rash, and lymph nodes frequent swelling are clinical signs of monkeypox, which can cause a multitude of health problems. The disease's worldwide significance is shown by the advent of outbreaks outside of Africa. To understand the constantly shifting epidemiology of this disease that is reemerging, monkeypox cases require improved monitoring and case identification. Before smallpox's eradication and the consequent absence of immunization attempts, vaccinia vaccination provided coincidental protection to the monkeypox virus; however, monkeypox gained therapeutic relevance. Additionally, given that rural Africa is where monkeypox cases are most common, it is possible that underreporting could result in an underestimate of the pathogen's potential impact. In recent months, cases of human monkeypox have alarmingly increased in nations where the illness is not prevalent. The current monkeypox outbreak, in light of the COVID-19 pandemic, represents a fresh threat. Clinicians need to be aware of this novel scenario, which differs from previous epidemics' scenarios. The transmission of monkeypox should be reduced by the development of efficient solutions by global health systems.",covid-19; immunity; monkeypox; outbreak; pathogen
36288017,"Prevention, Risk Exposure, and Knowledge of Monkeypox in Occupational Settings: A Scoping Review.","Lucrezia Ginevra Lulli, Antonio Baldassarre, Nicola Mucci, Giulio Arcangeli",Tropical medicine and infectious disease. 2022. doi: 10.3390/tropicalmed7100276..,Lulli,Tropical medicine and infectious disease,2022,2022/09/29,,,10.3390/tropicalmed7100276,"With ongoing climate change, which alters the conditions for pathogens and vectors, zoonotic diseases such as monkeypox virus will become a challenge and a great threat impacting global health in future decades. A current outbreak of monkeypox is occurring in over 125 countries, with a report of thousands of cases in countries where this virus has never appeared. Occupational exposure to the monkeypox virus has recently been identified as an issue of major concern for occupational health, especially in healthcare settings. A scoping review following the PRISMA guidelines was performed, aiming to analyze the effects that the current monkeypox outbreak has in workplaces, given the potential exposure of healthcare workers to the virus, the possible spread of the virus in occupational settings, and the preventive measures that are necessary to implement. At the end of the selection process, 21 studies were included in the review. Healthcare workers are considered at a high risk, and similar preventive measures to those adopted during the SARS-CoV-2 pandemic must be implemented in all healthcare settings. The main recommendations for preventing and managing monkeypox in occupational settings are the vaccination of exposed workers, the prompt identification and isolation of infected individuals, and good hygiene practices. Education and specific training are necessary in non-endemic countries to make healthcare workers able to recognize the disease and prevent further contagions. Although monkeypox seems unlikely to reach the pandemic spread of COVID-19, an approach to global health even to avoid future zoonotic epidemics is required by all stakeholders.",education; global health; healthcare worker; monkeypox; occupational exposure; occupational health; outbreak; prevention; vaccination; zoonosis
37220529,Monkeypox vaccination in the global south: Fighting a war without a weapon.,"Isaac Olushola Ogunkola, Oyinloye Emmanuel Abiodun, Babatunde Ismail Bale, Emmanuel Ebuka Elebesunu, Somtochukwu Blessing Ujam, Innocent Chimaobi Umeh, Mfoniso Tom-James, Shuaibu Saidu Musa, Emery Manirambona, Salvador B Evardone, Don Eliseo Lucero-Prisno",Clinical epidemiology and global health. 2023. doi: 10.1016/j.cegh.2023.101313..,Ogunkola,Clinical epidemiology and global health,2023,2023/05/19,,,10.1016/j.cegh.2023.101313,"BACKGROUND: The Mpox outbreak awakened countries worldwide to renew efforts in epidemiological surveillance and vaccination of susceptible populations. In terms of Mpox vaccination, various challenges exist in the global south, which impede adequate vaccine coverage, especially in Africa. This paper reviewed the situation of Mpox vaccination in the global south and potential ameliorative approaches. METHODS: A review of online literature from PubMed and Google Scholar concerning Mpox vaccination in countries belonging to the 'global south' category was done between August and September, 2022. The major focus areas included inequity in global vaccine distribution, challenges impeding vaccine coverage in the global south, and potential strategies for bridging the gap in vaccine equity. The papers that met the inclusion criteria were collated and narratively discussed. RESULTS: Our analysis revealed that, while the high-income countries secured large supplies of the Mpox vaccines, the low- and middle-income countries were unable to independently access substantial quantities of the vaccine and had to rely on vaccine donations from high-income countries, as was the case during the COVID-19 pandemic. The challenges in the global south particularly revolved around inadequate vaccine production capacity due to lack of qualified personnel and specialized infrastructure for full vaccine development and manufacturing, limited cold chain equipment for vaccine distribution, and consistent vaccine hesitancy. CONCLUSION: To tackle the trend of vaccine inequity in the global south, African governments and international stakeholders must invest properly in adequate production and dissemination of Mpox vaccines in low- and middle-income countries.",Global north; Global south; Health systems; Infection; Mpox; Vaccines
36362616,Genetic Variability of the Monkeypox Virus Clade IIb B.1.,"Fabio Scarpa, Daria Sanna, Ilenia Azzena, Piero Cossu, Chiara Locci, Silvia Angeletti, Antonello Maruotti, Giancarlo Ceccarelli, Marco Casu, Pier Luigi Fiori, Nicola Petrosillo, Massimo Ciccozzi",Journal of clinical medicine. 2022. doi: 10.3390/jcm11216388..,Scarpa,Journal of clinical medicine,2022,2022/10/28,,,10.3390/jcm11216388,"Monkeypox is caused by a sylvatic, double-stranded DNA zoonotic virus. Since 1 January 2022, monkeypox cases have been reported to WHO from 106 Member States across six WHO regions, and as of 2 October 2022, a total of 68,900 confirmed cases, including 25 deaths, occurred. Here, by using a whole genome approach, we perform a genetic and phylodynamic survey of the monkeypox virus Clade IIb B.1, which is the lineage causing the current multi-country outbreak. Results suggest that outbreaks seem to be isolated and localized in several epidemic clusters with geographic consistency. Currently, monkeypox appears to be a virus with a flattened genetic variability in terms of evolutionary path, with a very slow rate of growth in the population size. This scenario confirms that the monkeypox virus lacks the evolutionary advantage, given by the high level of mutation rate, which is very strong in RNA viruses. Of course, constant genome-based monitoring must be performed over time in order to detect the change in its genetic composition, if any.",epidemiology; genetic diversity; lineage B.1; monkeypox; orthopoxviruses
36743704,Monkeypox Disease with a Focus on the 2022 Outbreak; a Narrative Review.,"Zohreh Tehranchinia, Reza M Robati, Hamideh Moravvej, Mojtaba Memariani, Hamed Memariani",Archives of academic emergency medicine. 2023. doi: 10.22037/aaem.v11i1.1856..,Tehranchinia,Archives of academic emergency medicine,2023,2023/01/16,,,10.22037/aaem.v11i1.1856,"Monkeypox is a zoonotic disease caused by a double-stranded DNA virus belonging to the genus Orthopoxvirus. Despite being endemic in Central and West Africa, the disease has received relatively little research attention until recent times. As the Coronavirus disease 2019 (COVID-19) pandemic continues to affect the world, the rising number of monkeypox cases in non-endemic countries has further stoked global public health concerns about another pandemic. Unlike previous outbreaks outside Africa, most patients in the present outbreak had no history of travel to the endemic regions. The overwhelming majority of patients were initially identified amongst homosexual men, who had attended large gatherings. Mutations in the coding regions of the viral genome may have resulted in fitness adaptation, enhancement of immune evasion mechanisms, and more efficient transmissibility of the 2022 monkeypox virus. Multiple factors such as diminished cross-protective herd immunity (cessation of smallpox vaccination), deforestation, civil war, refugee displacement, farming, enhanced global interconnectedness, and even climate change may facilitate the unexpected emergence of the disease. In light of the increasing number of cases reported in the present outbreak, healthcare professionals should update their knowledge about monkeypox disease, including its diagnosis, prevention, and clinical management. Herein, we provide an overview of monkeypox, with a focus on the 2022 outbreak, to serve as a primer for clinical practitioners who may encounter the disease in their practice.",Diagnosis; Disease Outbreaks; Monkeypox; Therapeutics; Vaccination
36355910,Antiviral Treatment against Monkeypox: A Scoping Review.,"Brando Ortiz-Saavedra, Darwin A León-Figueroa, Elizbet S Montes-Madariaga, Alex Ricardo-Martínez, Niza Alva, Cielo Cabanillas-Ramirez, Joshuan J Barboza, Abdelmonem Siddiq, Luis A Coaguila Cusicanqui, D Katterine Bonilla-Aldana, Alfonso J Rodriguez-Morales",Tropical medicine and infectious disease. 2022. doi: 10.3390/tropicalmed7110369..,Ortiz-Saavedra,Tropical medicine and infectious disease,2022,2022/11/10,,,10.3390/tropicalmed7110369,"During the COVID-19 pandemic, the increase in reports of human monkeypox virus infection cases spreading in many countries outside Africa is a major cause for concern. Therefore, this study aimed to explore the evidence of antiviral pharmacotherapy available for the treatment of adult patients with monkeypox. A scoping review of the literature was conducted using PubMed, Scopus, Web of Science, Embase, and CENTRAL databases until 12 September 2022. The key search terms used were ""monkeypox"" and ""treatment"". A total of 1927 articles were retrieved using the search strategy. After removing duplicates (n = 1007) and examining by title, abstract, and full text, 11 studies reporting case reports of monkeypox with antiviral treatment were included, detailing the number of monkeypox cases, clinical manifestations, number of participants with antiviral treatment, history of sexually transmitted diseases, method of diagnosis, location of skin lesions, drugs used in antiviral treatment, route of administration, and outcome. A total of 1281 confirmed cases of monkeypox have been reported, of which 65 monkeypox cases had antiviral treatment distributed most frequently in the United States (n = 30), the United Kingdom (n = 6), and Spain (n = 6). Of the total cases, 1269 (99.1%) were male with an age range of 18 to 76 years, and 1226 (95.7%) had a sexual behavior of being men who have sex with men. All confirmed cases of monkeypox were diagnosed by reverse transcriptase polymerase chain reaction (RT-PCR). The most frequent clinical manifestations were skin lesions, fever, lymphadenopathy, headache, fatigue, and myalgia. The most frequent locations of the lesions were perianal, genital, facial, and upper and lower extremities. The most commonly used drugs for antiviral treatment of monkeypox were: tecovirimat, cidofovir, and brincidofovir. All patients had a complete recovery. According to current evidence, the efficacy and safety of antiviral drugs against monkeypox is of low quality and scarce.",antiviral treatment; monkeypox; monkeypox virus; orthopoxvirus; scoping review
39371134,Neuroinflammatory Disorders of the Central Nervous System Associated with Monkeypox Virus Infection: A Systematic Review and Call to Action.,"Shramana Deb, Ritwick Mondal, Purbita Sen, Dipanjan Chowdhury, Shramana Sarkar, Granthik Banerjee, Vramanti Sarkar, Anjan Chowdhury, Julián Benito-León",medRxiv : the preprint server for health sciences. 2024. doi: 10.1101/2024.09.14.24313675..,Deb,medRxiv : the preprint server for health sciences,2024,2024/09/16,,,10.1101/2024.09.14.24313675,"BACKGROUND: The Monkeypox virus, a zoonotic pathogen of the Orthopoxvirus genus, has shown a marked global spread, resulting in cases of neuroinflammatory disorders. This systematic review aims to summarize the central nervous system manifestations linked to monkeypox virus infection. METHODS: We conducted a systematic review according to PRISMA guidelines. Databases such as PubMed, EMBASE, Cochrane Library, and Web of Science were searched up to September 2024. Inclusion criteria focused on monkeypox virus-positive patients with confirmed central nervous system inflammatory disorders, including encephalitis, meningitis, myelitis, and related neuroimmune diseases. RESULTS: From 770 screened articles, 38 studies were included. Of the 20 reported monkeypox virus-infected cases with central nervous system involvement, the most common manifestations were encephalitis (40%), encephalomyelitis (30%), and meningoencephalitis (10%). Additional rarer presentations included Guillain-Barré syndrome (5%) and transverse myelitis (5%). The mean age of affected individuals was 27.9±13.69 years, and 75% were male. Fever, fatigue, and myalgia were the predominant systemic symptoms, with neurological complications often appearing within 4.6±2.5 days post-infection. Diagnoses were confirmed by quantitative reverse transcription polymerase chain reaction, magnetic resonance imaging, and cerebrospinal fluid analysis. Treatment strategies varied, with antivirals (e.g., tecovirimat) and immunomodulatory therapies (e.g., methylprednisolone, immunoglobulins, and rituximab) utilized. CONCLUSIONS: Monkeypox virus infection is associated with severe neuroinflammatory disorders, with varying outcomes from complete recovery to mortality. Increased awareness, comprehensive diagnostic approaches, and targeted therapeutic interventions are critical in managing these cases. Further research is required to elucidate the mechanisms of neuroinflammation in the monkeypox virus and establish standardized treatment protocols.",
37035497,Analyzing an Emerging Pandemic on Twitter: Monkeypox.,"Lauren N Cooper, Alexander P Radunsky, John J Hanna, Zachary M Most, Trish M Perl, Christoph U Lehmann, Richard J Medford",Open forum infectious diseases. 2023. doi: 10.1093/ofid/ofad142..,Cooper,Open forum infectious diseases,2023,2023/03/18,,,10.1093/ofid/ofad142,"BACKGROUND: Social media platforms like Twitter provide important insights into the public's perceptions of global outbreaks like monkeypox. By analyzing tweets, we aimed to identify public knowledge and opinions on the monkeypox virus and related public health issues. METHODS: We analyzed English-language tweets using the keyword ""monkeypox"" from 1 May to 23 July 2022. We reported gender, ethnicity, and race of Twitter users and analyzed tweets to identify predominant sentiment and emotions. We performed topic modeling and compared cohorts of users who self-identify as LGBTQ+ (an abreviation for lesbian, gay, bisexual, transgender, queer, and/or questioning) allies versus users who do not, and cohorts identified as ""bots"" versus humans. RESULTS: A total of 48 330 tweets were written by LGBTQ+ self-identified advocates or allies. The mean sentiment score for all tweets was -0.413 on a -4 to +4 scale. Negative tweets comprised 39% of tweets. The most common emotions expressed were fear and sadness. Topic modeling identified unique topics among the 4 cohorts analyzed. CONCLUSIONS: The spread of mis- and disinformation about monkeypox was common in our tweet library. Various conspiracy theories about the origins of monkeypox, its relationship to global economic concerns, and homophobic and racial comments were common. Conversely, many other tweets helped to provide information about monkeypox vaccines, disease symptoms, and prevention methods. Discussion of rising monkeypox case numbers globally was also a large aspect of the conversation. CONCLUSIONS: We demonstrated that Twitter is an effective means of tracking sentiment about public healthcare issues. We gained insight into a subset of people, self-identified LGBTQ+ allies, who were more affected by monkeypox.",Twitter; monkeypox; pandemic; social media; topic modeling
36185856,Monkeypox: The Re-emerging Terror.,"Anuja Sapkal, Sachin Agrawal",Cureus. 2022. doi: 10.7759/cureus.28597..,Sapkal,Cureus,2022,2022/08/30,,,10.7759/cureus.28597,"Monkeypox is a zoonotic Orthopoxvirus called human Monkeypox. It has symptoms that resemble or are pretty similar to smallpox. Monkeypox virus belongs to the genus Orthopoxvirus, which also includes cowpox, vaccinia, and variola viruses. The World Health Organization confirmed in 1970 that the primary virus is the Orthopoxvirus infecting humans after smallpox elimination. Clinically distinguishing the condition from varicella and smallpox is challenging for a clinician. Although the mortality rate of this disease is low, new tests are being tried and studied, which are required for a more accurate and quick diagnosis because the lab diagnosis is the key to the detection of illness and its monitoring. The illness or the virus is endemic to parts of western and central Africa. Surveillance in underdeveloped rural regions is challenging but manageable with evidence-based techniques and training materials for public health professionals. However, as in the present scenario, the disease is having a worldwide outbreak in various countries, and recently India detected its first case on 15 July 2022 in New Delhi. The widespread disease is due to trading exotic pets and international travel. Since smallpox vaccinations are not administered to people regularly, epidemiological studies are required. New medications and vaccines provide hope for treating and preventing Monkeypox; however, further study is required before they can be used effectively. Also, there is a requirement for advanced scientific studies in the etiology, epidemiology, and biological structure of the virus in the endemic zones to know and halt the spread of infection to humans.",monkeypox; orthopoxvirus; smallpox; varicella; virus
38440221,"The Current Pathogenicity and Potential Risk Evaluation of Marburg Virus to Cause Mysterious ""Disease X""-An Update on Recent Evidences.","Rahima Akter Mitu, Md Rabiul Islam",Environmental health insights. 2024. doi: 10.1177/11786302241235809..,Mitu,Environmental health insights,2024,2024/03/04,,,10.1177/11786302241235809,"The World Health Organization (WHO) defined Disease X as an upcoming disease with the potential to cause a pandemic. Pathogen X is responsible for Disease X. Marburg virus disease (MVD) is one of the diseases from the priority disease list published by WHO. Marburg virus is a filamentous, negative-sense RNA virus that belongs to the same filovirus family as the lethal Ebola virus. Since the first discovery of this virus in 1967, 17 outbreaks occurred sporadically till 2023. Rousettus aegyptiacus acts as the natural reservoir of the virus. With an average incubation period of 5 to 10 days, its first target is the mononuclear phagocytic system cells. It is highly contagious and can be easily transmitted from animal to human and human to human via direct contact with blood or body fluid, feces, and semen of the infected host. Although Marburg disease has a high case fatality rate of close to 90%, unfortunately, there is no approved vaccines or treatments are available. The most recent outbreak of Marburg virus in Equatorial Guinea and Tanzania in 2023 caused an alert for global health. However, based on the last global pandemic of COVID-19 and the sudden re-emerging of monkeypox around the world, we can assume that the Marburg virus has the potential to cause a global pandemic. Our modern world depends on globalization, which helps the virus transmission among countries. The Marburg virus can easily be transmitted to humans by fruit bats of the Pteropodidae family. This virus causes severe hemorrhagic disease, and there are no specific vaccines and treatments available to combat it. Therefore, community engagement and early supportive care for patients are keys to successfully controlling MVD.",Disease X; Marburg virus; Marburg virus disease; Rousettus aegyptiacus; filovirus; public health; viral zoonosis
36548679,Artificial Neural Networks for the Prediction of Monkeypox Outbreak.,"Balakrishnama Manohar, Raja Das",Tropical medicine and infectious disease. 2022. doi: 10.3390/tropicalmed7120424..,Manohar,Tropical medicine and infectious disease,2022,2022/12/08,,,10.3390/tropicalmed7120424,"While the world is still struggling to recover from the harm caused by the widespread COVID-19 pandemic, the monkeypox virus now poses a new threat of becoming a pandemic. Although it is not as dangerous or infectious as COVID-19, new cases of the disease are nevertheless being reported daily from many countries. In this study, we have used public datasets provided by the European Centre for Disease Prevention and Control for developing a prediction model for the spread of the monkeypox outbreak to and throughout the USA, Germany, the UK, France and Canada. We have used certain effective neural network models for this purpose. The novelty of this study is that a neural network model for a time series monkeypox dataset is developed and compared with LSTM and GRU models using an adaptive moment estimation (ADAM) optimizer. The Levenberg-Marquardt (LM) learning technique is used to develop and validate a single hidden layer artificial neural network (ANN) model. Different ANN model architectures with varying numbers of hidden layer neurons were trained, and the K-fold cross-validation early stopping validation approach was employed to identify the optimum structure with the best generalization potential. In the regression analysis, our ANN model gives a good R-value of almost 99%, the LSTM model gives almost 98% and the GRU model gives almost 98%. These three model fits demonstrated that there was a good agreement between the experimental data and the forecasted values. The results of our experiments show that the ANN model performs better than the other methods on the collected monkeypox dataset in all five countries. To the best of the authors' knowledge, this is the first report that has used ANN, LSTM and GRU to predict a monkeypox outbreak in all five countries.",COVID-19; Hessian matrix; K-fold cross-validation; Levenberg–Marquardt model; machine learning; regression analysis; sigmoid function
37969438,Near obstructing painful anorectal mass and facial rash in a man with monkeypox: A case report.,"Kesiena Akpoigbe, Jones Yannick, Joan Culpepper-Morgan",World journal of clinical cases. 2023. doi: 10.12998/wjcc.v11.i30.7418..,Akpoigbe,World journal of clinical cases,2023,2023/10/26,,,10.12998/wjcc.v11.i30.7418,"BACKGROUND: Monkeypox (MPX) is a zoonotic infection that is endemic in Western and Central Africa along the Congo River basin. It has a high case fatality rate especially in younger age groups. It belongs to the virus family orthopoxvirus like smallpox. It is transmitted from wild animals to humans but human to human transmission has been established. It is often a self-limited infection in endemic regions. Recently, attention has been given to MPX with the spread of infection to Europe and the United States of America (USA). There is currently sporadic infection of MPX in the USA especially amongst men who have sex with men (MSM). It is a serious life-threatening infection in human immunodeficiency virus/acquired immunodeficiency syndrome co-infected individuals especially those who are treatment naïve with severe immunosuppression. CASE SUMMARY: We report a 38-year old man who presented with rectal pain, and anal, torso, and facial rash. Abdominal computed tomography scan showed a near obstructive rectal mass with peri-anal fistula. MPX was positive. He was started on tecovirimat (TPOXX) and HAART therapy. Additional treatment provided included vaccinia immunoglobulin following his clinical deterioration. CONCLUSION: This case highlights a rare presentation of MPX with peri-anal fistula and near obstructive rectal mass, and the significance of MPX as a differential diagnosis in proctitis in MSM in addition to other sexually transmitted infection like gonorrhea and chlamydia.",Case report; Human Immunodeficiency Virus; Men who have sex with Men; Monkeypox; Proctitis; Tecovirimat; Vaccinia Immunoglobulin
36146486,Healthcare Workers' Worries and Monkeypox Vaccine Advocacy during the First Month of the WHO Monkeypox Alert: Cross-Sectional Survey in Saudi Arabia.,"Fadi Ajman, Shuliweeh Alenezi, Khalid Alhasan, Basema Saddik, Ali Alhaboob, Esraa S Altawil, Fatimah Alshahrani, Abdulkarim Alrabiaah, Ali Alaraj, Khaled Alkriadees, Yousef Alshamlani, Homood Alharbi, Amr Jamal, Rabih Halwani, Fahad AlZamil, Sarah Al-Subaie, Mazin Barry, Ziad A Memish, Jaffar A Al-Tawfiq, Mohamad-Hani Temsah",Vaccines. 2022. doi: 10.3390/vaccines10091408..,Ajman,Vaccines,2022,2022/08/28,,,10.3390/vaccines10091408,"Background: Monkeypox virus re-surged in May 2022 as a new potential global health threat, with outbreaks bursting in multiple countries across different continents. This study was conducted in Saudi Arabia during the first month following the WHO announcement of the Monkeypox outbreak, to assess healthcare workers (HCWs) perceptions of, worries concerning, and vaccine acceptance for, Monkeypox, in light of the resolving COVID-19 pandemic. Methods: A national cross-sectional survey was conducted between 27 May and 10 June 2022, in Saudi Arabia. Data were collected on: HCWs' sociodemographic and job-related characteristics; COVID-19 infection status; and worries concerning Monkeypox, compared to COVID-19 and its sources; as well as their perceptions and awareness of, and advocacy for, supporting Monkeypox vaccination. Results: A total of 1130 HCWs completed the survey, of which 41.6% have already developed COVID-19. However, 56.5% were more concerned about COVID-19 compared to Monkeypox, while the rest were more worried about Monkeypox disease. The main cause for concern among 68.8% of the participants was the development of another worldwide pandemic, post-COVID-19, followed by their concern of either themselves or their families contracting the infection (49.6%). Most HCWs (60%) rated their level of self-awareness of Monkeypox disease as moderate to high. Males, and those who had previously developed COVID-19, were significantly less likely to worry about Monkeypox. The worry about Monkeypox developing into a pandemic, and the perception of Monkeypox being a severe disease, correlated significantly positively with the odds of high worry concerning the disease. The major predictors of participants' advocacy for vaccination against Monkeypox disease were: those who had developed COVID-19 previously; and those who supported tighter infection control measures (than those currently used) to combat the disease. A total of 74.2% of the surveyed HCWs perceived that they needed to read more about Monkeypox disease. Conclusions: Approximately half of the HCWs in this study were more concerned about Monkeypox disease than COVID-19, particularly regarding its possible progression into a new pandemic, during the first month following the WHO's Monkeypox international alert. In addition, the majority of participants were in favor of applying tighter infection prevention measures to combat the disease. The current study highlights areas requiring attention for healthcare administrators regarding HCWs' perceptions and preparedness for Monkeypox, especially in the event of a local or international pandemic.",HCWs in Saudi Arabia; HCWs’ perceptions; Monkeypox vaccine acceptance; Monkeypox versus COVID-19; Monkeypox worries
41181398,"Kenya's national burden of monkeypox: a public health emergency, a review.","Christian Tague, Isaac Isiko, Amos Kipkorir Langat, Saad Maqbool, Maliha Khalid, Innocent Mufungizi, Maher Ali Rusho, Hermann Yokolo, Adolphe Karegeya, Calvin R Wei, Joshua Ekouo, Dujardin Makeda, Mc Juan Muco Mugisha, Aymar Akilimali",Annals of medicine and surgery (2012). 2025. doi: 10.1097/MS9.0000000000003825..,Tague,Annals of medicine and surgery (2012),2025,2025/09/01,,,10.1097/MS9.0000000000003825,"Infection with Orthopoxvirus Mpox is steadily becoming a public health menace in Kenya. This review seeks to provide insight into the disease's epidemiology, clinical-attendance, preventive mechanisms, surveillance efforts, and the associated challenges within the health system in the country. Initial outbreaks were recorded in July 2024 among long-haul drivers in Taita Taveta County; the occupational risks and border-crossing activities posed significant threats. Of particular note is the fact that approximately 77% of the 13 confirmed cases (n = 10) occurred within the subset of international transporters, which accounts for a seemingly astounding 10% prevalence among this population. As of October 2024, Mpox cases have been reported in five counties, with a total of 47 confirmed cases and 3 deaths. Age distribution shows that 62% of cases occurred in individuals aged 25-45 years, with a male predominance of 81%. There is a great need for preventive hygiene education, as well as vaccination; however, the public's access to vaccines and knowledge about them remains scarce. The surveillance system as well as case management has insufficient funding, inadequate diagnostic, and trained health personnel resources strangle these systems. More robust healthcare infrastructure, such as isolation facilities and laboratory capacity, as well as fostering regional collaborations with WHO, requires advocacy along with adopting a One Health strategy encompassing human, animal, and environmental health.",Kenya; Mpox; epidemiology; prevention; public health
36679864,Knowledge and Attitudes of Turkish Physicians towards Human Monkeypox Disease and Related Vaccination: A Cross-Sectional Study.,"Taha Koray Sahin, Enes Erul, Melek Seren Aksun, Meliha Cagla Sonmezer, Serhat Unal, Murat Akova",Vaccines. 2022. doi: 10.3390/vaccines11010019..,Sahin,Vaccines,2022,2022/12/21,,,10.3390/vaccines11010019,"Background: In May 2022, the monkeypox virus outbreak in multiple countries on various continents marked a potential resurgence of the disease as a global health issue. Considering the crucial role of physicians in mitigating the monkeypox outbreak, we sought to evaluate physicians’ knowledge, attitude, concerns, and vaccine acceptance for monkeypox, in the shadow of the COVID-19 pandemic. Methods: A large-scale, cross-sectional survey was conducted among 283 physicians between 20 August−2 September 2022, in Turkey. The participants’ sociodemographic characteristics, knowledge, attitudes, concerns, and vaccine acceptance toward monkeypox infection were collected via a questionnaire. Results: Our study revealed that 32.5% of physicians achieved a good level of knowledge; similarly, 31.4% of the physicians planned to have the monkeypox vaccine. Multivariate binary logistic regression analysis showed that female physicians (p = 0.031) and older people (≥30 vs. <30) were more likely to be knowledgeable about monkeypox (p = 0.007). We found that participants from divisions of internal medicine (p = 0.033) who knew about the monkeypox disease during medical school or residency (p = 0.005) and were previously exposed to COVID-19 disease (p = 0.005) were more likely to have a good knowledge score of monkeypox. We also found that physicians with a good knowledge score were more worried about monkeypox compared to COVID-19 (AOR: 2.22; 95% CI:1.13−4.33; p = 0.019). Additionally, those who had information on monkeypox during medical education (AOR = 2.16, 95% CI = 1.10−4.21; p = 0.024) were more likely to receive the smallpox vaccine to prevent monkeypox viral infection when available. Conclusions: The present study pointed out that physicians in Turkey have unsatisfactory levels of knowledge about the emerging monkeypox. This study results can impede attempts to detect and manage cases of monkeypox and should be addressed through appropriate and timely awareness and educational programs, alerts, and seminars. These might serve as the basis for policymakers’ decisions about promoting national monkeypox vaccination strategies and addressing potential vaccine hesitancy and misinformation when needed.",Turkey; disease; health care workers; human monkeypox; knowledge; vaccination
37374034,Monkeypox: A New Challenge for Global Health System?,"Francesca Spirito, Agostino Guida, Vito Carlo Alberto Caponio, Lorenzo Lo Muzio","Life (Basel, Switzerland). 2023. doi: 10.3390/life13061250..",Spirito,"Life (Basel, Switzerland)",2023,2023/05/25,,,10.3390/life13061250,"The COVID-19 pandemic, starting in 2020, has presented a major challenge in terms of early diagnosis and the subsequent containment and management of severe cases. The spread of viruses such as monkeypox in non-endemic countries is now creating new difficulties for healthcare professionals. Proper case definition and clinical examination are crucial for the early identification of suspected cases. For this reason, we performed a review of the literature in order to report the first signs, which are useful for healthcare providers for early case identification. Since 2022 to date, 86,930 laboratory-confirmed cases and 1051 probable cases have been reported worldwide, and of these, 116 were fatal cases and, for the first time, most of the cases were registered in countries that have not historically reported monkeypox and that lack direct or immediate epidemiological links to areas of West or Central Africa where the disease is endemic. Patients with Monkeypox experience prodromal symptoms, such as fever, fatigue, headache, muscle aches, and a rash after an incubation period of 5-21 days. The disease is usually self-limiting within 2-4 weeks but can lead to complications, such as pneumonia, encephalitis, kidney injury, and myocarditis in children, pregnant individuals, and those with weakened immune systems. The case-fatality ratio is between 1 and 10%. Today, prevention campaigns and the control of human monkeypox are the best weapons to prevent infection and stop transmission. Prevention strategies, such as avoiding contact with sick or dead animals, and the proper preparation of all foods containing animal meat or parts, should be adopted. Furthermore, close contact with infected people or contaminated materials should be avoided to prevent human-to-human transmission.",monkeypox; vaccine; virus diseases
39727494,The Effects of the Combined Co-Expression of GroEL/ES and Trigger Factor Chaperones on Orthopoxvirus Phospholipase F13 Production in E. coli.,"Iuliia A Merkuleva, Vladimir N Nikitin, Tatyana D Belaya, Egor A Mustaev, Dmitriy N Shcherbakov",Biotech (Basel (Switzerland)). 2024. doi: 10.3390/biotech13040057..,Merkuleva,Biotech (Basel (Switzerland)),2024,2024/12/23,,,10.3390/biotech13040057,"Heterologous protein expression often faces significant challenges, particularly when the target protein has posttranslational modifications, is toxic, or is prone to misfolding. These issues can result in low expression levels, aggregation, or even cell death. Such problems are exemplified by the expression of phospholipase p37, a critical target for chemotherapeutic drugs against pathogenic human orthopoxviruses, including monkeypox and smallpox viruses. The complex structure and broad enzymatic activity of phospholipase p37 render it toxic to host cells, necessitating specialized strategies for heterologous expression. In our study, we addressed these challenges using the vaccinia virus F13 protein as a model. We demonstrated that p37 can be effectively synthesized in E. coli as a GST fusion protein by co-expressing it with the GroEL/ES chaperone system and Trigger Factor chaperone.",GroEL/ES; NIOCH-14; ST-246; chaperone; monkeypox virus; orthopoxviruses; p37; phospholipase F13; trigger factor
36254190,Clinical manifestations of human monkeypox infection and implications for outbreak strategy.,"Nishant Johri, Deepanshu Kumar, Priya Nagar, Aditya Maurya, Maheshwari Vengat, Parag Jain","Health sciences review (Oxford, England). 2022. doi: 10.1016/j.hsr.2022.100055..",Johri,"Health sciences review (Oxford, England)",2022,2022/10/06,,,10.1016/j.hsr.2022.100055,"Monkeypox is an orthopoxvirus-based zoonotic illness that causes symptoms similar to smallpox in humans. Health care workers around the world are making it a priority to educate themselves on the many clinical manifestations and treatment options for this virus as public health agencies strive to stop the current outbreak. The infected do not have access to any treatment at this time. However, information obtained from the smallpox pandemic has led researchers to examine vaccinia immune globulin (IVG), tecovirimat, and cidofovir as viable treatments for monkeypox. Moreover, medication like tecovirimat may be given in extreme circumstances, and supportive therapy can help with symptom relief. The European Medicines Agency (EMA) certified tecovirimat as safe and effective against monkeypox in 2022, per the World Health Organization (WHO). As there are now no established guidelines for alleviating these symptoms, the efficacy of these treatments is highly questionable. Some high-profile cases in recent years have cast doubt on the long-held belief that this illness is rare and always resolves itself without treatment. We aimed to conduct this review to get a deeper comprehension of the evolving epidemiology of monkeypox by analysing such factors as the number of confirmed, probable, and potential cases, the median age at presentation, the mortality rate, and the geographic distribution of the disease. This study offers an updated review of monkeypox and the clinical treatments that are currently available as a result of the worldwide epidemics.",Disease outbreaks; Monkeypox; Orthopoxvirus; Poxviridae; Zoonosis
37638475,Viral load: We need a new look at an old problem?,Alexandro Guterres,Journal of medical virology. 2023. doi: 10.1002/jmv.29061..,Guterres,Journal of medical virology,2023,2023/08/01,,,10.1002/jmv.29061,"The concept of viral load was introduced in the 1980s to measure the amount of viral genetic material in a person's blood, primarily for human immunodeficiency virus (HIV). It has since become crucial for monitoring HIV infection progression and assessing the efficacy of antiretroviral therapy. However, during the coronavirus disease 2019 pandemic, the term ""viral load"" became widely popularized, not only for the scientific community but for the general population. Viral load plays a critical role in both clinical patient management and research, providing valuable insights for antiviral treatment strategies, vaccination efforts, and epidemiological control measures. As measuring viral load is so important, why don't researchers discuss the best way to do it? Is it simply acceptable to use raw Ct values? Relying solely on Ct values for viral load estimation can be problematic due to several reasons. First, Ct values can vary between different quantitative polymerase chain reaction assays, platforms, and laboratories, making it difficult to compare data across studies. Second, Ct values do not directly measure the quantity of viral particles in a sample and they can be influenced by various factors such as initial viral load, sample quality, and assay sensitivity. Moreover, variations in viral RNA extraction and reverse-transcription steps can further impact the accuracy of viral load estimation, emphasizing the need for careful interpretation of Ct values in viral load assessment. Interestingly, we did not observe scientific articles addressing different strategies to quantify viral load. The absence of standardized and validated methods impedes the implementation of viral load monitoring in clinical management. The variability in cell quantities within samples and the variation in viral particle numbers within infected cells further challenge accurate viral load measurement and interpretation. To advance the field and improve patient outcomes, there is an urgent need for the development and validation of tailored, standardized methods for precise viral load quantification.",Ct values; SARS-CoV-2; monkeypox virus; viral load; viral load methods
36655160,"As the World Struggles With the COVID-19 Pandemic, Another Emergency Threat Arrives on the Horizon, the Monkeypox: A Systematic Review.","Satish Kumar, Kumar Rahul, Amit K Gupta, Harish Gupta, Satyendra K Sonkar, Virendra Atam, Shyam C Chaudhary",Cureus. 2023. doi: 10.7759/cureus.33596..,Kumar,Cureus,2023,2023/01/10,,,10.7759/cureus.33596,"The whole world got threatened by COVID-19, which made a significant loss in various sectors and pushed the world into a deep valley. Now a new threat, the emerging outbreak of monkeypox is rapidly spreading across the globe and is currently being observed in more than 110 countries with 79,473 confirmed cases and 50 deaths. Data were collected from PubMed, EMBASE, MEDLINE, Cochrane, Scopus database, African Journals OnLine, internet library sub-Saharan Africa, and Google Scholar. Most data were taken from the democratic Republic of Congo, the Central African Republic, Cameroon, the Republic of Congo, Liberia, Nigeria, the US, and the UK. Case reports, outbreak investigations, epidemiological studies, and surveillance studies were reviewed to find epidemiological details about the outbreak. A total of 50 peer-reviewed articles and 20 grey literature articles, including 9050 cases, were identified for data extraction. Our systematic review revealed that the group most affected is male (95.5%), with a median age of 33.8 years. A total of 55% of the transmission was sexually transmitted. The most commonly reported symptoms such as vesicular-pustular rashes (97.54%), fever (55.25%), inguinal lymphadenopathy (53.6%), exanthema (40.21%), fatigue, headache, asthenia (26.32%), myalgia (16.33%), vesicles and ulcers (30.61%) in the anogenital regions were some of the significant findings. The case fatality rate was observed to be up to 8.65%. The most affected country was the USA, which has the most fatalities in younger ages involved in homosexuality, suffering from HIV or sexually transmitted diseases (STDs).",homosexuality; monkeypox; smallpox; vesiculo-pustular rash; zoonotic
19100593,Mousepox in the C57BL/6 strain provides an improved model for evaluating anti-poxvirus therapies.,"Scott Parker, Akbar M Siddiqui, Christina Oberle, Ed Hembrador, Randall Lanier, George Painter, Alice Robertson, R Mark Buller",Virology. 2008. doi: 10.1016/j.virol.2008.11.015..,Parker,Virology,2009,2008/12/18,,,10.1016/j.virol.2008.11.015,"The intranasal lethal mousepox model employing the A/Ncr mouse strain is used to evaluate anti-orthopoxvirus therapies. These infections mimic large droplet transmission and result in 100% mortality within 7-10 days with as little as 1 PFU of ectromelia virus. Unlike the A/Ncr model, humans are less susceptible to lethal respiratory infections with variola virus and monkeypox virus as demonstrated by their lower mortality rates. In this study we show that a low dose intranasal infection of C57BL/6 mice results in 60-80% mortality and better models smallpox. Comparing CMX001 (HDP-cidofovir) efficacy in the A/Ncr strain and the C57BL/6 strain revealed that delayed treatment with CMX001 is more efficacious at preventing severe disease in the C57BL/6 strain. The increased efficacy of CMX001 in C57BL/6 over A/Ncr following an intranasal infection with ectromelia appears to be mediated by a stronger Th1 cell mediated response. Following footpad infection we show that the C57BL/6 strain has earlier and more robust transcriptional activity, Th1 cytokine secretions, antigen presenting activity and IFNgamma splenic CD8+ T cell responses as compared to the A/Ncr strain. As a result of the enhanced immune response in the C57BL/6 strain, non-lethal intradermal ectromelia infections can therapeutically protect up to 3 days following a homologous, lethal intranasal infection - much like how smallpox vaccination can protect humans for up to 4 days following intranasal variola infection.","[MeSH] Animals; [MeSH] Antiviral Agents; [MeSH] Cell Line; [MeSH] Chlorocebus aethiops; [MeSH] Cytokines; [MeSH] Cytosine; [MeSH] Disease Models, Animal; [MeSH] Ectromelia virus; [MeSH] Ectromelia, Infectious; [MeSH] Female; [MeSH] Mice; [MeSH] Mice, Inbred C57BL; [MeSH] Organophosphonates"
10868407,[Risk and risk management connected with xenograft].,"J Julvez, P Vannier",Pathologie-biologie. 2000.,Julvez,Pathologie-biologie,2000,2000/05/01,,,,"Transmission of an animal virus to man is probably a constant reality. Pathogenicity is is not inevitable. Some vaccines were contaminated by cell culture but remain safe. Haemorrhagic fevers, despite limited outbreaks, are often cited in the media. On the other hand, the influenza A virus has been responsible for a large mortality. The cases of human infection with simian viruses (herpes virus B, cytomegalovirus, spumavirus, immunodeficiency virus) were accidental and have always remained asymptomatic. Monkeypox virus emerges in only some outbreaks. No transmission of animal endogenous retrovirus has been described. The precautionary principle, in the face of an unquantifiable risk, supposes that preventive measures should be taken in advance to reduce the risk at each step: isolation of the animal source after hysterotomy, transport in a germ-free environment, procurement and transplantation in rigorous surgical conditions, long-term follow-up surveillance of the patient, his or her family and healthcare workers. All the phases of the xenotransplantation procedure should be taken to limit the number of places and persons coming into contact with the recipient. Surveillance means regular clinical information. Various samples should be taken from the animal source, recipient, his or her family contacts, medical staff and cryogenically preserved as 'biological memory'. A National Xenotransplantation Register should be set up to gather and share all information on incidents.","[MeSH] Animals; [MeSH] Humans; [MeSH] Primates; [MeSH] Risk Factors; [MeSH] Risk Management; [MeSH] Transplantation, Heterologous; [MeSH] Virus Diseases; [MeSH] Viruses; [MeSH] Zoonoses"
17765007,Viremia in human Cowpox virus infection.,"Andreas Nitsche, Andreas Kurth, Georg Pauli",Journal of clinical virology : the official publication of the Pan American Society for Clinical Virology. 2007. doi: 10.1016/j.jcv.2007.07.014..,Nitsche,Journal of clinical virology : the official publication of the Pan American Society for Clinical Virology,2007,2007/08/30,,,10.1016/j.jcv.2007.07.014,"BACKGROUND: Several poxviruses can infect humans and cause diseases of varying severity. Besides the eradicated Variola virus that induced high mortality rates, numerous further human pathogenic orthopoxviruses are potentially fatal but generally cause less severe infections. While infection-related viremia was described for Variola virus and seems to be rare for Monkeypox virus, it is still debated for Vaccinia virus. So far, viremia in Cowpox virus-infected humans has not been reported. OBJECTIVES: To estimate the potential risk of Cowpox virus to disseminate and develop severe infections, two Cowpox virus patients were examined for viremia. STUDY DESIGN: Whole blood, serum and fluid from virus-induced lesions were analyzed by serology or quantitative real-time PCR. RESULTS: Real-time PCR and sequence analysis of the hemagglutinin gene confirmed Cowpox virus in the lesions of both patients. Serology performed on serum obtained at the same time as the lesion specimens demonstrated orthopoxvirus-specific IgG and IgM antibodies, indicating a recent orthopoxvirus infection. In addition, Cowpox virus DNA was detectable in whole blood, but not in serum, as late as week 4 post-infection. CONCLUSIONS: In contrast to observations following vaccination with Vaccinia virus, DNAemia in patients with localized symptoms of a Cowpox virus infection does not seem to be a rare event. However, its relevance for Cowpox virus pathogenicity has to be elucidated.","[MeSH] Antibodies, Viral; [MeSH] Cowpox; [MeSH] Cowpox virus; [MeSH] DNA, Viral; [MeSH] Female; [MeSH] Hemagglutinins, Viral; [MeSH] Humans; [MeSH] Immunoglobulin G; [MeSH] Immunoglobulin M; [MeSH] Polymerase Chain Reaction; [MeSH] Sequence Analysis; [MeSH] Skin; [MeSH] Viremia"
37504202,Diagnosis of Monkeypox Disease Using Transfer Learning and Binary Advanced Dipper Throated Optimization Algorithm.,"Amal H Alharbi, S K Towfek, Abdelaziz A Abdelhamid, Abdelhameed Ibrahim, Marwa M Eid, Doaa Sami Khafaga, Nima Khodadadi, Laith Abualigah, Mohamed Saber","Biomimetics (Basel, Switzerland). 2023. doi: 10.3390/biomimetics8030313..",Alharbi,"Biomimetics (Basel, Switzerland)",2023,2023/07/16,,,10.3390/biomimetics8030313,"The virus that causes monkeypox has been observed in Africa for several years, and it has been linked to the development of skin lesions. Public panic and anxiety have resulted from the deadly repercussions of virus infections following the COVID-19 pandemic. Rapid detection approaches are crucial since COVID-19 has reached a pandemic level. This study's overarching goal is to use metaheuristic optimization to boost the performance of feature selection and classification methods to identify skin lesions as indicators of monkeypox in the event of a pandemic. Deep learning and transfer learning approaches are used to extract the necessary features. The GoogLeNet network is the deep learning framework used for feature extraction. In addition, a binary implementation of the dipper throated optimization (DTO) algorithm is used for feature selection. The decision tree classifier is then used to label the selected set of features. The decision tree classifier is optimized using the continuous version of the DTO algorithm to improve the classification accuracy. Various evaluation methods are used to compare and contrast the proposed approach and the other competing methods using the following metrics: accuracy, sensitivity, specificity, p-Value, N-Value, and F1-score. Through feature selection and a decision tree classifier, the following results are achieved using the proposed approach; F1-score of 0.92, sensitivity of 0.95, specificity of 0.61, p-Value of 0.89, and N-Value of 0.79. The overall accuracy of the proposed methodology after optimizing the parameters of the decision tree classifier is 94.35%. Furthermore, the analysis of variation (ANOVA) and Wilcoxon signed rank test have been applied to the results to investigate the statistical distinction between the proposed methodology and the alternatives. This comparison verified the uniqueness and importance of the proposed approach to Monkeypox case detection.",biological mechanism; deep learning; dipper throated optimization; feature selection; monkeypox detection; transfer learning
41461353,Evidence on mpox clade Ia and clade Ib: A rapid research needs appraisal.,"Dijana Spasenoska, Naemi Araya, Marieke de Swart, Nicholas Henschke, Eli Harriss, Greta Tam, Amen Patrick-Nwosu, Marakiya Moetlediwa, Musawenkosi Ndlovu, Yonela Ntamo, Katrin Probyn, Salome Steinke, Lauren Ashley, Vincent Cheng, Gemma Villanueva, Tamsyn Harris, Duduzile Ndwandwe, Lance Turtle, Serena Carville, Alice Norton, Louise Sigfrid",International journal of infectious diseases : IJID : official publication of the International Society for Infectious Diseases. 2025. doi: 10.1016/j.ijid.2025.108348..,Spasenoska,International journal of infectious diseases : IJID : official publication of the International Society for Infectious Diseases,2026,2025/12/27,,,10.1016/j.ijid.2025.108348,"OBJECTIVES: The emergence of a new mpox sub-clade Ib and changes in transmission pattern are of concern. To inform strategies to protect populations and improve outcomes, we implemented a rapid research needs appraisal (RRNA) to identify existing evidence on mpox clade I. METHODS: We searched Embase, MEDLINE, Scopus, and grey literature to 11 February 2025 for human mpox clade I studies. RESULTS: Of 79 studies identified, 2.5% (2/79) were interventional, 97.4% (77/79) observational, presenting data on 59,183 mpox cases. Most (57/79) focused on clade Ia, 16/79 clade Ib, and 6/79 unspecified sub-clade I. 90.8% were set in Africa. Studies focused on clinical characteristics (n = 55), transmission (n = 23), risk factors for disease/severe disease (n = 13), diagnostics (n = 9), social/behavioural factors (n = 6), immune response/seroprevalence (n = 5), and vaccine/treatments (n = 4). Symptoms and complications were similar for both sub-clades. Three studies reported foetal death in 8/12-8/14 pregnant women infected with clade Ib and in 3/4 of women with clade Ia. The pooled case fatality rate (CFR) was 6% (95% CI 3% to 8%) in clade Ia studies and 1% (95% CI 0% to 1%) in clade Ib studies. There were no studies on effectiveness of prevention, treatment, risk of asymptomatic infection, or immune protection over time. CONCLUSION: The identified evidence-gaps provide a baseline to inform coordinated research strategies to generate evidence for clinical and public health responses to improve outcomes.",Mpox; Mpox clade I; Outbreak; PHEIC; RRNA
32325980,Systematic Review of Important Viral Diseases in Africa in Light of the 'One Health' Concept.,"Ravendra P Chauhan, Zelalem G Dessie, Ayman Noreddin, Mohamed E El Zowalaty","Pathogens (Basel, Switzerland). 2020. doi: 10.3390/pathogens9040301..",Chauhan,"Pathogens (Basel, Switzerland)",2020,2020/04/20,,,10.3390/pathogens9040301,"Emerging and re-emerging viral diseases are of great public health concern. The recent emergence of Severe Acute Respiratory Syndrome (SARS) related coronavirus (SARS-CoV-2) in December 2019 in China, which causes COVID-19 disease in humans, and its current spread to several countries, leading to the first pandemic in history to be caused by a coronavirus, highlights the significance of zoonotic viral diseases. Rift Valley fever, rabies, West Nile, chikungunya, dengue, yellow fever, Crimean-Congo hemorrhagic fever, Ebola, and influenza viruses among many other viruses have been reported from different African countries. The paucity of information, lack of knowledge, limited resources, and climate change, coupled with cultural traditions make the African continent a hotspot for vector-borne and zoonotic viral diseases, which may spread globally. Currently, there is no information available on the status of virus diseases in Africa. This systematic review highlights the available information about viral diseases, including zoonotic and vector-borne diseases, reported in Africa. The findings will help us understand the trend of emerging and re-emerging virus diseases within the African continent. The findings recommend active surveillance of viral diseases and strict implementation of One Health measures in Africa to improve human public health and reduce the possibility of potential pandemics due to zoonotic viruses.",Africa; COVID-19; Ebola; Rift Valley fever virus; SARS-CoV-2; West Nile virus; avian influenza; coronaviruses; dengue; emerging; epidemiology; hemorrhagic fever; infectious diseases; influenza A virus; monkeypox; one health; pandemic; rabies; re-emerging; simian immunodeficiency; vector-borne; virus; zoonosis
39066204,Exploring the Potential of Muridae as Sentinels for Human and Zoonotic Viruses.,"Ilaria Di Bartolo, Luca De Sabato, Giovanni Ianiro, Gabriele Vaccari, Filippo Maria Dini, Fabio Ostanello, Marina Monini",Viruses. 2024. doi: 10.3390/v16071041..,Di,Viruses,2024,2024/06/27,,,10.3390/v16071041,"In recent years, the transmission of viruses from wildlife to humans has raised significant public health concerns, exemplified by the COVID-19 pandemic caused by the betacoronavirus SARS-CoV-2. Human activities play a substantial role in increasing the risk of zoonotic virus transmission from wildlife to humans. Rats and mice are prevalent in urban environments and may act as reservoirs for various pathogens. This study aimed to evaluate the presence of zoonotic viruses in wild rats and mice in both urban and rural areas, focusing on well-known zoonotic viruses such as betacoronavirus, hantavirus, arenavirus, kobuvirus, and monkeypox virus, along with other viruses occasionally detected in rats and mice, including rotavirus, norovirus, and astrovirus, which are known to infect humans at a high rate. A total of 128 animals were captured, including 70 brown rats (Rattus norvegicus), 45 black rats (Rattus rattus), and 13 house mice (Mus musculus), and feces, lung, and liver were collected. Among brown rats, one fecal sample tested positive for astrovirus RNA. Nucleotide sequencing revealed high sequence similarity to both human and rat astrovirus, suggesting co-presence of these viruses in the feces. Murine kobuvirus (MuKV) was detected in fecal samples from both black (n = 7) and brown (n = 6) rats, primarily from urban areas, as confirmed by sequence analysis. These findings highlight the importance of surveillance and research to understand and mitigate the risks associated with the potential transmission of pathogens by rodents.",Italy; Muridae; mice; rats; reservoir; rodents; viral zoonoses
41035817,General Intelligence Framework to Predict Virus Adaptation Based on a Genome Language Model.,"Shu-Yang Jiang, Shi-Shun Zhao, Jun-Qing Wei, Sen Zhang, Zhongpeng Zhao, Yigang Tong, Wei Liu, Jianwei Wang, Tao Jiang, Jing Li","Research (Washington, D.C.). 2025. doi: 10.34133/research.0871..",Jiang,"Research (Washington, D.C.)",2025,2025/09/30,,,10.34133/research.0871,"Most human viral pandemics are caused by animal-originated viruses with human adaptation. It is challenging to infer adaptation from viral genes or their coded protein sequences, particularly when the data labels for modeling are inadequate or the input sequence to be predicted is incomplete. Here, we developed a semi-supervised General Intelligence framework to predict Virus Adaptation based on Language-model-embedded protein sequences (GIVAL) for blind input of virus sequences. The language model in GIVAL, named virus Bidirectional Encoder Representations from Transformers (vBERT), was pretrained for embedding using hidden Markov model-contextualized tokens of viral protein sequences. vBERT outperformed prevalent pretrained models like DNABERT-2, proteinBERT, ESM-2, Transformer, and Word2Vec on distinguishing viral proteins with various-grained labels, such as serotypes and single phenotype-altering mutation. The semi-supervised GIVAL obtained higher accuracy in virus adaptation prediction and better fault tolerance on raw labels in the training dataset, overcoming the obstacle of modeling with insufficient labels and predicting blind input. GIVAL was applicable to the adaptation prediction of diverse viruses. For influenza A viruses (IAVs), higher human adaptation was predicted for equine-origin H3N8 IAVs and bovine H5N1 IAVs with simulated mutations. For coronaviruses, GIVAL predicted an adaptation shift of receptor binding from Middle East respiratory syndrome-related coronavirus (MERS-CoV) receptor to severe acute respiratory syndrome coronavirus receptor of 2 recently reported MERS-CoV-like virus variants. For monkeypox viruses, GIVAL quantified an incremental adaptation shift of viral variants, matching the rise in human monkeypox cases. Summarily, GIVAL provides a generally intelligent framework for predicting virus adaptation based on its genotype, with the potential to extend to more genotype-to-phenotype prediction scenarios.",
41383357,Advancing Infectious Diseases Control in Africa: Lessons From the Mpox Re-emergence.,"Kesaobaka Batisani, Tolulope Joseph Ogunniyi",Health science reports. 2025. doi: 10.1002/hsr2.71630..,Batisani,Health science reports,2025,2025/12/09,,,10.1002/hsr2.71630,"INTRODUCTION: Re-emerging infectious diseases pose significant public health challenges in Africa and demand robust and coordinated responses. The Mpox virus (MPXV) has increasingly caused outbreaks with global implications, highlighting the vulnerabilities of the continent's health systems. As of April 2025, the African region has reported over 35,833 confirmed cases and 135 deaths, highlighting the urgent need to strengthen public health strategies. This review examines the lessons learned from MPXV outbreaks in Africa, emphasizing the importance of adaptive public health responses in preventing future re-emerging infectious diseases. METHODS: This review synthesized data from peer-reviewed articles, the World Health Organization (WHO) reports, and authoritative sources accessed through PubMed and other databases. We analyzed existing public health responses, infrastructure, community engagement, and international collaborations related to MPXV outbreaks in Africa, identifying gaps and opportunities for strengthening responses to re-emerging infectious diseases. RESULTS: We identified key shortcomings in Africa's public health capacity, including insufficient funding, limited disease surveillance, constraints in diagnostic infrastructure, social stigma, and misinformation. Successful response strategies include regional coordination, vaccine procurement and deployment, enhanced laboratory capacity, and community engagement efforts. The lessons learned highlight the importance of sustainable funding, integrated one health approaches, and global partnerships in improving outbreak preparedness and response. CONCLUSIONS: Building resilient health systems, fostering international collaboration, and engaging communities are pivotal for controlling re-emerging infectious diseases in Africa. Strategic investments in disease surveillance, diagnostic capacity, vaccination, and health education, coupled with a multi-sectoral approach, are essential for enhancing outbreak preparedness and achieving health security. The insights from MPXV outbreaks provide valuable guidance for policymakers and health practitioners aiming to strengthen Africa's public health response to future infectious disease threats.",Africa; Mpox outbreak; public health response; re‐emerging infectious diseases
40819122,The pathogenicity and multi-organ proteomic profiles of Mpox virus infection in SIVmac239-infected rhesus macaques.,"Dong Zhang, Jiangfeng Liu, Lin Zhu, Baoying Huang, Zhe Cong, Na Li, Jingjing Zhang, Ting Chen, Jianrong Ma, Jiahan Lu, Yongzhi Hou, Chenbo Yang, Wanjun Peng, Qiang Wei, Wenjie Tan, Juntao Yang, Jing Xue",Nature communications. 2025. doi: 10.1038/s41467-025-62919-z..,Zhang,Nature communications,2025,2025/08/17,,,10.1038/s41467-025-62919-z,"Mpox poses a heightened risk of severe disease and mortality among individuals with HIV, yet the molecular mechanisms and immunopathology underlying multi-organ damage caused by the mpox virus (MPXV), particularly in the context of HIV co-infection, remain poorly understood. Here, we observe increased MPXV replication, more extensive skin lesions, and impaired humoral and cellular immune responses in SIV-MPXV co-infected rhesus macaques compared to those infected with MPXV alone. Multi-organ proteomic and phosphoproteomic analyses reveals upregulation of proteins involved in immune and inflammatory pathways in skin lesions and across multiple organs, especially in immune-related tissues. Abnormal activation of DNA replication and cell cycle signaling pathways, which may contribute to enhanced viral replication, is evident in both MPXV and SIV-MPXV co-infected groups. CDK4/6 may present a potential therapeutic target to suppress MPXV replication. These comprehensive proteomic datasets offer valuable insights into the pathogenesis of MPXV in the context of SIV co-infection and support ongoing efforts to mitigate the impact of mpox.",[MeSH] Animals; [MeSH] Macaca mulatta; [MeSH] Simian Immunodeficiency Virus; [MeSH] Simian Acquired Immunodeficiency Syndrome; [MeSH] Proteomics; [MeSH] Virus Replication; [MeSH] Coinfection; [MeSH] Proteome; [MeSH] Skin; [MeSH] Male
36691475,[French research organization on emerging infectious diseases: From REACTing to ANRS emerging infectious diseases].,J F Delfraissy,Bulletin de l'Academie nationale de medecine. 2023. doi: 10.1016/j.banm.2022.11.017..,Delfraissy,Bulletin de l'Academie nationale de medecine,2023,2023/01/18,,,10.1016/j.banm.2022.11.017,"Emerging infectious diseases (EIDs) can be responsible for epidemics or even pandemics that disrupt societies and cause national and international crises. In our globalized world, anarchic urbanization, ecosystem disruptions (deforestation, creation of dams…), changes in crop and livestock farming conditions, the increasing availability of air transport, population displacement and climate change are all factors that favor the occurrence and spread of emerging or re-emerging pathogens such as SARS-Cov, MERS-CoV, Ebola, Zika, influenza, or more recently SARS-CoV-2 and Monkeypox. States, regional and international organizations, health and research agencies, non-governmental organizations and the pharmaceutical industry are today challenged by the repetition of these crises and their consequences on health, social, economic and political balances. For the past fifteen years, we have clearly been in a new regime of infectious emergence and re-emergence. This new regime calls for new responses, to meet in the urgency the challenges of emergency epidemic crises and to better respond to the issues of crisis management in a context of ""One Health"". Research is an essential pillar in the response to these epidemics with a double challenge: (i) to improve knowledge on the disease, its prevention, treatment, diagnosis, impact on society. and (ii) to prepare for and understand future emergencies, ""anticipate"". As epidemics have occurred over the last fifteen years, French research has been organized and has evolved to respond to these crises, from the genesis of REACTing in 2011, to the creation of the ANRS Emerging Infectious Diseases in 2021.",Communicable diseases; Ebola; Emerging; Hemorrhagic Fever; Pandemics; Research; SARS virus; Vaccines
36721499,Marburg virus disease: the paradox of Nigeria's preparedness and priority effects in co-epidemics.,"Rine Christopher Reuben, Sarah Adamma Abunike",Bulletin of the National Research Centre. 2023. doi: 10.1186/s42269-023-00987-1..,Reuben,Bulletin of the National Research Centre,2023,2023/01/27,,,10.1186/s42269-023-00987-1,"BACKGROUND: The recent outbreaks of Marburg virus disease (MVD) in Guinea and Ghana have become a major public health concern not only to the West African sub-region but a threat to global health. MAIN BODY OF THE ABSTRACT: Given the poorly elucidated ecological and epidemiological dynamics of the Marburg virus, it would be imprudent to preclude the possibility of another pandemic if urgent efforts are not put in place. However, the prior emergence and impact of COVID-19 and other co-occurring epidemics may add 'noise' to the epidemiological dynamics and public health interventions that may be required in the advent of a MVD outbreak in Nigeria. SHORT CONCLUSION: Paying attention to the lessons learned from previous (and current) multiple epidemics including Avian Influenza, Yellow fever, Ebola virus disease, Monkeypox, Lassa fever, and COVID-19 could help avoid a potentially devastating public health catastrophe in Nigeria.",COVID-19; Co-epidemics; Marburg virus disease; Pandemic; Public health
40592616,Disproportionate presentation of Mpox among people with HIV: A multicenter retrospective cohort study in Taiwan.,"Andrew Po-Liang Chen, Chien-Yu Cheng, Chun-Yuan Lee, Wang-Da Liu, Mao-Wang Ho, Wei-Yen Chen, Tun-Chieh Chen, Bo-Huang Liou, Han-Chuan Chuang, Mao-Song Tsai, Meng-Yu Cheng, Hung-Jen Tang, Hung-Chin Tsai, Mei-Hui Lee, Kai-Hsiang Chen, Chen-Hsiang Lee, Chia-Wei Liu, Yi-Chien Lee, Cheng-Hsun Yang, Chia-Jui Yang","Journal of microbiology, immunology, and infection = Wei mian yu gan ran za zhi. 2025. doi: 10.1016/j.jmii.2025.06.003..",Chen,"Journal of microbiology, immunology, and infection = Wei mian yu gan ran za zhi",2025,2025/06/24,,,10.1016/j.jmii.2025.06.003,"BACKGROUND: By June 2024, Taiwan reported 381 Mpox virus (MPXV) cases and one death. This study aims to analyze the characteristics and clinical presentations during the first outbreak of Mpox in Taiwan. METHODS: The study was conducted across 16 hospitals and included patients aged 20 and older diagnosed with Mpox between May 2022 and March 2024. Data on demographics, symptoms, medication, vaccination history, and laboratory results were collected. Patients with HIV (PWH) were classified based on their HIV plasma viral load (PVL): undetectable viral load (UDVL) was defined as PVL<50 copies/ml, while detectable viral load (DVL) was higher. Statistical analyses examined differences among HIV-negative individuals, PWH with UDVL, and PWH with DVL, with P < .05 considered significant. RESULTS: A total of 178 patients were analyzed; 99.4 % were male, with 94.9 % identifying as gay, bisexual, or men who have sex with men. Two-thirds were PWH, and among them, two-thirds had UDVL. PWH with UDVL showed a lower incidence of concurrent STIs compared to those with DVL (P < .05), with syphilis being the most common STI. The vaccination rate against MPXV was about 7 %, with only nine patients vaccinated prior to acquiring the infection. Symptoms often included fever, and infections predominantly affected the genitourinary system. The number of vesicles was significantly associated with PVL (P < .05), with UDVL patients exhibiting fewer vesicles and less confluent skin lesions than those with DVL. CONCLUSION: Most MPXV infections in Taiwan occur among PWH, particularly those with UDVL. Enhanced screening, vaccination efforts, and integrated STI testing are crucial in addressing this outbreak.",MPXV; People with HIV; Sexually transmitted infections
22826318,CD8 T cells are essential for recovery from a respiratory vaccinia virus infection.,"John Goulding, Rebecka Bogue, Vikas Tahiliani, Michael Croft, Shahram Salek-Ardakani","Journal of immunology (Baltimore, Md. : 1950). 2012. doi: 10.4049/jimmunol.1200799..",Goulding,"Journal of immunology (Baltimore, Md. : 1950)",2012,2012/07/23,,,10.4049/jimmunol.1200799,"The precise immune components required for protection against a respiratory Orthopoxvirus infection, such as human smallpox or monkeypox, remain to be fully identified. In this study, we used the virulent Western Reserve strain of vaccinia virus (VACV-WR) to model a primary respiratory Orthopoxvirus infection. Naive mice infected with VACV-WR mounted an early CD8 T cell response directed against dominant and subdominant VACV-WR Ags, followed by a CD4 T cell and Ig response. In contrast to other VACV-WR infection models that highlight the critical requirement for CD4 T cells and Ig, we found that only mice deficient in CD8 T cells presented with severe cachexia, pulmonary inflammation, viral dissemination, and 100% mortality. Depletion of CD8 T cells at specified times throughout infection highlighted that they perform their critical function between days 4 and 6 postinfection and that their protective requirement is critically dictated by initial viral load and virulence. Finally, the ability of adoptively transferred naive CD8 T cells to protect RAG⁻/⁻ mice against a lethal VACV-WR infection demonstrated that they are both necessary and sufficient in protecting against a primary VACV-WR infection of the respiratory tract.","[MeSH] Animals; [MeSH] CD8-Positive T-Lymphocytes; [MeSH] Disease Models, Animal; [MeSH] Female; [MeSH] Lung; [MeSH] Mice; [MeSH] Mice, Inbred C57BL; [MeSH] Mice, Knockout; [MeSH] Mice, Mutant Strains; [MeSH] Recovery of Function; [MeSH] Respiratory Tract Infections; [MeSH] Severity of Illness Index; [MeSH] Vaccinia; [MeSH] Vaccinia virus"
39039685,"Decoding and Unravelling Mpox, Herpes, and Syphilis Infections: A State of Art Review.","Jiao Wang, Rajat Goyal, Rupesh K Gautam, Kajal Garg, Shaheen Husain, Hitesh Chopra, Ankit Kumar Dubey, Rehab A Rayan, Mohammad Amjad Kamal, Dinesh Kumar Mishra, Rohit Gundamaraju, Bairong Shen, Rajeev K Singla",Current pharmaceutical biotechnology. 2025. doi: 10.2174/0113892010293479240709074020..,Wang,Current pharmaceutical biotechnology,2025,2025/01/01,,,10.2174/0113892010293479240709074020,"As the world recovers from the COVID-19 pandemic, a resurgence in MPXV cases is causing serious concern. The early clinical similarity of MPXV to common ailments like the flu and cold, coupled with the resemblances of its progressing rash to other infections, underscores the importance of prompt and accurate diagnosis. Among the infections, smallpox is clinically closest to MPXV, and rashes similar to MPXV stages also appear in syphilis and varicella zoster. A comprehensive review of MPXV, herpes, and syphilis was carried out, including structural and morphological features, origins, transmission modes, and computational studies. PubMed literature search on MPXV, using MeSH key terms, yielded 1904 results, with the analysis revealing prominent links to sexually transmitted diseases. More in-depth exploration of MPXV, Herpes Simplex Virus (HSV), and Syphilis revealed further disease interconnections and geographical correlations. These findings emphasize the need for a holistic understanding of these interconnected infectious agents for better control and management.",MPXV virus; MPXV.; comparative studies; computational; herpes; syphilis; transmission mode
28039021,Buccal viral DNA as a trigger for brincidofovir therapy in the mousepox model of smallpox.,"Ryan Crump, Maria Korom, R Mark Buller, Scott Parker",Antiviral research. 2016. doi: 10.1016/j.antiviral.2016.12.015..,Crump,Antiviral research,2017,2016/12/27,,,10.1016/j.antiviral.2016.12.015,"Orthopoxviruses continue to pose a significant threat to the population as potential agents of bioterrorism. An intentional release of natural or engineered variola virus (VARV) or monkeypox viruses would cause mortality and morbidity in the target population. To address this, antivirals have been developed and evaluated in animal models of smallpox and monkeypox. One such antiviral, brincidofovir (BCV, previously CMX001), has demonstrated high levels of efficacy against orthopoxviruses in animal models and is currently under clinical evaluation for prevention and treatment of diseases caused by cytomegaloviruses and adenoviruses. In this study we use the mousepox model of smallpox to evaluate the relationship between the magnitude of the infectious virus dose and an efficacious BCV therapy outcome when treatment is initiated concomitant with detection of ectromelia virus viral DNA (vDNA) in mouse buccal swabs. We found that vDNA could be detected in buccal swabs of some, but not all infected mice over a range of challenge doses by day 3 or 4 postexposure, when initiation of BCV treatment was efficacious, suggesting that detection of vDNA in buccal swabs could be used as a trigger to initiate BCV treatment of an entire potentially exposed population. However, buccal swabs of some mice did not become positive until 5 days postexposure, when initiation of BCV therapy failed to protect mice that received high doses of virus. And finally, the data suggest that the therapeutic window for efficacious BCV treatment decreases as the virus infectious dose increases. Extrapolating these findings to VARV, the data suggest that treatment should be initiated as soon as possible after exposure and not rely on a diagnostic tool such as the measurement of vDNA in buccal cavity swabs; however, consideration should be given to the fact that the behavior/disease-course of VARV in humans is different from that of ectromelia virus in the mouse.",Antiviral; Brincidofovir; CMX001; Ectromelia; Variola virus; Viral DNA
39986255,Elucidating the suppressive mechanism of four inhibitors on VP39 and unique conformational changes with protein in mode 2.,"Pengfei Gao, Song Luo, Jinxin Liu, Enhao Zhang, Lili Duan","Spectrochimica acta. Part A, Molecular and biomolecular spectroscopy. 2025. doi: 10.1016/j.saa.2025.125917..",Gao,"Spectrochimica acta. Part A, Molecular and biomolecular spectroscopy",2025,2025/02/17,,,10.1016/j.saa.2025.125917,"Methyltransferase VP39 is an important target for the treatment of monkeypox, and inhibition of VP39 can effectively suppresses the transcription and translation of early viral RNA. However, very few inhibitors have been designed against VP39 and other viral MTases. In this work, four inhibitors (SFG, TO507, TO427 and TO1119) were used to investigate the binding mechanism with VP39. Moreover, VP39 has different modes of existence, but we do not understand the interaction mechanism of the complex system formed by the inhibitors with different modes of VP39, so we performed 1000 ns molecular dynamics simulations of the complexes formed by four inhibitors with VP39 in mode 1 and mode 2, and performed energy calculation and conformational analysis. The results of binding free energy showed that in the inhibitors-VP39 (mode 1) systems, TO507 and TO427 had a strong inhibitory effect on VP39, and residues ASP95, ARG97, PHE115 and VAL139 played important roles in the binding process of all four systems. Surprisingly, in the inhibitors-VP39 (mode 2) systems, four inhibitors underwent a large conformational change, with the amino acid moieties of the inhibitors undergoing a nearly 90° folding. And this change reduced the inhibitory effect of the inhibitors on VP39. In addition, the inhibitor TO507 also had a good inhibition effect on nsp14 of SARS-CoV-2 and NS5 of Zika virus. Therefore, this study suggests new ideas for the design and improvement of pan-MTase inhibitors, which are important for the treatment of pandemic infectious diseases, such as monkeypox and SARS-CoV-2.",Binding free energy; Conformational change; MD simulation; Methyltransferase; VP39
37549720,"SARS-CoV-2 variants, its recombinants and epigenomic exploitation of host defenses.","Nitin K Saksena, Srinivasa Bonam Reddy, Monica Miranda-Saksena, Thyago H S Cardoso, Edson M A Silva, Juliana C Ferreira, Wael M Rabeh",Biochimica et biophysica acta. Molecular basis of disease. 2023. doi: 10.1016/j.bbadis.2023.166836..,Saksena,Biochimica et biophysica acta. Molecular basis of disease,2023,2023/08/05,,,10.1016/j.bbadis.2023.166836,"Since 2003, we have seen the emergence of novel viruses, such as SARS-CoV-1, MERS, ZIKA, swine flu virus H1N1, Marburg, Monkeypox, Ebola, and SARS-CoV-2, but none of them gained pandemic proportions similar to SARS-CoV-2. This could be attributed to unique viral traits, allowing its rapid global dissemination following its emergence in October 2019 in Wuhan, China, which appears to be primarily driven by the emergence of highly transmissible and virulent variants that also associate, in some cases, with severe disease and considerable mortality caused by fatal pneumonia, acute respiratory distress syndrome (ARDS) in infected individuals. Mechanistically, several factors are involved in viral pathogenesis, and epigenetic alterations take the front seat in host-virus interactions. The molecular basis of all viral infections, including SARS-CoV-2, tightly hinges on the transitory silencing of the host gene machinery via epigenetic modulation. SARS-CoV-2 also hijacks and subdues the host gene machinery, leading to epigenetic modulation of the critical host elements responsible for antiviral immunity. Epigenomics is a powerful, unexplored avenue that can provide a profound understanding of virus-host interactions and lead to the development of epigenome-based therapies and vaccines to counter viruses. This review discusses current developments in SARS-CoV-2 variation and its role in epigenetic modulation in infected hosts. This review provides an overview, especially in the context of emerging viral strains, their recombinants, and their possible roles in the epigenetic exploitation of host defense and viral pathogenesis. It provides insights into host-virus interactions at the molecular, genomic, and immunological levels and sheds light on the future of epigenomics-based therapies for SARS-CoV-2 infection.",Epigenome; Epigenomics; Genomics; Immunology; Methylome; Non-coding RNA; SARS-CoV-2; Therapeutics; miRNA
36467755,Monkeypox: Is it the new pandemic?,"Imaduddin Sawal, Rabbia Tariq, Saleha Bint-E-Shuaib, Asad Ali Khan, Irfan Ullah, Abdulqadir J Nashwan",Health science reports. 2022. doi: 10.1002/hsr2.963..,Sawal,Health science reports,2023,2022/11/29,,,10.1002/hsr2.963,,COVID‐19; monkeypox; pandemics; zoonotic
16272340,Antibodies and CD8+ T cells are complementary and essential for natural resistance to a highly lethal cytopathic virus.,"Min Fang, Luis J Sigal","Journal of immunology (Baltimore, Md. : 1950). 2005. doi: 10.4049/jimmunol.175.10.6829..",Fang,"Journal of immunology (Baltimore, Md. : 1950)",2005,2005/11/15,,,10.4049/jimmunol.175.10.6829,"It is believed that CD8+ T lymphocytes or Abs can independently clear many primary viral infections, including those caused by Orthopoxviruses (OPV), a genus that includes the human pathogens variola and monkeypox and the vaccine species vaccinia virus. However, most experiments addressing the role of Abs and CD8+ T cells in protection have used viruses that are not specific for the host. In the present study, we used the mouse-specific OPV ectromelia virus and mice deficient in CD40, B cells, or CD8+ T cells and adoptive transfers of CD8+ T or B lymphocytes to show that the protection afforded by CD8+ T cells is incomplete. Despite sustained CD8+ T cell responses, in the absence of Ab responses ectromelia virus persists. This results in delayed disease and inexorably leads to death. Therefore, CD8+ T lymphocytes and Abs are not redundant but complementary and essential to survive infections with a highly pathogenic viruses in the natural host.","[MeSH] Adoptive Transfer; [MeSH] Animals; [MeSH] Antibodies, Viral; [MeSH] B-Lymphocyte Subsets; [MeSH] CD40 Antigens; [MeSH] CD8-Positive T-Lymphocytes; [MeSH] Cell Line; [MeSH] Cytopathogenic Effect, Viral; [MeSH] Ectromelia virus; [MeSH] Ectromelia, Infectious; [MeSH] HeLa Cells; [MeSH] Humans; [MeSH] Immunity, Innate; [MeSH] Mice; [MeSH] Mice, Knockout; [MeSH] T-Lymphocytes, Cytotoxic; [MeSH] Time Factors; [MeSH] Virulence; [MeSH] Virus Replication"
34316355,iCAT: diagnostic assessment tool of immunological history using high-throughput T-cell receptor sequencing.,"Ahmad Rajeh, Kyle Wolf, Courtney Schiebout, Nabeel Sait, Tim Kosfeld, Richard J DiPaolo, Tae-Hyuk Ahn",F1000Research. 2021. doi: 10.12688/f1000research.27214.2..,Rajeh,F1000Research,2021,2021/02/03,,,10.12688/f1000research.27214.2,"The pathogen exposure history of an individual is recorded in their T-cell repertoire and can be accessed through the study of T-cell receptors (TCRs) if the tools to identify them were available. For each T-cell, the TCR loci undergoes genetic rearrangement that creates a unique DNA sequence. In theory these unique sequences can be used as biomarkers for tracking T-cell responses and cataloging immunological history. We developed the immune Cell Analysis Tool (iCAT), an R software package that analyzes TCR sequencing data from exposed (positive) and unexposed (negative) samples to identify TCR sequences statistically associated with positive samples. The presence and absence of associated sequences in samples trains a classifier to diagnose pathogen-specific exposure. We demonstrate the high accuracy of iCAT by testing on three TCR sequencing datasets. First, iCAT successfully diagnosed smallpox vaccinated versus naïve samples in an independent cohort of mice with 95% accuracy. Second, iCAT displayed 100% accuracy classifying naïve and monkeypox vaccinated mice. Finally, we demonstrate the use of iCAT on human samples before and after exposure to SARS-CoV-2, the virus behind the COVID-19 global pandemic. We were able to correctly classify the exposed samples with perfect accuracy. These experimental results show that iCAT capitalizes on the power of TCR sequencing to simplify infection diagnostics. iCAT provides the option of a graphical, user-friendly interface on top of usual R interface allowing it to reach a wider audience.",R-package; T-cell receptor sequencing; biomarkers; diagnostic classification
40321446,Key success factors in clinical trial operation of the smallpox vaccine LC16m8 against mpox in Colombia.,"Naoki Tomotsugu, Maria Jose Amaya-Mahecha, Mieko Hamana, María Del Mar Bautista-Gonzalez, Hernando Guillermo Gaitán-Duarte, Jorge Alberto Cortés, Sohtaro Mine, Akira Ainai, Jaime E Castellanos, Daisuke Tokita, Wataru Sugiura, Mugen Ujiie, Carlos Arturo Álvarez-Moreno",Global health & medicine. 2025. doi: 10.35772/ghm.2025.01017..,Tomotsugu,Global health & medicine,2025,2025/04/30,,,10.35772/ghm.2025.01017,"In 2023, the Japan Institute for Health Security (JIHS) and the Universidad Nacional de Colombia (UNAL) conducted a successful clinical trial of the LC16m8 mpox vaccine in Colombia. The joint Japan-Colombia research team categorized the trial's challenges and success factors into several key operational aspects for analysis. Key success factors were an established database of Colombian human immunodeficiency virus (HIV) patient and pre-exposure prophylaxis (PrEP) population registries, and strong experience with large-scale clinical trials of HIV and COVID-19. In addition, a strong network of infectious disease specialists in Colombia enabled close communication between the study site directors and the research team. This allowed for rapid staffing and training, which was consistent with the study schedule. The outcome of this research identifies key success factors for the immediate implementation of large-scale clinical trials and will contribute to preparedness for future pandemics.",HIV; PrEP; pandemic; preparedness
39771999,"Antiscience, Vaccine Hesitancy, and Pandemic Responses: Highlights from the Asia Pacific Summit on Infectious Diseases and Immunization.","Ananta Seth, Nick Sevdalis, Zulkifli Ismail, Sri Rezeki Hadinegoro, Heidi J Larson, Tikki Pangestu",Vaccines. 2024. doi: 10.3390/vaccines12121336..,Seth,Vaccines,2024,2024/11/27,,,10.3390/vaccines12121336,"The recent resurgence of mpox highlights the urgent need for rethinking vaccination strategies globally, underscored by the painful memories of past public health crises where delayed responses and inequitable vaccine distribution exacerbated the spread of infectious diseases. The inaugural APIC-ADVA Asia Pacific Summit on Infectious Diseases and Immunization, themed ""Vaccination for All: Access, Confidence and Equity (ACE)"", was held in Singapore from 31 October to 1 November 2023 in an attempt to present best practices and hard-won insights from battling COVID-19 and other pandemics in the Asia-Pacific region. This summit was co-convened by the Asia-Pacific Immunization Coalition (APIC) and Asia Dengue Voice and Action (ADVA). Local, regional, and international experts from academia, research and representatives from the Ministries of Health, the World Health Organization (WHO), and the International Vaccine Institute (IVI) participated in the 2 day summit. With more than 230 speakers and delegates from over 15 countries, and 4 symposia over 2 full days, the first APIC-ADVA Asia Pacific Summit on Infectious Diseases and Immunization highlighted critical issues affecting vaccine access, confidence, and equity, and emphasized the importance of safeguarding the world from existing infections and future pandemics through immunization.",antiscience; antivaccine activism; immunization; immunization programs; infectious diseases; pandemic response; public health; vaccine access; vaccine efficacy; vaccine hesitancy; vaccines
36451652,A Systematic Review of 5110 Cases of Monkeypox: What Has Changed Between 1970 and 2022?,"Rajesh Kumar, Shruti Singh, Sunil K Singh",Cureus. 2022. doi: 10.7759/cureus.30841..,Kumar,Cureus,2022,2022/10/29,,,10.7759/cureus.30841,"The recent monkeypox (MPVX) outbreak has been characterized by an unprecedented increase in cases, unlike any other outbreaks in the past. The disease pattern and transmissibility are also different from previous outbreaks. This systematic review aimed to evaluate whether the current outbreak has significant contrasting features from the previous ones, necessitating changes in prevention and control guidelines. A thorough literature search related to MPVX infection was performed on the online databases PubMed, Google Scholar, and ScienceDirect using appropriate keywords ""MPVX"", ""men who have sex with men (MSM)"", ""transmission"", and ""smallpox vaccination"", for choosing relevant articles from the inception of MPVX in 1970 to August 31, 2022. We identified 5110 cases of MPVX, documented in 63 articles on MPVX. We discovered that the median age of MPVX infection has slowly increased since its inception, and currently, it is more common in adults. Compared to previous outbreaks, a significantly greater male preponderance is witnessed in the current outbreak. Only 238 (4.65%) out of the 5110 evaluated patients were vaccinated with the smallpox vaccine in our review. There were 107 mortalities, most of which were children below the age of 10 years. Out of the 1534 cases identified in 2022, 1134 (73.92%) patients admitted that they had been involved in sexual relations within the last 21 days (MSM/gay/bisexual). We found that in contrast to previous outbreaks, human-to-human transmission is more common in this outbreak, with most cases having no link with endemic countries. There are evolving traits and undetected transmission modes of MPVX infection that require new disease mitigation strategies.",men who have sex with other men (msm); monkeypox; monkeypox transmission; smallpox vaccine; travel-related infection
41050464,Mpox in pregnancy: Clinical management and preparedness for a clade I outbreak.,"Jennifer Bisland, Paul T-Y Ayuk",Case reports in women's health. 2025. doi: 10.1016/j.crwh.2025.e00710..,Bisland,Case reports in women's health,2025,2025/04/22,,,10.1016/j.crwh.2025.e00710,,Clade I; Clade II; Infection; Mpox; Orthopoxvirus; Pandemic; Pregnancy
36213628,Ocular manifestations of recent viral pandemics: A literature review.,"Mohammad J J Taha, Mohammad T Abuawwad, Warda A Alrubasy, Shams Khalid Sameer, Taleb Alsafi, Yaqeen Al-Bustanji, Luai Abu-Ismail, Abdulqadir J Nashwan",Frontiers in medicine. 2022. doi: 10.3389/fmed.2022.1011335..,Taha,Frontiers in medicine,2022,2022/09/23,,,10.3389/fmed.2022.1011335,"Viral pandemics often take the world by storm, urging the medical community to prioritize the most evident systemic manifestations, often causing ocular manifestations to go unnoticed. This literature review highlights the ocular complications of the Monkeypox, SARS-CoV-2, MERS, Ebola, H1N1, and Zika viruses as the most recent viral pandemics. Research into the effects of these pandemics began immediately. Moreover, it also discusses the ocular complications of the vaccines and treatments that were used in the scope of the viral pandemics. Additionally, this review discusses the role of the eye as an important route of viral transmission, and thereafter, the International recommendations to reduce the incidence of viral transmission were mentioned. Lastly, this paper wants to lay out a platform for researchers who want to learn more about how viruses show up in the eye.",COVID-19; Ebola; H1N1; MERS; Monkeypox; Zika; influenza; ophthalmology
36851305,Nanomedicine as a Potential Tool against Monkeypox.,"Nura Adam Mohamed, Luisa Zupin, Sarah Ismail Mazi, Hebah A Al-Khatib, Sergio Crovella",Vaccines. 2023. doi: 10.3390/vaccines11020428..,Mohamed,Vaccines,2023,2023/02/13,,,10.3390/vaccines11020428,"Human monkeypox is a rare viral zoonosis that was first identified in 1970; since then, this infectious disease has been marked as endemic in central and western Africa. The disease has always been considered rare and self-limiting; however, recent worldwide reports of several cases suggest otherwise. Especially with monkeypox being recognized as the most important orthopoxvirus infection in humans in the smallpox post-eradication era, its spread across the globe marks a new epidemic. Currently, there is no proven treatment for human monkeypox, and questions about the necessity of developing a vaccine persist. Notably, if we are to take lessons from the COVID-19 pandemic, developing a nanomedicine-based preventative strategy might be prudent, particularly with the rapid growth of the use of nanotechnology and nanomaterials in medical research. Unfortunately, the collected data in this area is limited, dispersed, and often incomplete. Therefore, this review aims to trace all reported nanomedicine approaches made in the monkeypox area and to suggest possible directions that could be further investigated to develop a counteractive strategy against emerging and existing viruses that could diminish this epidemic and prevent it from becoming a potential pandemic, especially with the world still recovering from the COVID-19 pandemic.",monkeypox; nanomedicine; vaccine
40612812,"The Re-emergence of Human Metapneumovirus: Virus Classification, Characteristics, Mechanisms of Infection, Clinical Features, Diagnosis, Epidemiology, Prevention, and Treatment.","Nethra Chittiprol, Venkataramana Kandi, Venkata Bharat Kumar Pinnelli, Tarun Kumar Suvvari, Naveen Madamsetti, Jayashankar Ca, Sai Teja Challa",Cureus. 2025. doi: 10.7759/cureus.85259..,Chittiprol,Cureus,2025,2025/06/02,,,10.7759/cureus.85259,"The respiratory virus known as the human metapneumovirus (HMPV) was discovered for the first time in 2001 in the Netherlands. It is a ribonucleic acid (RNA) virus that belongs to the Paramyxoviridae family. It causes upper and lower respiratory tract infections (RTIs), especially in young children and the elderly. Although the majority of HMPV infections are resolved on their own, some infected infants, children, and elderly patients need to be hospitalized. Patients with underlying immunodeficiency diseases, transplant recipients, and those with other co-morbidities, such as chronic diseases, are more likely to develop complications from HMPV infections, such as pneumonia. The symptoms of HMPV infections are similar to those of other viral RTIs caused by respiratory syncytial virus (RSV), influenza viruses, and coronaviruses. Differential diagnosis and identification of the etiological agents responsible for RTIs are crucial for improved patient care. Concerns of the next pandemic have been fueled by the discovery of the novel severe acute respiratory syndrome coronavirus-2 (SARS-CoV-2), the causative agent of the coronavirus disease-2019 (COVID-19) that caused the pandemic, and the recent advent of other viral diseases like mpox. In addition, the World Health Organization (WHO) has emphasized the importance of public health readiness, as many pandemics are expected to occur. In light of this and a recent increase in HMPV cases signifying its potential re-emergence, we tried to thoroughly examine and update information on origin, transmission, pathogenicity, clinical features, laboratory diagnosis, epidemiology, prevention, and treatment of HMPV.",coronavirus disease 2019 (covid-19); human metapneumovirus (hmpv); pandemic; re-emergence; respiratory tract infections; severe acute respiratory syndrome coronavirus (sars-cov-2)
41800336,The equity catastrophe: how securitized financing collapses essential care during health crises.,"Alpha Umaru Bai-Sesay, Jusu Musa, Daniel Karim Dauda Sesay",Health affairs scholar. 2026. doi: 10.1093/haschl/qxag042..,Bai-Sesay,Health affairs scholar,2026,2026/02/20,,,10.1093/haschl/qxag042,"Global health systems have demonstrated strong capacity for rapid outbreak containment. However, across recent health emergencies, including Ebola, COVID-19, and Mpox. These responses have repeatedly been associated with large-scale disruptions to routine essential health services and excess nonoutbreak mortality, particularly among women and children. This article examines how prevailing pandemic preparedness policies and financing arrangements can be redesigned to achieve effective outbreak containment while maintaining continuity of essential primary health care. Drawing on documented experiences across multiple outbreaks and settings, the analysis traces a consistent causal pathway through which interpretations of International Health Regulations obligations and donor financing requirements prioritize centralized containment capacities without corresponding safeguards for peripheral service delivery. These policy and financing priorities trigger resource reallocation away from community-level services, reduce health care utilization, and contribute to preventable mortality from routine causes. We describe this recurring pattern as an ""Equity Catastrophe,"" reflecting its disproportionate impact on socioeconomically marginalized populations during health emergencies. The article identifies key structural drivers of this outcome and proposes three targeted policy reforms aimed at strengthening preparedness while protecting essential health services. These recommendations are directed at national governments, global normative institutions, and international financing partners involved in pandemic preparedness and response.",continuity of care; decentralization; health equity; health security financing; primary health care
39872308,Current advances and challenges in mpox vaccine development: a global landscape.,"Maryam Shafaati, Shayan Forghani, Amirhossein Shahsavand Davoudi, Reza Samiee, Keyhan Mohammadi, Samaneh Akbarpour, Arash Seifi, Mohammadreza Salehi, Maryam Zare",Therapeutic advances in vaccines and immunotherapy. 2025. doi: 10.1177/25151355251314339..,Shafaati,Therapeutic advances in vaccines and immunotherapy,2025,2025/01/27,,,10.1177/25151355251314339,"Given the surge in mpox outbreaks in 2022 and the advancements in domestic and international vaccine research, the effectiveness of smallpox vaccines in providing cross-protection against mpox remains crucial. Having learned from the COVID-19 pandemic, it is significant to continue evaluating existing vaccines to ensure their safety and efficacy. Developing new vaccines for widespread use against mpox and its emerging strains also serves as a preventive strategy in the ongoing battle against this dynamic infection. Here's an opportunity to control human-to-human transmission, give short deadlines, and avoid vaccine disparity. Public health systems must take decisive action to prevent the global spread of mpox, particularly among vulnerable groups. This action should include strengthening global surveillance, improving vaccine access, and ensuring equitable distribution, particularly in resource-poor settings, to prevent future outbreaks. This review aims to assess recent advancements and barriers in mpox vaccine development, emphasizing cross-protection and equitable vaccine distribution in resource-poor settings.",cross-protection; global surveillance; mpox; mpox strains; vaccine access
41578296,Challenges in healthcare facilities' response to past outbreaks: a systematic review of reviews.,"Elena Rubini, Monica Trentin, Paola Maffi, Bassma Aammar, Stanislav Gaievskyi, Awsan Bahattab, Hamdi Lamine, Maryam Kordi-Kaiser, Kaspar Staub, Luca Ragazzoni",BMC health services research. 2026. doi: 10.1186/s12913-025-13934-9..,Rubini,BMC health services research,2026,2026/01/23,,,10.1186/s12913-025-13934-9,"INTRODUCTION: The frequency of infectious diseases outbreaks is increasing, but these challenges are not always thoroughly investigated. To date, no systematic reviews of reviews have comprehensively mapped the challenges and gaps faced during past epidemics and pandemics in Europe at healthcare facility level. This systematic review of reviews aims at filling this gap and at contributing to documenting the challenges and informing policy recommendations. METHODS: This review was conducted within the Horizon Europe project PREPSHIELD. The search was conducted in October 2024 on PubMed, Scopus, and Web of Science. Reviews published in English between the years 2009–2024, reporting data on COVID-19, H1N1, influenza or seasonal flu, measles, or Mpox, and documenting gaps or challenges in the response to these outbreaks at healthcare facility level were included. RESULTS: A total of 21 reviews were included: they were systematic, scoping, narrative, rapid, or integrative. The studies included in the reviews were mostly conducted in the United Kingdom, Italy, Spain, and France. The studies included different levels of healthcare facilities, namely hospitals, primary healthcare, and prehospital settings. Findings were classified according to the 4S surge capacity framework and were related to staff (n = 18), stuff (n = 14), space (n = 7), and system (n = 18). The most reported challenges in the included reviews were increased workload, mental health, and task shifting or redeployment, resource shortages, intensive care unit/emergency department space limitations and repurposing, and telemedicine challenges. CONCLUSION: Key issues described highlight the need for training, peer-to-peer support mechanisms, and improved inter-institutional collaboration. Technology was described as both an opportunity and a challenge in pandemic response if not adequately supported by health staff training. A whole-of-society strategy, combining all-hazards and hazard-specific approaches, and moving beyond crisis mode, can strengthen future outbreak preparedness and response. SUPPLEMENTARY INFORMATION: The online version contains supplementary material available at 10.1186/s12913-025-13934-9.",COVID-19; Disease outbreaks; Epidemics; Health personnel; Health system; Healthcare facilities; Pandemic preparedness; Systematic review
38463052,Fear of a new pandemic: perception and prediction of monkeypox among the middle east general population: Erratum.,,Annals of medicine and surgery (2012). 2024. doi: 10.1097/MS9.0000000000001929..,,Annals of medicine and surgery (2012),2024,2024/03/06,,,10.1097/MS9.0000000000001929,,
36249311,Introduction of monkeypox vaccines; ahead of a looming pandemic.,"Daniya Naveed, Hadia Nadeem, Muttia Abdul Sattar",Annals of medicine and surgery (2012). 2022. doi: 10.1016/j.amsu.2022.104370..,Naveed,Annals of medicine and surgery (2012),2022,2022/08/18,,,10.1016/j.amsu.2022.104370,,
36937540,The next pandemic catastrophe: can we avert the inevitable?,"Maryam Shafaati, Hitesh Chopra, Priyanka, Rekha Khandia, Om Prakash Choudhary, Alfonso J Rodriguez-Morales",New microbes and new infections. 2023. doi: 10.1016/j.nmni.2023.101110..,Shafaati,New microbes and new infections,2023,2023/03/10,,,10.1016/j.nmni.2023.101110,,COVID-19; Education; Mpox; Pandemic; Public health; Vaccinations
41256023,A Reemerging Disease: Could Mpox be a Pandemic Threat?,"Kursat Gündogan, Ayşegül Ulu Kılıç",Journal of clinical practice and research. 2024. doi: 10.14744/cpr.2024.15038..,Gündogan,Journal of clinical practice and research,2024,2024/08/23,,,10.14744/cpr.2024.15038,,
36975260,Who Is Afraid of Monkeypox? Analysis of Psychosocial Factors Associated with the First Reactions of Fear of Monkeypox in the Italian Population.,"Filippo Maria Nimbi, Roberto Baiocco, Guido Giovanardi, Annalisa Tanzilli, Vittorio Lingiardi","Behavioral sciences (Basel, Switzerland). 2023. doi: 10.3390/bs13030235..",Nimbi,"Behavioral sciences (Basel, Switzerland)",2023,2023/03/07,,,10.3390/bs13030235,"BACKGROUND: A rising number of monkeypox cases have been detected in Europe and several Western nations. Evaluating the fear associated with monkeypox is crucial to determine the necessity for tailored education and prevention programs for specific populations. This study explores the psychological and social factors linked to the fear response to monkeypox. METHODS: Nine self-report measures were completed by 333 participants (212 women, 110 men, and 11 individuals identifying as other genders) from the general Italian population, investigating different psychosocial variables. RESULTS: The findings revealed that higher levels of monkeypox fear were linked to identifying as LGB+ or having close associations with the LGBTQI+ community, being single, having lower education levels, placing greater importance on religion, receiving more COVID-19 vaccine doses, having a lower current quality of life, and attributing increased impairment to the COVID-19 pandemic. Psychologically, higher levels of monkeypox fear were associated with higher levels of epistemic credulity, close-mindedness, anxiety, difficulty expressing emotions, and difficulty processing them. Conversely, lower levels of monkeypox fear were related to the belief that the media exaggerated the risks associated with monkeypox epidemics. A partial mediation model was presented and tested. CONCLUSIONS: Collecting and utilizing this data can help design targeted education and prevention programs to overcome the fear of monkeypox and promote healthier behaviors.",COVID-19; epistemic trust; fear; mental health; mentalized affectivity; monkeypox
40777914,The Role and Differences of Primary Care and Preventive Health Services in a Potential Mpox Pandemic.,"Tuğba Güler Sönmez, İzzet Fidanci",Iranian journal of public health. 2025. doi: 10.18502/ijph.v54i7.19162..,Güler,Iranian journal of public health,2025,2025/07/01,,,10.18502/ijph.v54i7.19162,,
40240839,Author Correction: Mpox poses an ever-increasing epidemic and pandemic risk.,"Carlos Maluquer de Motes, David O Ulaeto",Nature medicine. 2025. doi: 10.1038/s41591-025-03707-6..,Maluquer,Nature medicine,2025,2025/06/01,,,10.1038/s41591-025-03707-6,,
37363545,Concerns over cardiovascular manifestations associated with monkeypox immunization: a literature review.,"Abhigan Babu Shrestha, Aashna Mehta, Muhammad Jawad Zahid, Katherine Candelario, Sajina Shrestha, Pashupati Pokharel",Annals of medicine and surgery (2012). 2023. doi: 10.1097/MS9.0000000000000861..,Shrestha,Annals of medicine and surgery (2012),2023,2023/05/19,,,10.1097/MS9.0000000000000861,"UNLABELLED: Following the recent surge in monkeypox cases worldwide, vaccines have gained popularity due to their protective role against the disease in the absence of specific pharmacological therapies for the disease. This article explores the possible challenges associated with the treatment and prevention of monkeypox with special emphasis on cardiovascular concerns relating to vaccines, warranting further investigation and research. METHODS: Multiple electronic databases from inception till October 2022 were searched to find articles reporting the cardiovascular adverse events associated with monkeypox immunization. RESULTS: Smallpox vaccines ACAM2000, JYNNEOS, and modified vaccinia Ankara have been used for monkeypox. ACAM2000 has been reported to have major cardiovascular adverse events such as myocarditis, dilated cardiomyopathy, and heart failure. Whereas JYNNEOS and modified vaccinia Ankara are associated with minor cardiovascular adverse events such as tachycardia, palpitation, electrocardiogram changes such as T wave inversion, and ST elevation. CONCLUSIONS: Despite having cardiovascular issues with the existing vaccines, clinicians and public health experts should measure the risk benefit aspect of smallpox vaccines to decide whether to go for mass immunization or not. Based on the lessons learned from the COVID-19 pandemic, immunization will be a better strategy to halt the monkeypox spread throughout the globe. However, further research is needed to determine the exact incidence and susceptibility to develop cardiovascular complications among monkeypox immunized individuals.",Monkeypox; adverse events; cardiac manifestations; immunization
40169863,Mpox poses an ever-increasing epidemic and pandemic risk.,"Carlos Maluquer de Motes, David O Ulaeto",Nature medicine. 2025. doi: 10.1038/s41591-025-03589-8..,Maluquer,Nature medicine,2025,2025/06/01,,,10.1038/s41591-025-03589-8,,
36923751,Potentially devastating monkeypox outbreak amidst COVID-19 pandemic in Pakistan.,"Noor N Siddiqui, Kainat Riaz, Tahzeeb-U Nisa, Syed M Hussain",Annals of medicine and surgery (2012). 2023. doi: 10.1097/MS9.0000000000000082..,Siddiqui,Annals of medicine and surgery (2012),2023,2023/02/17,,,10.1097/MS9.0000000000000082,,
41612522,Beyond counting the numbers - focused outbreaks response strategies are needed to control the mpox outbreak in Africa.,"Olushayo Oluseun Olu, Robert Lubajo, Misaki Wayengera, Wilber Sabiiti, Esther Namukose Muwanguzi, Sylvester Maleghemi, Henry Kyobe Bosa",One health outlook. 2026. doi: 10.1186/s42522-026-00195-7..,Olu,One health outlook,2026,2026/01/29,,,10.1186/s42522-026-00195-7,"BACKGROUND: Despite ongoing prevention and control efforts, the mpox outbreak in Africa has persisted. Between 1 January 2024 and 7 December 2025, a total of 60,997 confirmed cases and 244 deaths have been reported across 34 African countries. Notably, 70% of these cases (n = 43,052) occurred in the 2025, indicating a marked escalation in outbreak intensity. The epicentre of transmission has shifted from Central Africa, where clade I (a and b) of the mpox virus predominates to West Africa, where clade II (a and b) is now more prevalent highlighting a widening and more diffuse spread of the outbreak. In this article, we examine the key drivers sustaining transmission using a narrative synthesis approach and propose practical, evidence-based recommendations to halt further spread. MAIN TEXT: While several structural and systemic factors are responsible for the persistent transmission of mpox, we argue that the immediate challenge lies in the suboptimal strategic implementation of existing outbreak response interventions. Our analysis identifies seven key drivers of the ongoing spread namely inadequate surveillance and laboratory investigation strategies, weak data management systems and underreporting and insufficient follow-up of contacts. Other drivers are the widespread use of home-based care for confirmed cases, often in settings with poor infection prevention and control, limited community engagement, participation and ownership of outbreak response efforts and poorly targeted vaccination interventions, largely due to weak or incomplete data and the chronic conflicts in some of the affected countries. To address these issues, we recommend a shift toward more evidence-informed and context-specific implementation of traditional prevention and control measures. Specifically, we call for alignment of surveillance strategies with local mpox epidemiology and transmission dynamics, strengthening laboratory capacity, including genomic sequencing and revision of case definitions based on current clinical and epidemiological data. Additionally, we recommend enhancement of outbreak data management systems with digital and innovative technologies, adoption of evidence-based and context-specific risk communication and community engagement and case management models and deployment of data-driven vaccination strategies. CONCLUSION: Considering the foregoing, there is an urgent need to rethink and refocus current mpox outbreak response strategies in Africa.",Africa; Mpox; Mpox outbreak; Mpox prevention and control; One health
42050447,Secondary attack rates after mpox exposure in multiple settings during the 2022-2024 pandemic: a systematic review.,"Aiman El-Saed, Sarah Al-Fayez, Kholod AlAmeer, Mohammed Al Zunitan, Fatmah Othman, Fayssal Farahat, Tom Fletcher, Tochi Okwor, Hibak Mahamed, Hannah Hamilton Hurwitz, Victoria Willet, Majid M Alshamrani, April Baller",BMC infectious diseases. 2026. doi: 10.1186/s12879-026-13410-7..,El-Saed,BMC infectious diseases,2026,2026/04/28,,,10.1186/s12879-026-13410-7,"BACKGROUND: Estimating secondary attack rates is essential for assessing the spread potential of mpox during an outbreak. The objective of the study was to assess secondary attack rates after mpox exposure in multiple settings worldwide. METHODS: A systematic review was conducted for studies published between May 2022 and September 2024 and reporting mpox exposure data. The levels and types of exposure were defined as per the study description. RESULTS: A total of 62 studies including 8712 mpox exposures were included. Out of 8712 exposures, 239 were associated with mpox infection (secondary attack rate of 2.74%). The rates were highest in household setting (4.02%), intermediate in congregate/community setting (2.50%), and lowest in healthcare setting (0.81%). The rates were highest in the African region (8.00%), intermediate in the European region (4.23%), and lowest in the American region (1.10%). Clade data were available in 17 (27.42%) studies; mainly clade IIb (15 studies) and to less extent clades Ia and Ib (one study each). Secondary attack rates were higher among individuals reporting sexual contact (11.35%) compared with non-sexual contact (1.34%, p < 0.001). Non-sexual contact exposures (83.17%) were more frequent (p < 0.001) than sexual contact exposures (13.66%, p < 0.001). CONCLUSIONS: The overall mpox secondary attack rate in the published data from the 2022-2024 multi-country outbreak is relatively low (< 3%). While exposures involving non-sexual contact were more prevalent in all settings, sexual contact was responsible for the majority of secondary infections in household and congregate/community settings. The findings may guide mpox preventive and control activities in different settings. CLINICAL TRIAL: Not applicable.",Clade; Exposure; Mpox; Secondary attack rate; Systematic review
36589906,"COVID-19, Monkeypox, climate change and surgery: A syndemic undermines the right to be operated in a clean, healthy and sustainable environment.","Christos Tsagkaris, Anna Eleftheriades, Lolita Matiashova",Perioperative care and operating room management. 2022. doi: 10.1016/j.pcorm.2022.100305..,Tsagkaris,Perioperative care and operating room management,2023,2022/12/26,,,10.1016/j.pcorm.2022.100305,"The compounding effect of infectious outbreaks and climate change has put a strain on surgical care. Adverse weather conditions derail preoperative planning, postoperative recovery, supply chains and equipment. The COVID-19 pandemic has restricted elective surgical care for the past two years. It is expected that novel SARS-CoV-2 strains and the emergence of Monkeypox can also put barriers to surgical care. Consecutively, mounting surgical morbidity and strenuous efforts to adhere to infection control further increase the ecological footprint of surgical care fueling a vicious circle of clinical and environmental challenges. Multilevel action from the side of surgeons and surgical societies is required. This includes creating contingency plans for sustainable surgical practice amidst public health emergencies, informing stakeholders and the public about the cumulative ramifications of the syndemic on surgery and promoting social participation among surgeons.",Environment; Monkeypox; SARS-CoV-2; Surgical care; Surgical education; Sustainability
41304217,"Role of Genomic, Economic, and Demographic Disparities in Mpox Epidemic in Africa: A Retrospective Cross-Country Analysis.","Blondy Kayembe-Mulumba, Anderson Kouabenan N'gattia, Marie Roseline Darnycka Belizaire, Thomas D'Aquin Koyazegbe, Marcel Mbeko Simaleko, Yap Boum, Pierre Somsé",Microorganisms. 2025. doi: 10.3390/microorganisms13112531..,Kayembe-Mulumba,Microorganisms,2025,2025/11/05,,,10.3390/microorganisms13112531,"To investigate the role of epidemic predictors in the mpox outbreak in Africa. This was a retrospective analysis of national-level mpox surveillance data from 20 mpox-affected African countries from January through December 2024. Predictors included viral clades, gross domestic product (GDP) per capita, and population density. A negative binomial regression model estimated the incidence rates ratio (IRR) [95% confidence interval] for mpox incidence and mortality. Random forest models assessed the influence of each predictor in the epidemic dynamic. Clade II was associated with lower mpox incidence (IRR = 0.15 [0.02-0.97]) and mortality (IRR = 0.09 [0.01-1.72]) compared to Clade I. GDP per capita was associated with a 95% reduction in cases count per US $1000 (IRR = 0.05 [0.38-0.74]). Population density was not significantly associated with mpox incidence or mortality. Random forest analysis confirmed GDP per capita as the strongest predictor of mpox burden. The 2024 mpox epidemic highlights how countries with low GDP per capita and Clade I face greater outbreak burdens. Strengthening health systems and addressing poverty as a key social determinant of health through a multisectoral approach are essential to ensure equitable outbreak prevention, control, and long-term resilience.",Africa; GDP per capita; global health; mpox epidemic; population density; viral clade
40186040,"""I Know They're Going to Weaponize This:"" Black and Latino Sexual Minority Men's Mpox-Related Sexual Behaviors, Stigma Concerns, and Vaccination Barriers and Facilitators.","Orlando O Harris, Donte Boyd, Gamji Rabiu Abu-Ba'are, Joseph Egbunikeokye, Mitchell Wharton",Journal of racial and ethnic health disparities. 2025. doi: 10.1007/s40615-025-02404-x..,Harris,Journal of racial and ethnic health disparities,2025,2025/04/04,,,10.1007/s40615-025-02404-x,"BACKGROUND: The Mpox epidemic disproportionately impacted Black and Latino sexual minority men (BLSMM) in the United States, with them having the highest prevalence of disease and the lowest rates of vaccination. Despite this disparity, BLSMM perspectives on the disease, Mpox-related stigma, and inequitable rollout of and distrust in the Mpox vaccine are absent from the literature. The present study aims to describe experiences with Mpox-related sexual behaviors, stigma, and vaccine barriers and facilitators among a sample of BLSMM living in both California and New York. METHODS: In this qualitative interpretive phenomenological study, we utilized semi-structured individual interviews as the primary source for data collection. Data was collected between August 2021 and December 2022 from 41 adult participants in California and New York. Interviews were recorded, transcribed verbatim, and analyzed using thematic content analysis. RESULTS: Participants ranged in age from 19 to 65 years, with the majority identifying as Black (73%) and male gender (93%). Overall, participants' narratives revealed that initial messaging around Mpox produced stigma parallel to the HIV/AIDS pandemic with many participants curtailing their sexual behaviors as a harm reduction strategy. Mpox-related stigma negatively impacted sexual minority communities both internally and externally. Participants' narratives also revealed general vaccine skepticism due to existing medical distrust, negative vaccine experiences by other BLSMM, and lack of prioritization of outreach and distribution efforts in communities of color. CONCLUSION: Alterations to vaccine administration protocols and outreach efforts for reasons identified in this study are critical to addressing disparities in vaccine uptake among BLSMM. Public health practitioners must consider equitable frameworks, existing stigmas, and medical distrust when engaging BLSMM.",Mpox; Sexual minority men; Stigma; Vaccines
40672939,National Emergency Department Registry for Mpox: Coordinating Multisite Surveillance Networks to Inform Current and Future Outbreaks.,"Gaby Dashler, Kiran Faryar, Kimberly A Stanford, Jonathan W Dyal, Robert C Doerning, Elissa M Schechter-Perkins, Jason W Wilson, Larissa S May, Herbert C Duber, Yu-Hsiang Hsieh, Richard E Rothman, Bhakti Hansoti",Journal of the American College of Emergency Physicians open. 2025. doi: 10.1016/j.acepjo.2025.100212..,Dashler,Journal of the American College of Emergency Physicians open,2025,2025/06/28,,,10.1016/j.acepjo.2025.100212,"OBJECTIVES: Despite many emergency departments (EDs) managing patients with possible mpox, individual institution reports have been limited, making it challenging to understand demographic trends and service needs. We established a data repository of ED patients with mpox to inform epidemiologic trends and future practice. METHODS: This national multicenter retrospective chart review included patients aged ≥ 18 years presenting to 8 EDs across the United States during the mpox outbreak (June 2022 to January 2023) with laboratory-confirmed mpox. Data were collected on demographic variables and clinical characteristics from each participating site, representing the northeast, midwest, south, and west regions. RESULTS: A total of 270 patients were included in the cohort; most were men (264, 98%) and relatively young (median age: 34 years; IQR: 28-41). Patients commonly presented with skin lesions (253, 94%), fever or flu-like symptoms (152, 56%), and rectal pain (70, 26%). More than half (141/270, 52%) of individuals had a known diagnosis of HIV. Among those tested for sexually transmitted infection (STI) coinfection, 36% (51/143) had positive syphilis serology (not all diagnoses could be confirmed by clinical history), followed by gonorrhea 7% (9/128) and chlamydia 7% (8/122). CONCLUSION: Similar to the COVID-19 pandemic, EDs played a critical role in the mpox response. High coinfection rates with STIs highlight the need for routine coinfection testing. Multisite data collection identified key trends, emphasizing the value of surveillance networks for outbreak response.",Mpox; Public Health Surveillance; emergency department; emerging infections; infectious disease; sexually transmitted infections; surveillance
41261515,The myth of pandemic preparedness: persistent gaps in global readiness for Disease X.,J Luis Espinoza,Pathogens and global health. 2025. doi: 10.1080/20477724.2025.2590676..,Espinoza,Pathogens and global health,2025,2025/11/19,,,10.1080/20477724.2025.2590676,"Recent outbreaks of H5N1 avian influenza have exposed persistent weaknesses in global pandemic preparedness. Despite scientific advances, surveillance remains fragmented, hospital surge capacity is declining, and frontline workers continue to face inadequate protection. In low-income settings, delayed outbreak detection - exemplified by cholera in Sudan and mpox in central Africa - reflects ongoing gaps in diagnostic access and communication infrastructure. These challenges are compounded by geopolitical instability, fragile supply chains, and a lack of transparent, sustained investment in preparedness. While emerging tools like artificial intelligence offer promise for early warning and response, their impact depends on equitable integration across health systems. Rather than addressing pandemic threats through fragmented national strategies, a shift toward coordinated, inclusive global action is urgently needed. This Commentary highlights key vulnerabilities and proposes strategies to strengthen collective readiness for future infectious disease emergencies - emphasizing that pandemic preparedness is not solely a scientific issue, but a political and moral imperative.",Pandemic preparedness; emerging infectious diseases; global health security; international health cooperation; surveillance and diagnostics
41429512,[Analysis of mpox cases co-infected with HIV in Zhejiang Province].,"Y P Yao, W Cheng, J Jiang, J F Lin, Q Q Ma, C L Chai, T Zhang, X G Shi, X H Pan, J M Jiang",Zhonghua liu xing bing xue za zhi = Zhonghua liuxingbingxue zazhi. 2025. doi: 10.3760/cma.j.cn112338-20250624-00431..,Yao,Zhonghua liu xing bing xue za zhi = Zhonghua liuxingbingxue zazhi,2025,2025/12/10,,,10.3760/cma.j.cn112338-20250624-00431,"Objective: To analyze the epidemiological characteristics of mpox cases co-infected with HIV in Zhejiang Province and to provide a reference basis for formulating multi-disease co-prevention strategies for key populations. Methods: The data are derived from the mpox cases and HIV-infected individuals reported in Zhejiang Province from June 1, 2023 to December 31, 2024 in the Chinese Information System for Disease Control and Prevention. The data of mpox cases combined with HIV infection were matched through identity information. Descriptive epidemiological methods were used to analyze the basic characteristics of the cases, and chi-square test and Fisher's exact probability method were used to compare the differences between groups. Data cleaning and statistical analysis were conducted using Excel 2020 sofware and R 4.5.0. sofware Results: From June 2023 to December 31,2024, a total of 233 cases of mpox were reported in Zhejiang Province, among which 93 cases (39.9%) were co-infected with HIV, all of whom were men who had sex with men (MSM), and 2 deaths occurred. From June to December in 2023, 44.3% (81/183) of mpox cases were co-infected with HIV, which was higher than that in 2024 (24.0%,12/50), and the difference was statistically significant (χ2=6.72,P=0.010). Among those co-infected with HIV,the proportion of previously reported and newly reported HIV-infected individuals was 82.8% (77/93) and 17.2% (16/93), respectively. The difference in the viral load of the most recent HIV infection between previously reported and newly reported HIV-infected individuals was statistically significant (P=0.001). Conclusions: From June 2023 to December 2024, the proportion of cases of mpox who were co-infected with HIV was relatively high, and all of them were MSM in Zhejiang Province. It is recommended to strengthen the coordinated prevention and control of mpox virus and HIV for this population, and implement precise intervention measures such as publicity and education, behavioral intervention, and treatment and management of HIV-infected cases.","[MeSH] Humans; [MeSH] HIV Infections; [MeSH] China; [MeSH] Male; [MeSH] Adult; [MeSH] Coinfection; [MeSH] Female; [MeSH] Middle Aged; [MeSH] Homosexuality, Male; [MeSH] Adolescent; [MeSH] Young Adult"
41160559,Harnessing traditional healers role in strengthening Africa's public health response: A case study of Mpox outbreak.,"Augustus Osborne, Umaru Sesay, Gebrekrstos Negash Gebru, Peter Bai James",PLoS neglected tropical diseases. 2025. doi: 10.1371/journal.pntd.0013655..,Osborne,PLoS neglected tropical diseases,2025,2025/10/29,,,10.1371/journal.pntd.0013655,"Mpox, a zoonotic viral disease endemic in Central and West Africa, has posed major public health challenges, particularly following the 2022 outbreak. The World Health Organization declared it a public health emergency of international concern in July 2022. In Africa, the ongoing outbreak has exacerbated existing healthcare system weaknesses, further strained by civil conflict, poverty, and recurring diseases like Marburg, Lassa fever, and Ebola. Between January 1, 2022, and September 28, 2025, a total of 54,906 Mpox cases and 239 deaths were recorded from 30 WHO member states in Africa. Traditional healers, often the first contact for approximately 58% of the African population for treatment and management of illness, play a crucial role in the treatment of febrile illnesses like malaria, measles, and Mpox. Without effective engagement and regulation of informal health providers, their activities can contribute to delayed access to biomedical care, spread of misinformation, and non-adherence to infection prevention and control measures. By following medical pluralism/healthcare seeking behaviour framework to guide our argument, this viewpoint investigated the role of traditional healers in Mpox outbreaks and proposes strategies for effective collaboration in future outbreaks. Despite challenges like delayed case detection and misinformation, integrating traditional healers into public health responses offers opportunities to strengthen outbreak management. Strategies include training traditional healers in early symptom identification and referral protocols, engaging them in public health campaigns, and establishing clear referral systems to formal healthcare facilities. Providing infection prevention and control tools and training can minimize transmission risks. By fostering collaboration between traditional and formal healthcare systems, stakeholders can enhance disease prevention and control efforts, ultimately contributing to more resilient healthcare systems in Africa. This approach acknowledges the cultural significance of traditional healers and promotes a unified and culturally sensitive strategy to tackle the ongoing Mpox outbreak and other future public health outbreaks.","[MeSH] Humans; [MeSH] Disease Outbreaks; [MeSH] Medicine, African Traditional; [MeSH] Public Health; [MeSH] Africa; [MeSH] Animals; [MeSH] Hemorrhagic Fever, Ebola; [MeSH] Traditional Medicine Practitioners"
36092530,Stigma and public health responses: Lessons learnt from the COVID-19 pandemic to inform the recent monkeypox outbreak.,"Mathias Dzobo, Phanuel T Gwinji, Grant Murewanhema, Godfrey Musuka, Tafadzwa Dzinamarira","Public health in practice (Oxford, England). 2022. doi: 10.1016/j.puhip.2022.100315..",Dzobo,"Public health in practice (Oxford, England)",2022,2022/09/06,,,10.1016/j.puhip.2022.100315,,
38405602,"Knowledge, Attitude, and Practice Towards Mpox and Associated Factors Among HIV-Infected Individuals - Beijing Municipality, China, 2023.","Yue Gu, Ruiqi Ren, Jing Han, Wenqing Bai, Yuanyuan Zhang, Haoliang Liu, Zhaohe Li, Chao Li, Rui Song, Lei Zhou",China CDC weekly. 2024. doi: 10.46234/ccdcw2024.024..,Gu,China CDC weekly,2024,2024/02/16,,,10.46234/ccdcw2024.024,"WHAT IS ALREADY KNOWN ABOUT THIS TOPIC?: Approximately 50% of patients with mpox are human immunodeficiency virus (HIV)-infected globally. Studies have shown that individuals with advanced HIV infection tend to have more severe clinical manifestations and higher mortality rates after mpox infection. WHAT IS ADDED BY THIS REPORT?: The study revealed that individuals living with HIV have a low level of Knowledge, Attitude, and Practice (KAP) towards mpox. Several factors, including age, registered residence, sexual orientation, education level, viral load, and co-occurrence of other sexually transmitted diseases, were found to influence the KAP towards mpox. WHAT ARE THE IMPLICATIONS FOR PUBLIC HEALTH PRACTICE?: This study is the first to investigate the KAP of mpox among individuals living with HIV. The findings suggest that mpox health education should prioritize individuals with co-existing sexually transmitted diseases (STDs) and a high viral load.",HIV-Infected individuals; KAP; Mpox
40552167,Clinical Characteristics and Outcome of MPOX Patients Admitted to the Bukavu University Clinics in the Democratic Republic of Congo From July to December 2024: Open Cohort Study.,"Roland Lwandiko Cibenda, Paul Tshonda Ngongo, Delphin Murhula Katabana, Philippe Bianga Katchunga",Journal of tropical medicine. 2025. doi: 10.1155/jotm/9981208..,Cibenda,Journal of tropical medicine,2025,2025/06/16,,,10.1155/jotm/9981208,"Background: Several studies have focused on the town of Kamituga, the epicentre of the current MPOX Clade Ib epidemic, in South Kivu Province, in the east of the Democratic Republic of Congo. However, the disease is widespread in several health zones in this province. Objectives: The aim of this study was to describe the clinical characteristics and vital prognosis of admissions for MPOX in the city of Bukavu (21,808 inhabitants/km2), in the province of South Kivu. Methodology: Between 1 July and 31 December 2024, MPOX patients were recruited as and when they were admitted to the treatment centre at the Bukavu university clinics. For each patient, clinical characteristics and outcome were sought. Results: Of the 343 patients hospitalized during this study period, 201 (58.6%) were men and 142 (41.4%) were women (p=0.001). The median age was 21.0 (11.0-27.7) years. Traders (42.3%) and field workers (24.7%) were more numerous. Contact with an MPOX case (61.2%) was the most frequent mode of contamination. The frequency was 70.2% for elevated white blood cells, 73.0% for elevated c-reactive protein, 37.9% for anemia, 43.1% for genital lesions, 7.0% for pregnancy and 2.6% for HIV. Finally, during the 2400 patient-day observation period, 3 patients subsequently died (0.8%). The incidence of death was 1.25/1000 patient days. Conclusion: The results of this study show that, in the city of Bukavu, MPOX is a disease of young people. Contact with a case of MPOX was the most important mode of contamination, and the professions at risk were trade and field work. Thus, the list of professions at risk of MPOX to be vaccinated must be established according to each region.",Bukavu; MPOX; characteristic; outcome
40266089,"Epidemiology and Clinical Features of Mpox in Jakarta, Indonesia, August 2022-December 2023.","Hanny Nilasari, Eliza Miranda, Melani Marissa, Ani Ruspitawati, Dwi O T L Handayani, Ngabila Salama, Budi Setiawan, Supriadi, Tiranti V Aisyah, Inggariwati, Arif S Haq, Siti Zuhroh, Eka Y Safitri, Rahmat A Pramono, Inggrita Wisnuwardani, Erni J Nelwan, Robert Sinto, Adityo Susilo, Yulia R Saharman, Suratno L Ratnoglik, Ni L P Pitawati, Muhammad Fauzan, Sekar S A Hasanah, Megandhita Sharasti, Evy Yunihastuti",Vaccines. 2025. doi: 10.3390/vaccines13030210..,Nilasari,Vaccines,2025,2025/02/20,,,10.3390/vaccines13030210,"BACKGROUND/OBJECTIVE: This study explores the epidemiology and clinical features of re-emerging mpox in Jakarta, Indonesia. METHODS: This study used a retrospective study design to describe the epidemiological data, clinical features, and mortality of mpox patients from August 2022 to December 2023. In addition, this study also aims to identify the differences in both the epidemiology and clinical features of mpox in people living with HIV (PLHIV) and in non-HIV patients (non-PLHIV). RESULTS: Our study shows that, as of the end of December 2023, 59 mpox cases were treated in Jakarta. All of the mpox cases in Jakarta were diagnosed in males, mainly found in MSM (91.5%), and PLHIV (78%). Most patients would manifest with fever, rash, and skin lesions. Syphilis was found as a concomitant infection in this group (22/59, 37.2%). Severe manifestations were found among PLHIV without antiretroviral therapy (ART). CONCLUSIONS: Mpox cases in Jakarta were all found in males and most of them were PLHIV. There are various manifestations of mpox; however, since immunosuppressed patients could present differently, a strong surveillance and vaccine notification system, cautious management, and spreading vaccination awareness are needed to prevent and treat mpox.",HIV; clinical features; epidemiology; mpox
41340045,Pre-exposure vaccination in the high-risk population is crucial in controlling mpox resurgence in Canada.,"Andrew Omame, Sarafa A Iyaniwura, Adeniyi Ebenezer, Qing Han, Xiaoying Wang, Nicola L Bragazzi, Jude D Kong, Woldegebriel Aseefa Woldegerima",BMC infectious diseases. 2025. doi: 10.1186/s12879-025-12172-y..,Omame,BMC infectious diseases,2025,2025/12/03,,,10.1186/s12879-025-12172-y,"As mpox spread continues across several endemic and non-endemic countries around the world, vaccination has become an integral part of the global response to control the epidemic. Some vaccines have been recommended for use against mpox by the World Health Organization (WHO). As the roll-out of mpox vaccines continue across the globe, it is imperative to develop mathematical models to support public health officials and governments agencies in optimizing vaccination strategies to curtail the resurgence of mpox. In this article, we develop a compartmental mathematical model to investigate the impact of vaccination in controlling a potential mpox resurgence in Canada. The model categorizes individuals into high- and low-risk groups and incorporates pre-exposure vaccination in the high-risk group and post-exposure vaccination in the high- and low-risk groups. The vaccine-free version of the model was calibrated to the daily reported cases of mpox in Canada from April to October 2022, from which we estimated key model parameters, including the sexual and non-sexual transmission rates. Furthermore, we calibrated the full model to the daily reported cases of mpox in Canada in 2024, to estimate the current mpox vaccination rates in Canada. Our results highlight the importance of pre-exposure vaccination in the high-risk group on controlling a potential resurgence of mpox in Canada, and the minimal effects of post-exposure vaccination in the high- and low-risk groups on the outbreak. In addition, our model predicts the possibility of mpox becoming endemic in Canada, in the absence of pre-exposure vaccination in the high-risk group. Overall, our modeling result suggests that pre-exposure vaccination in the high-risk group is crucial in controlling mpox outbreak in Canada. Stepping up this vaccination is sufficient to avert a potential mpox resurgence in Canada.Clinical trial number Not applicable.",Epidemics; High-risk; Low-risk; Mpox; Post-exposure vaccination; Pre-exposure vaccination; Vaccination
40799456,Mapping climate change-driven epidemics.,"Allyson Murray, Anna Ignaszak",Frontiers in epidemiology. 2025. doi: 10.3389/fepid.2025.1605058..,Murray,Frontiers in epidemiology,2025,2025/07/29,,,10.3389/fepid.2025.1605058,"The recent analysis by Mora and colleagues revealed that over 277 diseases can worsen due to climatic hazards resulting from greenhouse gas emissions. Specifically, more than 58% of known human diseases can be aggravated by climate change. Furthermore, there are over 1,000 pathways through which various climatic hazards have contributed to disease outbreaks, primarily due to the diversity of pathogens. This analysis also urges immediate action to address the root of the problem-reducing greenhouse gas (GHG) emissions. Numerous climatic hazards affect the incidence of human pathogenic diseases. Unfortunately, due to the complexity and multifaceted nature of the problem, there cannot be a single comprehensive solution to minimize climate-driven outbreaks. This study seeks to identify outbreaks of specific diseases categorized as epidemics, whose incidence is strongly correlated with global warming. The focus of this analysis is on (1) organizations responding to climate-related diseases to decelerate the incidence rates; (2) to call for a new disciplines in epidemiology that focuses exclusively on climate change-related prediction for future pandemics; (3) looking at the problem from the patient's point of view-how do non-medical/health professionals contribute to minimizing the spread of climate-related diseases?; (4) to analyze outbreaks vs. urbanization/pollution/increase in population density and public health policies; also (5) to verify the vaccination coverage vs. case reduction rate.",HIV; Monkeypox; climate change; dengue; global warming; influenza; malaria; yellow fever
38868307,Severe Mpox Among People With Advanced Human Immunodeficiency Virus Receiving Prolonged Tecovirimat in New York City.,"Elizabeth A Garcia, Mary M K Foote, Tristan D McPherson, Maura K Lash, Amma N Bosompem, Alyssa Bouscaren, Justin Chan, Madeline A DiLorenzo, Dennis Feihel, Randal C Fowler, Vani Gandhi, Elizabeth R Jenny-Avital, Erik J Kopping, Dana Mazo, Jacob McLean, Ofole Mgbako, Mark N Sayegh, Raphael N Shaw, Michelle Su, Jeanne Sullivan Meissner, Jade C Wang, Wendy Wen, John C Winters, Cosmina B Zeana, Jason Zucker, Marcia Wong",Open forum infectious diseases. 2024. doi: 10.1093/ofid/ofae294..,Garcia,Open forum infectious diseases,2024,2024/05/17,,,10.1093/ofid/ofae294,"Severe mpox has been observed in people with advanced human immunodeficiency virus (HIV). We describe clinical outcomes of 13 patients with advanced HIV (CD4 <200 cells/μL), severe mpox, and multiorgan involvement. Despite extended tecovirimat courses and additional agents, including vaccinia immune globulin, cidofovir, and brincidofovir, this group experienced prolonged hospitalizations and high mortality.",HIV/AIDS; immunocompromise; mortality; mpox treatment; tecovirimat
39429630,A protocol for a living mapping review of global research funding for infectious diseases with a pandemic potential - Pandemic PACT.,"Olena Seminog, Rodrigo Furst, Thomas Mendy, Omid Rohanian, Shanthi Levanita, Zaharat Kadri-Alabi, Nusrat Jabin, Georgina Humphreys, Emilia Antonio, Adrian Bucher, Alice Norton",Wellcome open research. 2024. doi: 10.12688/wellcomeopenres.21202.2..,Seminog,Wellcome open research,2024,2024/10/02,,,10.12688/wellcomeopenres.21202.2,"The COVID CIRCLE initiative Research Project Tracker by UKCDR and GloPID-R and associated living mapping review (LMR) showed the importance of sharing and analysing data on research at the point of funding to improve coordination during a pandemic. This approach can also help with research preparedness for outbreaks and hence our new programme the Pandemic Preparedness: Analytical Capacity and Funding Tracking Programme (Pandemic PACT) has been established. The LMR described in this protocol builds on the previous UKCDR and GloPID-R COVID-19 Research Project database with addition of the priority diseases from the WHO Blueprint list plus initial additions of pandemic influenza, mpox and plague. We capture data on new funding commitments directly from funders and map these against a core ontology (aligned to existing research roadmaps). We will analyse regularly collated new research funding commitments to provide an open, accessible, near-real-time overview of the funding landscape for a wide range of infectious disease and pandemic preparedness research and assess gaps. The periodicity of updates will be increased in the event of a major outbreak. We anticipate that this LMR and the associated online tool will be a useful resource for funders, policy makers and researchers. In the future, our work will inform a more coordinated approach to research funding by providing evidence and data, including identification of gaps in funding allocation with a particular focus on low- and middle-income countries.",Pandemic preparedness; coordination; global health policy; priority diseases; research funding
41165353,In Critical Condition: The Urgent Need to Support Mpox Therapeutic and Diagnostic Pipelines.,"Carmen Perez Casas, Jessica Burry, Nathalie Strub-Wourgaft, Emmanuel Agogo, Hanesh Chi, Sophie Crettaz, Devy Emperador, Kavi Ramjeet, Bastien Schyrr, Romain Wyss, Emily Bass, Mosoka Papa Fallah",Clinical infectious diseases : an official publication of the Infectious Diseases Society of America. 2026. doi: 10.1093/cid/ciaf529..,Perez,Clinical infectious diseases : an official publication of the Infectious Diseases Society of America,2026,2026/02/25,,,10.1093/cid/ciaf529,"Despite 2 public health emergency declarations, limited progress has been made in the development of essential medical countermeasures for mpox, including therapeutics and point-of-care (POC) diagnostics. We analyzed mpox diagnostics registered in a public database in December 2022 and January 2025. The number of tests increased; however, independent validation lagged behind. While the World Health Organization has granted emergency use listing to 2 POC molecular tests, there are no independently validated antigen rapid diagnostic tests (AgRDTs) essential for decentralized detection. The therapeutics pipeline has shown minimal progress since 2022. Of 17 clinical trials, 14 evaluated direct-acting antivirals; 86% focused solely on tecovirimat, a drug that shows safety but not efficacy with documented resistance concerns. Key vulnerable populations, including children, pregnant women, and people with human immunodeficiency virus, remain absent from studies despite higher mortality rates. Our pipeline analysis revealed a fundamental mismatch between available countermeasures and actual needs, particularly in low-resource settings.",mpox; outbreak preparedness; public health emergencies; rapid point-of-care diagnostics; therapeutics
41632719,The mpox epidemic is not over: Reducing disproportionate burden in Africa and persistent global risk require a sustained response.,"Dieudonné Mwamba Kazadi, Rosamund F Lewis, Pierre Akilimali, Danny Kalala, Maria Van Kerkhove, Chikwe Ihekweazu",PLoS medicine. 2026. doi: 10.1371/journal.pmed.1004893..,Kazadi,PLoS medicine,2026,2026/02/03,,,10.1371/journal.pmed.1004893,"While global interest in mpox may be waning, outbreaks, illness, and death continue across Africa and the world. Ending transmission requires a sustained global response that moves beyond reactive measures.",[MeSH] Humans; [MeSH] Africa; [MeSH] Epidemics; [MeSH] Global Health; [MeSH] Disease Outbreaks
39298367,"Notes from the Field: Support for Wastewater Monitoring and Influence on Protective Behavioral Intentions Among Adults - United States, July 2024.","Rieza H Soelaeman, Danielle Kleven, Jena Losch, Michael Vega, S Nicole Fehrenbach, Jessica N Ricaldi, Diana Valencia, Scott Santibañez",MMWR. Morbidity and mortality weekly report. 2024. doi: 10.15585/mmwr.mm7337a2..,Soelaeman,MMWR. Morbidity and mortality weekly report,2024,2024/09/19,,,10.15585/mmwr.mm7337a2,"In 2020, during the COVID-19 pandemic, CDC established the National Wastewater Surveillance System and later expanded it to include mpox and influenza A data dashboards.† Wastewater utility partners have cited community health benefits as a motivating factor for participating in wastewater surveillance; a lack of public support for wastewater surveillance activities might lead utility partners to cease participation (1,2). However, little is known about public support for wastewater monitoring and its influence on protective health behaviors. As innovative surveillance strategies such as wastewater surveillance evolve, ethical considerations, including understanding public perceptions regarding support for these activities and potential risks to communities, are essential (3).",[MeSH] Adolescent; [MeSH] Adult; [MeSH] Aged; [MeSH] Female; [MeSH] Humans; [MeSH] Male; [MeSH] Middle Aged; [MeSH] Young Adult; [MeSH] Environmental Monitoring; [MeSH] Health Behavior; [MeSH] Intention; [MeSH] United States; [MeSH] Wastewater
40291171,Rehabilitation: The Missing 'Medicine' for Recovering From Zoonotic Illnesses?,"Musa Kiyani, Rebecca Fam Qi Hui",Cureus. 2025. doi: 10.7759/cureus.81202..,Kiyani,Cureus,2025,2025/03/25,,,10.7759/cureus.81202,"Outbreaks of zoonotic illnesses, from previously neglected monkeypox to the novel pandemic of coronavirus disease 2019 (COVID-19), herald a new contagious manifestation of diseases that threaten global health safety, dwindle scarce resources, and generate hurtful stigma. Clinical and public health interventions, such as isolation and quarantine of the sick and their contacts, induction of vaccine-derived immunity, and the use of therapeutics, often overlook long-term musculoskeletal and neurological complications. Here, we employ a biopsychosocial lens to elucidate the theoretical underpinnings and broader practical aspects of rehabilitation in our experience of caring for COVID-19 and other patients in Singapore's public hospitals. We discuss the often-overlooked complications of these illnesses, including sarcopenia and neuroinflammation. These can delay rehabilitation in the most vulnerable and bring to the forefront the drawbacks of policies that restrict mobility and socialization.",covid-19; neuroinflammation; physiotherapy; rehabilitation; zoonoses
38625634,Implications and Lessons Learned While Using Social Media Advertisements to Promote Longitudinal Social Network Study Participation in Latino Men Who Have Sex with Men (LMSM): A Brief Report.,"Angel B Algarin, Anthony Cirilo, Eileen V Pitpitan, Aaron Gutierrez, Keith J Horvath, Laramie R Smith",Journal of urban health : bulletin of the New York Academy of Medicine. 2024. doi: 10.1007/s11524-024-00848-w..,Algarin,Journal of urban health : bulletin of the New York Academy of Medicine,2024,2024/04/16,,,10.1007/s11524-024-00848-w,"We assess the effectiveness of paid ads on social media platforms as a research recruitment tool with Latino men who have sex with men (LMSM). We deployed four paid ad campaigns July-September 2022 in English and Spanish on Meta and Grindr featuring happy or risqué images of LMSM, documenting engagement and cost metrics. The four campaigns generated a total of 1,893,738 impressions and 1078 clicks (0.057 click-through rate) with a total cost of $7,989.39. Of the 58 people who accessed the study screener, 31 completed it (53.4%), 13 were eligible (22.4%), but none enrolled. Comparing platforms, Meta had higher engagement metrics than Grindr, while Grindr had higher proportions of those who completed the screener (57.9%) and were eligible (26.3%) than Meta (52.6% and 21.0%, respectively). Challenges to using paid ads as an LMSM recruitment tool included intersecting pandemics (Mpox, COVID-19), and limited connection between platforms and staff for study enrollment.","[MeSH] Humans; [MeSH] Male; [MeSH] Social Media; [MeSH] Hispanic or Latino; [MeSH] Homosexuality, Male; [MeSH] Adult; [MeSH] Advertising; [MeSH] Social Networking; [MeSH] Longitudinal Studies; [MeSH] Patient Selection; [MeSH] Sexual and Gender Minorities; [MeSH] Middle Aged"
39989944,Lessons learned during the establishment of a functional National Public Health Institute in the Democratic Republic of Congo: from 2018 to 2024.,"Karl Angendu, Allan Komakech, José Nyamusore, Sylla Thiam, Ashleigh Howard, Virgile Kikaya, Diene Kaba, Richard Luce, Dieudonné Mwamba, Pierre Akilimali",The Pan African medical journal. 2024. doi: 10.11604/pamj.2024.49.80.45515..,Angendu,The Pan African medical journal,2024,2024/11/18,,,10.11604/pamj.2024.49.80.45515,"The Democratic Republic of Congo (DRC) experiences several disease outbreaks every year. In 2023 alone, the DRC faced outbreaks of Mpox, measles, yellow fever, vaccine-derived polio, malaria, and cholera, alongside humanitarian crises in some regions. Despite the expertise and experience in responding to such epidemics, the timely detection and response to public health emergencies remained a significant challenge, primarily due to challenges in coordination. Following the country´s 10th Ebola viral outbreak from 2018-2020 which led to more than 2,000 deaths, the DRC government committed to establishing a National Public Health Institute (NPHI) to centralize and provide leadership for the public health functions involved in the prevention, detection, and response to disease outbreaks. The NPHI was legally established in April 2022 and began its operations in September 2022 after the appointment of its leadership team. Since then, the country has achieved improved coordination of outbreak response through the establishment of an incident management system and an emergency operations centre, the launch of a coordinated approach to public health research, and enhanced mortality surveillance. Enabling factors for the establishment of the NPHI included political will and strong partnerships with stakeholders. However, challenges during the setup and early phases of its operations, such as resistance to change, delays in mobilising funding, and coordinating support, were also noted. In this paper, we document some of the key lessons learned during the establishment of the NPHI in the DRC, the early successes, how the challenges encountered were addressed, and insights for countries intending to establish their own NPHIs.",Democratic Republic of Congo; Health security; National Public Health Institute; public health functions; universal health coverage
41401454,"Surveillance of adverse events following immunisation in Australia annual report, 2022.","Yuanfei Anny Huang, Claire Larter, Megan Hickie, Megan O'Moore, Belinda Jones, Lucy Deng, Sophie Russell, Elspeth Kay, Kristine Macartney, Nicholas Wood",Communicable diseases intelligence (2018). 2025. doi: 10.33321/cdi.2025.49.043..,Huang,Communicable diseases intelligence (2018),2025,2025/12/17,,,10.33321/cdi.2025.49.043,"This report summarises Australia's spontaneous surveillance data for non-COVID-19 vaccine adverse events following immunisation (AEFI) for 2022, reported to the Therapeutic Goods Administration (TGA). National spontaneous (passive) surveillance data for coronavirus disease 2019 (COVID-19) vaccine AEFI reported to the TGA are analysed and discussed in a separate companion publication. There were 3,642 AEFI reports for non-COVID-19 vaccines administered in 2022, representing an annual AEFI reporting rate of 14.0 per 100,000 population, compared with 13.4 per 100,000 population in 2021. This very small increase in the AEFI reporting rate in 2022 could potentially be related to the combination of several factors: a gradual return to pre-pandemic AEFI reporting patterns; new vaccination programs in response to outbreaks of emergent vaccine preventable diseases (Japanese encephalitis and mpox); and a change in the reporting activities of pharmaceutical sponsors. AEFI reporting rates for individual vaccines in 2022 were similar to 2021.",AEFI; adverse events; immunisation; surveillance; vaccine; vaccines
41810010,Nigeria's post-COVID-19 vaccine manufacturing ambitions: Opportunities and regional implications.,"Oyeronke Oyebanji, Olufunke Falade, Frederik Kristensen, David Heymann, Beate Kampmann",Journal of public health in Africa. 2026. doi: 10.4102/jphia.v17i1.1560..,Oyebanji,Journal of public health in Africa,2026,2026/02/02,,,10.4102/jphia.v17i1.1560,"BACKGROUND: Global health emergencies consistently expose and exacerbate vaccine inequities, with high-income countries prioritising their populations and leaving low- and middle-income countries (LMICs) facing delays and shortages. Diseases primarily affecting LMICs receive limited attention from global vaccine developers because of perceived low market value and limited financial return, further entrenching these disparities. Africa's limited investment in vaccine manufacturing has heightened its vulnerability during outbreaks, including yellow fever, Ebola, meningococcal meningitis, mpox, and most recently, coronavirus disease 2019 (COVID-19). AIM: This study examines the barriers to vaccine equity in Africa and critically analyses Nigeria's post-COVID-19 efforts to establish a viable, local vaccine manufacturing ecosystem. SETTING: The research focuses on Nigeria within the broader African vaccine manufacturing landscape, using it as a case study to explore both national and continental dynamics. METHODS: The study draws on document analysis of strategic plans, regulatory reports, and partnership announcements, complemented by qualitative insights from key informant interviews with stakeholders involved in vaccine policy, regulation, and production in Nigeria and across West Africa. RESULTS: Post-pandemic momentum has catalysed significant shifts: Nigeria has developed a national vaccine manufacturing strategy and secured international partnerships and financing commitments. The regulatory authority, National Agency for Food and Drug Administration and Control (NAFDAC), achieved the World Health Organization (WHO) Maturity Level 3 status, marking critical progress. Nonetheless, persistent gaps remain in research and development capacity, workforce development, regulatory agility, and infrastructure readiness. CONCLUSION: While Nigeria has made notable progress since the COVID-19 pandemic, sustainable vaccine manufacturing requires long-term investment in research and development, policy reform, skills development, and regional cooperation. Failure to address these challenges systematically risks undermining current gains. CONTRIBUTION: This article provides insights to support ongoing and future investments in Nigeria's vaccine manufacturing sector, guiding government policy, international partnerships, and potential investors.",COVID-19; pandemic preparedness; regional cooperation; vaccine equity; vaccine manufacturing
36467718,Modelling the impact of timelines of testing and isolation on disease control.,"Ao Li, Zhen Wang, Seyed M Moghadas",Infectious Disease Modelling. 2022. doi: 10.1016/j.idm.2022.11.008..,Li,Infectious Disease Modelling,2023,2022/11/28,,,10.1016/j.idm.2022.11.008,"Testing and isolation remain a key component of public health responses to both persistent and emerging infectious diseases. Although the value of these measures have been demonstrated in combating recent outbreaks including the COVID-19 pandemic and monkeypox, their impact depends critically on the timelines of testing and start of isolation during the course of disease. To investigate this impact, we developed a delay differential model and incorporated age-since-symptom-onset as a parameter for delay in testing. We then used the model to compare the outcomes of reverse-transcription polymerase chain reaction (RT-PCR) and rapid antigen (RA) testing methods when isolation starts either at the time of testing or at the time of test result. Parameterizing the model with estimates of SARS-CoV-2 infection and diagnostic sensitivity of the tests, we found that the reduction of disease transmission using the RA test can be comparable to that achieved by applying the RT-PCR test. Given constraints and inevitable delays associated with sample collection and laboratory assays in RT-PCR testing post symptom onset, self-administered RA tests with short turnaround times present a viable alternative for timely isolation of infectious cases.",Delay equations; Isolation; Simulations; Testing; Turnaround time
37330370,"Preclinical evaluation of performance, safety and usability of VAX-ID®, a novel intradermal injection device.","Koen C L Beyers, Momen N M Rbeihat, Daniele S Vasconcelos, Danielle Pasmans, Stijn Verwulgen, Vanessa V J Vankerckhoven",Vaccine. 2023. doi: 10.1016/j.vaccine.2023.06.028..,Beyers,Vaccine,2023,2023/06/15,,,10.1016/j.vaccine.2023.06.028,"The recent SARS-Cov2 pandemic and mpox health emergency have led to renewed interest in intradermal vaccination due to its dose sparing potential. Indeed, intradermal vaccination is particularly of interest for use in mass vaccination campaigns, pandemic preparedness programs, and/or for vaccines that are expensive or in short supply. Moreover, the rich immune network in the skin makes it an attractive target not only for prophylactic vaccination, but also for therapeutic vaccination, like immunotherapy and (dendritic) cell-based therapies. The aim of the current paper was to provide an overview of preclinical data generated with VAX-ID®, a novel intradermal drug delivery device, to allow assessing it performance, safety and usability. The device can overcome challenges seen with the Mantoux technique whereby the needle needs to be inserted under a shallow angle. Various parameters of VAX-ID® were evaluated, including dead-space volume, dose accuracy, penetration depth & liquid deposit in piglets, as well as usability by healthcare professionals. The device has shown to have a low dead volume and a high dose accuracy. Importantly, the device performed successful injections at a predefined depth into the dermis with a high safety profile as confirmed by visual and histological evaluation in piglets. Moreover, the device was rated as easy to use by healthcare professionals. The combined preclinical performance and usability findings indicate that VAX-ID® can provide reliable, standardized and accurate drug delivery in the dermal layer of the skin with a high ease of use. The device offers a solution for injection of various prophylactic as well as therapeutic vaccines.",Device; Drug delivery; Intradermal injection; Performance; Usability; Vaccination
41245129,"Promoting stakeholder awareness, collaboration, and engagement in One Health surveillance with a serious game.","Marie-Marie Olive, Saa André Tolno, Brice Lafia, Innocent Ndong Bass, Mamadou Alimou Barry, Mathias Talla Mba, Emmanuel Laury, Helene De Nys, Ahidjo Ayouba, Victor Yacinthe Guigma Wendmisida, François Diaz, Mathieu Bourgarel, Sophie Muset, Marisa Peyre","One health (Amsterdam, Netherlands). 2025. doi: 10.1016/j.onehlt.2025.101257..",Olive,"One health (Amsterdam, Netherlands)",2025,2025/10/27,,,10.1016/j.onehlt.2025.101257,"The COVID-19 pandemic and recurrent Mpox and Ebola virus epidemics have revealed a critical need for One Health disease surveillance systems, and especially systems with integrated community-based approaches for early disease detection. Local stakeholders, including community workers in the human, animal, and environmental health sectors, are at the forefront of emerging disease detection and early warnings. However, their involvement in surveillance systems remains limited, even though they play a critical role in event- and community-based surveillance and responses. We developed a collaborative board game, called ALERT, to strengthen stakeholder engagement across all levels of One Health surveillance systems in West and Central Africa. This serious game has generated significant enthusiasm among the 500 people who have tested it in over 100 countries.",Community-based surveillance system; One Health; Rapid response system; Serious game; Surveillance system; Zoonotic diseases
40496287,Public Health Word of the Year 2022 - New Normal.,"Don Eliseo Lucero-Prisno, Deborah Oluwaseun Shomuyiwa, Sheena Ramazanu, Yusuff Adebayo Adebisi, Jude Altiveros Duarte, Patrick Alain Azanza, Martin C S Wong, M B N Kouwenhoven",Public health challenges. 2023. doi: 10.1002/puh2.102..,Lucero-Prisno,Public health challenges,2023,2023/07/03,,,10.1002/puh2.102,"The COVID-19 pandemic caused significant disruption and forced the global community to adapt to a new way of life. The term 'new normal' encapsulates the notion that the pandemic has triggered radical changes, requiring rapid adaptation from the global community. The article focuses on examining the practical implications of the new reality in 2022, the challenges it presented, and the opportunities it offers for shaping the future of global health. The article also highlights significant public health stories that emerged in 2022, including the mpox surge, the impact of climate change, and reproductive health issues and their impact in shaping the 'new normal'. It argues that the 'new normal' provides a unique opportunity to rebuild our world more responsively and sustainably. It emphasizes the need for global communities to maintain adaptability and foster innovation in the face of ongoing challenges. Making informed choices becomes crucial for achieving success within this shifting landscape. Conclusively, the article advocates for embracing the 'new normal' as a catalyst for positive change, both individually and collectively. By doing so, global communities can navigate the challenges ahead and create a world that is better prepared for future health crises.",COVID‐19; global health; health systems; new normal; pandemic; public health
38316450,US public health after covid-19: learning from the failures of the hollow state and racial capitalism.,"Justin M Feldman, Mary T Bassett",BMJ (Clinical research ed.). 2024. doi: 10.1136/bmj-2023-076969..,Feldman,BMJ (Clinical research ed.),2024,2024/02/05,,,10.1136/bmj-2023-076969,,[MeSH] Humans; [MeSH] COVID-19; [MeSH] Capitalism; [MeSH] Public Health; [MeSH] SARS-CoV-2; [MeSH] Racial Groups
41424270,Uptake of rapid antiretroviral therapy following HIV diagnosis: An eight-year retrospective analysis at a UK clinic.,"Gary Whitlock, Jack Kerwin, Jonathan Joseph Goodfellow, Marta Boffito, Tara Suchak",International journal of STD & AIDS. 2025. doi: 10.1177/09564624251409654..,Whitlock,International journal of STD & AIDS,2026,2025/12/22,,,10.1177/09564624251409654,"BackgroundTo evaluate the outcomes of rapid antiretroviral therapy (ART) initiation following HIV diagnosis at 56 Dean Street in London, UK, following the implementation of the Rapid Initiation Option (RIO) in 2016.MethodsWe conducted a retrospective case-note review of all individuals newly diagnosed with HIV between 1 January 2017 and 31 December 2024. We analysed demographics, timing of ART initiation, and reasons for delayed treatment (>90 days). Differences between early (<2 days) and later ART initiators were assessed.ResultsOf 1081 individuals diagnosed, 1008 (93.2%) initiated ART at 56 Dean Street. Median time to ART initiation was 7 days (IQR 4-14), with 15.3% starting within 2 days. Median time to ART initiation remained stable from 2017 to 2024, despite disruptions due to the COVID-19 and mpox pandemics. Faster initiators were more likely to have recently acquired HIV, higher baseline viral loads, prior 56 Dean Street attendance, and prior PrEP use (all P < 0.05). Delayed initiation occurred in 2.2%, mainly due to poor attendance, personal choice, or being outside the UK. Demographic characteristics did not differ significantly between rapid and later initiators.ConclusionsRapid ART initiation has been sustained over 8 years through the RIO pathway. The model remained robust during healthcare disruptions. Familiarity with services and recent testing were associated with more rapid initiation, supporting the importance of patient-centred, adaptable care pathways.",GBMSM; HIV; rapid ART initiation
39257839,Estimating public health risks of infectious disease events: A Canadian approach to rapid risk assessment.,"Sai Priya Anand, Clarence C Tam, Sharon Calvin, Dima Ayache, Lisa Slywchuk, Irene Lambraki, Rukshanda Ahmad, Jan Trumble Waddell, Eleni Galanis, Linda Vrbova",Canada communicable disease report = Releve des maladies transmissibles au Canada. 2024. doi: 10.14745/ccdr.v50i09a01..,Anand,Canada communicable disease report = Releve des maladies transmissibles au Canada,2024,2024/09/05,,,10.14745/ccdr.v50i09a01,"BACKGROUND: The COVID-19 pandemic highlighted the need for timely, evidence-based rapid risk assessments (RRA) of infectious disease events to inform public health action during rapidly evolving situations with high uncertainty. In 2022, the Public Health Agency of Canada established a coordinated approach to public health risk assessment, including a methodology for qualitative RRA of infectious disease threats. OBJECTIVE: To describe the RRA methodology and illustrate its use with examples from different infectious hazards of public health concern. METHODS: The RRA methodology employs the risk pathway to describe the sequence of events leading from a hazard's source to the adverse event of concern and subsequent impacts; define specific questions to be addressed; and identify relevant knowledge gaps, limitations and recommendations. Qualitative likelihood and impact estimates are derived through integration of evidence review and expert opinion and are communicated together with corresponding levels of uncertainty. The impacts of the event are based on an assessment of the most likely spread scenario within Canada, considering individual-level impact on affected individuals, the impact on the general population and, if relevant, sub-groups at higher risk. RESULTS: This RRA approach aligns with well-established international methods and provides flexibility to accommodate a broad range of risk questions. It has been implemented to estimate the risk of various threats of concern to Canada, including mpox, avian influenza A(H5N1) and measles. CONCLUSION: Given the broad range and complexity of public health hazards, RRAs provide a timely, coordinated and systematic process for characterizing and communicating the risk to inform risk mitigation and decision-making and to guide appropriate public health response.",infectious disease event; public health threats; qualitative rapid risk assessment; risk assessment; risk pathway
39862871,Disseminated mpox in an immunocompromised patient in DR Congo: a call for a shift from disease-focused to person-centred outbreak response.,"Patrick Musole Bugeme, Patrick Kazuba Bugale, Joël Zigashane Mashauri, André Ishara Kapalata, Levi Bugwaja, Trust Faraja Mukika, Salomon Mashupe Shangula, Philémon Hodari Sebiyoyo, Daniel Buuma Barungu, Willy Kasi, Justin Bengehya, Patrick D M C Katoto, Esto Bahizire, Louise C Ivers, Pauline Vetter, Andrew S Azman, Espoir Bwenge Malembaka",The Lancet. Infectious diseases. 2025. doi: 10.1016/S1473-3099(25)00009-X..,Bugeme,The Lancet. Infectious diseases,2025,2025/01/22,,,10.1016/S1473-3099(25)00009-X,,
37630443,Lumpy Skin Disease Virus Infection Activates Autophagy and Endoplasmic Reticulum Stress-Related Cell Apoptosis in Primary Bovine Embryonic Fibroblast Cells.,"Jinlong Tan, Yinju Liu, Weike Li, Yongzhi Zhang, Guohua Chen, Yongxiang Fang, Xiaobing He, Zhizhong Jing",Microorganisms. 2023. doi: 10.3390/microorganisms11081883..,Tan,Microorganisms,2023,2023/07/26,,,10.3390/microorganisms11081883,"Poxviruses have been associated with humans for centuries. From smallpox to mpox to lumpy skin disease virus (LSDV), members of the poxvirus family have continued to threaten the lives of humans and domestic animals. A complete understanding of poxvirus-mediated cellular processes will aid in the response to challenges from the viruses. In this study, we demonstrate that LSDV infection results in an abnormal ultrastructure of the endoplasmic reticulum (ER) lumen in primary bovine embryonic fibroblast (BEF) cells, and we further show that an ER imbalance occurs in LSDV-infected BEF cells. Additionally, we believe that ER stress-related apoptosis plays a role in the late apoptosis of BEF cells infected with LSDV, primarily through the activation of the CCAAT/enhancer binding protein homologous protein (CHOP)-Caspase-12 signal. In addition to cell apoptosis, a further investigation showed that LSDV could also activate autophagy in BEF cells, providing additional insight into the exact causes of LSDV-induced BEF cell death. Our findings suggest that LSDV-induced BEF cell apoptosis and autophagy may provide new avenues for laboratory diagnosis of lumpy skin disease progression and exploration of BEF cell processes.",apoptosis; autophagy; endoplasmic reticulum; lumpy skin disease virus
41475035,"The global epidemiology of botulism outbreaks from open-source intelligence, 2017-2024.","Damian Alexander Honeyman, David James Heslop, Chandini Raina MacIntyre",The American journal of emergency medicine. 2025. doi: 10.1016/j.ajem.2025.12.022..,Honeyman,The American journal of emergency medicine,2026,2025/12/20,,,10.1016/j.ajem.2025.12.022,"BACKGROUND: Botulism is a rare but potentially fatal illness caused by botulinum neurotoxin, with outbreaks reported globally in humans, animals, and the environment. In the absence of a global surveillance system, open-source intelligence (OSINT) offers real-time insight into botulism activity. METHODS: Using the Artificial-Intelligence-driven OSINT early warning system EPIWATCH®, we extracted a dataset published between 31 December 2016 and 1 January 2025 and filtered by our search terms to identify botulism outbreaks. Data collected included country, event date, location, symptoms, outbreak type (human/animal), case numbers, hospitalisations, antitoxin treatment, deaths, source and origin of outbreak, botulism type, toxin strain, and time from exposure to symptom onset. Analyses were conducted using STATA/BE 17.0. RESULTS: OSINT identified 296 botulism outbreaks, of which 259 (87.5 %) were in humans, totalling 1097 cases and 47 deaths. There were 37 animal outbreaks (12.5 %), accounting for 27,537 cases and 27,287 animal deaths. The highest number of human outbreaks occurred in Ukraine (56.0 %, n = 145), the Russian Federation (10.8 %, n = 28), and the United States of America (7.0 %, n = 18). Common symptoms included dysphagia (11.0 %), nausea (9.0 %), and generalised weakness (8.8 %). The primary transmission routes were foodborne (79.5 %), iatrogenic (3.1 %) and wound (3.1 %, n = 8). The most frequently implicated sources were dried fish (33.2 %), canned fish (5.4 %) and canned meat (4.6 %, n = 12). Toxin strain was rarely reported (97.7 %). CONCLUSION: OSINT-based surveillance, despite some limitations, provides a new mechanism for insight into global botulism patterns, particularly where traditional reporting is limited.",Artificial intelligence; Botulism; Disease; Epidemiology; Surveillance
40456231,The (Re)-emerging And ePidemic Infectious Diseases (RAPID) Stigma Scales: a cross-outbreak scale development and pyschometric validation study.,"Amy Paterson, Kondwani K Mughogho, Ashleigh Cheyne, Olive Kabajaasi, Tonmoy Sarkar, Kkunsa Hadson Dimitrios, Harun Tulunay, Frances N Adiukwu, Saad S Alatrany, Ebrahim Aliafsari Mamaghani, Lorena G Barberia, He Bu, Precious Chikura-Dlamini, Jake Dunning, Ernesto R Gregorio, Md Zakiul Hassan, Mohammad B Hossain, Euzebiusz Jamrozik, Sabuj Kanti Mistry, Gerald A Mwima, Surapon Nochaiwong, Will Nutland, Chloe Orkin, Dewan I Rahman, Keetie Roelen, Soomin Ryu, Stefan Schilling, Hafsa L Sentongo, Musoke T Sekikongo, Anne L Stangl, Yasin Ssewankambo, Evi Sukmaningrum, Rayner K J Tan, Steven Taylor, Thiago S Torres, Samuel Tomczyk, Xiaomin Wang, Benjamin Jones, Kamal I A Chowdhury, Md Sharful I Khan, Wasik R Aquib, Syed M Satter, Nathan Kenya-Mugisha, Jeni Stolow, Nina Gobat, Piero Olliaro, Amanda Rojek",The Lancet. Infectious diseases. 2025. doi: 10.1016/S1473-3099(25)00161-6..,Paterson,The Lancet. Infectious diseases,2025,2025/05/30,,,10.1016/S1473-3099(25)00161-6,"Reducing stigma during infectious disease outbreaks is crucial for delivering an effective response. However, no validated stigma scales exist for use across outbreaks, and outbreak-specific scales are developed too slowly to guide timely interventions. To enable more real-time monitoring and mitigation of stigma across outbreak contexts, we developed and validated the (Re)-emerging and ePidemic Infectious Diseases (RAPID) Stigma Scales. Field testing and psychometric validation were conducted in communities affected by Ebola disease in Uganda, mpox in the UK, and Nipah virus disease in Bangladesh. Content validity was established through cognitive interviews and expert Delphi scoring. 1008 respondents were included across the three countries. The final RAPID Community Stigma Scale (12 items) captures initial social stigma, provider or authority-related stigma, structural stigma, and enduring social stigma. The RAPID Self Stigma Scale (4 items) is unidimensional. Both scales were found to have robust psychometric properties, including content validity, structural validity (factor loadings ≥0·6), and reliability (ordinal alphas 0·79-0·92). High scores on both scales predicted an increased hesitancy to report symptoms and seek care. The RAPID Stigma Scales are validated tools for real-time assessment of stigma across outbreak settings, enabling responders to design targeted interventions to improve health outcomes and promote equitable care.","[MeSH] Adult; [MeSH] Female; [MeSH] Humans; [MeSH] Male; [MeSH] Middle Aged; [MeSH] Young Adult; [MeSH] Bangladesh; [MeSH] Communicable Diseases, Emerging; [MeSH] Disease Outbreaks; [MeSH] Epidemics; [MeSH] Hemorrhagic Fever, Ebola; [MeSH] Psychometrics; [MeSH] Reproducibility of Results; [MeSH] Social Stigma; [MeSH] Surveys and Questionnaires; [MeSH] Uganda; [MeSH] United Kingdom"
41321431,Chemical Warfare Through the Ages: A Systematic Review From Antiquity to the Present.,"Damian Alexander Honeyman, David James Heslop, Samsung Lim, Chandini Raina MacIntyre",Journal of toxicology. 2025. doi: 10.1155/jt/7363632..,Honeyman,Journal of toxicology,2025,2025/11/20,,,10.1155/jt/7363632,"Chemical warfare means the use of chemical agents that have direct toxic effects on animals, plants and humans, as weapons. The first documented use of a chemical agent for warfare purposes occurred in ancient times around 10,000 BCE in South Africa when weapons were dipped in chemicals and then used to attack and defend from enemies. However, much of the evidence lacks detail to provide thorough accounts of such events. Nevertheless, we aimed to systematically gather the most comprehensive account of all publicly known incidents involving chemical weapons throughout history. We identified 121 instances of chemical weapon use between 10,000 BCE and October 2023 spanning 49 countries and causing at minimum 2,110,360 injuries and 2,930,769 deaths. Across the 121 incidents, at least 165 chemical agents were used. Of the known chemical agents, the top three were sulphur mustard (n = 16, 12.1%), hydrogen cyanide (n = 12, 7.3%) and chlorine gas (n = 11, 6.7%). Of the known chemical classes, the top three used were vesicants (blistering agents) (n = 31, 18.8%), choking (pulmonary) agents (n = 18, 10.9%) and nerve agents (n = 18, 10.9%). If a chemical agent was not reported, the chemical class was reported as unknown (n = 35, 21.2%). A small number of chemical weapons were used that fell outside of the main categories of agents (n = 20, 12.1%). Chemical weapons remain a serious concern locally and globally, and there are few data on the global epidemiology of such incidents. Prevention, early detection and rapid response are key and can be enabled by global surveillance for chemical incidents.",chemical agents; chemical warfare; chemical weapons; weapons of mass destruction history
38013151,COVID-19 breakthrough infections among people living with and without HIV: A statewide cohort analysis.,"Xueying Yang, Jiajia Zhang, Ziang Liu, Shujie Chen, Bankole Olatosi, Gregory A Poland, Sharon Weissman, Xiaoming Li",International journal of infectious diseases : IJID : official publication of the International Society for Infectious Diseases. 2023. doi: 10.1016/j.ijid.2023.11.029..,Yang,International journal of infectious diseases : IJID : official publication of the International Society for Infectious Diseases,2024,2023/11/25,,,10.1016/j.ijid.2023.11.029,"OBJECTIVES: This study aims to characterize and compare COVID-19 breakthrough infections between people living with and without HIV across different phases of the pandemic. METHODS: Using statewide HIV cohort data, the study population included adult residents in South Carolina (SC) (>18 years old) who were fully vaccinated between January 02, 2021 and April 14, 2022 when Alpha, Delta, and Omicron variants were circulating in SC. We used the Cox proportional hazard model to investigate the association between HIV infection and breakthrough infection, adjusting for relevant covariates. RESULTS: Among 2,144,415 vaccinated individuals, 8,335 were people living with HIV (PLWH) and 2,136,080 were people without HIV (PWoH). After propensity score matching, HIV infection was not significantly associated with breakthrough infection rate. However, when comparing breakthrough infections among individuals without any booster dose, PLWH had a higher risk of breakthrough infections (adjusted Hazard Ration: 1.19; 95% confidence interval: 1.03-1.39). Compared to PWoH, PLWH with high levels of clusters of differentiation 4 (CD4) count or viral suppression were not associated with breakthrough infections. CONCLUSIONS: Our findings do not support a broad conclusion that COVID-19 vaccine effectiveness is lower among PLWH, while we did find that PLWH had a higher risk of breakthrough infection compared to PWoH if they did not receive a booster dose.",Breakthrough infections; COVID-19; HIV/AIDS; Propensity score matching
41071829,"Detection of dengue, malaria, and additional causes of acute febrile illness: The need for expanded testing, Bayelsa State, Nigeria.","Dayo Olufemi Akanbi, Bio Belu Abaye, Francisco Averhoff, Michael G Berg, Gregory S Orf, Kabiru M Lawan, Geoff A Beckett, Ayotunde Bolatito Omotoso, Maximillian Mata, Gavin A Cloherty, Lucious Chabuka, Tulio de Oliveira, Kenneth W Mac-Fisi, Azibadighi Walter, Inara Isaac Mark, George Edeki, Abdoulaye Sinayoko, Muazzam Nasrullah, Binafeigha Ihekerenma Justina, Muhammad Shakir Balogun",PLoS neglected tropical diseases. 2025. doi: 10.1371/journal.pntd.0013060..,Akanbi,PLoS neglected tropical diseases,2025,2025/10/10,,,10.1371/journal.pntd.0013060,"Dengue virus (DENV) infection has not been previously reported from Bayelsa State, Nigeria. We aimed to determine the prevalence of dengue virus (DENV) infection, malaria, and coinfection, and other pathogens among febrile patients in the capital city, Yenagoa.We conducted a cross-sectional study among persons aged ≥1 year who presented with acute febrile illnesses (AFI) at four hospitals in Bayelsa State during 20 May - 15 June 2022. Blood samples from 443 participants were tested for DENV seromarkers (NS1, IgM, IgG), using serology and RT-PCR, and malaria was diagnosed by thick smear microscopy. Sociodemographic and risk factor data were collected using electronic questionnaires administered via smart phones/tablets and analyzed using univariate and multivariate methods. Metagenomic libraries were prepared and enriched by viral target capture and sequenced by NGS. The seroprevalence of acute DENV infection was 14.5% (n = 64) while the prevalence of malaria was 42.4% (n = 188); 6.5% (n = 29) of participants were coinfected with acute DENV infection and malaria. An additional 17.6% (n = 78) of participants had markers for past DENV infection. Rural/suburban residence and age ≥ 31 years were significantly correlated with having any dengue seromarker. Residence in a larger household (≥5 persons), and borehole water-use were predictors for malaria fever. RT-PCR results revealed multiple DENV serotypes, with serotype 3 dominant. Sequencing of unknown AFI cases revealed numerous viral causes such as adenovirus, EBV, and hepatitis A, as well as additional dengue and malarial infections missed by conventional testing. Of interest were Coxsackievirus A5 (hand, foot and mouth disease; HFMD) which has been diversifying locally for years in Nigeria and an mPox clade IIb (lineage A.2.3) strain that emerged in Nigeria during the 2022 global outbreak. The results of this study provide the first documentation of human DENV infection in Bayelsa State, Nigeria and suggests that dengue is an emerging and important cause of febrile illness in this area. Our findings support the need for routine testing to identify DENV among patients who present with acute febrile disease. Metagenomic NGS results highlight the benefits of unbiased surveillance to identify circulating and emerging pathogens.","[MeSH] Humans; [MeSH] Nigeria; [MeSH] Male; [MeSH] Female; [MeSH] Adult; [MeSH] Dengue; [MeSH] Cross-Sectional Studies; [MeSH] Malaria; [MeSH] Middle Aged; [MeSH] Adolescent; [MeSH] Young Adult; [MeSH] Coinfection; [MeSH] Child, Preschool; [MeSH] Child; [MeSH] Seroepidemiologic Studies; [MeSH] Infant; [MeSH] Fever; [MeSH] Prevalence; [MeSH] Dengue Virus; [MeSH] Aged; [MeSH] Antibodies, Viral"
39250644,COVID-19 Breakthrough Infections Among People With HIV: A Statewide Cohort Analysis.,"Xueying Yang, Jiajia Zhang, Shujie Chen, Ziang Liu, Gregory A Poland, Bankole Olatosi, Sharon Weissman, Xiaoming Li",Journal of acquired immune deficiency syndromes (1999). 2024. doi: 10.1097/QAI.0000000000003475..,Yang,Journal of acquired immune deficiency syndromes (1999),2024,2024/10/01,,,10.1097/QAI.0000000000003475,"OBJECTIVES: This study aims to identify COVID-19 breakthrough infections among people with HIV (PWH) across different phases of the pandemic and explore whether differential immune dysfunctions are associated with breakthrough infections. DESIGN AND METHODS: This retrospective population-based cohort study used data from an integrated electronic health record (EHR) database in South Carolina (SC). Breakthrough infection was defined as the first COVID-19 diagnosis documented in the state agency after the date an individual was fully vaccinated (ie, 2 doses of Pfizer/BNT162b2 or Moderna/mRNA-1273, or 1 dose of Janssen/Ad26.COV2.S) through June 14, 2022. We analyzed the risk and associated factors of the outcome using Cox proportional hazards models. RESULTS: Among 7596 fully vaccinated PWH, the overall rate of breakthrough infections was 118.95 cases per 1000 person-years. When compared with the alpha-dominant period, the breakthrough infection rate was higher during both delta-dominant (HR: 1.50; 95% CI: 1.25 to 1.81) and omicron-dominant (HR: 2.86; 95% CI: 1.73 to 4.73) periods. Individuals who received a booster dose had a lower likelihood of breakthrough infections (HR: 0.19; 95% CI: 0.15 to 0.24). There was no association of breakthrough infections with degree of HIV viral suppression, but a higher CD4 count was significantly associated with fewer breakthroughs among PWH (>500 vs <200 cells/mm3: HR: 0.68; 95% CI: 0.49 to 0.94). CONCLUSIONS: In our PWH population, the incidence of breakthrough infections was high (during both delta-dominant and omicron-dominant periods) and mainly associated with the absence of a booster dose in patients older than 50 years, with comorbidities and low CD4 count.",[MeSH] Humans; [MeSH] HIV Infections; [MeSH] Male; [MeSH] COVID-19; [MeSH] Female; [MeSH] Middle Aged; [MeSH] Adult; [MeSH] Retrospective Studies; [MeSH] SARS-CoV-2; [MeSH] South Carolina; [MeSH] COVID-19 Vaccines; [MeSH] Cohort Studies; [MeSH] CD4 Lymphocyte Count; [MeSH] Breakthrough Infections
40495865,Top 10 public health challenges to track in 2023: Shifting focus beyond a global pandemic.,"Don Eliseo Lucero-Prisno, Deborah Oluwaseun Shomuyiwa, M B N Kouwenhoven, Thinley Dorji, Goodness Ogeyi Odey, Adriana Viola Miranda, Isaac Olushola Ogunkola, Yusuff Adebayo Adebisi, Junjie Huang, Lin Xu, Joseph Christian Obnial, Aminath Huda, Sarawut Thepanondh, Manuel Millar Dayrit, Salvador B Evardone, M D Lamawansa, Samrawit Solomon Ethiopia, Lydia Aziato, Philip Baba Adongo, Mohamed Hindolo Samai, Fernando B Garcia, Joselito F Villaruz, Indika Mahesh Karunathilake, Hao Li, Patrick Alain Azanza, Ian Findlay, Martin C S Wong",Public health challenges. 2023. doi: 10.1002/puh2.86..,Lucero-Prisno,Public health challenges,2023,2023/05/02,,,10.1002/puh2.86,"The year 2022 saw COVID-19 as the primary public health concern, with vaccine rollout and mandates at the forefront. Other viral infectious diseases, such as Monkeypox and Ebola, emerged as public health concerns. Climate change and political conflicts significantly impacted global health, increasing the demand for humanitarian assistance and protection. In 2023, it remains crucial to identify global and public health priority areas to coordinate and implement effective solutions. Through discussions with public health practitioners and researchers, we have identified key priority areas for 2023, namely, health systems, the mental health crisis, substance abuse, infectious diseases, malnutrition and food insecurity, sexual and reproductive health challenges, environmental pollution, the climate crisis, cancer, and diabetes. These priority areas highlight shared concerns that should be addressed to facilitate proactive and innovative health interventions and practices. To achieve universal healthcare targets for 2030, prioritization, financial investment, international cooperation, and collaboration in addressing these global health challenges are crucial. This requires coordination among public health decision-makers, the private health sector, and opinion leaders to implement country-specific healthcare financing and food security measures. Research, scientific knowledge, and technical capacities must be leveraged to produce sustainable interventions that effectively reduce health disparities and improve health system responsiveness to prevent these challenges from progressing to public health emergencies.",global health; health challenges; health priorities; public health
3010703,Four generations of probable person-to-person transmission of human monkeypox.,"Z Jezek, I Arita, M Mutombo, C Dunn, J H Nakano, M Szczeniowski",American journal of epidemiology. 1986. doi: 10.1093/oxfordjournals.aje.a114328..,Jezek,American journal of epidemiology,1986,1986/06/01,,,10.1093/oxfordjournals.aje.a114328,"This paper examines an outbreak of five cases of human monkeypox which occurred in children belonging to two families living in the West Kasai region of Zaire during May-July 1983. Epidemiologic investigations suggest that the first case was infected from an animal source, possibly a monkey, and that each of the other four cases was infected from a previous human case. Three of these cases of presumed person-to-person transmission occurred in close household contacts. The other case infection occurred either by casual contact within the hospital compound, or possibly because of infection due to use of the same syringe for injections. Human monkeypox is the most important orthopoxvirus infection in the post-smallpox eradication period. The disease is a zoonosis and person-to-person transmission is rather difficult. Thus, this episode is a rare event and special analysis of the circumstances is discussed. However, it supports the necessity to carry out surveillance and research on this disease as recently reported by Arita et al.","[MeSH] Animals; [MeSH] Child; [MeSH] Child, Preschool; [MeSH] Colobus; [MeSH] Democratic Republic of the Congo; [MeSH] Disease Outbreaks; [MeSH] Epidemiologic Methods; [MeSH] Equipment Contamination; [MeSH] Female; [MeSH] Humans; [MeSH] Infant; [MeSH] Male; [MeSH] Meat; [MeSH] Monkeypox virus; [MeSH] Poxviridae Infections; [MeSH] Rats; [MeSH] Syringes; [MeSH] Vaccination; [MeSH] Zoonoses"
27191380,Extended Human-to-Human Transmission during a Monkeypox Outbreak in the Democratic Republic of the Congo.,"Leisha Diane Nolen, Lynda Osadebe, Jacques Katomba, Jacques Likofata, Daniel Mukadi, Benjamin Monroe, Jeffrey Doty, Christine Marie Hughes, Joelle Kabamba, Jean Malekani, Pierre Lokwa Bomponda, Jules Inonga Lokota, Marcel Pie Balilo, Toutou Likafi, Robert Shongo Lushima, Benoit Kebela Ilunga, Frida Nkawa, Elisabeth Pukuta, Stomy Karhemere, Jean-Jacques Muyembe Tamfum, Beatrice Nguete, Emile Okitolonda Wemakoy, Andrea M McCollum, Mary G Reynolds",Emerging infectious diseases. 2016. doi: 10.3201/eid2206.150579..,Nolen,Emerging infectious diseases,2016,2016/06/01,,,10.3201/eid2206.150579,"A >600% increase in monkeypox cases occurred in the Bokungu Health Zone of the Democratic Republic of the Congo during the second half of 2013; this increase prompted an outbreak investigation. A total of 104 possible cases were reported from this health zone; among 60 suspected cases that were tested, 50 (48.1%) cases were confirmed by laboratory testing, and 10 (9.6%) tested negative for monkeypox virus (MPXV) infection. The household attack rate (i.e., rate of persons living with an infected person that develop symptoms of MPXV infection) was 50%. Nine families showed >1 transmission event, and >6 transmission events occurred within this health zone. Mean incubation period was 8 days (range 4-14 days). The high attack rate and transmission observed in this study reinforce the importance of surveillance and rapid identification of monkeypox cases. Community education and training are needed to prevent transmission of MPXV infection during outbreaks.",Africa; Democratic Republic of the Congo; animal diseases; incubation; monkeypox; monkeypox virus; orthopoxvirus; transmission; viruses; zoonosis
38756609,Hospitalization determinants in patients with Mpox disease: The CEME-22 Project.,"G Ramírez Olivencia, M M Vera García, M Velasco Arribas, J Casabona, M J Martínez, F J Membrillo De Novales",Heliyon. 2024. doi: 10.1016/j.heliyon.2024.e30564..,Olivencia,Heliyon,2024,2024/05/01,,,10.1016/j.heliyon.2024.e30564,"OBJECTIVES: This sub-analysis seeks to delineate and characterize factors influencing hospitalization in individuals diagnosed with Mpox disease amidst the initial outbreak in Spain in the onset of 2022. METHODS: Employing a non-probabilistic convenience sampling approach, a retrospective multicenter investigation was carried out to examine Monkeypox virus infection within Spanish healthcare facilities. RESULTS: The median duration of the disease was 16 days, with 4.2 % of cases resulting in hospitalization. There was a single ICU admission leading to fatality. Sequelae were observed in 2.3 % of cases. Multivariate analysis revealed that hospitalization decisions were influenced by immunosuppression and severe symptoms, including gastrointestinal, neurological, ear-nose-throat, and respiratory manifestations. Significant analytical parameter differences were restricted to hemoglobin levels at diagnosis. CONCLUSIONS: This study elucidates factors influencing hospitalization decisions for Monkeypox patients in Spain, emphasizing the importance of immunosuppression and extracutaneous symptoms involving the gastrointestinal, ear-nose-throat, and respiratory pathways. In summary, hospitalization determinations arise from the interplay of these crucial dimensions.",Healthcare facilities; Hospitalization; Immunocompromised; Mpox disease; Outbreak
