PMID,Title,Authors,Citation,First Author,Journal/Book,Publication Year,Create Date,PMCID,NIHMS ID,DOI,Abstract,Keywords
40388983,Genomics reveals zoonotic and sustained human mpox spread in West Africa.,"Edyth Parker, Ifeanyi F Omah, Delia Doreen Djuicy, Andrew Magee, Christopher H Tomkins-Tinch, James Richard Otieno, Patrick Varilly, Akeemat Opeyemi Ayinla, Ayotunde E Sijuwola, Muhammad I Ahmed, Oludayo O Ope-Ewe, Olusola Akinola Ogunsanya, Alhaji Olono, Femi Mudasiru Saibu, Philomena Eromon, Moïse Henri Moumbeket Yifomnjou, Loique Landry Messanga Essengue, Martial Gides Wansi Yonga, Gael Dieudonné Essima, Ibrahim Pascal Touoyem, Landry Jules Mouliem Mounchili, Sara Irene Eyangoh, Alain Georges Mballa Etoundi, Linda Esso, Inès Mandah Emah Nguidjol, Steve Franck Metomb, Cornelius Chebo, Samuel Mbah Agwe, Hans Makembe Mossi, Chanceline Ndongo Bilounga, Olusola Akanbi, Abiodun Egwuenu, Odianosen Ehiakhamen, Chimaobi Chukwu, Kabiru Suleiman, Afolabi Akinpelu, Adama Ahmad, Khadijah Isa Imam, Richard Ojedele, Victor Oripenaye, Kenneth Ikeata, Sophiyah Adelakun, Babatunde Olajumoke, Áine O'Toole, Mark Zeller, Karthik Gangavarapu, Daniel J Park, Gerald Mboowa, Sofonias Kifle Tessema, Yenew Kebede Tebeje, Onikepe Folarin, Anise Happi, Philippe Lemey, Marc A Suchard, Kristian G Andersen, Pardis Sabeti, Andrew Rambaut, Chikwe Ihekweazu, Idris Jide, Ifedayo Adetifa, Richard Njouom, Christian T Happi",Nature. 2025. doi: 10.1038/s41586-025-09128-2..,Parker,Nature,2025,2025/05/19,,,10.1038/s41586-025-09128-2,"Five years before the 2022 multi-country mpox outbreak, Nigeria and Cameroon reported their first cases in more than three decades1,2. Whereas the outbreak in Nigeria is recognized as an ongoing human epidemic, the drivers of the resurgence in Cameroon remain unclear3,4. The rate of zoonoses remains uncertain in both countries, and gaps in genomic data obscure the timing and zoonotic and geographic origin of monkeypox virus (MPXV) emergence in humans. Here, to address these uncertainties, we sequenced 118 MPXV genomes isolated from cases in Nigeria and Cameroon between 2018 and 2023. We show that in contrast to cases in Nigeria, cases in Cameroon are the result of repeated zoonoses, with two distinct zoonotic lineages circulating across the Nigeria-Cameroon border. Our findings suggest that shared animal populations in the cross-border forest ecosystems drive the emergence and spread of the virus. Accordingly, we identify the closest zoonotic outgroup to the Nigerian human epidemic lineage (hMPXV-1) in a southern Nigerian border state. We estimate that the shared ancestor of the zoonotic outgroup and hMPXV-1 circulated in animals in southern Nigeria in late 2013. We find that hMPXV-1 emerged in humans in August 2014 in the southern Rivers State and circulated undetected for three years. Rivers State was the main source of viral spread during the human epidemic. Our study sheds light on the recent establishment of MPXV in the human population and highlights the risk of persistent zoonotic emergence of MPXV in the complex border regions of Cameroon and Nigeria.","[MeSH] Animals; [MeSH] Humans; [MeSH] Cameroon; [MeSH] Genome, Viral; [MeSH] Genomics; [MeSH] Monkeypox virus; [MeSH] Mpox, Monkeypox; [MeSH] Nigeria; [MeSH] Phylogeny; [MeSH] Viral Zoonoses"
30981594,"Human Monkeypox: Epidemiologic and Clinical Characteristics, Diagnosis, and Prevention.","Eskild Petersen, Anu Kantele, Marion Koopmans, Danny Asogun, Adesola Yinka-Ogunleye, Chikwe Ihekweazu, Alimuddin Zumla",Infectious disease clinics of North America. 2019. doi: 10.1016/j.idc.2019.03.001..,Petersen,Infectious disease clinics of North America,2019,2019/04/11,,,10.1016/j.idc.2019.03.001,"Recently, concern has been raised about the emergence of human monkeypox virus and the occasionally severe clinical presentation bearing resemblance to that of smallpox. In 2018 3 patients in the UK were diagnosed with monkeypox, and the frequency and geographic distribution of cases across West and Central Africa have increased in recent years. In Nigeria, most monkeypox patients are aged <40 years and lack cross-protective immunity because they were born after discontinuation of the smallpox eradication campaign. This article reviews the epidemiology, clinical features, and management of monkeypox and discusses its growing public health threat in this context.",Epidemic; Monkeypox; Smallpox; West Africa
33167496,"Monkeypox Virus in Nigeria: Infection Biology, Epidemiology, and Evolution.","Emmanuel Alakunle, Ugo Moens, Godwin Nchinda, Malachy Ifeanyi Okeke",Viruses. 2020. doi: 10.3390/v12111257..,Alakunle,Viruses,2020,2020/11/05,,,10.3390/v12111257,"Monkeypox is a zoonotic disease caused by monkeypox virus (MPXV), which is a member of orthopoxvirus genus. The reemergence of MPXV in 2017 (at Bayelsa state) after 39 years of no reported case in Nigeria, and the export of travelers' monkeypox (MPX) from Nigeria to other parts of the world, in 2018 and 2019, respectively, have raised concern that MPXV may have emerged to occupy the ecological and immunological niche vacated by smallpox virus. This review X-rays the current state of knowledge pertaining the infection biology, epidemiology, and evolution of MPXV in Nigeria and worldwide, especially with regard to the human, cellular, and viral factors that modulate the virus transmission dynamics, infection, and its maintenance in nature. This paper also elucidates the role of recombination, gene loss and gene gain in MPXV evolution, chronicles the role of signaling in MPXV infection, and reviews the current therapeutic options available for the treatment and prevention of MPX. Additionally, genome-wide phylogenetic analysis was undertaken, and we show that MPXV isolates from recent 2017 outbreak in Nigeria were monophyletic with the isolate exported to Israel from Nigeria but do not share the most recent common ancestor with isolates obtained from earlier outbreaks, in 1971 and 1978, respectively. Finally, the review highlighted gaps in knowledge particularly the non-identification of a definitive reservoir host animal for MPXV and proposed future research endeavors to address the unresolved questions.",Nigeria; Poxviridae; antiviral drugs; epidemiology; gene loss; monkeypox viruses; orthopoxviruses; phylogeny; recombination; signaling
38510963,A comprehensive review of monkeypox virus and mpox characteristics.,"Emmanuel Alakunle, Daniel Kolawole, Diana Diaz-Cánova, Faith Alele, Oyelola Adegboye, Ugo Moens, Malachy Ifeanyi Okeke",Frontiers in cellular and infection microbiology. 2024. doi: 10.3389/fcimb.2024.1360586..,Alakunle,Frontiers in cellular and infection microbiology,2024,2024/03/06,,,10.3389/fcimb.2024.1360586,"Monkeypox virus (MPXV) is the etiological agent of monkeypox (mpox), a zoonotic disease. MPXV is endemic in the forested regions of West and Central Africa, but the virus has recently spread globally, causing outbreaks in multiple non-endemic countries. In this paper, we review the characteristics of the virus, including its ecology, genomics, infection biology, and evolution. We estimate by phylogenomic molecular clock that the B.1 lineage responsible for the 2022 mpox outbreaks has been in circulation since 2016. We interrogate the host-virus interactions that modulate the virus infection biology, signal transduction, pathogenesis, and host immune responses. We highlight the changing pathophysiology and epidemiology of MPXV and summarize recent advances in the prevention and treatment of mpox. In addition, this review identifies knowledge gaps with respect to the virus and the disease, suggests future research directions to address the knowledge gaps, and proposes a One Health approach as an effective strategy to prevent current and future epidemics of mpox.",antivirals; biosafety; epidemiology; evolution; genomics; infection biology; monkeypox; one health
36130588,"Monkeypox: Virology, Pathophysiology, Clinical Characteristics, Epidemiology, Vaccines, Diagnosis, and Treatments.","Marzieh Soheili, Sherko Nasseri, Maryam Afraie, Sorour Khateri, Yousef Moradi, Seyede Maryam Mahdavi Mortazavi, Hamed Gilzad-Kohan","Journal of pharmacy & pharmaceutical sciences : a publication of the Canadian Society for Pharmaceutical Sciences, Societe canadienne des sciences pharmaceutiques. 2022. doi: 10.18433/jpps33138..",Soheili,"Journal of pharmacy & pharmaceutical sciences : a publication of the Canadian Society for Pharmaceutical Sciences, Societe canadienne des sciences pharmaceutiques",2022,2022/01/01,,,10.18433/jpps33138,"The World Health Organization, has declared the recent multiregional outbreak of monkeypox, a global public health emergency. Monkeypox is a zoonotic viral infection endemic to the west and central Africa. It belongs to the Poxviridae family, the Chordopoxvirinae subfamily, and the Orthopoxvirus genus. The Poxviridae family generally consists of complex, large, enveloped, and linear double-stranded DNA viruses. The initial clinical symptoms of monkeypox are often fever, severe headache, lymphadenopathy, myalgia, and fatigue. The skin lesions typically erupt within 1-3 days of the onset of fever. The rash tends to be more localized on the face and extremities than on the trunk. Monkeypox is often a self-limiting infection, and symptoms last from 2 to 4 weeks. It is isolated from various species, but the exact natural host is uncertain. Monkeypox is transmitted by close contact with infected humans or animals. Currently, no specific medication is available for monkeypox, and the existing therapeutics are the anti-viral agents approved for smallpox infection, including tecovirimat, cidofovir, and brincidofovir. Additionally, the U.S. Food and Drug Administration has approved Vaccinia Immune Globulin Intravenous for treating vaccination complications. It is diagnosed by PCR. There are currently two vaccines licensed by the U.S. Food and Drug Administration. According to the WHO guidance, the first-generation smallpox vaccines held in national reserves of some countries are not recommended as they do not meet the current safety and manufacturing standards. The interim guidance indicates that new and safer (second- and third generation) vaccines for smallpox, may be beneficial for monkeypox prevention, including JYNNEOS, which has been approved for the prevention of monkeypox. Human monkeypox was first reported in 1970. Since then, it has caused several outbreaks, mainly in central and west Africa. The first monkeypox outbreak outside of Africa occurred in the United States in 2003, linked to contact with infected pet prairie dogs. More recently (2018-2021), monkeypox cases have been reported in travelers from Nigeria to the United Kingdom, Israel, Singapore, and the US. Since May 2022, multiple monkeypox cases have been confirmed in several non-endemic countries, raising the concern of an emerging global pandemic. This review is an updated overview of our current state of knowledge regarding monkeypox virology, pathophysiology, clinical characteristics, epidemiology, vaccines, diagnosis, and treatment options.","[MeSH] Animals; [MeSH] Cidofovir; [MeSH] DNA; [MeSH] Humans; [MeSH] Mpox, Monkeypox; [MeSH] Smallpox; [MeSH] United States; [MeSH] Vaccines"
39772126,Challenges in Global Distribution and Equitable Access to Monkeypox Vaccines.,"Nengak P Danladi, Progress Agboola, Peter Olaniyi, Solomon Eze, Oluwatimilehin Oladapo, Danielle Obiwulu, Olatokun Shamsudeen Akano, Olowoyeye Aishat Adeola, Khaliq Olawale, Azeez Idowu Adiatu, Agboola Peace",Viruses. 2024. doi: 10.3390/v16121815..,Danladi,Viruses,2024,2024/11/21,,,10.3390/v16121815,"The monkeypox outbreak has grown beyond the regions in which it was considered endemic. It has spread from central and west Africa to non-endemic regions like Europe, America, and other parts of the world. It has recently been classified as a public health emergency of international concern. This study evaluated the challenges faced globally and equitable access to monkeypox vaccines. Global competition has been observed in the race to obtain vaccines, with low- and middle-income countries being disadvantaged. Great inequity exists in the distribution of vaccines globally through advance purchase agreements, vaccine stockpiling, vaccine nationalism, the inequitable distribution of existing resources, and insufficient surveillance and reporting mechanisms. To address some of these challenges, there is a need for strengthening the global vaccine manufacturing capacity, targeting countries with elevated risk profiles and limited resources, strengthening surveillance systems, and addressing vaccine hesitancy.",challenges; distribution; equitable; monkeypox; vaccines
36126054,Spatial modeling and ecological suitability of monkeypox disease in Southern Nigeria.,"Temitope Emmanuel Arotolu, Ayoola Ebenezer Afe, HaoNing Wang, JiaNing Lv, Kun Shi, LiYa Huang, XiaoLong Wang",PloS one. 2022. doi: 10.1371/journal.pone.0274325..,Arotolu,PloS one,2022,2022/09/20,,,10.1371/journal.pone.0274325,"The reemergence of monkeypoxvirus (MPXV) in 2017 after about 39 years of no reported cases in Nigeria, and the recent incidence in countries such as the United States of America, United Kingdom, Singapore, and Israel which have been reportedly linked with travelers from Africa, have heightened concern that MPXV may have emerged to occupy the vacant ecological and immunological niche created by the extinct smallpox virus. This study was carried out to identify environmental conditions and areas that are environmentally suitable (risky areas) for MPXV in southern Nigeria. One hundred and sixteen (116) spatially unique MPXV occurrence data from 2017-2021 and corresponding environmental variables were spatially modeled by a maximum entropy algorithm to evaluate the contribution of the variables to the distribution of the viral disease. A variance inflation analysis was adopted to limit the number of environmental variables and minimize multicollinearity. The five variables that contributed to the suitability model for MPXV disease are precipitation of driest quarter (47%), elevation (26%), human population density (17%), minimum temperature in December (7%), and maximum temperature in March (3%). For validation, our model had a high AUC value of 0.92 and standard deviation of 0.009 indicating that it had excellent ability to predict the suitable areas for monkeypox disease. Categorized risk classes across southern states was also identified. A total of eight states were predicted to be at high risk of monkeypox outbreak occurrence. These findings can guide policymakers in resources allocation and distribution to effectively implement targeted control measures for MPXV outbreaks in southern Nigeria.","[MeSH] Disease Outbreaks; [MeSH] Humans; [MeSH] Mpox, Monkeypox; [MeSH] Monkeypox virus; [MeSH] Nigeria; [MeSH] United Kingdom; [MeSH] United States"
4340216,Human monkeypox.,"S O Foster, E W Brink, D L Hutchins, J M Pifer, B Lourie, C R Moser, E C Cummings, O E Kuteyi, R E Eke, J B Titus, E A Smith, J W Hicks, W H Foege",Bulletin of the World Health Organization. 1972.,Foster,Bulletin of the World Health Organization,1972,1972/01/01,,,,"Between October 1970 and May 1971, six cases of human infection with monkeypox virus were identified in Liberia, Nigeria, and Sierra Leone. Four of the cases were confirmed by virus isolation and two were diagnosed on the basis of epidemiological and serological investigations. All the cases occurred in unvaccinated individuals.Post-infection serological studies showed high haemagglutination-inhibition and neutralizing titres to pox group virus in four of the cases. Repeated challenge vaccination of all cases with potent smallpox vaccine resulted in equivocal reactions.In all, 24 susceptible household contacts were exposed to the infected cases, but none developed disease. All the contacts subsequently responded to vaccination with a primary reaction, thus confirming their susceptibility and ruling out asymptomatic infection.","[MeSH] Adult; [MeSH] Antibodies; [MeSH] Child; [MeSH] Child, Preschool; [MeSH] Female; [MeSH] Hemagglutination Inhibition Tests; [MeSH] Humans; [MeSH] Liberia; [MeSH] Male; [MeSH] Neutralization Tests; [MeSH] Nigeria; [MeSH] Poxviridae; [MeSH] Poxviridae Infections; [MeSH] Sierra Leone"
39583938,Strengthening Africa's response to Mpox (monkeypox): insights from historical outbreaks and the present global spread.,"David B Olawade, Ojima Z Wada, Sandra Chinaza Fidelis, Oluwafemi S Oluwole, Chibuike S Alisi, Nifemi F Orimabuyaku, Aanuoluwapo Clement David-Olawade",Science in One Health. 2024. doi: 10.1016/j.soh.2024.100085..,Olawade,Science in One Health,2024,2024/10/28,,,10.1016/j.soh.2024.100085,"Mpox, formerly known as Monkeypox, is a viral zoonotic disease endemic to Central and West Africa that has posed significant public health challenges since its identification in 1970. Despite decades of experience in managing outbreaks, the 2022-2024 Mpox outbreaks exposed substantial gaps in global preparedness and response, leading the World Health Organization (WHO) to declare a Public Health Emergency of International Concern (PHEIC) in 2022. The resurgence of cases in Europe in 2022 and the more recent emergence of the virulent clade Ⅰb in the Democratic Republic of the Congo (DRC) in 2024 have highlighted a critical need for improved proactive and response strategies to curb the epidemic. This narrative review examines the historical and recent epidemiology of Mpox in Africa and explores the factors that have limited effective management. These include objective influences such as viral mutations, zoonotic transmission patterns, and environmental changes like deforestation, as well as subjective factors, including delayed responses, limited vaccine availability, cessation of smallpox vaccinations, and inequitable access to healthcare. In particular, the review emphasizes the ongoing disparities in global health equity, as wealthier nations have been able to secure vaccines and therapeutics quickly, while endemic regions in Africa continue to struggle with limited resources. The review also discusses how socio-economic and cultural factors, combined with weak public health infrastructure and inadequate surveillance systems, perpetuate cycles of outbreak in vulnerable populations. Furthermore, the emergence of clade Ⅰb in 2024, with its higher virulence and mortality rates among children, particularly in rural areas, underscores the urgency of addressing the evolving epidemiological landscape of Mpox. In response to these challenges, this review recommends strengthening healthcare infrastructure, enhancing surveillance systems, ensuring equitable access to vaccines and treatments, and integrating environmental management into public health strategies. Global collaboration remains essential to provide African countries with the resources and support needed to manage and prevent future outbreaks effectively. Without these measures, the world risks a prolonged public health crisis with far-reaching consequences for both Africa and the global community.",Emerging infectious diseases; Mpox; Outbreak management; Surveillance systems; Zoonotic diseases
41098827,Evaluating the advancements and efficacies in pharmacological Mpox treatments: a comprehensive review.,"Shuaibu Abdullahi Hudu, Najlaa Saadi, Albashir Tahir, Abdulgafar Olayiwola Jimoh, Aliyu Haruna",Frontiers in pharmacology. 2025. doi: 10.3389/fphar.2025.1654467..,Hudu,Frontiers in pharmacology,2025,2025/09/30,,,10.3389/fphar.2025.1654467,"Monkeypox, now known as Mpox, has reemerged as a serious public health threat due to an increasing number of outbreaks outside its primary endemic regions. Although virologically similar to smallpox, smallpox therapy is not specifically approved for Mpox. The goal of this review is to assess the pharmacological progress and therapeutic efficacy of available and new therapies for Mpox. Structured literature review methodology was used based on peer-reviewed articles, clinical trials data and global health agency reports published from 2008 to 2025. Data was collected from ClinicalTrials.gov, Scopus and WHO databases with keywords on antiviral pharmacodynamics, resistance mechanism and clinical outcome. Prominent reviewed stewards include tecovirimat, brincidofovir, and cidofovir: drugs first developed for smallpox but repositioned for Mpox under expanded access programs. Tecovirimat seems most promising, however endangered by emerging resistance mutations. Innovative strategies, including mRNA vaccines, use of nanoparticles for drug delivery and host-directed treatments, are discussed that may improve treatment efficacy and preparedness for outbreaks. The results underscore that combination regimens will be required to counter resistance, there is a need for increased access in low- and middle-income countries, and global health cooperation should be bolstered. The review endorses increased clinical trial capacities, amended regulatory approaches development of new classes of therapeutics as part of global Mpox response efforts. By combining pharmacological breakthroughs with public health readiness, global health communities can be better equipped to respond to Mpox and other possible orthopox outbreaks of the future.",drug resistance; mpox; outbreak preparedness; pharmacological therapy; tecovirimat
36573184,Traditional medicinal plants used for treating emerging and re-emerging viral diseases in northern Nigeria.,"Ibrahim Babangida Abubakar, Sulaiman Sani Kankara, Ibrahim Malami, Jamilu Bala Danjuma, Yusuf Zaharadeen Muhammad, Hafsat Yahaya, Dharmendra Singh, Umar Jaji Usman, Angela Nnenna Ukwuani-Kwaja, Aliyu Muhammad, Sanusi Jega Ahmed, Sulaimon Olayiwola Folami, Mansurat Bolanle Falana, Quadri Olaide Nurudeen",European journal of integrative medicine. 2021. doi: 10.1016/j.eujim.2021.102094..,Abubakar,European journal of integrative medicine,2022,2021/11/27,,,10.1016/j.eujim.2021.102094,"INTRODUCTION: For decades, viral diseases have been treated using medicinal plants and herbal practices in the northern part of Nigeria. Though scarcely investigated, these medicinal plants could serve as potential sources for novel antiviral drugs against emerging and remerging viral diseases. Therefore, this study is aimed at investigating the medicinal practices and plants used to treat emerging and re-emerging viral diseases including hepatitis, poliomyelitis, monkeypox, smallpox, yellow fever, Lassa fever, meningitis, and COVID-19 in some northern states; Katsina, Kebbi, Kwara and Sokoto states. METHOD: Administered questionnaires and oral interviews were used to collect information on medicinal plants, method of preparation of herbal formulations, diagnosis, and treatment of viral diseases. Medicinal plants were collected, botanically identified, and assigned voucher numbers. The plant names were verified using www.theplantlist.org, www.worldfloraonline.org and the international plant names index. RESULT: A total of 280 participating herbal medicine practitioners (HMPs) mentioned 131 plants belonging to 65 families. Plant parts such as roots, bark, leaf, seed, and fruit were prepared as a decoction, concoction, infusion, or ointment for oral and topical treatment of viral diseases. Moringa oleifera (75.3%), Elaeis guineensis Jacq. (80%), and Acacia nilotica (70%) were the most frequently mentioned plants in Kebbi, Kwara and Sokoto states, respectively. CONCLUSION: The study revealed scarcely investigated and uninvestigated medicinal plants used to treat hepatitis, poliomyelitis, monkeypox, smallpox, yellow fever, Lassa fever, meningitis, and COVID-19. Future studies should be conducted to determine the antiviral potency and isolate novel bioactive agents from these plants against viral diseases.","COVID-19; Lassa fever; Medicinal plants; Meningitis; Virus, Nigeria"
36408438,Strengthening monkeypox diagnostics and healthcare amidst Covid-19 realities: A call to action.,"Ernesto Oluwafemi Dibia, Damilola Quazeem Olaoye",Annals of medicine and surgery (2012). 2022. doi: 10.1016/j.amsu.2022.104898..,Dibia,Annals of medicine and surgery (2012),2022,2022/11/13,,,10.1016/j.amsu.2022.104898,"Monkeypox virus is a zoonotic DNA virus related to the virus that causes smallpox. It was first isolated and identified in 1958 but its first confirmed human case was in 1970 when the virus was isolated from a child in the Democratic Republic of Congo. Since then, several cases have been reported within the African continent and globally. Despite its spread, Monkey pox disease has continued to suffer neglect in terms of research and funding due to its reported inefficiency in transmitting from Man to man as its transmission was reportedly limited to its endemic regions in Africa. Poor health data management, inadequate capacities in terms of testing infrastructure and health care workers and weak surveillance systems are some of the challenges faced by African countries. Multisectoral collaboration in breaking the transmission cycle of monkeypox infection and other preventive measures must be improved upon. Community advocacies and education play integral roles in infection spread preparedness, as well as in strengthening the healthcare system.",Covid-19; Healthcare systems; Monkeypox virus; Public health
29543790,"Emergence of Monkeypox - West and Central Africa, 1970-2017.","Kara N Durski, Andrea M McCollum, Yoshinori Nakazawa, Brett W Petersen, Mary G Reynolds, Sylvie Briand, Mamoudou Harouna Djingarey, Victoria Olson, Inger K Damon, Asheena Khalakdina",MMWR. Morbidity and mortality weekly report. 2018. doi: 10.15585/mmwr.mm6710a5..,Durski,MMWR. Morbidity and mortality weekly report,2018,2018/03/16,,,10.15585/mmwr.mm6710a5,"The recent apparent increase in human monkeypox cases across a wide geographic area, the potential for further spread, and the lack of reliable surveillance have raised the level of concern for this emerging zoonosis. In November 2017, the World Health Organization (WHO), in collaboration with CDC, hosted an informal consultation on monkeypox with researchers, global health partners, ministries of health, and orthopoxvirus experts to review and discuss human monkeypox in African countries where cases have been recently detected and also identify components of surveillance and response that need improvement. Endemic human monkeypox has been reported from more countries in the past decade than during the previous 40 years. Since 2016, confirmed cases of monkeypox have occurred in Central African Republic, Democratic Republic of the Congo, Liberia, Nigeria, Republic of the Congo, and Sierra Leone and in captive chimpanzees in Cameroon. Many countries with endemic monkeypox lack recent experience and specific knowledge about the disease to detect cases, treat patients, and prevent further spread of the virus. Specific improvements in surveillance capacity, laboratory diagnostics, and infection control measures are needed to launch an efficient response. Further, gaps in knowledge about the epidemiology and ecology of the virus need to be addressed to design, recommend, and implement needed prevention and control measures.","[MeSH] Africa, Central; [MeSH] Africa, Western; [MeSH] Communicable Diseases, Emerging; [MeSH] Humans; [MeSH] Mpox, Monkeypox"
40006909,Investigating Mpox Strain Dynamics Using Computational and Data-Driven Approaches.,"Isaiah Oke Idisi, Kayode Oshinubi, Vigbe Benson Sewanu, Mukhtar Muhammed Yahaya, Oluwafemi Samson Olagbami, Helen Olaronke Edogbanya",Viruses. 2025. doi: 10.3390/v17020154..,Idisi,Viruses,2025,2025/01/23,,,10.3390/v17020154,"This study explores Mpox transmission dynamics using a mathematical and data-driven epidemiological model that incorporates two viral strains, Clade I and Clade II. The model includes transmission pathways between humans and mammals and divides the human population into susceptible, exposed, infectious, hospitalized, and recovered groups. Weekly data from the WHO for Spain, Italy, Nigeria, and the DRC from 2022 to 2024 are used for model validation via non-linear least-squares fitting, with model performance assessed by Root Mean Squared Error (RMSE). We conduct time-series analysis to detect trends and anomalies in Mpox cases, with scenario simulations examining strain-specific transmission and the basic reproduction number (R0). The mathematical model fit is compared with two statistical model fits to emphasize the importance of developing a model that incorporates Mpox strain. Mathematical analysis confirms the model's key properties, including positivity, boundedness, and equilibrium stability. Results underscore the importance of strain-specific dynamics and varying infection proportions for R0. This study combines mathematical rigor with empirical data to provide valuable insights into Mpox transmission and offers a framework for understanding multi-strain pathogens in diverse populations. Results from the simulation indicate that an increase in the effective contact rate leads to the dominance of the prevalent Mpox Clades in each country. Based on these findings, we recommend the implementation of strategies aimed at reducing the effective contact rate to control the spread of the virus strains.",Mpox transmission dynamics; data-driven modeling; mathematical modeling; scenario simulation; statistical fitting; strain-specific epidemiology
36875378,Mathematical epidemiological modeling and analysis of monkeypox dynamism with non-pharmaceutical intervention using real data from United Kingdom.,"Mercy Ngungu, Emmanuel Addai, Adejimi Adeniji, Umar Muhammad Adam, Kayode Oshinubi",Frontiers in public health. 2023. doi: 10.3389/fpubh.2023.1101436..,Ngungu,Frontiers in public health,2023,2023/02/17,,,10.3389/fpubh.2023.1101436,"In this study, a mathematical model for studying the dynamics of monkeypox virus transmission with non-pharmaceutical intervention is created, examined, and simulated using real-time data. Positiveness, invariance, and boundedness of the solutions are thus examined as fundamental features of mathematical models. The equilibrium points and the prerequisites for their stability are achieved. The basic reproduction number and thus the virus transmission coefficient ℜ0 were determined and quantitatively used to study the global stability of the model's steady state. Furthermore, this study considered the sensitivity analysis of the parameters according to ℜ0. The most sensitive variables that are important for infection control are determined using the normalized forward sensitivity index. Data from the United Kingdom collected between May and August 2022, which also aid in demonstrating the usefulness and practical application of the model to the spread of the disease in the United Kingdom, were used. In addition, using the Caputo-Fabrizio operator, Krasnoselskii's fixed point theorem has been used to analyze the existence and uniqueness of the solutions to the suggested model. The numerical simulations are presented to assess the system dynamic behavior. More vulnerability was observed when monkeypox virus cases first appeared recently as a result of numerical calculations. We advise the policymakers to consider these elements to control monkeypox transmission. Based on these findings, we hypothesized that another control parameter could be the memory index or fractional order.",Caputo-Fabrizio fractional derivative; data fitting; numerical scheme; parameter estimation; reproduction number
17988703,Capripoxvirus tissue tropism and shedding: A quantitative study in experimentally infected sheep and goats.,"Timothy R Bowden, Shawn L Babiuk, Geoff R Parkyn, John S Copps, David B Boyle",Virology. 2007. doi: 10.1016/j.virol.2007.10.002..,Bowden,Virology,2008,2007/11/07,,,10.1016/j.virol.2007.10.002,"Sheeppox virus and goatpox virus cause systemic disease in sheep and goats that is often associated with high morbidity and high mortality. To increase understanding of the pathogenesis of these diseases, we undertook quantitative time-course studies in sheep and goats following intradermal inoculation of Nigerian sheeppox virus or Indian goatpox virus in their respective homologous hosts. Viremia, determined by virus isolation and real-time PCR, cleared within 2 to 3 weeks post inoculation. Peak shedding of viral DNA and infectious virus in nasal, conjunctival and oral secretions occurred between 10 and 14 days post inoculation, and persisted at low levels for up to an additional 3 to 6 weeks. Although gross lesions developed in multiple organ systems, highest viral titers were detected in skin and in discrete sites within oronasal tissues and gastrointestinal tract. The temporal distribution of infectious virus and viral DNA in tissues suggests an underlying pathogenesis that is similar to smallpox and monkeypox where greatest viral replication occurs in the skin. Our data demonstrate that capripoxvirus infections in sheep and goats provide additional and convenient models which are suitable not only for evaluation of poxvirus-specific vaccine concepts and therapeutics, but also study of poxvirus-host interactions.","[MeSH] Animals; [MeSH] Capripoxvirus; [MeSH] DNA, Viral; [MeSH] Goat Diseases; [MeSH] Goats; [MeSH] Organ Specificity; [MeSH] Polymerase Chain Reaction; [MeSH] Poxviridae Infections; [MeSH] Sheep Diseases; [MeSH] Viremia; [MeSH] Virus Shedding"
39440166,"Assessing Vaccine Intentions, Knowledge, Self-Efficacy, and Trust: A Cross-Sectional Study on Perceptions of Monkeypox Vaccination and Public Health Risk Awareness in Makurdi, Benue State, Nigeria.",Adewale Lawrence,Cureus. 2024. doi: 10.7759/cureus.72131..,Lawrence,Cureus,2024,2024/10/22,,,10.7759/cureus.72131,"Introduction The global emergence of monkeypox has heightened public health concerns, particularly in regions with limited vaccine uptake. In Nigeria, understanding the factors influencing vaccination intentions is essential for developing effective public health strategies. Despite vaccine availability, hesitancy and varying degrees of acceptance persist, driven by factors such as self-efficacy, vaccine trust, and overall attitudes toward vaccination. Previous research highlights the importance of these factors in shaping health behaviors, particularly in vulnerable populations. In Benue State, where distinct health challenges affect key demographic groups such as people living with human immunodeficiency virus (PLHIV) and men who have sex with men (MSM), addressing vaccination intentions is critical for public health efforts. Objectives The objective was to assess the intention to receive the monkeypox vaccine, self-assessed knowledge levels, self-efficacy, and risk perception among the PLHIV, MSM, and the healthcare population in Benue State, Nigeria. Additionally, the study aimed to evaluate public trust in vaccines and health authorities and to understand how these factors influence attitudes toward vaccination and overall perceptions of monkeypox-related health risks. Methodology A cross-sectional survey was conducted among 377 participants in Makurdi, Benue State, Nigeria, focusing on PLHIV, MSM, and healthcare workers. Participants were recruited using a snowball sampling technique, which leveraged social media platforms (WhatsApp, Facebook, and Telegram) and the Federal Medical Center in Makurdi. Data were collected using a structured questionnaire designed to assess self-efficacy, trust in vaccines, vaccination attitudes, and prior vaccination experiences. Statistical analysis was performed using IBM SPSS Statistics for Windows, version 25.0 (IBM Corp., Armonk, NY). Descriptive statistics were used to summarize the characteristics of the study population. Bivariate analyses, including chi-square tests and independent t-tests, were employed to explore the relationships between socio-demographic characteristics and vaccination intentions. Statistical significance was set at p < 0.05 for all analyses. Results The study revealed a significant positive relationship between self-efficacy and vaccination intention (p = 0.001). Trust in vaccinations and health authorities was also found to be a significant predictor of vaccination intention (p < 0.05). Furthermore, participants who had previously received the coronavirus disease 2019 (COVID-19) vaccine were more likely to express intention to receive the monkeypox vaccine (p = 0.000). However, the perception that the threat of monkeypox was exaggerated did not significantly impact vaccination intention (p = 0.4). Conclusion This study highlights the critical role of self-efficacy, trust in vaccines, and prior vaccination experiences in shaping the intention to receive the monkeypox vaccine in Benue State, Nigeria. The findings suggest that public health policies should prioritize enhancing trust in vaccines and health authorities, as well as boosting self-efficacy, to improve vaccination uptake. Addressing these factors may lead to more effective public health interventions against monkeypox and other infectious diseases.",benue state; covid-19 vaccination; monkeypox; nigeria; public health; self-efficacy; trust in vaccines; vaccination intention
37631992,Mpox (Monkeypox) in Pregnancy: Viral Clade Differences and Their Associations with Varying Obstetrical and Fetal Outcomes.,"David A Schwartz, Phillip R Pittman",Viruses. 2023. doi: 10.3390/v15081649..,Schwartz,Viruses,2023,2023/07/28,,,10.3390/v15081649,"In African countries where mpox (monkeypox) is endemic, infection is caused by two genetically related clades-Clade I (formerly Congo Basin), and Clade IIa (formerly West Africa), both of which are potentially life-threatening infections. Prior to the 2022-2023 global outbreak, mpox infections among pregnant women caused by Clade I were reported to have a 75% perinatal case fatality rate in the Democratic Republic of Congo, including the only documented case of placental infection and stillbirth from the Congenital Mpox Syndrome, and the Clade IIa mpox infection was associated with stillbirths in Nigeria. The 2022-2023 global mpox outbreak, caused by a genetically distinct strain, Clade IIb, has focused attention on the effects of mpox on pregnant women and fetal outcomes. There have been at least 58 cases of mpox infection occurring in pregnant women during the 2022-2023 outbreak. No confirmed cases of adverse perinatal outcome, including stillbirth, have been reported. The absence of perinatal morbidity and mortality from Clade IIb corresponds to the overall case fatality rate among non-pregnant women of <0.1%, as this clade has been demonstrated to produce a less-severe disease than the mpox Clade I or IIa variants. Thus, there are apparently important differences between mpox clades affecting pregnant women and perinatal outcomes.",Africa; clade; epidemiology; infectious/epidemiology; maternal health; maternal-fetal infection; monkeypox; monkeypox virus/genetics; mpox; orthopoxvirus; poxvirus; pregnancy; pregnancy complications; smallpox; stillbirth
31618206,A systematic review of the epidemiology of human monkeypox outbreaks and implications for outbreak strategy.,"Ellen M Beer, V Bhargavi Rao",PLoS neglected tropical diseases. 2019. doi: 10.1371/journal.pntd.0007791..,Beer,PLoS neglected tropical diseases,2019,2019/10/16,,,10.1371/journal.pntd.0007791,"Monkeypox is a vesicular-pustular illness that carries a secondary attack rate in the order of 10% in contacts unvaccinated against smallpox. Case fatality rates range from 1 to 11%, but scarring and other sequelae are common in survivors. It continues to cause outbreaks in remote populations in Central and West Africa, in areas with poor access and weakened or disrupted surveillance capacity and information networks. Recent outbreaks in Nigeria (2017-18) and Cameroon (2018) have occurred where monkeypox has not been reported for over 20 years. This has prompted concerns over whether there have been changes in the biology and epidemiology of the disease that may in turn have implications for how outbreaks and cases should best be managed. A systematic review was carried out to examine reported data on human monkeypox outbreaks over time, and to identify if and how epidemiology has changed. Published and grey literature were critically analysed, and data extracted to inform recommendations on outbreak response, use of case definitions and public health advice. The level of detail, validity of data, geographical coverage and consistency of reporting varied considerably across the 71 monkeypox outbreak documents obtained. An increase in cases reported over time was supported by literature from the Democratic Republic of Congo (DRC). Data were insufficient to measure trends in secondary attack rates and case fatality rates. Phylogenetic analyses consistently identify two strains of the virus without evidence of emergence of a new strain. Understanding of monkeypox virulence with regard to clinical presentation by strain is minimal, with infrequent sample collection and laboratory analysis. A variety of clinical and surveillance case definitions are described in the literature: two definitions have been formally evaluated and showed high sensitivity but low specificity. These were specific to a Congo-Basin (CB) strain-affected area of the DRC where they were used. Evidence on use of antibiotics for prophylaxis against secondary cutaneous infection is anecdotal and limited. Current evidence suggests there has been an increase in total monkeypox cases reported by year in the DRC irrespective of advancements in the national Integrated Disease Surveillance and Response (IDSR) system. There has been a marked increase in number of individual monkeypox outbreak reports, from outside the DRC in between 2010 and 2018, particularly in the Central African Republic (CAR) although this does not necessarily indicate an increase in annual cases over time in these areas. The geographical pattern reported in the Nigeria outbreak suggests a possible new and widespread zoonotic reservoir requiring further investigation and research. With regards to outbreak response, increased attention is warranted for high-risk patient groups, and nosocomial transmission risks. The animal reservoir remains unknown and there is a dearth of literature informing case management and successful outbreak response strategies. Up-to-date complete, consistent and longer-term research is sorely needed to inform and guide evidence-based response and management of monkeypox outbreaks.","[MeSH] Africa, Western; [MeSH] Animals; [MeSH] Central African Republic; [MeSH] Databases, Factual; [MeSH] Disease Outbreaks; [MeSH] Humans; [MeSH] Mpox, Monkeypox; [MeSH] Monkeypox virus; [MeSH] Phylogeny; [MeSH] Public Health; [MeSH] Virulence"
35640830,Increased outbreaks of monkeypox highlight gaps in actual disease burden in Sub-Saharan Africa and in animal reservoirs.,"Najmul Haider, Javier Guitian, David Simons, Danny Asogun, Rashid Ansumana, Isobella Honeyborne, Thirumalaisamy P Velavan, Francine Ntoumi, Sofia R Valdoleiros, Eskild Petersen, Richard Kock, Alimuddin Zumla",International journal of infectious diseases : IJID : official publication of the International Society for Infectious Diseases. 2022. doi: 10.1016/j.ijid.2022.05.058..,Haider,International journal of infectious diseases : IJID : official publication of the International Society for Infectious Diseases,2022,2022/05/29,,,10.1016/j.ijid.2022.05.058,"We explain research gaps on Monkeypox (MPX) virus epidemiology in endemic countries and present hypotheses for the recent increase of MPX cases in West Africa as a possible explanation for the current epidemic in Europe, America, and Australia. The detection of >400 MPX cases in less than a month in May 2022, across many countries underscores the epidemic potential of MPX in humans and demonstrates several important research gaps. First, the true burden of MPX in West and Central Africa is poorly understood, although it is critical for prevention and control of future outbreaks. Second, the diversity and extent of the animal reservoir remain unknown. We hypothesize that the synanthropic rodent population has increased in recent years in Africa leading to more human-rodent interactions and thus increased transmission of MPXV. We further hypothesise that nearly 45 years after the end of routine smallpox vaccination, the larger and more interconnected immune-naïve population has crossed a threshold resulting in more sustainable human-to-human transmission of MPXV. The current epidemic in the Western World is possibly a consequence of increased local transmission of MPXV in Africa. A new estimation of the basic and effective reproduction rate (R0 and Re) in different populations is required. National, regional, and international collaborations are needed to address research gaps related to MPX outbreaks.",MPX; Monkeypox virus; Nigeria; Reservoirs; West Africa; outbreaks; smallpox vaccine
31961314,"Use of Surveillance Outbreak Response Management and Analysis System for Human Monkeypox Outbreak, Nigeria, 2017-2019.","Bernard C Silenou, Daniel Tom-Aba, Olawunmi Adeoye, Chinedu C Arinze, Ferdinand Oyiri, Anthony K Suleman, Adesola Yinka-Ogunleye, Juliane Dörrbecker, Chikwe Ihekweazu, Gérard Krause",Emerging infectious diseases. 2020. doi: 10.3201/eid2602.191139..,Silenou,Emerging infectious diseases,2020,2020/02/01,,,10.3201/eid2602.191139,"In November 2017, the mobile digital Surveillance Outbreak Response Management and Analysis System was deployed in 30 districts in Nigeria in response to an outbreak of monkeypox. Adaptation and activation of the system took 14 days, and its use improved timeliness, completeness, and overall capacity of the response.",Africa; Nigeria; SORMAS; Surveillance Outbreak Response Management and Analysis System; contact tracing; digital health; mHealth; mobile health; monkeypox virus; outbreak detection; surveillance; viruses
30357851,A review of the monkeypox virus and a recent outbreak of skin rash disease in Nigeria.,"Auwal I Kabuga, Mohamed E El Zowalaty",Journal of medical virology. 2018. doi: 10.1002/jmv.25348..,Kabuga,Journal of medical virology,2019,2018/11/19,,,10.1002/jmv.25348,"Since the eradication of smallpox approximately 39 years ago, monkeypox virus remains the most pathogenic poxvirus, being mainly restricted to Central and West Africa. Before 1970, there were no reports of human monkeypox in Nigeria, while between 1971 and 1978 there were three cases, with none having been reported thereafter. However, in September 2017, a case of contagious skin rash disease, typical of monkeypox, was observed in an 11-year-old boy from the southern part of the country and confirmed to be associated with the monkeypox virus. This large outbreak consisted of 262 suspected, 115 confirmed cases, and 7 mortalities across 26 states and the Federal Capital Territory (FCT), Abuja. The aim of this manuscript is to provide an updated, comprehensive, and timely review of monkeypox, an important emerging infection in Nigeria. Monkeypox is now a major threat to global health security, requiring an urgent multidisciplinary approach involving veterinarians, physicians, virologists, and public health experts to fast-track the development of diagnostic assays, vaccines, antivirals, and other control strategies.",Africa; Nigeria; antipoxvirus agents; epidemiology; infectious diseases; monkeypox; outbreak; poxviruses; re-emerging infection; zoonotic
30995249,"The 2017 human monkeypox outbreak in Nigeria-Report of outbreak experience and response in the Niger Delta University Teaching Hospital, Bayelsa State, Nigeria.","Dimie Ogoina, James Hendris Izibewule, Adesola Ogunleye, Ebi Ederiane, Uchenna Anebonam, Aworabhi Neni, Abisoye Oyeyemi, Ebimitula Nicholas Etebu, Chikwe Ihekweazu",PloS one. 2019. doi: 10.1371/journal.pone.0214229..,Ogoina,PloS one,2019,2019/04/17,,,10.1371/journal.pone.0214229,"BACKGROUND: In September 2017, Nigeria experienced a large outbreak of human monkeypox (HMPX). In this study, we report the outbreak experience and response in the Niger Delta University Teaching Hospital (NDUTH), Bayelsa state, where the index case and majority of suspected cases were reported. METHODS: In a cross-sectional study between September 25th and 31st December 2017, we reviewed the clinical and laboratory characteristics of all suspected and confirmed cases of HMPX seen at the NDUTH and appraised the plans, activities and challenges of the hospital in response to the outbreak based on documented observations of the hospital's infection control committee (IPC). Monkeypox cases were defined using the interim national guidelines as provided by the Nigerian Centre for Disease Control (NCDC). RESULTS: Of 38 suspected cases of HMPX, 18(47.4%) were laboratory confirmed, 3(7.9%) were probable, while 17 (18.4%) did not fit the case definition for HMPX. Majority of the confirmed/probable cases were adults (80.9%) and males (80.9%). There was concomitant chicken pox, syphilis and HIV-1 infections in two confirmed cases and a case of nosocomial infection in one healthcare worker (HCW). The hospital established a make-shift isolation ward for case management, constituted a HMPX response team and provided IPC resources. At the outset, some HCWs were reluctant to participate in the outbreak and others avoided suspected patients. Some patients and their family members experienced stigma and discrimination and there were cases of refusal of isolation. Repeated trainings and collaborative efforts by all stakeholders addressed some of these challenges and eventually led to successful containment of the outbreak. CONCLUSION: While the 2017 outbreak of human monkeypox in Nigeria was contained, our report reveals gaps in outbreak response that could serve as lessons to other hospitals to strengthen epidemic preparedness and response activities in the hospital setting.","[MeSH] Child; [MeSH] Communications Media; [MeSH] Disease Outbreaks; [MeSH] Health Knowledge, Attitudes, Practice; [MeSH] Hospitals, Teaching; [MeSH] Hospitals, University; [MeSH] Humans; [MeSH] Male; [MeSH] Mpox, Monkeypox; [MeSH] Nigeria; [MeSH] Research Report"
31345445,"Rinderpest, smallpox, and the imperative of destruction.",The Lancet Infectious Diseases,The Lancet. Infectious diseases. 2019. doi: 10.1016/S1473-3099(19)30358-5..,The,The Lancet. Infectious diseases,2019,2019/08/01,,,10.1016/S1473-3099(19)30358-5,,"[MeSH] Animals; [MeSH] Disease Outbreaks; [MeSH] Humans; [MeSH] Mpox, Monkeypox; [MeSH] Nigeria; [MeSH] Rinderpest; [MeSH] Smallpox"
38249416,The re-emergence and transmission of Monkeypox virus in Nigeria: the role of one health.,"Seto C Ogunleye, Olalekan C Akinsulie, Abdullahi T Aborode, Mercy M Olorunshola, Damilola Gbore, Moyinoluwa Oladoye, Ridwan O Adesola, Joy O Gbadegoye, Boluwatife J Olatoye, Mariam A Lawal, Akeem B Bakare, Oluwabori Adekanye, Ezemba C Chinyere",Frontiers in public health. 2024. doi: 10.3389/fpubh.2023.1334238..,Ogunleye,Frontiers in public health,2023,2024/01/05,,,10.3389/fpubh.2023.1334238,"The Monkeypox virus, commonly abbreviated as mpox, is a viral zoonosis that is experiencing a resurgence in prevalence. It is endemic to regions of West and Central Africa that are characterized by dense forested areas. Various measures pertaining to animals, humans, and the environment have been recognized as potential factors and catalysts for the spread of the disease throughout the impacted regions of Africa. This study examines the various factors contributing to the transmission of the virus in Nigeria, with a particular focus on the animal-human and inter-human modes of transmission in rural communities and healthcare facilities. The One Health approach was emphasized as crucial in the prevention and management of this issue. Literature suggests that preventing repeated zoonotic introductions could potentially halt the transmission of the mpox virus from animal to human hosts, leading to a potential decrease in human infections.",Monkeypox virus; disease transmission; epidemiology; one health; zoonosis
38015203,Mpox Pain Management and Topical Agents.,"Hinpetch Daungsupawong, Viroj Wiwanitkit",Journal of pain & palliative care pharmacotherapy. 2023. doi: 10.1080/15360288.2023.2276930..,Daungsupawong,Journal of pain & palliative care pharmacotherapy,2023,2023/11/28,,,10.1080/15360288.2023.2276930,,Monkeypox; drug; infection; pain
37574113,Emergence of mpox in the post-smallpox era-a narrative review on mpox epidemiology.,"Christophe Van Dijck, Nicole A Hoff, Placide Mbala-Kingebeni, Nicola Low, Muge Cevik, Anne W Rimoin, Jason Kindrachuk, Laurens Liesenborghs",Clinical microbiology and infection : the official publication of the European Society of Clinical Microbiology and Infectious Diseases. 2023. doi: 10.1016/j.cmi.2023.08.008..,Van,Clinical microbiology and infection : the official publication of the European Society of Clinical Microbiology and Infectious Diseases,2023,2023/08/11,,,10.1016/j.cmi.2023.08.008,"BACKGROUND: The 2022 mpox outbreak drew global attention to this neglected pathogen. While most of the world was taken by surprise, some countries have seen this pathogen emerge and become endemic several decades prior to this epidemic. OBJECTIVES: This narrative review provides an overview of mpox epidemiology since its discovery through the 2022 global outbreak. SOURCES: We searched PubMed for relevant literature about mpox epidemiology and transmission through 28 February 2023. CONTENT: The emergence of human mpox is intertwined with the eradication of smallpox and the cessation of the global smallpox vaccination campaign. The first human clade I and II monkeypox virus (MPXV) infections were reported as zoonoses in Central and West Africa, respectively, around 1970 with sporadic infections reported throughout the rest of the decade. Over the next five decades, Clade I MPXV was more common and caused outbreaks of increasing size and frequency, mainly in the Democratic Republic of the Congo. Clade II MPXV was rarely observed, until its re-emergence and ongoing transmission in Nigeria, since 2017. Both clades showed a shift from zoonotic to human-to-human transmission, with potential transmission through sexual contact being observed in Nigeria. In 2022, clade II MPXV caused a large human outbreak which to date has caused over 86,000 cases in 110 countries, with strong evidence of transmission during sexual contact. By February 2023, the global epidemic has waned in most countries, but endemic regions continue to suffer from mpox. IMPLICATIONS: The changing epidemiology of mpox demonstrates how neglected zoonosis turned into a global health threat within a few decades. Thus, mpox pathophysiology and transmission dynamics need to be further investigated, and preventive and therapeutic interventions need to be evaluated. Outbreak response systems need to be strengthened and sustained in endemic regions to reduce the global threat of mpox.",Epidemiology; Monkeypox-mpox; Orthopoxvirus; Outbreak; Transmission
37388159,Impact of traveling on transmission trends of human monkeypox disease: worldwide data based observational analysis.,"Sultan Ayoub Meo, Thamir Al-Khlaiwi, Fawzi Fahad Al Jassir, Anusha Sultan Meo",Frontiers in public health. 2023. doi: 10.3389/fpubh.2023.1029215..,Meo,Frontiers in public health,2023,2023/06/14,,,10.3389/fpubh.2023.1029215,"BACKGROUND: Human monkeypox is an emerging viral zoonotic disease caused by a monkeypox virus (MPXV). This year since early May 2022, the virus swiftly spread involved 94 countries, and 41,358 people, and has developed a highly challenging and threatening situation worldwide. This study aimed to investigate the impact of traveling on the transmission of human monkeypox disease and comprehend the link between monkeypox exported cases in the context of the global outbreak. METHODS: In this study, we identified data from two leading health organizations, the World Health Organization (WHO), and the Centers for Disease Control Prevention (CDC), as well as 40 documents that were identified through the search engines Web of Science, Pub-Med, Medline, EMBASE, Scopus, and Google Scholar using the keywords ""monkeypox,"" ""human monkeypox,"" ""imported""', ""exportation"" ""travelers,"" and ""prevalence."" Finally, two international organizations WHO, and CDC, and out of 40 documents, 10 (25.0%) were included in the analysis, and the remaining 30 (75.0%) documents were excluded. The studies originated from the United Kingdom, the United States of America, Singapore, Israel, the Republic of Korea, Taiwan, and India. The data on transmission trends and human monkeypox was recorded and analyzed. RESULTS: The epidemiological data for exported monkeypox cases were analyzed jointly for understanding the transmission trends of exportations and the geographic context of the monkeypox outbreak. Ten people had a travel history, six had a travel history from Nigeria to the United Kingdom (2), Nigeria to the United States of America (2), Nigeria to Singapore (1) and Nigeria to Israel (1). Moreover, from Germany to Taiwan (1), Germany to the Republic of Korea (1) and the United Arab Emirates to India (2). Among these 10 people, all travelers were male (100%), with age ranges of 20-38 years, seven people (70%) developed clinical symptoms before the start of travel, three people (30%) developed symptoms 2-6 days after the travel, and one person (10%) developed clinical symptoms in the flight during the journey. CONCLUSION: The study findings conclude that traveling can cause the spread of human monkeypox disease in various countries. The findings support the hypothesis that virus sources can travel and spread the disease from person to person and from region to region. The international health authorities must implement global preventive policies to control the burden of the disease both at regional and international levels.",human monkeypox; monkeypox; spread; transmission; travelers
30453097,Monkeypox - Enhancing public health preparedness for an emerging lethal human zoonotic epidemic threat in the wake of the smallpox post-eradication era.,"Eskild Petersen, Ibrahim Abubakar, Chikwe Ihekweazu, David Heymann, Francine Ntoumi, Lucille Blumberg, Danny Asogun, Victor Mukonka, Swaib Abubaker Lule, Matthew Bates, Isobella Honeyborne, Sayoki Mfinanga, Peter Mwaba, Osman Dar, Francesco Vairo, Maowia Mukhtar, Richard Kock, Timothy D McHugh, Giuseppe Ippolito, Alimuddin Zumla",International journal of infectious diseases : IJID : official publication of the International Society for Infectious Diseases. 2018. doi: 10.1016/j.ijid.2018.11.008..,Petersen,International journal of infectious diseases : IJID : official publication of the International Society for Infectious Diseases,2019,2018/11/16,,,10.1016/j.ijid.2018.11.008,"The identification of monkeypox in 3 separate patients in the United Kingdom in September raised media and political attention on an emerging public health threat. Nigeria, whose last confirmed case of monkeypox was in 1978, is currently experiencing an unusually large and outbreak of human monkeypox cases, a 'One Human-Environmental-Animal Health' approach is being effectively used to define and tackle the outbreak. As of 13th October 2018, there have been one hundred and sixteen confirmed cases the majority of whom are under 40 years. Over the past 20 years ten Central and West African countries have reported monkeypox cases which have risen exponentially. We review the history and evolution of monkeypox outbreaks in Africa and USA, the changing clinical presentations, and discuss possible factors underlying the increasing numbers being detected including the cessation of smallpox vaccination programs. Major knowledge gaps remain on the epidemiology, host reservoir, and emergence, transmission, pathogenesis and prevention of monkeypoz.","[MeSH] Animals; [MeSH] Disease Outbreaks; [MeSH] Disease Reservoirs; [MeSH] Epidemics; [MeSH] Humans; [MeSH] Mpox, Monkeypox; [MeSH] Public Health; [MeSH] Smallpox; [MeSH] Vaccination; [MeSH] Zoonoses"
36419967,Concurrent monkeypox and COVID-19: role of interleukin-1 receptor antagonist-like protein mechanism.,"Rujittika Mungmunpuntipantip, Viroj Wiwanitkit",International journal of biochemistry and molecular biology. 2022.,Mungmunpuntipantip,International journal of biochemistry and molecular biology,2022,2022/10/15,,,,"OBJECTIVE: In 2022, monkeypox becomes a new global public health threat. Monkeypox has been present in Africa for a very long time. The COVID-19 epidemic has been affecting this region for some years. The outbreak state persists. The coexistence of the two diseases is an intriguing discovery. There is no documentation of the co-occurrence. METHODS: The possibility of coexisting of the two lethal illnesses, monkeypox and COVID-19, is an intriguing scientific subject. Using bioinformatic pathophysiological pathway analysis, the authors investigated the pathophysiological pathways of COVID-19 and monkeypox. RESULTS: The most common pathway was identified. An interleukin-1 receptor antagonist-like protein has been identified as a common pathway between the pathogenic processes of monkeypox and COVID-19. CONCLUSION: The findings could explain why severe COVID-19 and monkeypox do not coexist.",COVID-19; Monkeypox; antagonist; interleukin; receptor
38157416,Atypical Mpox in a Nigerian Tertiary Health Facility.,"Nneka M Chika-Igwenyi, Uche S Unigwe, Nnennaya A Ajayi, Ogah E Onwe, Richard L Ewa, Chiedozie K Ojide, Alfred F Una, Chikaodiri Igwenyi, Kyrian S Chukwu, Gabriel M Okorie, Ugochukwu U Nnadozie, Ngozi A Ifebunandu, Collins N Ugwu, Sampson Emeka, Desi Ibemesi, Thomas O Nnaji, Nsikan O Primus, Ehiakhamen Odianosen",The Journal of infectious diseases. 2024. doi: 10.1093/infdis/jiad607..,Chika-Igwenyi,The Journal of infectious diseases,2024,2024/03/26,,,10.1093/infdis/jiad607,"BACKGROUND: We describe diverse clinical characteristics and course of confirmed mpox cases managed in a Nigerian tertiary health facility. METHODS: Clinical and epidemiologic data were analyzed, highlighting the unusual presentations of polymerase chain reaction (PCR)-confirmed mpox cases observed during the 2022 outbreak. RESULTS: Out of 17 suspected cases, 13 (76.4%) were PCR confirmed for mpox. The mean ± SD age for the participants was 28.62 ± 10.29 years (range, 2-55), of which 9 (64.3%) were male. Of the 13 PCR-confirmed cases, 5 (38.5%) had varicella zoster virus coinfection, 2 (15.4%) had HIV coinfection, and 1 (7.7%) had diabetes mellitus comorbidity. All patients experienced rash, with 6 (46.2%) having significant genital lesions and 1 (7.7%) having a severe perianal lesion. A lack of prodromal symptoms was reported in 3 (23.1%), and a prolonged prodrome (>1 week) occurred in 5 (38.5%). Skin lesions were polymorphic in 6 (46.2%), and solitary skin lesions occurred in 3 (23.1%), which persisted for >120 days in 7.7%. CONCLUSIONS: Clinical recognition, diagnosis, and prevention remain a concern in resource-limited settings. Our findings highlight the need to further evaluate unusual skin lesions and to include mpox screening for genital skin lesions that are presumed to be sexually transmitted infections. Revision of clinical case definition and enhanced surveillance are key to early recognition and prevention of spread.",Diabetes Mellitus; Heterosexxuals; PCR confirmed; atypical presentation; mpox
35860140,The outbreak of monkeypox 2022: An overview.,"Munawar Hraib, Sarah Jouni, Mhd Mustafa Albitar, Sara Alaidi, Zuheir Alshehabi",Annals of medicine and surgery (2012). 2022. doi: 10.1016/j.amsu.2022.104069..,Hraib,Annals of medicine and surgery (2012),2022,2022/06/24,,,10.1016/j.amsu.2022.104069,"On May 6, 2022 an outbreak of monkeypox (MPX) was confirmed in the United Kingdom, originating from a British resident who had travelled to Nigeria. As of May 21, 2022, 92 cases have been confirmed worldwide, from 13 countries where monkeypox virus (MPXV) is not endemic. Reported cases thus far have mainly but not exclusively been identified among gay and bisexual men aged 20-50. MPXV is a viral zoonosis transmitted to humans via contacting or eating an infected animal, and direct connect with natural host's blood and body fluids. In addition to contacting with a patient's respiratory droplets, lesions, body fluids and polluted personal objects. Symptoms including shivers, headaches, fainting, backaches, and myodynia do not have any specific characteristics making it difficult to establish a proper diagnosis. Nevertheless, lymphatic hyperplasia, one of the most common symptoms of monkeypox, can be useful for diagnosing the disease. Clinical symptoms help establish the suspicion of monkeypox. However, in the absence of confirmed diagnostic tests it is very difficult to verify the disease and determine its cause based on clinical symptoms alone. There are numerous methods for detecting MPX, involving genetic, phenotypic, immunological methods, and electron microscopy. These tests require modern equipment and expert hands, which may not be available in developing countries where this disease is prevalent. Currently, there is no definite treatment for MPX. CDC recommends administering the smallpox vaccine within 4 days of exposure which may prevent the disease from happening, and within 2 weeks to reduce symptoms severity. To promptly identify patients and prevent further spreading, physicians should be aware of the travel or contact history of the patient with compatible symptoms.",Monkeypox; Outbreak; Smallpox; Zoonosis
34667829,Transmission dynamics of Monkeypox virus: a mathematical modelling approach.,"Olumuyiwa James Peter, Sumit Kumar, Nitu Kumari, Festus Abiodun Oguntolu, Kayode Oshinubi, Rabiu Musa",Modeling earth systems and environment. 2021. doi: 10.1007/s40808-021-01313-2..,Peter,Modeling earth systems and environment,2022,2021/10/15,,,10.1007/s40808-021-01313-2,"Monkeypox (MPX), similar to both smallpox and cowpox, is caused by the monkeypox virus (MPXV). It occurs mostly in remote Central and West African communities, close to tropical rain forests. It is caused by the monkeypox virus in the Poxviridae family, which belongs to the genus Orthopoxvirus. We develop and analyse a deterministic mathematical model for the monkeypox virus. Both local and global asymptotic stability conditions for disease-free and endemic equilibria are determined. It is shown that the model undergo backward bifurcation, where the locally stable disease-free equilibrium co-exists with an endemic equilibrium. Furthermore, we determine conditions under which the disease-free equilibrium of the model is globally asymptotically stable. Finally, numerical simulations to demonstrate our findings and brief discussions are provided. The findings indicate that isolation of infected individuals in the human population helps to reduce disease transmission.",Backward bifurcation; Mathematical model; Monkeypox virus; Stability
35837859,Infection-competent monkeypox virus contamination identified in domestic settings following an imported case of monkeypox into the UK.,"Barry Atkinson, Christopher Burton, Thomas Pottage, Katy-Anne Thompson, Didier Ngabo, Ant Crook, James Pitman, Sian Summers, Kuiama Lewandowski, Jenna Furneaux, Katherine Davies, Timothy Brooks, Allan M Bennett, Kevin S Richards",Environmental microbiology. 2022. doi: 10.1111/1462-2920.16129..,Atkinson,Environmental microbiology,2022,2022/07/20,,,10.1111/1462-2920.16129,"An imported case of monkeypox was diagnosed in December 2019 in a traveller returning from Nigeria to the UK. Subsequently, environmental sampling was performed at two adjoining single-room residences occupied by the patient and their sibling. Monkeypox virus DNA was identified in multiple locations throughout both properties, and monkeypox virus was isolated from several samples 3 days after the patient was last in these locations. Positive samples were identified following the use of both vacuum and surface sampling techniques; these methodologies allowed for environmental analysis of potentially contaminated porous and non-porous surfaces via real-time quantitative reverse transcriptase PCR analysis in addition to viral isolation to confirm the presence of infection-competent virus. This report confirms the potential for infection-competent monkeypox virus to be recovered in environmental settings associated with known positive cases and the necessity for rapid environmental assessment to reduce potential exposure to close contacts and the general public. The methods adopted in this investigation may be used for future confirmed cases of monkeypox in order to establish levels of contamination, confirm the presence of infection-competent material and to identify locations requiring additional cleaning.","[MeSH] DNA, Viral; [MeSH] Disease Outbreaks; [MeSH] Humans; [MeSH] Mpox, Monkeypox; [MeSH] Monkeypox virus; [MeSH] United Kingdom"
33756100,"Reemergence of Human Monkeypox and Declining Population Immunity in the Context of Urbanization, Nigeria, 2017-2020.","Phi-Yen Nguyen, Whenayon Simeon Ajisegiri, Valentina Costantino, Abrar A Chughtai, C Raina MacIntyre",Emerging infectious diseases. 2021. doi: 10.3201/eid2704.203569..,Nguyen,Emerging infectious diseases,2021,2021/04/01,,,10.3201/eid2704.203569,"A monkeypox outbreak in Nigeria during 2017-2020 provides an illustrative case study for emerging zoonoses. We built a statistical model to simulate declining immunity from monkeypox at 2 levels: At the individual level, we used a constant rate of decline in immunity of 1.29% per year as smallpox vaccination rates fell. At the population level, the cohort of vaccinated residents decreased over time because of deaths and births. By 2016, only 10.1% of the total population in Nigeria was vaccinated against smallpox; the serologic immunity level was 25.7% among vaccinated persons and 2.6% in the overall population. The substantial resurgence of monkeypox in Nigeria in 2017 appears to have been driven by a combination of population growth, accumulation of unvaccinated cohorts, and decline in smallpox vaccine immunity. The expanding unvaccinated population means that entire households, not just children, are now more susceptible to monkeypox, increasing risk of human-to-human transmission.",Nigeria; West Africa; human-to-human transmission; immunity; immunoglobulin; monkeypox; neutralizing antibodies; reemerging diseases; smallpox; urbanization; vaccination; viruses; waning immunity; zoonoses
39028567,The 2023 - 2024 multi-source mpox outbreaks of Clade I MPXV in sub-Saharan Africa: Alarm bell for Africa and the World.,"Muge Cevik, Oyewale Tomori, Placide Mbala, Alessandra Scagliarini, Eskild Petersen, Nicola Low, David Heymann, Shui Shan Lee, Lucille Blumberg",International journal of infectious diseases : IJID : official publication of the International Society for Infectious Diseases. 2024. doi: 10.1016/j.ijid.2024.107159..,Cevik,International journal of infectious diseases : IJID : official publication of the International Society for Infectious Diseases,2024,2024/07/01,,,10.1016/j.ijid.2024.107159,,"[MeSH] Humans; [MeSH] Disease Outbreaks; [MeSH] Africa South of the Sahara; [MeSH] Mpox, Monkeypox"
32338590,"Imported Monkeypox, Singapore.","Sarah Ee Fang Yong, Oon Tek Ng, Zheng Jie Marc Ho, Tze Minn Mak, Kalisvar Marimuthu, Shawn Vasoo, Tsin Wen Yeo, Yi Kai Ng, Lin Cui, Zannatul Ferdous, Po Ying Chia, Bryan Jun Wei Aw, Charmaine Malenab Manauis, Constance Khia Ki Low, Guanhao Chan, Xinyi Peh, Poh Lian Lim, Li Ping Angela Chow, Monica Chan, Vernon Jian Ming Lee, Raymond Tzer Pin Lin, Mok Kwee Derrick Heng, Yee Sin Leo",Emerging infectious diseases. 2020. doi: 10.3201/eid2608.191387..,Yong,Emerging infectious diseases,2020,2020/04/27,,,10.3201/eid2608.191387,"In May 2019, we investigated monkeypox in a traveler from Nigeria to Singapore. The public health response included rapid identification of contacts, use of quarantine, and postexposure smallpox vaccination. No secondary cases were identified. Countries should develop surveillance systems to detect emerging infectious diseases globally.",Monkeypox; Nigeria; Singapore; communicable disease control; disease outbreaks; imported infectious diseases; monkeypox virus; orthopoxvirus; viruses; zoonoses
36817406,Is monkeypox going to be the next pandemic?,"Ridwan Olamilekan Adesola, Joanna Nicole D'Souza, Aisha Bisola Bello, Varaidzo Joyline Mukwekwe",Bulletin of the National Research Centre. 2023. doi: 10.1186/s42269-023-00995-1..,Adesola,Bulletin of the National Research Centre,2023,2023/02/10,,,10.1186/s42269-023-00995-1,"BACKGROUND AND AIMS: In the current global scenario, the monkeypox virus has infected over 3000 individuals from endemic countries like Nigeria, along with non-endemic countries like the UK, Canada, the USA, etc. Based on the current information, it has been observed that monkeypox cases have primarily, though not exclusively, been found among men who have sex with men (MSM) in countries such as the UK. This article discusses the recent outbreak of monkeypox, its causes, and the various approaches to combat monkeypox infections. METHODS: We evaluated the trends of recent outbreaks of monkeypox in different countries and compared them to how the COVID-19 pandemic started. RESULTS: At present, monkeypox has been reported to spread to over 58 countries via skin-to-skin contact, body fluids, contaminated bed sheets, clothing, or respiratory routes. Smallpox vaccines have been proven to have 85% efficacy against monkeypox. To mitigate this current outbreak, WHO urges people to practice good hygiene and safe sex. The documentation of more cases and further onward spread in the countries in member states are most likely to reoccur, and if not contained, we might experience another global pandemic. Therefore, more research is required to avert this problem. CONCLUSION: Monkeypox virus is testing if we have complied with COVID-19 pandemic lessons and elucidates the urgency of research required to understand the monkeypox disease.",COVID-19; Men who have sex with men; Monkeypox virus; Non-endemic
40495865,Top 10 public health challenges to track in 2023: Shifting focus beyond a global pandemic.,"Don Eliseo Lucero-Prisno, Deborah Oluwaseun Shomuyiwa, M B N Kouwenhoven, Thinley Dorji, Goodness Ogeyi Odey, Adriana Viola Miranda, Isaac Olushola Ogunkola, Yusuff Adebayo Adebisi, Junjie Huang, Lin Xu, Joseph Christian Obnial, Aminath Huda, Sarawut Thepanondh, Manuel Millar Dayrit, Salvador B Evardone, M D Lamawansa, Samrawit Solomon Ethiopia, Lydia Aziato, Philip Baba Adongo, Mohamed Hindolo Samai, Fernando B Garcia, Joselito F Villaruz, Indika Mahesh Karunathilake, Hao Li, Patrick Alain Azanza, Ian Findlay, Martin C S Wong",Public health challenges. 2023. doi: 10.1002/puh2.86..,Lucero-Prisno,Public health challenges,2023,2023/05/02,,,10.1002/puh2.86,"The year 2022 saw COVID-19 as the primary public health concern, with vaccine rollout and mandates at the forefront. Other viral infectious diseases, such as Monkeypox and Ebola, emerged as public health concerns. Climate change and political conflicts significantly impacted global health, increasing the demand for humanitarian assistance and protection. In 2023, it remains crucial to identify global and public health priority areas to coordinate and implement effective solutions. Through discussions with public health practitioners and researchers, we have identified key priority areas for 2023, namely, health systems, the mental health crisis, substance abuse, infectious diseases, malnutrition and food insecurity, sexual and reproductive health challenges, environmental pollution, the climate crisis, cancer, and diabetes. These priority areas highlight shared concerns that should be addressed to facilitate proactive and innovative health interventions and practices. To achieve universal healthcare targets for 2030, prioritization, financial investment, international cooperation, and collaboration in addressing these global health challenges are crucial. This requires coordination among public health decision-makers, the private health sector, and opinion leaders to implement country-specific healthcare financing and food security measures. Research, scientific knowledge, and technical capacities must be leveraged to produce sustainable interventions that effectively reduce health disparities and improve health system responsiveness to prevent these challenges from progressing to public health emergencies.",global health; health challenges; health priorities; public health
30264710,Monkeypox contacts: a puzzling problem.,The Lancet,"Lancet (London, England). 2018. doi: 10.1016/S0140-6736(18)32254-2..",The,"Lancet (London, England)",2018,2018/09/20,,,10.1016/S0140-6736(18)32254-2,,"[MeSH] Air Travel; [MeSH] Communicable Diseases, Imported; [MeSH] Disease Outbreaks; [MeSH] England; [MeSH] Global Health; [MeSH] Humans; [MeSH] Mpox, Monkeypox; [MeSH] Nigeria"
35720796,Trend and enhanced surveillance of Monkeypox during COVID-19 pandemic in Nigeria.,"Lateefat Kikelomo Amao, David Idowu Olatunji, Gordon Igbodo, Solomon Chieloka Okoli, Ifeanyichukwu Amaechi, Muhammad Isa Goni, Odianosen Ehiakhamen, Olaolu Aderinola, Adesola Ogunleye, Oladipo Ogunbode, Adesola Adeleye, Tajudeen Arowolo, Kabiru Suleman, Abubakar Hassan, Mohammed Usman Yelwa, Nsikak Inam, Afolabi Akinpelu, Fahad Muhammad, Kola Jinadu, Ikenna Onoh, Jessica Akinrogbe, Elsie Ilori, Abaye Biobelu, Ikwuogu Richard, Ifeoma Nwadiuto, Oyaba Demebons, Ogbue Nwakaego, Emmanuel Owhodar, John Oladejo, Evaezi Okpokoro, Chikwe Ihekweazu",Journal of public health in Africa. 2022. doi: 10.4081/jphia.2022.2184..,Amao,Journal of public health in Africa,2022,2022/05/25,,,10.4081/jphia.2022.2184,"Monkeypox (MPX) is a viral zoonosis with lesions like smallpox. Though rare in Nigeria, sporadic outbreaks have been reported in 17 states since September 2017. Unfortunately, the COVID-19 pandemic has further reduced surveillance and reporting of MPX disease. This study seeks to assess the effect of an enhanced surveillance approach to detect MPX cases and measure the cumulative incidence of MPX in priority states in Nigeria. We identified three priority states (Rivers, Delta and Bayelsa) and their Local Government Areas (LGAs) based on previous disease incidence. We also identified, trained, and incentivized community volunteers to conduct active case searches over three months (January to March 2021). We supported case investigation of suspected cases and followed up on cases in addition to routine active surveillance for MPX in health facilities and communities. Weekly and monthly follow-up was carried out during the same period. Out of the three states, 30 hotspots LGAs out of the 56 LGAs (54%) were engaged for enhanced surveillance. We trained three state supervisors, 30 LGA surveillance facilitators and 600 Community informants across the three priority states. Overall, twenty-five (25) suspected cases of MPX were identified. Out of these, three (12%) were confirmed as positive. Enhanced surveillance improved reporting of MPX diseases in hotspots LGAs across the priority states. Extension of this surveillance approach alongside tailored technical support is critical intra and post-pandemic.",COVID-19; Enhanced Surveillance; Monkeypox; Nigeria; Zoonosis
35389974,"Monkeypox in a Traveler Returning from Nigeria - Dallas, Texas, July 2021.","Agam K Rao, Joann Schulte, Tai-Ho Chen, Christine M Hughes, Whitni Davidson, Justin M Neff, Mary Markarian, Kristin C Delea, Suzanne Wada, Allison Liddell, Shane Alexander, Brittany Sunshine, Philip Huang, Heidi Threadgill Honza, Araceli Rey, Benjamin Monroe, Jeffrey Doty, Bryan Christensen, Lisa Delaney, Joel Massey, Michelle Waltenburg, Caroline A Schrodt, David Kuhar, Panayampalli S Satheshkumar, Ashley Kondas, Yu Li, Kimberly Wilkins, Kylie M Sage, Yon Yu, Patricia Yu, Amanda Feldpausch, Jennifer McQuiston, Inger K Damon, Andrea M McCollum",MMWR. Morbidity and mortality weekly report. 2022. doi: 10.15585/mmwr.mm7114a1..,Rao,MMWR. Morbidity and mortality weekly report,2022,2022/04/08,,,10.15585/mmwr.mm7114a1,"Monkeypox is a rare, sometimes life-threatening zoonotic infection that occurs in west and central Africa. It is caused by Monkeypox virus, an orthopoxvirus similar to Variola virus (the causative agent of smallpox) and Vaccinia virus (the live virus component of orthopoxvirus vaccines) and can spread to humans. After 39 years without detection of human disease in Nigeria, an outbreak involving 118 confirmed cases was identified during 2017-2018 (1); sporadic cases continue to occur. During September 2018-May 2021, six unrelated persons traveling from Nigeria received diagnoses of monkeypox in non-African countries: four in the United Kingdom and one each in Israel and Singapore. In July 2021, a man who traveled from Lagos, Nigeria, to Dallas, Texas, became the seventh traveler to a non-African country with diagnosed monkeypox. Among 194 monitored contacts, 144 (74%) were flight contacts. The patient received tecovirimat, an antiviral for treatment of orthopoxvirus infections, and his home required large-scale decontamination. Whole genome sequencing showed that the virus was consistent with a strain of Monkeypox virus known to circulate in Nigeria, but the specific source of the patient's infection was not identified. No epidemiologically linked cases were reported in Nigeria; no contact received postexposure prophylaxis (PEP) with the orthopoxvirus vaccine ACAM2000.","[MeSH] Humans; [MeSH] Male; [MeSH] Mpox, Monkeypox; [MeSH] Monkeypox virus; [MeSH] Nigeria; [MeSH] Texas"
35924712,Monkeypox 2022: A Primer and Identify-Isolate-Inform (3I) Tool for Emergency Medical Services Professionals.,"Kristi L Koenig, Christian K Beÿ, Aileen M Marty",Prehospital and disaster medicine. 2022. doi: 10.1017/S1049023X22001121..,Koenig,Prehospital and disaster medicine,2022,2022/08/04,,,10.1017/S1049023X22001121,"Monkeypox 2022 exhibits unprecedented human-to-human transmission and presents with different clinical features than those observed in prior outbreaks. Previously endemic only to West and Central Africa, the monkeypox virus spread rapidly world-wide following confirmation of a case in the United Kingdom on May 7, 2022 of an individual that had traveled to Nigeria. Detection of cases with no travel history confirms on-going community spread. Emergency Medical Services (EMS) professionals will likely encounter patients suspected or confirmed to have monkeypox, previously a rare disease and therefore unfamiliar to most clinicians. Consequently, it is critical for EMS medical directors to immediately implement policies and procedures for EMS teams - including emergency medical dispatchers - to identify potential monkeypox cases. These must include direction on actions EMS professionals should take to protect themselves and others from virus transmission. Monkeypox 2022 may manifest more subtly than it has historically. Presentations include a subclinical prodrome and less dramatic skin lesions - potentially limited to genital or anal body regions - which can be easily confused with dermatologic manifestations of common sexually transmitted infections (STIs). While most readily spread by close contact with infectious skin lesions on a patient, it is also transmissible from fomites, such as bed sheets. Additionally, droplet transmission can occur, and the virus can be spread by aerosolization under certain conditions. The long incubation period could have profound negative consequences on EMS staffing if clinicians are exposed to monkeypox. This report summarizes crucial information needed for EMS professionals to understand and manage the monkeypox 2022 outbreak. It presents an innovative Identify-Isolate-Inform (3I) Tool for use by EMS policymakers, educators, and clinicians on the frontlines who may encounter monkeypox patients. Patients are identified as potentially exposed or infected after an initial assessment of risk factors with associated signs and symptoms. Prehospital workers must immediately don personal protective equipment (PPE) and isolate infectious patients. Also, EMS professionals must report exposures to their agency infection control officer and alert health authorities for non-transported patients. Prehospital professionals play a crucial role in emerging and re-emerging infectious disease mitigation. The monkeypox 2022 3I Tool includes knowledge essential for all clinicians, plus specific information to guide critical actions in the prehospital environment.",Emergency Medical Services; emergency medical dispatch; infectious disease outbreak; monkeypox; patient isolation
32417140,"Human monkeypox - After 40 years, an unintended consequence of smallpox eradication.","Karl Simpson, David Heymann, Colin S Brown, W John Edmunds, Jesper Elsgaard, Paul Fine, Hubertus Hochrein, Nicole A Hoff, Andrew Green, Chikwe Ihekweazu, Terry C Jones, Swaib Lule, Jane Maclennan, Andrea McCollum, Barbara Mühlemann, Emily Nightingale, Dimie Ogoina, Adesola Ogunleye, Brett Petersen, Jacqueline Powell, Ollie Quantick, Anne W Rimoin, David Ulaeato, Andy Wapling",Vaccine. 2020. doi: 10.1016/j.vaccine.2020.04.062..,Simpson,Vaccine,2020,2020/05/13,,,10.1016/j.vaccine.2020.04.062,"Smallpox eradication, coordinated by the WHO and certified 40 years ago, led to the cessation of routine smallpox vaccination in most countries. It is estimated that over 70% of the world's population is no longer protected against smallpox, and through cross-immunity, to closely related orthopox viruses such as monkeypox. Monkeypox is now a re-emerging disease. Monkeypox is endemic in as yet unconfirmed animal reservoirs in sub-Saharan Africa, while its human epidemiology appears to be changing. Monkeypox in small animals imported from Ghana as exotic pets was at the origin of an outbreak of human monkeypox in the USA in 2003. Travellers infected in Nigeria were at the origin of monkeypox cases in the UK in 2018 and 2019, Israel in 2018 and Singapore in2019. Together with sporadic reports of human infections with other orthopox viruses, these facts invite speculation that emergent or re-emergent human monkeypox might fill the epidemiological niche vacated by smallpox. An ad-hoc and unofficial group of interested experts met to consider these issues at Chatham House, London in June 2019, in order to review available data and identify monkeypox-related research gaps. Gaps identified by the experts included:The experts further agreed on the need for a better understanding of the genomic evolution and changing epidemiology of orthopox viruses, the usefulness of in-field genomic diagnostics, and the best disease control strategies, including the possibility of vaccination with new generation non-replicating smallpox vaccines and treatment with recently developed antivirals.",Epidemiology; Eradication; Monkeypox; Orthopox; Risk; Smallpox; Vaccines
35998195,Urgent need for a non-discriminatory and non-stigmatizing nomenclature for monkeypox virus.,"Christian Happi, Ifedayo Adetifa, Placide Mbala, Richard Njouom, Emmanuel Nakoune, Anise Happi, Nnaemeka Ndodo, Oyeronke Ayansola, Gerald Mboowa, Trevor Bedford, Richard A Neher, Cornelius Roemer, Emma Hodcroft, Houriiyah Tegally, Áine O'Toole, Andrew Rambaut, Oliver Pybus, Moritz U G Kraemer, Eduan Wilkinson, Joana Isidro, Vítor Borges, Miguel Pinto, João Paulo Gomes, Lucas Freitas, Paola C Resende, Raphael T C Lee, Sebastian Maurer-Stroh, Cheryl Baxter, Richard Lessells, Ahmed E Ogwell, Yenew Kebede, Sofonias K Tessema, Tulio de Oliveira",PLoS biology. 2022. doi: 10.1371/journal.pbio.3001769..,Happi,PLoS biology,2022,2022/08/23,,,10.1371/journal.pbio.3001769,"We propose a novel, non-discriminatory classification of monkeypox virus diversity. Together with the World Health Organization, we named three clades (I, IIa and IIb) in order of detection. Within IIb, the cause of the current global outbreak, we identified multiple lineages (A.1, A.2, A.1.1 and B.1) to support real-time genomic surveillance.","[MeSH] Disease Outbreaks; [MeSH] Genomics; [MeSH] Humans; [MeSH] Mpox, Monkeypox; [MeSH] Monkeypox virus"
35910060,"First confirmed case of monkeypox in Adamawa State, Nigeria: a clinico-epidemiological case report.","Emmanuel Pembi, Sati Awang, Saheed Olalekan Salaudeen, Innocent Adoyi Agaba, Semeeh Omoleke",The Pan African medical journal. 2022. doi: 10.11604/pamj.2022.42.38.34715..,Pembi,The Pan African medical journal,2022,2022/05/16,,,10.11604/pamj.2022.42.38.34715,"Monkeypox is a rare zoonotic infection caused by monkeypox virus. It is an emerging disease which has become the most prevalent orthopoxvirus since the global eradication of smallpox in 1980. It is a mild illness which is mostly characterized by a prodromal of fever, malaise and progressive appearance of vesiculo-papular skin lesions. We report a case of a 30-year-old military personnel who was referred from 23 Brigade Medical Centre (BMC) to Federal Medical Centre (FMC) Yola on account of fever and progressive eruption of widespread skin rashes. Following isolation from suspicion of monkeypox, he was confirmed by PCR and managed symptomatically and fully recovered within two weeks of onset. His five close contacts did not develop any symptoms during the period of follow-up. This is the first confirmed case of monkey pox in the state. This case will trigger an awareness, amongst clinicians and surveillance officers in Adamawa State, of the existence of monkeypox and heighten the suspicion to promptly detect, isolate and treat more cases to halt transmission.",Adamawa State; Monkeypox; Nigeria; case report; surveillance
32052029,Clinical Course and Outcome of Human Monkeypox in Nigeria.,"Dimie Ogoina, Michael Iroezindu, Hendris Izibewule James, Regina Oladokun, Adesola Yinka-Ogunleye, Paul Wakama, Bolaji Otike-Odibi, Liman Muhammed Usman, Emmanuel Obazee, Olusola Aruna, Chikwe Ihekweazu",Clinical infectious diseases : an official publication of the Infectious Diseases Society of America. 2020. doi: 10.1093/cid/ciaa143..,Ogoina,Clinical infectious diseases : an official publication of the Infectious Diseases Society of America,2020,2020/11/05,,,10.1093/cid/ciaa143,"In a retrospective review of hospital records of 40 human monkeypox cases from Nigeria, the majority developed fever and self-limiting vesiculopustular skin eruptions. Five deaths were reported. Compared to human immunodeficiency virus (HIV)-negative cases, HIV type 1-coinfected cases had more prolonged illness, larger lesions, and higher rates of both secondary bacterial skin infections and genital ulcers.",HIV/AIDS; Nigeria; clinical course; human monkeypox; outcome
32000354,Assessment of media reportage of monkeypox in southern Nigeria.,"Joseph Oluchukwu Wogu, Christiana Ogeri Chukwu, Emeka S S Orekyeh, Chukwuemeka Ononuju Nwankiti, Stella Okoye-Ugwu",Medicine. 2020. doi: 10.1097/MD.0000000000017985..,Wogu,Medicine,2020,2020/01/01,,,10.1097/MD.0000000000017985,"Monkeypox is a zoonotic viral disease. Media campaigns are planned to create awareness about the disease. This is because mass media is often the leading source of information and mobilization during important health issues or crisis. The main objective of this study was to assess the media coverage of monkeypox outbreak in Nigeria.The study adopted a cross-sectional survey of residents in Southern Nigeria. A total of 600 respondents were sampled for this study through a multi-stage cluster random sampling technique. Research assistants helped in collecting data from respondents through structured questionnaire. The data collected was analyzed using percentages, mean score, and univariate analysis of variance (ANOVA).Respondents had little or no knowledge of monkeypox virus, its nature, mode of transmission, and prevention mechanism (2.30 ± .918, P = .000). Respondents stated that they learnt about the virus through friends and social institutions instead of media (4.44 ± .945, P = .006). Media failed to create effective and comprehensive awareness campaigns to mobilize the public (1.86 ± 1.196, P = .001), while inappropriate and insufficient media programs and lack of funds were blamed for media ineffectiveness (4.18 ± 1.352, P = .004).The outbreak of monkeypox virus is a public health concern in Nigeria. Media campaigns are planned to raise awareness about the disease; however, these campaigns have not demonstrated effectiveness in changing people's health behavior toward monkeypox. Media, health professionals, and government should synergize to promote a consistent health policy for the control and prevention of monkeypox virus.","[MeSH] Adolescent; [MeSH] Adult; [MeSH] Communications Media; [MeSH] Cross-Sectional Studies; [MeSH] Female; [MeSH] Health Knowledge, Attitudes, Practice; [MeSH] Humans; [MeSH] Male; [MeSH] Middle Aged; [MeSH] Mpox, Monkeypox; [MeSH] Monkeypox virus; [MeSH] Nigeria; [MeSH] Young Adult"
37798393,"Entropy-Driven, Integrative Bioinformatics Approaches Reveal the Recent Transmission of the Monkeypox Virus from Nigeria to Multiple Non-African Countries.","Bimal Kumar Sarkar, Manojit Bhattacharya, Govindasamy Agoramoorthy, Kuldeep Dhama, Chiranjib Chakraborty",Molecular biotechnology. 2023. doi: 10.1007/s12033-023-00889-7..,Sarkar,Molecular biotechnology,2024,2023/10/05,,,10.1007/s12033-023-00889-7,"Monkeypox virus (mpox) has currently affected multiple countries around the globe. This study aims to analyze how the virus spread globally. The study uses entropy-driven bioinformatics in five directions to analyze the 60 full-length complete genomes of mpox. We analyzed the topological entropy distribution of the genomes, principal component analysis (PCA), the dissimilarity matrix, entropy-driven phylogenetics, and genome clustering. The topological entropy distribution showed genome positional entropy. We found five clusters of the mpox genomes through the two PCA, while the three PCA elucidated the clustering events in 3D space. The clustering of genomes was further confirmed through the dissimilarity matrix and phylogenetic analysis which showed the bigger size of Cluster 1 and size similarity between Clusters 2 and 4 as well as Clusters 3 and 5. It corroborated with the phylogenetics of the genomes, where Cluster 1 showed clear segregation from the other four clusters. Finally, the study concluded that the spreading of the mpox is likely to have originated from African countries to the rest of the non-African countries. Overall, the spreading and distribution of the mpox will shed light on its evolution and pathogenicity of the mpox and help to adopt preventive measures to stop the spreading of the virus.",Africa; Bioinformatics; Entropy; Monkeypox virus
38378897,Asymptomatic monkeypox infection and highly sexually active MSM population.,"Amnuay Kleebayoon, Viroj Wiwanitkit",HIV medicine. 2024. doi: 10.1111/hiv.13623..,Kleebayoon,HIV medicine,2024,2024/02/20,,,10.1111/hiv.13623,,"[MeSH] Humans; [MeSH] Male; [MeSH] Homosexuality, Male; [MeSH] Mpox, Monkeypox; [MeSH] Adult; [MeSH] Asymptomatic Infections; [MeSH] Sexual Behavior; [MeSH] Middle Aged"
39406210,The 2024 Public Health Emergency of International Concern: A Global Failure to Control Mpox.,"Alimuddin Zumla, Philip J Rosenthal, Nada A Sam-Agudu, Dimie Ogoina, Placide Mbala-Kingebeni, Francine Ntoumi, Emmanuel Nakouné, Richard Njouom, Nicaise Ndembi, Edward J Mills, Jean-Jacques Muyembe-Tamfum, Jean B Nachega",The American journal of tropical medicine and hygiene. 2024. doi: 10.4269/ajtmh.24-0606..,Zumla,The American journal of tropical medicine and hygiene,2025,2024/10/15,,,10.4269/ajtmh.24-0606,"On August 14, 2024, following a regional declaration by the Africa Centres for Disease Control and Prevention, the World Health Organization declared mpox a Public Health Emergency of International Concern, marking the second such declaration in two years. A series of outbreaks involving the more virulent clade I virus (compared to clade II, which caused a global outbreak in 2022), has now spread in 13 African countries, exposing the inadequacies of the public health infrastructure in these settings. There was significant investment during the 2022 global outbreak, but these efforts failed to address vaccine access and treatment in the Global South. Regulatory delays, unequal access to vaccines, and a lack of compassionate use treatments for severe cases have resulted in preventable cases and deaths, especially among vulnerable populations such as pregnant women, children, and the immunocompromised. The current outbreak also underscores critical knowledge gaps in our understanding of mpox, including its transmission, pathogenesis, and viral evolution. We join intensified calls for global solidarity and action to control mpox, emphasizing immediate containment measures and long-term local and international investment in African public health systems, to prevent future epidemics.","[MeSH] Humans; [MeSH] Public Health; [MeSH] Global Health; [MeSH] Disease Outbreaks; [MeSH] World Health Organization; [MeSH] Africa; [MeSH] Mpox, Monkeypox"
31285143,Outbreak of human monkeypox in Nigeria in 2017-18: a clinical and epidemiological report.,"Adesola Yinka-Ogunleye, Olusola Aruna, Mahmood Dalhat, Dimie Ogoina, Andrea McCollum, Yahyah Disu, Ibrahim Mamadu, Afolabi Akinpelu, Adama Ahmad, Joel Burga, Adolphe Ndoreraho, Edouard Nkunzimana, Lamin Manneh, Amina Mohammed, Olawunmi Adeoye, Daniel Tom-Aba, Bernard Silenou, Oladipupo Ipadeola, Muhammad Saleh, Ayodele Adeyemo, Ifeoma Nwadiutor, Neni Aworabhi, Patience Uke, Doris John, Paul Wakama, Mary Reynolds, Matthew R Mauldin, Jeffrey Doty, Kimberly Wilkins, Joy Musa, Asheena Khalakdina, Adebayo Adedeji, Nwando Mba, Olubunmi Ojo, Gerard Krause, Chikwe Ihekweazu",The Lancet. Infectious diseases. 2019. doi: 10.1016/S1473-3099(19)30294-4..,Yinka-Ogunleye,The Lancet. Infectious diseases,2019,2019/07/05,,,10.1016/S1473-3099(19)30294-4,"BACKGROUND: In September, 2017, human monkeypox re-emerged in Nigeria, 39 years after the last reported case. We aimed to describe the clinical and epidemiological features of the 2017-18 human monkeypox outbreak in Nigeria. METHODS: We reviewed the epidemiological and clinical characteristics of cases of human monkeypox that occurred between Sept 22, 2017, and Sept 16, 2018. Data were collected with a standardised case investigation form, with a case definition of human monkeypox that was based on previously established guidelines. Diagnosis was confirmed by viral identification with real-time PCR and by detection of positive anti-orthopoxvirus IgM antibodies. Whole-genome sequencing was done for seven cases. Haplotype analysis results, genetic distance data, and epidemiological data were used to infer a likely series of events for potential human-to-human transmission of the west African clade of monkeypox virus. FINDINGS: 122 confirmed or probable cases of human monkeypox were recorded in 17 states, including seven deaths (case fatality rate 6%). People infected with monkeypox virus were aged between 2 days and 50 years (median 29 years [IQR 14]), and 84 (69%) were male. All 122 patients had vesiculopustular rash, and fever, pruritus, headache, and lymphadenopathy were also common. The rash affected all parts of the body, with the face being most affected. The distribution of cases and contacts suggested both primary zoonotic and secondary human-to-human transmission. Two cases of health-care-associated infection were recorded. Genomic analysis suggested multiple introductions of the virus and a single introduction along with human-to-human transmission in a prison facility. INTERPRETATION: This study describes the largest documented human outbreak of the west African clade of the monkeypox virus. Our results suggest endemicity of monkeypox virus in Nigeria, with some evidence of human-to-human transmission. Further studies are necessary to explore animal reservoirs and risk factors for transmission of the virus in Nigeria. FUNDING: None.","[MeSH] Adult; [MeSH] Animals; [MeSH] Disease Outbreaks; [MeSH] Exanthema; [MeSH] Female; [MeSH] Fever; [MeSH] Humans; [MeSH] Male; [MeSH] Mpox, Monkeypox; [MeSH] Monkeypox virus; [MeSH] Nigeria; [MeSH] Whole Genome Sequencing"
35038257,"Human Monkey Pox Virus Infection in Plateau State, North Central Nigeria: A Report of Two Cases.","E E Eseigbe, C Akude, I A Osagie, P Eseigbe",West African journal of medicine. 2021.,Eseigbe,West African journal of medicine,2021,2021/12/30,,,,"BACKGROUND: Human Monkey Pox Virus (HMPV) infection is a zoonotic infection that is endemic in the Congo basin and West Africa. Its similarity to smallpox infection, increased susceptibility infection in human populations, lack of a definitive therapy and its potential for use as a bioterrorism tool underscores its public health importance. OBJECTIVE: To describe the characteristics of HMPV infection in Plateau State, North Central Nigeria. METHODS: This was a case study of HMPV infection occurring in two Nigerian adults, seen in 2018, at Bingham University Teaching Hospital in Jos, Plateau State, Nigeria. The cases involved two siblings, and these were the first reported cases in Plateau State of Nigeria, which has an estimated population of 3.5 million persons. The diagnosis was based on a combination of clinical features and positive PCR tests on samples from the skin lesions and blood. RESULTS: The first case, a 20-year-old male, presented with a one week history of fever, headache, pain on swallowing and micturition, and generalised skin lesions. The second case is a 20 year old step brother of the first case, and the primary care provider to first case when he took ill. He also presented with a one-week history of fever, headache, pain on swallowing, and skin lesions which were less intense than in the first case. PCR assays of samples from the skin lesions and blood were positive in both cases. The other comorbidity in both cases was pharyngotonsillitis. Blood, throat, stool, and urine cultures for suspected sepsis and urinary tract infection were all negative. Both cases were admitted and discharged after receiving a course of antibiotics, antihistamine, Non-Steroidal Anti-Inflammatory Drugs, and multivitamins. Universal precautions were observed. CONCLUSION: HMPV infection in our environment underscores the need to strengthen preventive health strategies against this infection.",Clinical presentation; Human Monkey Pox Virus; Nigeria
37073236,Monkeypox in the Pregnant Woman and Obstetric Problem.,"Pathum Sookaromdee, Viroj Wiwanitkit",Journal of obstetrics and gynaecology of India. 2022. doi: 10.1007/s13224-022-01694-z..,Sookaromdee,Journal of obstetrics and gynaecology of India,2023,2022/08/30,,,10.1007/s13224-022-01694-z,,
37346461,Weighing in on monkeypox against the criteria of public health emergency.,Emmanuel Lamptey,"Global health journal (Amsterdam, Netherlands). 2023. doi: 10.1016/j.glohj.2023.04.003..",Lamptey,"Global health journal (Amsterdam, Netherlands)",2023,2023/04/23,,,10.1016/j.glohj.2023.04.003,"The monkeypox, a viral zoonotic disease usually found in forest areas of Central and Western Africa, has spread worldwide through new modes of transmission little understood. The WHO on 23 July 2022, declared the virus a Public Health Emergency of International Concern (PHEIC).The declaration has stirred criticism from leading scientists that the criteria for PHEIC as defined by International Health Regulation have not been met and it is non-transparent and contradictory. This paper reviews the criteria of PHEIC and weighs the rationales behind the declaration to increase the clarity of the WHO's decision, justifications, and legitimacy in the ongoing outbreak.",Emergencies; Monkeypox; Public health
36260459,"Tumor necrotic factor pathway, monkeypox, and tuberculosis: Correspondence.","Rujittika Mungmunpuntipantip, Viroj Wiwanitkit",International journal of mycobacteriology. 2022. doi: 10.4103/ijmy.ijmy_129_22..,Mungmunpuntipantip,International journal of mycobacteriology,2022,2022/01/01,,,10.4103/ijmy.ijmy_129_22,,"[MeSH] Humans; [MeSH] Mpox, Monkeypox; [MeSH] Tuberculosis; [MeSH] Tumor Necrosis Factor-alpha; [MeSH] Neoplasms"
39650826,"Level of knowledge, and risk perception of mpox disease among primary healthcare workers in Nigeria: a cross-sectional study of Jigawa, Oyo and Lagos States.","Damola Bakare, Julius Salako, Abiodun Sogbesan, Omotayo Emmanuel Olojede, Kofoworola Olamide Akinsola, Rami Subhi, Hamish Graham, Adegoke Falade, Carina King, Ayobami Adebayo Bakare",The Pan African medical journal. 2024. doi: 10.11604/pamj.2024.48.176.42913..,Bakare,The Pan African medical journal,2024,2024/08/14,,,10.11604/pamj.2024.48.176.42913,"INTRODUCTION: in Nigeria, studies on mpox among primary healthcare workers are scarce despite increasing incidence of mpox disease between 2017-2022. This study aimed to assess primary healthcare workers knowledge and perception of mpox in Nigeria. METHODS: we conducted a cross-sectional survey among primary healthcare workers in Nigeria (Oyo, Lagos, and Jigawa) to represent different health system capacities and socio-economic contexts. Knowledge of mpox was evaluated in four domains: general knowledge, transmission, signs and symptoms, and prevention and treatment. Each correct response received a score of 1. We categorize the level of knowledge based on the score using the mean score as the cut-off by re-classifying the composite score of respondents for each state into a binary outcome of ""good knowledge"" if the mean composite score was greater or equals to the mean of overall knowledge score for the three states (16.1), and ""poor knowledge"" if the mean score equals to sixteen or less than sixteen (≤16). Factors associated with mpox knowledge were explored using multivariable logistic regression at a 5% significance level. Perception of mpox was assessed using five constructs from the health belief model, measured on 3-point Likert scales. Factors associated with each construct were analyzed using Kruskal-Wallis and Mann-Whitney-U tests. RESULTS: in our study on healthcare workers, 78.3% (n=239) were aware of mpox disease. Their overall knowledge was moderate, particularly regarding transmission. Meanwhile, less than 50% knew mpox can be transmitted through sharing utensils, and 65.3% (n=156) understood contact with infected animals could lead to transmission. Lagos had lower overall knowledge scores (15.3±2.3) compared to Jigawa (16.9±2.3) and Oyo (16.3±2.5) (p<0.001). Perceived susceptibility was similar across states (p=0.127), and 97.5% (n=233) believed mpox can affect anyone, while 47.3% (113) felt they couldn't contract it. Jigawa exhibited higher perceived severity (p<0.001) and barriers to prevention (p<0.001). CONCLUSION: primary healthcare workers in all settings had limited knowledge of mpox transmission, with the perception of mpox varying by state and participants' socio-economic characteristics. The responsibility of HCW encompasses a range of activities that include diagnosis, patient care and education, and public health interventions amongst others. Hence it is important to educate HCWs on mpox disease to successfully curtail the spread of mpox.",Knowledge; Nigeria; communicable; control; disease; healthcare; monkeypox; perception; risk-assessment; transmission
36403584,Human monkeypox virus infection in women and non-binary individuals during the 2022 outbreaks: a global case series.,"John P Thornhill, Romain Palich, Jade Ghosn, Sharon Walmsley, Davide Moschese, Claudia P Cortes, Rafael Mello Galliez, Amy B Garlin, Silvia Nozza, Oriol Mitja, Asa E Radix, Jose Luis Blanco, Brenda Crabtree-Ramirez, Melanie Thompson, Lothar Wiese, Hubert Schulbin, Ariela Levcovich, Marco Falcone, Anna Lucchini, Elena Sendagorta, Carl-Johan Treutiger, Ruth Byrne, Katherine Coyne, Eric A Meyerowitz, Anna M Grahn, Ann-Brit Eg Hansen, Valerie Pourcher, Michelle DellaPiazza, Rachel Lee, Marcel Stoeckle, Aniruddha Hazra, Vanessa Apea, Emma Rubenstein, Joyce Jones, Aimee Wilkin, Anuradha Ganesan, Andrés F Henao-Martínez, Eric J Chow, Boghuma K Titanji, Jason E Zucker, Dimie Ogoina, Chloe M Orkin","Lancet (London, England). 2022. doi: 10.1016/S0140-6736(22)02187-0..",Thornhill,"Lancet (London, England)",2022,2022/11/17,,,10.1016/S0140-6736(22)02187-0,"BACKGROUND: Between May and November, 2022, global outbreaks of human monkeypox virus infection have been reported in more than 78 000 people worldwide, predominantly in men who have sex with men. We describe the epidemiological and clinical characteristics of monkeypox virus infection in cisgender (cis) and transgender (trans) women and non-binary individuals assigned female sex at birth to improve identification and understanding of risk factors. METHODS: International collaborators in geographical locations with high numbers of diagnoses of monkeypox virus infection were approached and invited to contribute data on women and non-binary individuals with confirmed monkeypox virus infection. Contributing centres completed deidentified structured case-report spreadsheets, adapted and developed by participating clinicians, to include variables of interest relevant to women and non-binary individuals assigned female at birth. We describe the epidemiology and clinical course observed in the reported infections. FINDINGS: Collaborators reported data for a total of 136 individuals with monkeypox virus infection who presented between May 11 and Oct 4, 2022, across 15 countries. Overall median age was 34 years (IQR 28-40; range 19-84). The cohort comprised 62 trans women, 69 cis women, and five non-binary individuals (who were, because of small numbers, grouped with cis women to form a category of people assigned female at birth for the purpose of comparison). 121 (89%) of 136 individuals reported sex with men. 37 (27%) of all individuals were living with HIV, with a higher proportion among trans women (31 [50%] of 62) than among cis women and non-binary individuals (six [8%] of 74). Sexual transmission was suspected in 55 (89%) trans women (with the remainder having an unknown route of transmission) and 45 (61%) cis women and non-binary individuals; non-sexual routes of transmission (including household and occupational exposures) were reported only in cis women and non-binary individuals. 25 (34%) of 74 cis women and non-binary individuals submitted to the case series were initially misdiagnosed. Overall, among individuals with available data, rash was described in 124 (93%) of 134 individuals and described as anogenital in 95 (74%) of 129 and as vesiculopustular in 105 (87%) of 121. Median number of lesions was ten (IQR 5-24; range 1-200). Mucosal lesions involving the vagina, anus, or oropharynx or eye occurred in 65 (55%) of 119 individuals with available data. Vaginal and anal sex were associated with lesions at those sites. Monkeypox virus DNA was detected by PCR from vaginal swab samples in all 14 samples tested. 17 (13%) individuals were hospitalised, predominantly for bacterial superinfection of lesions and pain management. 33 (24%) individuals were treated with tecovirimat and six (4%) received post-exposure vaccinations. No deaths were reported. INTERPRETATION: The clinical features of monkeypox in women and non-binary individuals were similar to those described in men, including the presence of anal and genital lesions with prominent mucosal involvement. Anatomically, anogenital lesions were reflective of sexual practices: vulvovaginal lesions predominated in cis women and non-binary individuals and anorectal features predominated in trans women. The prevalence of HIV co-infection in the cohort was high. FUNDING: None.","[MeSH] Adult; [MeSH] Female; [MeSH] Humans; [MeSH] Male; [MeSH] Disease Outbreaks; [MeSH] Homosexuality, Male; [MeSH] Monkeypox virus; [MeSH] Mpox, Monkeypox; [MeSH] Sexual and Gender Minorities; [MeSH] Young Adult; [MeSH] Middle Aged; [MeSH] Aged; [MeSH] Aged, 80 and over; [MeSH] Gender-Nonconforming Persons"
39887004,Evolving Epidemiology of Mpox in Africa in 2024.,"Nicaise Ndembi, Morenike O Folayan, Allan Komakech, Kyeng Mercy, Sofonias Tessema, Placide Mbala-Kingebeni, Christian Ngandu, Ngashi Ngongo, Jean Kaseya, Salim S Abdool Karim",The New England journal of medicine. 2025. doi: 10.1056/NEJMoa2411368..,Ndembi,The New England journal of medicine,2025,2025/01/29,,,10.1056/NEJMoa2411368,"BACKGROUND: For decades after the identification of mpox in humans in the Democratic Republic of Congo (DRC) in 1970, the disease was largely confined to the rural areas of Central and West Africa and thus did not garner broad attention. On August 13, 2024, mpox was declared a Public Health Emergency of Continental Security (PHECS) by the Africa Centers for Disease Control and Prevention (Africa CDC), a notice that was followed the next day by a declaration of a Public Health Emergency of International Concern (PHEIC) by the World Health Organization. METHODS: In this study we analyzed all mpox cases and deaths, based on clinical or laboratory diagnosis, that were reported to the Africa CDC from January 1, 2022, to October 30, 2024, to identify temporal variations, geographic distributions, and epidemiologic trends. RESULTS: From January 1, 2022, to August 18, 2024, a total of 45,652 mpox cases were clinically diagnosed and laboratory-confirmed in 12 African countries. These cases resulted in 1492 deaths (case fatality rate, 3.3%). From 2022 to 2024, weekly laboratory-confirmed mpox cases increased by a factor of 2.8 (from 176 to 489 cases), whereas all weekly reported cases (including those with a clinical diagnosis) increased by a factor of 4.3 (from 669 to 2900 cases). The DRC, which had reported approximately 88% of mpox cases in Africa in 2024, had 19,513 cases before the emergency declaration, with a case fatality rate of 3.1% - a weekly average of 591 cases as compared with 281 in 2023. In 2024, six African countries reported their first imported mpox infections, with Burundi also reporting local transmission. CONCLUSIONS: The high mpox disease burden in Africa, especially in the DRC - with a rising number of cases, high case fatality rate, and high degree of spread to other previously mpox-free African countries - is cause for increased international concern. Case detection, contact tracing, public health measures, and affordable vaccines are needed to implement interventions in the DRC to reduce the risk of global spread of the virus.","[MeSH] Adolescent; [MeSH] Adult; [MeSH] Child; [MeSH] Female; [MeSH] Humans; [MeSH] Male; [MeSH] Young Adult; [MeSH] Africa; [MeSH] Disease Outbreaks; [MeSH] Mpox, Monkeypox; [MeSH] Monkeypox virus; [MeSH] Cost of Illness; [MeSH] Contact Tracing; [MeSH] Disease Notification; [MeSH] Age Factors"
186210,Monkeypox-specific antibodies in human and simian sera from the Ivory Coast and Nigeria.,"R Gispen, B B Brand-Saathof, A C Hekker",Bulletin of the World Health Organization. 1976.,Gispen,Bulletin of the World Health Organization,1976,1976/01/01,,,,"A test for monkeypox-specific antibodies is described. Monkeypox immune sera can be made type-specific by immunoabsorption with heterotypic poxvirus extracts. Monkeypox-specific antibodies were demonstrated in sera from 9 cynomolgus monkeys (Macaca fascicularis) that had previously been experimentally infected with monkeypox. Monkeypox-specific antibodies were found in 3 wild-caught African monkeys (Cercopithecus spp.) and in 3 human sera collected from Africans in the Ivory Coast and Nigeria 3(1/2)-4 years after they had suffered a pox-like infection. Monkeypox had been recognized in one of the patients by virus isolation, and had been suspected in the others for epidemiological reasons. Vaccinia-specific antibodies were found in 4 human sera collected 6 weeks after smallpox vaccination.The serological results provide the first laboratory evidence of a monkeypox reservoir in wild monkeys.","[MeSH] Animals; [MeSH] Antibodies, Viral; [MeSH] Cote d'Ivoire; [MeSH] Haplorhini; [MeSH] Humans; [MeSH] Macaca; [MeSH] Monkey Diseases; [MeSH] Monkeypox virus; [MeSH] Nigeria; [MeSH] Poxviridae; [MeSH] Poxviridae Infections"
30848724,"Diagnosis of Imported Monkeypox, Israel, 2018.","Noam Erez, Hagit Achdout, Elad Milrot, Yuval Schwartz, Yonit Wiener-Well, Nir Paran, Boaz Politi, Hadas Tamir, Tomer Israely, Shay Weiss, Adi Beth-Din, Ohad Shifman, Ofir Israeli, Shmuel Yitzhaki, Shmuel C Shapira, Sharon Melamed, Eli Schwartz",Emerging infectious diseases. 2019. doi: 10.3201/eid2505.190076..,Erez,Emerging infectious diseases,2019,2019/05/17,,,10.3201/eid2505.190076,"We report a case of monkeypox in a man who returned from Nigeria to Israel in 2018. Virus was detected in pustule swabs by transmission electron microscopy and PCR and confirmed by immunofluorescence assay, tissue culture, and ELISA. The West Africa monkeypox outbreak calls for increased awareness by public health authorities worldwide.",Israel; Monkeypox; West Africa; disease outbreaks; monkeypox virus; orthopoxvirus; outbreak; transmission electron microscopy; viruses; zoonoses
36448691,Rabies on rise in Africa amid COVID and monkeypox: a global health concern.,"K Goel, A Sen, P Satapathy, M N Asumah, O O John, B K Padhi, R Sah",QJM : monthly journal of the Association of Physicians. 2023. doi: 10.1093/qjmed/hcac266..,Goel,QJM : monthly journal of the Association of Physicians,2023,2023/07/28,,,10.1093/qjmed/hcac266,,"[MeSH] Humans; [MeSH] Mpox, Monkeypox; [MeSH] Rabies; [MeSH] Global Health; [MeSH] COVID-19; [MeSH] Africa"
32880628,Exportation of Monkeypox Virus From the African Continent.,"Matthew R Mauldin, Andrea M McCollum, Yoshinori J Nakazawa, Anna Mandra, Erin R Whitehouse, Whitni Davidson, Hui Zhao, Jinxin Gao, Yu Li, Jeffrey Doty, Adesola Yinka-Ogunleye, Afolabi Akinpelu, Olusola Aruna, Dhamari Naidoo, Kuiama Lewandowski, Babak Afrough, Victoria Graham, Emma Aarons, Roger Hewson, Richard Vipond, Jake Dunning, Meera Chand, Colin Brown, Inbar Cohen-Gihon, Noam Erez, Ohad Shifman, Ofir Israeli, Melamed Sharon, Eli Schwartz, Adi Beth-Din, Anat Zvi, Tze Minn Mak, Yi Kai Ng, Lin Cui, Raymond T P Lin, Victoria A Olson, Tim Brooks, Nir Paran, Chikwe Ihekweazu, Mary G Reynolds",The Journal of infectious diseases. 2022. doi: 10.1093/infdis/jiaa559..,Mauldin,The Journal of infectious diseases,2022,2022/04/19,,,10.1093/infdis/jiaa559,"BACKGROUND: The largest West African monkeypox outbreak began September 2017, in Nigeria. Four individuals traveling from Nigeria to the United Kingdom (n = 2), Israel (n = 1), and Singapore (n = 1) became the first human monkeypox cases exported from Africa, and a related nosocomial transmission event in the United Kingdom became the first confirmed human-to-human monkeypox transmission event outside of Africa. METHODS: Epidemiological and molecular data for exported and Nigerian cases were analyzed jointly to better understand the exportations in the temporal and geographic context of the outbreak. RESULTS: Isolates from all travelers and a Bayelsa case shared a most recent common ancestor and traveled to Bayelsa, Delta, or Rivers states. Genetic variation for this cluster was lower than would be expected from a random sampling of genomes from this outbreak, but data did not support direct links between travelers. CONCLUSIONS: Monophyly of exportation cases and the Bayelsa sample, along with the intermediate levels of genetic variation, suggest a small pool of related isolates is the likely source for the exported infections. This may be the result of the level of genetic variation present in monkeypox isolates circulating within the contiguous region of Bayelsa, Delta, and Rivers states, or another more restricted, yet unidentified source pool.",border health; exportation; haplotype networks; monkeypox virus; travel epidemiology; viral genomes
31126795,Recombinase polymerase amplification assay for rapid detection of Monkeypox virus.,"Saskia Dede Davi, Jonas Kissenkötter, Martin Faye, Susanne Böhlken-Fascher, Christiane Stahl-Hennig, Oumar Faye, Ousmane Faye, Amadou A Sall, Manfred Weidmann, Olusegun George Ademowo, Frank T Hufert, Claus-Peter Czerny, Ahmed Abd El Wahed",Diagnostic microbiology and infectious disease. 2019. doi: 10.1016/j.diagmicrobio.2019.03.015..,Davi,Diagnostic microbiology and infectious disease,2019,2019/04/11,,,10.1016/j.diagmicrobio.2019.03.015,"In this study, a rapid method for the detection of Central and West Africa clades of Monkeypox virus (MPXV) using recombinase polymerase amplification (RPA) assay targeting the G2R gene was developed. MPXV, an Orthopoxvirus, is a zoonotic dsDNA virus, which is listed as a biothreat agent. RPA was operated at a single constant temperature of 42°C and produced results within 3 to 10 minutes. The MPXV-RPA-assay was highly sensitive with a limit of detection of 16 DNA molecules/μl. The clinical performance of the MPXV-RPA-assay was tested using 47 sera and whole blood samples from humans collected during the recent MPXV outbreak in Nigeria as well as 48 plasma samples from monkeys some of which were experimentally infected with MPXV. The specificity of the MPXV-RPA-assay was 100% (50/50), while the sensitivity was 95% (43/45). This new MPXV-RPA-assay is fast and can be easily utilised at low resource settings using a solar powered mobile suitcase laboratory.",Monkeypox Virus; Recombinase polymerase amplification assay; mobile suitcase; point of need; rapid detection system
36862305,Sonography of monkeypox: comment.,"Amnuay Kleebayoon, Viroj Wiwanitkit",Journal of ultrasound. 2023. doi: 10.1007/s40477-023-00777-5..,Kleebayoon,Journal of ultrasound,2024,2023/03/02,,,10.1007/s40477-023-00777-5,,
34387184,"Family cluster of three cases of monkeypox imported from Nigeria to the United Kingdom, May 2021.","Gemma Hobson, James Adamson, Hugh Adler, Richard Firth, Susan Gould, Catherine Houlihan, Christopher Johnson, David Porter, Tommy Rampling, Libuse Ratcliffe, Katherine Russell, Ananda Giri Shankar, Tom Wingfield",Euro surveillance : bulletin Europeen sur les maladies transmissibles = European communicable disease bulletin. 2021. doi: 10.2807/1560-7917.ES.2021.26.32.2100745..,Hobson,Euro surveillance : bulletin Europeen sur les maladies transmissibles = European communicable disease bulletin,2021,2021/08/01,,,10.2807/1560-7917.ES.2021.26.32.2100745,"Most reported cases of human monkeypox occur in Central and West Africa, where the causing virus is endemic. We describe the identification and public health response to an imported case of West African monkeypox from Nigeria to the United Kingdom (UK) in May 2021. Secondary transmission from the index case occurred within the family to another adult and a toddler. Concurrent COVID-19-related control measures upon arrival and at the hospital, facilitated detection and limited the number of potential contacts.",England; Monkeypox; Nigeria; Orthopox; Wales; health protection
36724051,"Comment on 'Clinical, histopathological and ultrastructural features of human monkeypox infection in the 2022 outbreak'.","Amnuay Kleebayoon, Viroj Wiwanitkit",Clinical and experimental dermatology. 2023. doi: 10.1093/ced/llad043..,Kleebayoon,Clinical and experimental dermatology,2023,2023/04/27,,,10.1093/ced/llad043,,"[MeSH] Humans; [MeSH] Mpox, Monkeypox"
30634001,Monkeypox virus phylogenetic similarities between a human case detected in Cameroon in 2018 and the 2017-2018 outbreak in Nigeria.,"Serge Alain Sadeuh-Mba, Martial Gide Yonga, Mathieu Els, Christophe Batejat, Sara Eyangoh, Valérie Caro, Alain Etoundi, Elisabeth Carniel, Richard Njouom","Infection, genetics and evolution : journal of molecular epidemiology and evolutionary genetics in infectious diseases. 2019. doi: 10.1016/j.meegid.2019.01.006..",Sadeuh-Mba,"Infection, genetics and evolution : journal of molecular epidemiology and evolutionary genetics in infectious diseases",2019,2019/01/08,,,10.1016/j.meegid.2019.01.006,"A monkeypox virus was detected from a human clinical case in 2018 in Cameroon; a country where no human cases were reported since 1989. The virus exhibited close genetic relatedness with another monkeypox virus isolated in Nigeria during the 2017-2018 outbreak. Although our molecular findings argue in favor of an extension of the monkeypox outbreak from Nigeria into Cameroon, the possibility that the monkeypox virus detected could be indigenous to Cameroon cannot be ruled out.",Cameroon; Monkeypox virus; Phylogenetic relationships; West African clade
38449690,"Wanning Smallpox Vaccination, Decreased Population Immunity Rate and Increased Incidence of Monkeypox: Reappraisal on West African Situation.","Rujittika Mungmunpuntipantip, Viroj Wiwanitkit",International journal of preventive medicine. 2024. doi: 10.4103/ijpvm.ijpvm_189_22..,Mungmunpuntipantip,International journal of preventive medicine,2023,2024/01/30,,,10.4103/ijpvm.ijpvm_189_22,,
32096659,Importance of epidemiological research of monkeypox: is incidence increasing?,"Chikwe Ihekweazu, Adesola Yinka-Ogunleye, Swaib Lule, Abubakar Ibrahim",Expert review of anti-infective therapy. 2020. doi: 10.1080/14787210.2020.1735361..,Ihekweazu,Expert review of anti-infective therapy,2020,2020/03/02,,,10.1080/14787210.2020.1735361,,Monkeypox; epidemiology; global health security; infectious diseases; viruses
37093646,"Comment on ""Monkeypox Infection Causing Conjunctival Vesicles and Anterior Uveitis"" - A Concern on Possible Co-Infection.","Amnuay Kleebayoon, Viroj Wiwanitkit",Ocular immunology and inflammation. 2023. doi: 10.1080/09273948.2023.2193261..,Kleebayoon,Ocular immunology and inflammation,2024,2023/04/24,,,10.1080/09273948.2023.2193261,This correspondence discusses on the monkeypox infection and conjunjunctival problem with uveitis. The other possible causes of the problme are mentioned.,Monkeypox; conjunctiva; uveitis
37080327,Monkeypox virus declared as a global health emergency: What next for Africa's preparedness?,"Deborah Oluwaseun Shomuyiwa, Emery Manirambona",Travel medicine and infectious disease. 2023. doi: 10.1016/j.tmaid.2023.102577..,Shomuyiwa,Travel medicine and infectious disease,2023,2023/04/18,,,10.1016/j.tmaid.2023.102577,"The Monkeypox virus, declared a global emergency outbreak, has garnered increasing response globally. The African healthcare community has not translated urgency in its response to the increasing outbreak. The multisectoral influence of COVID-19 has ensured that response patterns to the emerging outbreak must hold ground for proactiveness. The push for stronger health systems reiterated with the COVID-19 pandemic ensures that a successful response requires awareness of knowledge management, multisectoral and international collaboration and strengthening of systems capacity. The intricacies of the infection transmission ensure that interventions must promote equity and justice as well as financial protection of the population.",Africa; Health promotion; Health systems; Monkeypox; Preparedness
31657773,A case of imported Monkeypox in Singapore.,"Oon Tek Ng, Vernon Lee, Kalisvar Marimuthu, Shawn Vasoo, Guanhao Chan, Raymond Tzer Pin Lin, Yee Sin Leo",The Lancet. Infectious diseases. 2019. doi: 10.1016/S1473-3099(19)30537-7..,Ng,The Lancet. Infectious diseases,2019,2019/11/01,,,10.1016/S1473-3099(19)30537-7,,"[MeSH] Animals; [MeSH] Disease Outbreaks; [MeSH] Humans; [MeSH] Mpox, Monkeypox; [MeSH] Monkeypox virus; [MeSH] Nigeria; [MeSH] Singapore"
37732640,Mpox vaccination for men who have sex with men.,"Hinpetch Daungsupawong, Viroj Wiwanitkit",Human vaccines & immunotherapeutics. 2023. doi: 10.1080/21645515.2023.2261197..,Daungsupawong,Human vaccines & immunotherapeutics,2023,2023/09/21,,,10.1080/21645515.2023.2261197,,"[MeSH] Humans; [MeSH] Male; [MeSH] Homosexuality, Male; [MeSH] Sexual and Gender Minorities; [MeSH] Smallpox Vaccine; [MeSH] Mpox, Monkeypox"
41663215,Multiplex PCR to Differentiate Monkeypox Virus Clades.,"Christopher T Williams, Alessandra Romero-Ramirez, Adeleye Adesola Semiu, Samuel Oluwafunmbi Ifabumuyi, Caitlin Greenland-Bews, Susan Gould, Dominic Wooding, Collette Allen, Anushri Somasundaran, Nicodemus Nnabuike Mkpuma, Dorcas Gado, Jolly Amoche Adole, Abdulakeem Eniola Amoo, Abisola Ajoke Adeyemi, Laure Bosquillon de Jarcy, Christine Goffinet, Jake Dunning, Malcolm G Semple, Esto Bahizire, Afolabi Akinpelu, Thomas E Fletcher, Ana I Cubas-Atienzar, Cristina Leggio, Adeyinka Adedeji, Adesuyi A Omoare, Thomas Edwards",Emerging infectious diseases. 2026. doi: 10.3201/eid3202.250686..,Williams,Emerging infectious diseases,2026,2026/02/09,,,10.3201/eid3202.250686,"We designed a multiplex quantitative PCR to differentiate monkeypox virus clades. For clinical samples collected in the United Kingdom and Nigeria, sensitivity was 78% (95% CI 67.67%-86.14%) and specificity 94% (95% CI 80.84%-99.30%); for samples with cycle thresholds <35, sensitivity was 98% (95% CI 91.72%-99.96%) and specificity 94% (95% CI 80.84%-99.30%).",MPXV; Nigeria; PCR; United Kingdom; diagnostics; monkeypox virus; mpox; viruses; zoonoses
37195934,"Mpox among Linked Heterosexual Casual Partners in Bayelsa, Nigeria.","Dimie Ogoina, Hendris I James",The New England journal of medicine. 2023. doi: 10.1056/NEJMc2300866..,Ogoina,The New England journal of medicine,2023,2023/05/17,,,10.1056/NEJMc2300866,,"[MeSH] Humans; [MeSH] Condoms; [MeSH] Heterosexuality; [MeSH] HIV Infections; [MeSH] Mpox, Monkeypox; [MeSH] Nigeria; [MeSH] Sexual Behavior; [MeSH] Sexual Partners"
31799006,Lay media reporting of monkeypox in Nigeria.,"Oyeronke Oyebanji, Ugonna Ofonagoro, Oluwatosin Akande, Ifeanyi Nsofor, Chika Ukenedo, Tarik Benjamin Mohammed, Chimezie Anueyiagu, Jeremiah Agenyi, Adesola Yinka-Ogunleye, Chikwe Ihekweazu",BMJ global health. 2019. doi: 10.1136/bmjgh-2019-002019..,Oyebanji,BMJ global health,2019,2019/11/12,,,10.1136/bmjgh-2019-002019,,event-based surveillance; monkeypox; outbreak communication; risk communications
31285141,Emergence of human monkeypox in west Africa.,Giovanni Rezza,The Lancet. Infectious diseases. 2019. doi: 10.1016/S1473-3099(19)30281-6..,Rezza,The Lancet. Infectious diseases,2019,2019/07/05,,,10.1016/S1473-3099(19)30281-6,,"[MeSH] Africa, Western; [MeSH] Animals; [MeSH] Disease Outbreaks; [MeSH] Humans; [MeSH] Mpox, Monkeypox; [MeSH] Monkeypox virus; [MeSH] Nigeria"
29361427,Genomic characterisation of human monkeypox virus in Nigeria.,"Ousmane Faye, Catherine B Pratt, Martin Faye, Gamou Fall, Joseph A Chitty, Moussa M Diagne, Michael R Wiley, Adesola F Yinka-Ogunleye, Sola Aruna, Ebitimitula N Etebu, Neni Aworabhi, Dimie Ogoina, Wari Numbere, Nwando Mba, Gustavo Palacios, Amadou A Sall, Chikwe Ihekweazu",The Lancet. Infectious diseases. 2018. doi: 10.1016/S1473-3099(18)30043-4..,Faye,The Lancet. Infectious diseases,2018,2018/01/18,,,10.1016/S1473-3099(18)30043-4,,"[MeSH] Disease Outbreaks; [MeSH] Genome, Viral; [MeSH] Genomics; [MeSH] Humans; [MeSH] Mpox, Monkeypox; [MeSH] Monkeypox virus; [MeSH] Nigeria"
4340223,Human infection with monkeypox virus: laboratory investigation of six cases in West Africa.,"B Lourie, P G Bingham, H H Evans, S O Foster, J H Nakano, K L Herrmann",Bulletin of the World Health Organization. 1972.,Lourie,Bulletin of the World Health Organization,1972,1972/01/01,,,,"Between September 1970 and May 1971 six cases of human infection with monkeypox virus were identified in three West African countries-Liberia, Sierra Leone, and Nigeria. Four of the cases were confirmed by viral isolation, and two were diagnosed on epidemiological and serological evidence. Poxvirus strains isolated from the four cases were indistinguishable from reference monkeypox strains (Copenhagen and Utrecht), and all were easily differentiated from variola and vaccinia viruses. The isolated strains produced small necrotic haemorrhagic pocks on CAM, grew well at 39.0 degrees C, formed large plaques in Vero cell cultures, showed markedly more virulence for chick embryos and mice than do variola strains, and produced large necrotic haemorrhagic local lesions with generalized illness and florid secondary exanthem when inoculated into rabbit skin.The finding of smallpox-like illness in humans resulting from infection with a poxvirus of lower animal origin serves to emphasize the importance of thorough epidemiological and laboratory evaluation of all suspect smallpox cases occurring in areas where smallpox has been or is about to be eradicated.","[MeSH] Africa, Western; [MeSH] Animals; [MeSH] Chick Embryo; [MeSH] Culture Techniques; [MeSH] Cytopathogenic Effect, Viral; [MeSH] Humans; [MeSH] Mice; [MeSH] Poxviridae; [MeSH] Poxviridae Infections; [MeSH] Rabbits; [MeSH] Virus Cultivation"
35263559,"Imported Monkeypox from International Traveler, Maryland, USA, 2021.","Varea Costello, Madeleine Sowash, Aahana Gaur, Michael Cardis, Helena Pasieka, Glenn Wortmann, Sheena Ramdeen",Emerging infectious diseases. 2022. doi: 10.3201/eid2805.220292..,Costello,Emerging infectious diseases,2022,2022/03/09,,,10.3201/eid2805.220292,"A case of monkeypox was diagnosed in a returning traveler from Nigeria to Maryland, USA. Prompt infection control measures led to no secondary cases in 40 exposed healthcare workers. Given the global health implications, public health systems should be aware of effective strategies to mitigate the potential spread of monkeypox.",Maryland; Nigeria; United States; global health; international traveler; monkeypox; monkeypox viruses; orthopoxvirus; travel medicine; viruses; zoonoses
30255836,"Two cases of monkeypox imported to the United Kingdom, September 2018.","Aisling Vaughan, Emma Aarons, John Astbury, Sooria Balasegaram, Mike Beadsworth, Charles R Beck, Meera Chand, Catherine O'Connor, Jake Dunning, Sam Ghebrehewet, Nick Harper, Ruth Howlett-Shipley, Chikwe Ihekweazu, Michael Jacobs, Lukeki Kaindama, Parisha Katwa, Saye Khoo, Lucy Lamb, Sharon Mawdsley, Dilys Morgan, Ruth Palmer, Nick Phin, Katherine Russell, Bengü Said, Andrew Simpson, Roberto Vivancos, Michael Wade, Amanda Walsh, Jennifer Wilburn",Euro surveillance : bulletin Europeen sur les maladies transmissibles = European communicable disease bulletin. 2018. doi: 10.2807/1560-7917.ES.2018.23.38.1800509..,Vaughan,Euro surveillance : bulletin Europeen sur les maladies transmissibles = European communicable disease bulletin,2018,2018/09/01,,,10.2807/1560-7917.ES.2018.23.38.1800509,"In early September 2018, two cases of monkeypox were reported in the United Kingdom (UK), diagnosed on 7 September in Cornwall (South West England) and 11 September in Blackpool (North West England). The cases were epidemiologically unconnected and had recently travelled to the UK from Nigeria, where monkeypox is currently circulating. We describe the epidemiology and the public health response for the first diagnosed cases outside the African continent since 2003.",England; Monkeypox; Nigeria; Poxvirus; United Kingdom
36164643,Mental health implications of monkeypox: An urgent need for action.,"Temitope Folashade Aroyewun, Sefiu Olalekan Olaleye, Yusuff Adebayo Adebisi, Muhammed Yusuf",Annals of medicine and surgery (2012). 2022. doi: 10.1016/j.amsu.2022.104771..,Aroyewun,Annals of medicine and surgery (2012),2022,2022/09/22,,,10.1016/j.amsu.2022.104771,,
35755463,A case of suicide during the 2017 monkeypox outbreak in Nigeria.,"Dimie Ogoina, Abdulaziz Mohammed, Adesola Yinka-Ogunleye, Chikwe Ihekweazu",IJID regions. 2022. doi: 10.1016/j.ijregi.2022.04.004..,Ogoina,IJID regions,2022,2022/04/25,,,10.1016/j.ijregi.2022.04.004,"We report a case of suicide in a 34-year-old businessman who was admitted to an isolation facility in a tertiary hospital during the 2017/2018 monkeypox outbreak in Nigeria. We describe the possible psychosocial factors associated with suicide and highlight the challenges faced and lessons learnt in the management of the case. To our knowledge, this is the first reported case of suicide linked to human monkeypox.",epidemics; mental health; monkeypox; psychological; suicide
29619921,"Reemergence of Human Monkeypox in Nigeria, 2017.","Adesola Yinka-Ogunleye, Olusola Aruna, Dimie Ogoina, Neni Aworabhi, Womi Eteng, Sikiru Badaru, Amina Mohammed, Jeremiah Agenyi, E N Etebu, Tamuno-Wari Numbere, Adolphe Ndoreraho, Eduard Nkunzimana, Yahyah Disu, Mahmood Dalhat, Patrick Nguku, Abdulaziz Mohammed, Muhammad Saleh, Andrea McCollum, Kimberly Wilkins, Ousmane Faye, Amadou Sall, Christian Happi, Nwando Mba, Olubumi Ojo, Chikwe Ihekweazu",Emerging infectious diseases. 2018. doi: 10.3201/eid2406.180017..,Yinka-Ogunleye,Emerging infectious diseases,2018,2018/06/17,,,10.3201/eid2406.180017,"In Nigeria, before 2017 the most recent case of human monkeypox had been reported in 1978. By mid-November 2017, a large outbreak caused by the West African clade resulted in 146 suspected cases and 42 laboratory-confirmed cases from 14 states. Although the source is unknown, multiple sources are suspected.",Human monkeypox; Nigeria; disease; reemergence; viruses; zoonoses
36176537,Bibliometric analysis of monkeypox: Need for more research articles from Africa.,"A Kleebayoon, V Wiwanitkit",New microbes and new infections. 2022. doi: 10.1016/j.nmni.2022.101020..,Kleebayoon,New microbes and new infections,2022,2022/08/30,,,10.1016/j.nmni.2022.101020,,Africa; analysis; bibliometric; monkeypox; research
36440640,Response to the multi-country monkeypox outbreak: a view from Africa.,"Oyewale Tomori, Lucille Blumberg",Journal of travel medicine. 2022. doi: 10.1093/jtm/taac138..,Tomori,Journal of travel medicine,2022,2022/12/27,,,10.1093/jtm/taac138,,Lassa; WHO; inequity; low to middle income countries; public health emergency; surveillance
36097542,Monkeypox outbreak: The need to include prisons in public health response.,"Yusuff Adebayo Adebisi, Nafisat Dasola Jimoh, Isaac Olushola Ogunkola, Adeola Bamisaiye, Courage Osamudiamen Idahor, Babatunde Ismail Bale, Mohamed Marah, Abdulhafeez Ayodele Mustapha, Oni Oluwatobi Ebenezer, Don Eliseo Lucero-Prisno",Annals of medicine and surgery (2012). 2022. doi: 10.1016/j.amsu.2022.104582..,Adebisi,Annals of medicine and surgery (2012),2022,2022/09/08,,,10.1016/j.amsu.2022.104582,,Health equity; Monkeypox; Prison health
36583411,Monkeypox virus among seafarers is not to be neglected.,"Isaac Olushola Ogunkola, Molly Unoh Ogbodum, Adeola Abidemi Adetola, Yusuff Adebayo Adebisi, Edith Nnenna Utaka, Oluwaseyifunmi Oladipo, Don Eliseo Lucero-Prisno Iii",International maritime health. 2022. doi: 10.5603/IMH.2022.0038..,Ogunkola,International maritime health,2022,2022/01/01,,,10.5603/IMH.2022.0038,,"[MeSH] Humans; [MeSH] Monkeypox virus; [MeSH] Mpox, Monkeypox"
31915078,Monitoring healthcare professionals after monkeypox exposure: Experience from the first case imported to Asia.,"Win Mar Kyaw, Shawn Vasoo, Hanley Jian An Ho, Monica Chan, Tsin Wen Yeo, Charmaine Malenab Manauis, Hou Ang, Partha Pratim De, Brenda Sze Peng Ang, Angela Li Ping Chow",Infection control and hospital epidemiology. 2020. doi: 10.1017/ice.2019.362..,Kyaw,Infection control and hospital epidemiology,2020,2020/01/09,,,10.1017/ice.2019.362,,"[MeSH] Asia; [MeSH] Cross Infection; [MeSH] Disease Outbreaks; [MeSH] Health Personnel; [MeSH] Humans; [MeSH] Mpox, Monkeypox; [MeSH] Nigeria; [MeSH] Personal Protective Equipment; [MeSH] Singapore"
30235181,"Notes from the Field: Responding to an Outbreak of Monkeypox Using the One Health Approach - Nigeria, 2017-2018.","Womi-Eteng Eteng, Anna Mandra, Jeff Doty, Adesola Yinka-Ogunleye, Sola Aruna, Mary G Reynolds, Andrea M McCollum, Whitni Davidson, Kimberly Wilkins, Muhammad Saleh, Oladipupo Ipadeola, Lamin Manneh, Uchenna Anebonam, Zainab Abdulkareem, Nma Okoli, Jeremiah Agenyi, Chioma Dan-Nwafor, Ibrahim Mahmodu, Chikwe Ihekweazu",MMWR. Morbidity and mortality weekly report. 2018. doi: 10.15585/mmwr.mm6737a5..,Eteng,MMWR. Morbidity and mortality weekly report,2018,2018/09/21,,,10.15585/mmwr.mm6737a5,,"[MeSH] Animals; [MeSH] Disease Outbreaks; [MeSH] Humans; [MeSH] Mpox, Monkeypox; [MeSH] Nigeria; [MeSH] One Health"
12631813,"Human monkeypox in Kasai Oriental, Zaire (1996-1997).","P.T. Mwanbal, K.F. Tshioko, A Moudi, V Mukinda, G.N. Mwema, D Messinger, L Okito, D Barakymfyte, P Malfait, R Pebody, M Szczeniowski, K Esteves, D Heymann, Y Hutin, R.J. Williams, A.S. Khan, J.J. Esposito",Euro surveillance : bulletin Europeen sur les maladies transmissibles = European communicable disease bulletin. 1997. doi: 10.2807/esm.02.05.00161-en..,Mwanbal,Euro surveillance : bulletin Europeen sur les maladies transmissibles = European communicable disease bulletin,1997,1997/05/01,,,10.2807/esm.02.05.00161-en,"Monkeypox is an orthopoxvirus with enzootic circulation in the rainforests of central and western Africa; the virus can be transmitted to humans and cause a syndrome clinically similar to smallpox (e.g., pustular rash, fever, respiratory symptoms, and in",
