PMID,Title,Authors,Citation,First Author,Journal/Book,Publication Year,Create Date,PMCID,NIHMS ID,DOI,Abstract,Keywords
36403582,Monkeypox.,"Oriol Mitjà, Dimie Ogoina, Boghuma K Titanji, Cristina Galvan, Jean-Jacques Muyembe, Michael Marks, Chloe M Orkin","Lancet (London, England). 2022. doi: 10.1016/S0140-6736(22)02075-X..",Mitjà,"Lancet (London, England)",2023,2022/11/17,,,10.1016/S0140-6736(22)02075-X,"Monkeypox is a zoonotic illness caused by the monkeypox virus, an Orthopoxvirus in the same genus as the variola, vaccinia, and cowpox viruses. Since the detection of the first human case in the Democratic Republic of the Congo in 1970, the disease has caused sporadic infections and outbreaks, mainly restricted to some countries in west and central Africa. In July, 2022, WHO declared monkeypox a Public Health Emergency of International Concern, on account of the unprecedented global spread of the disease outside previously endemic countries in Africa and the need for global solidarity to address this previously neglected disease. The 2022 outbreak has been primarily associated with close intimate contact (including sexual activity) and most cases have been diagnosed among men who have sex with men, who often present with novel epidemiological and clinical characteristics. In the 2022 outbreak, the incubation period ranges from 7 days to 10 days and most patients present with a systemic illness that includes fever and myalgia and a characteristic rash, with papules that evolve to vesicles, pustules, and crusts in the genital, anal, or oral regions and often involve the mucosa. Complications that require medical treatment (eg, antiviral therapy, antibacterials, and pain control) occur in up to 40% of patients and include rectal pain, odynophagia, penile oedema, and skin and anorectal abscesses. Most patients have a self-limited illness; between 1% and 13% require hospital admission (for treatment or isolation), and the case-fatality rate is less than 0·1%. A diagnosis can be made through the presence of Orthopoxvirus DNA in PCRs from lesion swabs or body fluids. Patients with severe manifestations and people at risk of severe disease (eg, immunosuppressed people) could benefit from antiviral treatment (eg, tecovirimat). The current strategy for post-exposure prophylaxis or pre-exposure prophylaxis for people at high risk is vaccination with the non-replicating modified vaccinia Ankara. Antiviral treatment and vaccines are not yet available in endemic countries in Africa.","[MeSH] Male; [MeSH] Humans; [MeSH] Mpox, Monkeypox; [MeSH] Vaccinia; [MeSH] Homosexuality, Male; [MeSH] Sexual and Gender Minorities; [MeSH] Exanthema; [MeSH] Pain; [MeSH] Antiviral Agents"
39401235,"Mpox Clinical Presentation, Diagnostic Approaches, and Treatment Strategies: A Review.","Boghuma K Titanji, Aniruddha Hazra, Jason Zucker",JAMA. 2024. doi: 10.1001/jama.2024.21091..,Titanji,JAMA,2024,2024/11/19,,,10.1001/jama.2024.21091,"IMPORTANCE: A global outbreak of clade IIb Monkeypox virus (MPXV) infections spread rapidly across at least 118 countries resulting in a Public Health Emergency of International Concern (PHEIC) from July 2022 to May 2023. This outbreak affected more than 99 000 persons worldwide and caused more than 33 000 infections and 60 deaths in the US. In 2024, there have been approximately 200 new infections per month in the US. On August 14, 2024, the World Health Organization declared mpox a PHEIC for a second time due to a rapid increase in infections with clade I MPXV in Central Africa. OBSERVATIONS: Mpox is primarily acquired through direct skin to skin contact with MPXV. With clade IIb MPXV, infections are most commonly associated with sexual activity among individuals who are gay, bisexual, and other men who have sex with men. After a median incubation period of 7 to 10 days, prodromal symptoms include fever (62%-72%), lymphadenopathy (56%-86%), myalgias (31%-55%), malaise (23%-57%), and headache (25%-55%). Skin lesions progress through 4 well-defined stages (macules, papules, vesicles, and pustules) over 2 to 4 weeks. Clade IIb MPXV is typically a self-limited illness with a low mortality rate (<0.2% in the US); however, severe illness and death may occur in immunocompromised individuals, especially those with advanced HIV (CD4 count <200 cells/μL). Mpox should be suspected in patients with potential exposure to MPXV who have skin lesions, and the diagnosis is confirmed with polymerase chain reaction testing of lesions. Management is supportive and focuses on skin care and symptom relief with analgesics. While no antiviral treatments are currently approved for mpox by the US Food and Drug Administration, several therapeutics, such as tecovirimat, brincidofovir, and vaccinia immune globulin intravenous, are available through expanded access programs or clinical trials. Vaccination with the 2-dose Modified Vaccinia Ankara-Bavarian Nordic vaccine is recommended for high-incidence populations and has an efficacy of 66% to 86%. CONCLUSIONS AND RELEVANCE: Mpox is a viral infection transmitted primarily through close skin to skin contact that typically causes a self-resolving illness but can result in severe illness and death in immunocompromised individuals. First-line therapy is supportive care, although patients with severe mpox infection may be treated with advanced therapeutics. Mpox vaccination is effective and, if available, should be offered to individuals at risk of exposure to mpox.","[MeSH] Humans; [MeSH] Male; [MeSH] Antiviral Agents; [MeSH] Disease Outbreaks; [MeSH] Monkeypox virus; [MeSH] Mpox, Monkeypox; [MeSH] Immunoglobulins, Intravenous; [MeSH] Smallpox Vaccine; [MeSH] Polymerase Chain Reaction; [MeSH] Palliative Care; [MeSH] Sexual and Gender Minorities; [MeSH] Skin; [MeSH] Female; [MeSH] Benzamides; [MeSH] Phthalimides; [MeSH] Cytosine; [MeSH] Organophosphonates; [MeSH] Immunoglobulin G; [MeSH] Vaccines, Attenuated"
35866746,Monkeypox Virus Infection in Humans across 16 Countries - April-June 2022.,"John P Thornhill, Sapha Barkati, Sharon Walmsley, Juergen Rockstroh, Andrea Antinori, Luke B Harrison, Romain Palich, Achyuta Nori, Iain Reeves, Maximillian S Habibi, Vanessa Apea, Christoph Boesecke, Linos Vandekerckhove, Michal Yakubovsky, Elena Sendagorta, Jose L Blanco, Eric Florence, Davide Moschese, Fernando M Maltez, Abraham Goorhuis, Valerie Pourcher, Pascal Migaud, Sebastian Noe, Claire Pintado, Fabrizio Maggi, Ann-Brit E Hansen, Christian Hoffmann, Jezer I Lezama, Cristina Mussini, AnnaMaria Cattelan, Keletso Makofane, Darrell Tan, Silvia Nozza, Johannes Nemeth, Marina B Klein, Chloe M Orkin",The New England journal of medicine. 2022. doi: 10.1056/NEJMoa2207323..,Thornhill,The New England journal of medicine,2022,2022/07/21,,,10.1056/NEJMoa2207323,"BACKGROUND: Before April 2022, monkeypox virus infection in humans was seldom reported outside African regions where it is endemic. Currently, cases are occurring worldwide. Transmission, risk factors, clinical presentation, and outcomes of infection are poorly defined. METHODS: We formed an international collaborative group of clinicians who contributed to an international case series to describe the presentation, clinical course, and outcomes of polymerase-chain-reaction-confirmed monkeypox virus infections. RESULTS: We report 528 infections diagnosed between April 27 and June 24, 2022, at 43 sites in 16 countries. Overall, 98% of the persons with infection were gay or bisexual men, 75% were White, and 41% had human immunodeficiency virus infection; the median age was 38 years. Transmission was suspected to have occurred through sexual activity in 95% of the persons with infection. In this case series, 95% of the persons presented with a rash (with 64% having ≤10 lesions), 73% had anogenital lesions, and 41% had mucosal lesions (with 54 having a single genital lesion). Common systemic features preceding the rash included fever (62%), lethargy (41%), myalgia (31%), and headache (27%); lymphadenopathy was also common (reported in 56%). Concomitant sexually transmitted infections were reported in 109 of 377 persons (29%) who were tested. Among the 23 persons with a clear exposure history, the median incubation period was 7 days (range, 3 to 20). Monkeypox virus DNA was detected in 29 of the 32 persons in whom seminal fluid was analyzed. Antiviral treatment was given to 5% of the persons overall, and 70 (13%) were hospitalized; the reasons for hospitalization were pain management, mostly for severe anorectal pain (21 persons); soft-tissue superinfection (18); pharyngitis limiting oral intake (5); eye lesions (2); acute kidney injury (2); myocarditis (2); and infection-control purposes (13). No deaths were reported. CONCLUSIONS: In this case series, monkeypox manifested with a variety of dermatologic and systemic clinical findings. The simultaneous identification of cases outside areas where monkeypox has traditionally been endemic highlights the need for rapid identification and diagnosis of cases to contain further community spread.","[MeSH] Adult; [MeSH] Exanthema; [MeSH] Female; [MeSH] Fever; [MeSH] Global Health; [MeSH] Humans; [MeSH] Male; [MeSH] Mpox, Monkeypox; [MeSH] Monkeypox virus"
41359963,The Incubation Periods of Mpox Virus Clade Ib.,"Javier Perez-Saez, Patrick Musole Bugeme, Megan O'Driscoll, Patrick Kazuba Bugale, Trust Faraja Mukika, Levi Bugwaja, Salomon Mashupe Shangula, Justin Bengehya, Stephanie Ngai, Antonio Isidro Carrion Martin, Jules Jackson, Noella Mulopo-Mukanya, Jackie Knee, Isabella Eckerle, Elizabeth C Lee, Daniel Mukadi-Bamuleka, Justin Lessler, Andrew S Azman, Espoir Bwenge Malembaka",Annals of internal medicine. 2025. doi: 10.7326/ANNALS-25-01016..,Perez-Saez,Annals of internal medicine,2026,2025/12/09,,,10.7326/ANNALS-25-01016,"BACKGROUND: Mpox virus (MPXV) clade Ib, first detected in the Democratic Republic of the Congo (DRC) in September 2023, spread internationally within months, prompting an emergency declaration from the World Health Organization. Data on its incubation period, which both shapes outbreak dynamics and informs epidemic response strategies, remain limited. OBJECTIVE: To estimate the incubation periods of mpox clade Ib, examining evidence for differences by route of exposure and demographic factors. DESIGN: Bayesian analysis of clinical surveillance data collected between June and October 2024. SETTING: South Kivu, DRC, the epicenter of the current mpox clade Ib global outbreak. PARTICIPANTS: Clinically attended persons with confirmed mpox clade Ib infection. MEASUREMENTS: Demographic characteristics, exposure history, symptom onset, and transmission route. RESULTS: Among 37 polymerase chain reaction-confirmed cases with high viral load (cycle threshold values <34), the median incubation period from exposure to rash was 13.6 days (95% credible interval [CrI], 9.6 to 19.0 days). Five percent of cases are expected to develop a rash within 3.1 days (CrI, 1.3 to 5.5 days) and 95% within 32.3 days (CrI, 22.4 to 45.8 days). The incubation period seemed to differ by putative transmission route: Sexual transmission had a shorter median (10.3 days [CrI, 3.1 to 20.3 days]) than nonsexual transmission (13.5 days [CrI, 9.5 to 19.1 days]), although the CrIs overlapped. LIMITATION: Surveillance data lacked detailed exposure histories and a lower bound for exposure periods, but models accounted for these uncertainties, yielding robust median estimates. CONCLUSION: Evidence from this study suggests that clade Ib may have a longer incubation period than other MPXV clades, and this may vary by transmission route. The shorter incubation for sexual transmission mirrors patterns seen in the predominantly sexually transmitted clade IIb outbreak, highlighting the potential role of exposure route in disease progression. These findings have implications for global recommendations on postexposure monitoring periods and prophylaxis. PRIMARY FUNDING SOURCE: Gates Foundation and Geneva Centre for Emerging Viral Diseases.","[MeSH] Humans; [MeSH] Male; [MeSH] Female; [MeSH] Adult; [MeSH] Bayes Theorem; [MeSH] Disease Outbreaks; [MeSH] Democratic Republic of the Congo; [MeSH] Infectious Disease Incubation Period; [MeSH] Mpox, Monkeypox; [MeSH] Young Adult; [MeSH] Adolescent; [MeSH] Viral Load; [MeSH] Middle Aged; [MeSH] Monkeypox virus; [MeSH] Child; [MeSH] Child, Preschool"
36573222,Study and prediction of the 2022 global monkeypox epidemic.,"Fengying Wei, Zhihang Peng, Zhen Jin, Jinjie Wang, Ximing Xu, Xinyan Zhang, Jun Xu, Zixiong Ren, Yao Bai, Xiaoli Wang, Bulai Lu, Zhaojun Wang, Jianguo Xu, Senzhong Huang",Journal of biosafety and biosecurity. 2022. doi: 10.1016/j.jobb.2022.12.001..,Wei,Journal of biosafety and biosecurity,2022,2022/12/22,,,10.1016/j.jobb.2022.12.001,"The World Health Organization (WHO) declared monkeypox as a public health emergency of international concern (PHEIC) on July 23, 2022, their highest level of alert. This raised concerns about the management of the global monkeypox outbreak, as well as the scientific analysis and accurate prediction of the future course of the epidemic. This study used EpiSIX (an analysis and prediction system for epidemics based on a general SEIR model) to analyze the monkeypox epidemic and to forecast the major tendencies based on data from the USA CDC (https://www.cdc.gov) and the WHO (https://www.who.int/health-topics/monkeypox). The global outbreak of monkeypox started in the UK on May 2, 2022, which marked the beginning of an epidemic wave. As of October 28, 2022, the cumulative number of reported cases worldwide was 77,115, with 36 deaths. EpiSIX simulations predict that the global monkeypox epidemic will enter a low epidemic status on March 1, 2023 with the cumulative number of confirmed cases ranging from 85,000 to 124,000, and the total number of deaths ranging from 60 to 87. Our analysis revealed that the basic reproduction number (R0) of monkeypox virus (MPXV) is near to 3.1 and the percentage of asymptomatic individuals is 13.1 %-14.5 %, both of which are similar to the data for SARS. The vaccination efficiency against susceptibility (VEs) of individuals who have had monkeypox is ∼ 79 %, and the vaccination efficiency against infectiousness (VEi) of individuals who have had monkeypox is ∼ 76 %-82 %. The mean incubation period for monkeypox is 8 days. In total, 94.7 % of infected individuals develop symptoms within 20 days and recover within 2 weeks after the confirmation of symptoms. Simulation results using EpiSIX showed that ring vaccination was remarkably effective against monkeypox. Our findings confirmed that a 20-day isolation for close contacts is necessary.",Epidemic; Monkeypox; Prediction; Tendency
36345492,Monkeypox Virus Infections.,Kurt D Reed,Perspectives in medical virology. 2006. doi: 10.1016/S0168-7069(06)16007-3..,Reed,Perspectives in medical virology,2006,2006/11/28,,,10.1016/S0168-7069(06)16007-3,"Monkeypox is an uncommon viral zoonosis caused by the monkeypox virus (MPV), a member of the genus Orthopoxvirus. MPV is a large, complex, double-stranded DNA virus of the chordopoxvirus family. MPV is endemic in central and western Africa and is a classic zoonosis acquired through contact with infected rodents and squirrels. Observational studies of human monkeypox in central and western Africa have revealed that MPV infection has an incubation period of 10-14 days and a period of infectivity during the first week of rash. MPV enters the body through skin abrasions, the upper respiratory tract mucosa, or by ingestion. During primary viremia, the virus migrates to regional lymph nodes and then disseminates throughout the body. Vaccination with vaccinia virus (smallpox vaccine) is highly protective (around 85%) against MPV infection. Post-exposure smallpox vaccination is indicated for persons who are at high risk of MPV infection, including those investigating animal or human monkeypox cases, health care workers caring for infected patients, and laboratory workers who handle specimens that may contain MPV.",
36323407,Transmission dynamics of monkeypox in the United Kingdom: contact tracing study.,"Thomas Ward, Rachel Christie, Robert S Paton, Fergus Cumming, Christopher E Overton",BMJ (Clinical research ed.). 2022. doi: 10.1136/bmj-2022-073153..,Ward,BMJ (Clinical research ed.),2022,2022/11/02,,,10.1136/bmj-2022-073153,"OBJECTIVE: To analyse the transmission dynamics of the monkeypox outbreak in the UK, declared a Public Health Emergency of International Concern in July 2022. DESIGN: Contact tracing study, linking data on case-contact pairs and on probable exposure dates. SETTING: Case questionnaires from the UK Health Security Agency (UKHSA), United Kingdom. PARTICIPANTS: 2746 people with polymerase chain reaction confirmed monkeypox virus in the UK between 6 May and 1 August 2022. MAIN OUTCOME MEASURES: The incubation period and serial interval of a monkeypox infection using two bayesian time delay models-one corrected for interval censoring (ICC-interval censoring corrected) and one corrected for interval censoring, right truncation, and epidemic phase bias (ICRTC-interval censoring right truncation corrected). Growth rates of cases by reporting date, when monkeypox virus was confirmed and reported to UKHSA, were estimated using generalised additive models. RESULTS: The mean age of participants was 37.8 years and 95% reported being gay, bisexual, and other men who have sex with men (1160 out of 1213 reporting). The mean incubation period was estimated to be 7.6 days (95% credible interval 6.5 to 9.9) using the ICC model and 7.8 days (6.6 to 9.2) using the ICRTC model. The estimated mean serial interval was 8.0 days (95% credible interval 6.5 to 9.8) using the ICC model and 9.5 days (7.4 to 12.3) using the ICRTC model. Although the mean serial interval was longer than the incubation period for both models, short serial intervals were more common than short incubation periods, with the 25th centile and the median of the serial interval shorter than the incubation period. For the ICC and ICRTC models, the corresponding estimates ranged from 1.8 days (95% credible interval 1.5 to 1.8) to 1.6 days (1.4 to 1.6) shorter at the 25th centile and 1.6 days (1.5 to 1.7) to 0.8 days (0.3 to 1.2) shorter at the median. 10 out of 13 linked patients had documented pre-symptomatic transmission. Doubling times of cases declined from 9.07 days (95% confidence interval 12.63 to 7.08) on the 6 May, when the first case of monkeypox was reported in the UK, to a halving time of 29 days (95% confidence interval 38.02 to 23.44) on 1 August. CONCLUSIONS: Analysis of the instantaneous growth rate of monkeypox incidence indicates that the epidemic peaked in the UK as of 9 July and then started to decline. Short serial intervals were more common than short incubation periods suggesting considerable pre-symptomatic transmission, which was validated through linked patient level records. For patients who could be linked through personally identifiable data, four days was the maximum time that transmission was detected before symptoms manifested. An isolation period of 16 to 23 days would be required to detect 95% of people with a potential infection. The 95th centile of the serial interval was between 23 and 41 days, suggesting long infectious periods.","[MeSH] Male; [MeSH] Humans; [MeSH] Adult; [MeSH] Contact Tracing; [MeSH] Mpox, Monkeypox; [MeSH] Bayes Theorem; [MeSH] Homosexuality, Male; [MeSH] COVID-19; [MeSH] Sexual and Gender Minorities; [MeSH] United Kingdom"
39989243,Chicken-Derived Single-Chain Variable Fragments Targeting Monkeypox Virus A29L Protein.,"Chi-Hsin Lee, Chao-Jung Wu, Jia-Yun Chiang, Fang-Yi Yen, Ting-Jing Shen, Sy-Jye Leu, Bor-Yu Tsai, Yan-Chiao Mao, Valencia Andriani, Wei-Chu Wang, Priskila Cherisca Thenaka, Yu-Pin Chao, Yi-Yuan Yang",Biotechnology journal. 2025. doi: 10.1002/biot.202400634..,Lee,Biotechnology journal,2025,2025/02/01,,,10.1002/biot.202400634,"Monkeypox (mpox), a zoonotic disease, has rapidly spread globally, prompting the WHO to declare it a public health emergency. The long incubation period, early symptoms resembling respiratory infections, and diagnostic challenges hinder timely epidemic control and accurate clinical diagnosis. The monkeypox virus (MPXV) encodes the A29L protein, which binds to cellular heparan sulfate to facilitate infection and serves as a target for treatment and diagnostics. Thus, developing effective diagnostic tools and treatments is critically important. In this study, we expressed and purified Escherichia coli-derived A29L protein, which was used for chicken immunization to generate specific polyclonal IgY antibodies. The results demonstrated a successful elicitation of a humoral immune response. Subsequently, two single-chain variable fragments (scFv) antibody libraries were constructed using phage display technology, comprising 2.6 × 108 and 3.8 × 108 transformants. After bio-panning, phage-based ELISA indicated the enrichment of specific clones. Three scFv-expressing clones, including cA29LS1, cA29LS5, and cA29LS13, were selected from 13 randomly chosen clones and classified based on nucleotide sequence analysis. Their binding activities were evaluated through ELISA and Western blot, followed by purification for affinity determination via competitive ELISA. Among the selected clones, cA29LS5 demonstrated the highest binding affinity (1.3 × 10⁻⁶ M), followed by cA29LS1 (5.3 × 10⁻⁶ M). Additionally, both IgY and all three clones demonstrated binding activity to cell-derived and commercially purchased A29L proteins, as confirmed by Western blot and ELISA. Overall, these findings suggested that the IgY and scFv antibodies developed hold promise as potential diagnostic and therapeutic agents against MPXV infections.",IgY antibodies; monkeypox (mpox); monkeypox virus (MPXV); phage display technology; single‐chain variable fragment (scFv) antibody
38218669,JYNNEOS™ effectiveness as post-exposure prophylaxis against mpox: Challenges using real-world outbreak data.,"Jennifer B Rosen, Robert J Arciuolo, Preeti Pathela, Christopher B Boyer, Jennifer Baumgartner, Julia Latash, Lenka Malec, Ellen H Lee, Vasudha Reddy, Renee King, Joseph Edward Real, Marc Lipsitch, Jane R Zucker",Vaccine. 2024. doi: 10.1016/j.vaccine.2023.12.066..,Rosen,Vaccine,2024,2024/01/13,,,10.1016/j.vaccine.2023.12.066,"BACKGROUND: JYNNEOSTM vaccine has been used as post-exposure prophylaxis (PEP) during a mpox outbreak in New York City (NYC). Data on effectiveness are limited. METHODS: Effectiveness of a single dose of JYNNEOSTM vaccine administered subcutaneously ≤ 14 days as PEP for preventing mpox disease was assessed among individuals exposed to case-patients from May 22, 2022-August 24, 2022. Individuals were evaluated for mpox through 21 days post-exposure. An observational study was conducted emulating a sequence of nested ""target"" randomized trials starting each day after exposure. Results were adjusted for exposure risk and race/ethnicity. Analyses were conducted separately based on last (PEPL) and first (PEPF) exposure date. We evaluated the potential to overestimate PEP effectiveness when using conventional analytic methods due to exposed individuals developing illness before they can obtain PEP (immortal time bias) compared to the target trial. RESULTS: Median time from last exposure to symptom onset (incubation period) among cases that did not receive PEPL was 7 days (range 1-16). Time to PEPL receipt was 7 days (range 0-14). Among 549 individuals, adjusted PEPL and PEPF effectiveness was 19 % (95 % Confidence Interval [CI], -54 % to 57 %) and -7% (95 % CI, -144 % to 53 %) using the target trial emulation, respectively, and 78 % (95 % CI, 50 % to 91 %) and 73 % (95 % CI, 31 % to 91 %) using conventional analysis. CONCLUSIONS: Determining PEP effectiveness using real-world data during an outbreak is challenging. Time to PEP in NYC coupled with the observed incubation period resulted in overestimated PEP effectiveness using a conventional method. The target trial emulation, while yielding wide confidence intervals due to small sample size, avoided immortal time bias. While results from these evaluations cannot be used as reliable estimates of PEP effectiveness, we present important methodologic considerations for future evaluations.",Effectiveness; Jynneos; Prophylaxis; Vaccine; mpox
29401327,Beyond the Dirty Dozen: A Proposed Methodology for Assessing Future Bioweapon Threats.,"Theodore J Cieslak, Mark G Kortepeter, Ronald J Wojtyk, Hugo-Jan Jansen, Ricardo A Reyes, James O Smith",Military medicine. 2018. doi: 10.1093/milmed/usx004..,Cieslak,Military medicine,2018,2018/01/01,,,10.1093/milmed/usx004,"BACKGROUND: Defense policy planners and countermeasure developers are often faced with vexing problems involving the prioritization of resources and efforts. This is especially true in the area of Biodefense, where each new emerging infectious disease outbreak brings with it questions regarding the causative agent's potential for weaponization. Recent experience with West Nile Virus, Severe Acute Respiratory Syndrome, Monkeypox, and H1N1 Influenza highlights this problem. Appropriately, in each of these cases, the possibility of bioterrorism was raised, although each outbreak ultimately proved to have a natural origin. In fact, determining whether an outbreak has an unnatural origin can be quite difficult. Thus, the questions remain: could the causative agents of these and other emerging infectious disease outbreaks pose a future weaponization threat? And how great is that threat? Should precious resources be diverted from other defense efforts in order to prepare for possible hostile employment of novel diseases by belligerents? Answering such critical questions requires some form of systematic threat assessment. METHODS: Through extensive collaborative work conducted within NATO's Biomedical Advisory Council, we developed a scoring matrix for evaluating the weaponization potential of the causative agents of such diseases and attempted to validate our matrix by examining the reproducibility of data using known threat agents. Our matrix included 12 attributes of a potential weapon and was provided, along with detailed scoring instructions, to 12 groups of biodefense experts in 6 NATO nations. Study participants were asked to score each of these 12 attributes on a scale of 0-3: Infectivity, Infection-to-Disease Ratio (Reliability), Predictability (& Incubation Period), Morbidity & Mortality (Virulence), Ease of Large-Scale Production & Storage, Aerosol Stability, Atmospheric Stability, Ease of Dispersal, Communicability, Prophylactic Countermeasure Availability, Therapeutic Countermeasure Availability, and Ease of Detection. Reproducibility of scoring data was assessed by examining the standard deviations (SD) of mean scores. RESULTS: Our results were unexpected. Several familiar biothreat diseases such as anthrax and tularemia were judged, by our experts, to be less threatening than many others owing to a number of factors including ease of detection, lack of communicability, and the ready availability of countermeasures. Conversely, several toxins were judged by experts to have very high potential as threat agents owing, in part, to their reliability, virulence, and a lack of available countermeasures. Agreement among experts, as determined by lower SD about a mean score, was greater for more familiar threats. DISCUSSION: Our study was designed to provide a concise and east-to-apply set of criteria that could be used by NATO nations to evaluate emerging infectious disease threats with respect to their weaponization potential. Our results were unexpected. We believe that a lack of appropriate weighting factors may explain these results and suggest that future studies weigh each of the 12 proposed criteria based on the intended use of the assessment data and other situational factors. We believe that the greatest value of our study lies in a codification of the attributes of a biological weapon.","[MeSH] Biological Warfare Agents; [MeSH] Disease Outbreaks; [MeSH] Forecasting; [MeSH] Humans; [MeSH] Reproducibility of Results; [MeSH] Research Design; [MeSH] Risk Assessment; [MeSH] Toxins, Biological"
36459045,How to recognize and respond to monkeypox 2022 outbreak in non-endemic countries: a narrative review.,"Z-Y Qiu, Y-H Tao, S-L Zheng, X-D Sun, Y-H Chi, X Sun, J-R Wang",European review for medical and pharmacological sciences. 2022. doi: 10.26355/eurrev_202211_30399..,Qiu,European review for medical and pharmacological sciences,2022,2022/11/01,,,10.26355/eurrev_202211_30399,"In May 2022, cases of monkeypox were reported in non-monkeypox endemic countries such as Europe and the United States. As of 26 May, a cumulative total of 257 laboratory-confirmed cases and approximately 120 suspected cases had been reported to WHO from non-monkeypox endemic countries. This event immediately caused great concern and alarm to the WHO and national virologists. This paper aims to summarize the epidemiological and clinical features of previous monkeypox virus infections and the current local outbreaks in non-monkeypox endemic countries and propose countermeasures to control the current localized infections in non-monkeypox endemic areas as soon as possible. We reviewed the literature and websites related to monkeypox. We searched Google Scholar, PubMed, Web of Science, Embase, and African Journals Online using the medical subject terms ""monkeypox"", ""monkeypox virus"", ""monkeypox outbreak"", ""non-monkeypox endemic areas"", ""clinical features"", ""epidemiology"", ""transmission"", and ""infection"". We found that monkeypox is a zoonotic disease of forest animals that has occurred mainly in West and Central Africa since the first case was reported in the Congo in 1970, with occasional cases spreading to countries such as the United States and Europe. It is common among students, housekeepers, hunters, farmers and housewives. It is more common in males than females, occurs below middle age, and is more common in children under 10. The incubation period is 5 to 21 days, and the rash usually appears within 1 to 3 days after the onset of fever. Clinical manifestations include fever, rash, swollen lymph nodes, headache, muscle pain and unusual weakness. Most patients have mild symptoms that last from 2 to 4 weeks. The source of the sudden outbreak in Europe and the United States is currently unknown and occurs mostly in homosexuals who have sex with men (MSM). Outbreaks of monkeypox virus infection in non-monkeypox endemic areas have received widespread attention and focus. We believe that a scientific response to the transmission route of monkeypox virus and, where necessary, vaccination of high-risk groups against the monkeypox smallpox will control infection in non-monkeypox endemic areas.","[MeSH] Animals; [MeSH] Female; [MeSH] Humans; [MeSH] Male; [MeSH] Disease Outbreaks; [MeSH] Europe; [MeSH] Exanthema; [MeSH] Fever; [MeSH] Sexual and Gender Minorities; [MeSH] Mpox, Monkeypox"
38051425,A global systematic evidence review with meta-analysis of the epidemiological characteristics of the 2022 Mpox outbreaks.,"George N Okoli, Paul Van Caeseele, Nicole Askin, Ahmed M Abou-Setta",Infection. 2023. doi: 10.1007/s15010-023-02133-5..,Okoli,Infection,2024,2023/12/05,,,10.1007/s15010-023-02133-5,"BACKGROUND: In 2022, there were outbreaks of Mpox where the disease is not endemic. We summarized published full-text epidemiological data from the outbreaks. METHODS: A global evidence review (protocol: osf.io/j3kb7) with systematic literature search up to February 09, 2023. We focused on experimental/observational studies of laboratory confirmed Mpox, excluding case reports and case series of < 5 cases. Epidemiological data were pooled using an inverse variance, random-effects model, and pooled estimates presented with associated 95% confidence intervals. RESULTS: We included 66 studies. Mean incubation period was 7.8 days (6.6-9.0 days, 8 studies: 560 cases), reproductive number 1.8 (1.7-1.9, 6 studies), mean duration from symptom onset to diagnosis 5.8 days (4.8-6.8 days, 4 studies: 982 cases), mean symptom duration 17.5 days (14.7-20.2 days, 3 studies: 292 cases), mean serial interval 8.5 days (7.3-9.9 days, 1 study), hospitalisation 6% (4-9%, 26 studies: 5339 cases), and vaccine effectiveness 78% (65-91%, 3 studies: 953 cases). Highly relevant clinical manifestations were pleomorphic skin lesions 82% (68-94%, 26 studies: 4093 cases), anogenital lesions 64% (51-77%, 9 studies: 10,398 cases), fever 54% (50-57%, 52 studies: 25,992 cases), and lymphadenopathy 51% (46-57%, 42 studies: 17,803 cases), with cases mostly men who have sex with men (MSM). Possibly relevant manifestations were perianal lesions, fatigue, asthenia, myalgia, and headache. CONCLUSIONS: The 2022 Mpox outbreaks presented with sex-related clinical manifestations and were mostly reported among MSM.","Epidemiology; Meta-analysis; Monkeypox, Mpox; Systematic review"
38320310,Updating Reproduction Number Estimates for Mpox in the Democratic Republic of Congo Using Surveillance Data.,"Kelly Charniga, Andrea M McCollum, Christine M Hughes, Benjamin Monroe, Joelle Kabamba, Robert Shongo Lushima, Toutou Likafi, Beatrice Nguete, Elisabeth Pukuta, Elisabeth Muyamuna, Jean-Jacques Muyembe Tamfum, Stomy Karhemere, Didine Kaba, Yoshinori Nakazawa",The American journal of tropical medicine and hygiene. 2024. doi: 10.4269/ajtmh.23-0215..,Charniga,The American journal of tropical medicine and hygiene,2024,2024/02/06,,,10.4269/ajtmh.23-0215,"Incidence of human monkeypox (mpox) has been increasing in West and Central Africa, including in the Democratic Republic of Congo (DRC), where monkeypox virus (MPXV) is endemic. Most estimates of the pathogen's transmissibility in the DRC are based on data from the 1980s. Amid the global 2022 mpox outbreak, new estimates are needed to characterize the virus' epidemic potential and inform outbreak control strategies. We used the R package vimes to identify clusters of laboratory-confirmed mpox cases in Tshuapa Province, DRC. Cases with both temporal and spatial data were assigned to clusters based on the disease's serial interval and spatial kernel. We used the size of the clusters to infer the effective reproduction number, Rt, and the rate of zoonotic spillover of MPXV into the human population. Out of 1,463 confirmed mpox cases reported in Tshuapa Province between 2013 and 2017, 878 had both date of symptom onset and a location with geographic coordinates. Results include an estimated Rt of 0.82 (95% CI: 0.79-0.85) and a rate of 132 (95% CI: 122-143) spillovers per year assuming a reporting rate of 25%. This estimate of Rt is larger than most previous estimates. One potential explanation for this result is that Rt could have increased in the DRC over time owing to declining population-level immunity conferred by smallpox vaccination, which was discontinued around 1982. Rt could be overestimated if our assumption of one spillover event per cluster does not hold. Our results are consistent with increased transmissibility of MPXV in Tshuapa Province.","[MeSH] Animals; [MeSH] Humans; [MeSH] Mpox, Monkeypox; [MeSH] Democratic Republic of the Congo; [MeSH] Monkeypox virus; [MeSH] Zoonoses; [MeSH] Disease Outbreaks"
38801568,"Monkeypox: Past, Present, and Future.","Gulfaraz Khan, Nighat Perveen",Advances in experimental medicine and biology. 2024. doi: 10.1007/978-3-031-57165-7_1..,Khan,Advances in experimental medicine and biology,2024,2024/01/01,,,10.1007/978-3-031-57165-7_1,"Monkeypox (Mpox) is a zoonotic disease caused by a virus (monkeypox virus-MPV) belonging to the Poxviridae family. In humans, the disease has an incubation period of 5-21 days and then progresses in two phases, the prodromal phase and the rash phase. The prodromal phase is characterized by non-specific symptoms such as fever, muscle pain, malaise, lymphadenopathy, headache, and chills. Skin lesions appear in the rash phase of the disease. These lesions progress through different stages (macules, papules, vesicles, and pustules). In May 2022, WHO reported an outbreak of human Mpox in several countries which were previously Mpox-free. As per the CDC report of March 01, 2023, a total of 86,231 confirmed cases of Mpox and 105 deaths have been reported from 110 countries and territories across the globe. Notably, more than 90% of these countries were reporting Mpox for the first time. The phylogenetic analysis revealed that this outbreak was associated with the virus from the West African clade. However, most of the cases in this outbreak had no evidence of travel histories to MPV-endemic countries in Central or West Africa. This outbreak was primarily driven by the transmission of the virus via intimate contact in men who have sex with men (MSM). The changing epidemiology of Mpox raised concerns about the increasing spread of the disease in non-endemic countries and the urgent need to control and prevent it. In this chapter, we present all the documented cases of Mpox from 1970 to 2023 and discuss the past, present, and future of MPV.",Distribution; Epidemiology; MPV strains; Monkeypox; Monkeypox virus; Prevalence; Transmission
39890207,Decoding mpox: a systematic review and meta-analysis of the transmission and severity parameters of the 2022-2023 global outbreak.,"Candida Diaz Brochero, Laura Cristina Nocua-Báez, Jorge Alberto Cortes, Kelly Charniga, Adriana Buitrago-Lopez, Zulma M Cucunubá",BMJ global health. 2025. doi: 10.1136/bmjgh-2024-016906..,Diaz,BMJ global health,2025,2025/01/31,,,10.1136/bmjgh-2024-016906,"INTRODUCTION: The 2022-2023 mpox outbreak has been the largest in history. We aim to synthesise the key epidemiological parameters related to the dynamics, transmission, and severity of mpox (incubation period, serial interval, generation time, infectious period, basic (R0) and effective (R(t)) reproductive number, and case fatality rate (CFR)). METHODS: Systematic review of observational studies in MEDLINE, EMBASE and other sources up to September 2023 (PROSPERO: CRD42023404503). Quality assessment using the Joanna Briggs Institute Critical Appraisal for case series, cross-sectional and cohort studies, and a designed quality assessment questionnaire for mathematical models. Meta-analysis was performed using a random effects model. RESULTS: For transmissibility parameters, we estimated a pooled incubation period of 7.60 (95% CI 7.14 to 8.10) days and a pooled serial interval of 8.30 (95% CI 6.74 to 10.23) days. One study reported a generation time of 12.5 days (95% CI 7.5 to 17.3). Three studies reported presymptomatic transmission in 27-50% of paired cases investigated. R(t) varied between 1.16 and 3.74 and R0 varied between 0.006 and 7.84. The epidemic peaked between August and September 2022 in Europe and the Americas whereas transmission has continued in African countries. For severity parameters, we estimated a pooled CFR by continent: 0.19% (95% CI 0.09% to 0.37%) for the Americas and 0.33% (95% CI 0.15% to 0.7%) for Europe. For Africa, we found that the CFRs of countries associated with group I were higher (range 17-64%) than those associated with group IIb (range 0-6%). CONCLUSION: Pooled mpox serial interval was slightly larger than pooled incubation period, suggesting transmission occurs mostly postsymptom onset, although presymptomatic transmission can occur in an important proportion of cases. CFR estimates varied by geographical region and were higher in Africa, in countries linked with clade I. Our results contribute to a better understanding of mpox dynamics, and the development of mathematical models to assess the impact of current and future interventions.",Epidemiology; Global Health; Public Health; Systematic review
36089749,Rapid and reliable inactivation protocols for the diagnostics of emerging viruses: The example of SARS-CoV-2 and monkeypox virus.,"Grégory Quéromès, Emilie Frobert, Maude Bouscambert-Duchamp, Antoine Oblette, Martine Valette, Geneviève Billaud, Vanessa Escuret, Bruno Lina, Florence Morfin, Alexandre Gaymard",Journal of medical virology. 2022. doi: 10.1002/jmv.28126..,Quéromès,Journal of medical virology,2023,2022/09/21,,,10.1002/jmv.28126,"The emergence and sustained transmission of novel pathogens are exerting an increasing demand on the diagnostics sector worldwide, as seen with the ongoing severe acute respiratory coronavirus 2 (SARS-CoV-2) pandemic and the more recent public health concern of monkeypox virus (MPXV) since May 2022. Appropriate and reliable viral inactivation measures are needed to ensure the safety of personnel handling these infectious samples. In the present study, seven commercialized diagnosis buffers, heat (56°C and 60°C), and sodium dodecyl sulfate detergent (2.0%, 1.0%, and 0.5% final concentrations) were tested against infectious SARS-CoV-2 and MPXV culture isolates on Vero cell culture. Cytopathic effects were observed up to 7 days postinoculation and viral load evolution was measured by semiquantitative polymerase chain reaction. The World Health Organization recommends an infectious titer reduction of at least 4 log10 . As such, the data show efficacious SARS-CoV-2 inactivation by all investigated methods, with >6.0 log10 reduction. MPXV inactivation was also validated with all investigated methods with 6.9 log10 reductions, although some commercial buffers required a longer incubation period to yield complete inactivation. These results are valuable for facilities, notably those without biosafety level-3 capabilities, that need to implement rapid and reliable protocols common against both SARS-CoV-2 and MPXV.",SARS-CoV-2; emerging pathogen; inactivation; monkeypox virus; risk management
40081125,Effectiveness of educational intervention for improving Monkeypox (Mpox) viral infection knowledge among MSM population.,"Xueer Wu, Yuanyuan Xu, Xin Li, Songning Ding, Yang Hu, Zhengping Zhu",Journal of infection and public health. 2025. doi: 10.1016/j.jiph.2025.102726..,Wu,Journal of infection and public health,2025,2025/03/04,,,10.1016/j.jiph.2025.102726,"BACKGROUND: Mpox is a zoonotic disease caused by the mpox virus (MPXV), which has recently exhibited human-to-human transmission globally. Due to its hidden nature and high-risk behaviors, men who have sex with men (MSM) has become a focal point for mpox prevention and control. This study evaluates the impact of health interventions on mpox knowledge awareness among MSM. METHODS: Through pre- and post-MIP surveys, we analyzed the awareness of mpox knowledge, preferences for acquiring mpox information, and preferred channels among MSM. Data collection occurred from August 2023 to March 2024, with a total of 1514 valid questionnaires collected. The Mpox Intervention Program (MIP) included the development and distribution of educational materials, Voluntary Counseling and testing (VCT) clinic consultations, and surveys. RESULTS: Post-intervention, the total score for mpox knowledge awareness significantly increased from 58.50 to 68.47 (P <0.001), and the knowledge awareness rate rose from 48.66 % to 64.60 % (P <0.001). The intervention significantly improved participants' understanding of mpox incubation period, asymptomatic infections, transmission routes, and prevention measures (P <0.001). MSM preferred obtaining mpox knowledge through new media and internet social platforms, with no significant changes in preferences pre- and post-MIP. CONCLUSION: The MIP effectively improved mpox knowledge awareness and cognitive levels among MSM. These findings provide scientific evidence for optimizing health education strategies and controlling the spread of mpox.",China; Educational intervention; Men who have sex with men; Mpox
40822577,Assessment of knowledge and awareness of monkeypox viral infection in Palestine: a community-based study.,"Nuha El Sharif, Muna Ahmead",Frontiers in cellular and infection microbiology. 2025. doi: 10.3389/fcimb.2025.1584848..,El,Frontiers in cellular and infection microbiology,2025,2025/08/01,,,10.3389/fcimb.2025.1584848,"BACKGROUND: Monkeypox (MPXV) is a re-emerging global health threat, particularly in non-endemic areas such as Palestine, where research is scarce. This study aims to assess public knowledge and awareness of MPXV in Palestine. METHODS: A 38-item questionnaire assessed socioeconomic status, health status, and MPXV knowledge among 1241 participants. Pearson's Chi-square test examined the association between high and low knowledge levels and explanatory variables. A logistic regression model examined the relationships between knowledge levels and the explanatory factors of the investigation. RESULTS: The study indicated that merely 23% of the 1241 participants exhibited a high level of knowledge regarding monkeypox. Approximately 20% of the participants felt that the virus might be transmitted through contaminated surfaces, whereas 40% acknowledged close contact with infected individuals as a mode of transmission. Furthermore, 11.4% of the participants accurately identified an incubation period of 5 to 21 days. Concerning symptoms, 50% identified rash and high fever as the most severe, whereas 25% reported fatigue, muscle pain, swollen lymph nodes, and breathing issues. Regarding prevention and treatment, 38% asserted that masks may not prevent MPXV, 31% claimed that no treatment is available, and 50% believed that immunization can be effective. Knowledge was significantly higher among those with more educational attainment and healthcare employment (p-value< 0.05). The primary sources of information were friends, family, and social media. CONCLUSION: The understanding of monkeypox infection among the Palestinian population was found to be somewhat insufficient. These findings highlight the urgent need for public education on monkeypox to increase awareness and engage the public prior to any potential future outbreak.",Palestine; awareness; knowledge; monkeypox; public
37200216,Comparative evaluation of the clinical presentation and epidemiology of the 2022 and previous Mpox outbreaks: a rapid review and meta-analysis.,"George N Okoli, Paul Van Caeseele, Nicole Askin, Ahmed M Abou-Setta","Infectious diseases (London, England). 2023. doi: 10.1080/23744235.2023.2214609..",Okoli,"Infectious diseases (London, England)",2023,2023/05/18,,,10.1080/23744235.2023.2214609,"BACKGROUND: In 2022, there were outbreaks of Mpox where the disease is not endemic. We summarised and compared the findings from published observational studies on the clinical presentation and epidemiology of the 2022 and previous outbreaks of Mpox. METHODS: We registered a review protocol with the Open Science Framework (osf.io/j3kb7). We searched MEDLINE, Embase, CENTRAL, CINAHL and Scopus databases, and relevant websites up to August 30, 2022. Retrieved literature citations were screened for eligibility, and summary clinical presentation and epidemiological data from the included studies were pooled, when possible, using an inverse variance, random-effects model. RESULTS: Seventy-nine studies met the eligibility. Irrespective of outbreak, fever, headache, myalgia, lymphadenopathy, pleomorphic skin lesions, oral lesions, and sore throat were potentially highly relevant Mpox manifestations, while conjunctivitis, cough, and possibly reactivation of varicella zoster virus may be part of the clinical presentation. The mean incubation period for the 2022 outbreaks was 7.4 d (6.4-8.4 d, I2 64.2%; 4 studies: 270 cases) and for previous outbreaks, 12.9 d (10.4-15.5 d; one study: 31 cases), p < .001. None of the male cases from previous outbreaks was reported to have sex with men (MSM) whereas almost all reported male cases from the 2022 outbreak were MSM. Concomitant sexually transmitted infections and perianal lesions were reported only among male cases from the 2022 outbreak, with the cases mostly presenting with genital lesions. CONCLUSIONS: The 2022 Mpox outbreaks appear to be mostly among MSM and have a lower incubation period compared with previous outbreaks.Key messages79 studies met the review's inclusion criteria.The 2022 Mpox outbreaks appear to have shorter incubation period compared with previous outbreaks.Established clinical presentation of Mpox includes fever, headache, myalgia, lymphadenopathy, pleomorphic skin lesions, oral lesions, and sore throat.Almost all reported cases from the 2022 Mpox outbreaks were men who had sex with men (MSM).Concomitant sexually transmitted infections and perianal lesions were only reported among cases from the 2022 Mpox outbreaks.A significantly higher proportion of Mpox cases from the 2022 outbreaks had genital lesions compared with cases from previous outbreaks.The 2022 Mpox outbreaks appear to be mostly among MSM.",Mpox; clinical presentation; epidemiology; meta-analysis; systematic review
36109000,Diagnosis of monkeypox virus - An overview.,"Mustafa Altindis, Edmond Puca, Laidon Shapo",Travel medicine and infectious disease. 2022. doi: 10.1016/j.tmaid.2022.102459..,Altindis,Travel medicine and infectious disease,2022,2022/09/13,,,10.1016/j.tmaid.2022.102459,"Monkeypox is an emerging zoonotic disease caused by monkeypox virus which is a DNA virus. The virus is transmitted to humans as a result of close contact with infected animals, infected humans or contaminated inanimate objects. The disease has a incubation period usually 7-14 days and it causes fever, headache, fatigue, myalgia, widespread body aches, swelling in lymph nodes and skin lesions. It may be difficult to distinguish monkeypox on the basis of clinical presentation alone, especially for cases with an atypical appearance, because of the various conditions that cause skin rashes. Testing should be offered to anyone who falls under the suspected case definition for monkeypox infection. Suitable samples are surface lesion and/or skin materials such as exudates swabs and crusts. Laboratory confirmation of specimens from suspected case is done using nucleic acid amplification testing, such as real-time or conventional polymerase chain reaction. Confirmation of MPXV infection should consider clinical and epidemiological information. Positive detection using an OPXV PCR assay followed by confirmation of MPXV via PCR and/or sequencing, or positive detection using MPXV PCR assay in suspected cases indicates confirmation of MPXV infection. Genetic sequence data (GSD) provide information on the origin and epidemic and characteristics of cases. There is a need to develop a more global and effective laboratory network for this emerging zoonosis, as well as to strengthen laboratory capacity, and international specimens referral capacities.",DNA; Diagnosis; Laboratory; Monkeypox; Polymerase chain reaction; Virus
37374034,Monkeypox: A New Challenge for Global Health System?,"Francesca Spirito, Agostino Guida, Vito Carlo Alberto Caponio, Lorenzo Lo Muzio","Life (Basel, Switzerland). 2023. doi: 10.3390/life13061250..",Spirito,"Life (Basel, Switzerland)",2023,2023/05/25,,,10.3390/life13061250,"The COVID-19 pandemic, starting in 2020, has presented a major challenge in terms of early diagnosis and the subsequent containment and management of severe cases. The spread of viruses such as monkeypox in non-endemic countries is now creating new difficulties for healthcare professionals. Proper case definition and clinical examination are crucial for the early identification of suspected cases. For this reason, we performed a review of the literature in order to report the first signs, which are useful for healthcare providers for early case identification. Since 2022 to date, 86,930 laboratory-confirmed cases and 1051 probable cases have been reported worldwide, and of these, 116 were fatal cases and, for the first time, most of the cases were registered in countries that have not historically reported monkeypox and that lack direct or immediate epidemiological links to areas of West or Central Africa where the disease is endemic. Patients with Monkeypox experience prodromal symptoms, such as fever, fatigue, headache, muscle aches, and a rash after an incubation period of 5-21 days. The disease is usually self-limiting within 2-4 weeks but can lead to complications, such as pneumonia, encephalitis, kidney injury, and myocarditis in children, pregnant individuals, and those with weakened immune systems. The case-fatality ratio is between 1 and 10%. Today, prevention campaigns and the control of human monkeypox are the best weapons to prevent infection and stop transmission. Prevention strategies, such as avoiding contact with sick or dead animals, and the proper preparation of all foods containing animal meat or parts, should be adopted. Furthermore, close contact with infected people or contaminated materials should be avoided to prevent human-to-human transmission.",monkeypox; vaccine; virus diseases
35817231,Estimation of local transmissibility in the early phase of monkeypox epidemic in 2022.,"Kin On Kwok, Wan In Wei, Arthur Tang, Samuel Yeung Shan Wong, Julian W Tang",Clinical microbiology and infection : the official publication of the European Society of Clinical Microbiology and Infectious Diseases. 2022. doi: 10.1016/j.cmi.2022.06.025..,Kwok,Clinical microbiology and infection : the official publication of the European Society of Clinical Microbiology and Infectious Diseases,2022,2022/07/08,,,10.1016/j.cmi.2022.06.025,"OBJECTIVES: To estimate the basic reproductive number (Ro) to help us understand and control the spread of monkeypox in immunologically naive populations. METHODS: Using three highest incidence populations including England, Portugal, and Spain as examples as of 18 June 2022, we employed the branching process with a Poisson likelihood and gamma-distributed serial interval to fit daily reported case data of monkeypox to estimate Ro. Sensitivity analyses were performed by varying mean serial interval from 6.8 to 12.8 days. RESULTS: The median posterior estimates of Ro for monkeypox in the three study populations were statistically >1 (England: Ro = 1.60 [95% (credible interval) CrI, 1.50-1.70]; Portugal: Ro = 1.40 [95% CrI, 1.20-1.60]; Spain: Ro = 1.80 [95% CrI, 1.70-2.00]). Ro estimates varied over 1.30 to 2.10, depending on the serial interval. DISCUSSION: The updated Ro estimates across different populations will inform policy makers' plans for public health control measures. Currently, monkeypox has a sustainable outbreak potential and may challenge healthcare systems, mainly due to declines in the population level immunity to Orthopoxviruses since the cessation of routine smallpox vaccination. Smallpox vaccination has been shown to be effective in protecting (≤85% effectiveness) against monkeypox infection in earlier times. So early postexposure vaccination is currently being offered in an attempt to control its spread.",Basic reproductive number; Branching process; Epidemic; Monkeypox; Outbreak
39927376,Navigating monkeypox: identifying risks and implementing solutions.,"Suhita Aryaloka, Aswin Rafif Khairullah, Muhammad Khaliim Jati Kusala, Ima Fauziah, Nanik Hidayatik, Muhammad Agil, M Gandul Atik Yuliani, Arindita Niatazya Novianti, Ikechukwu Benjamin Moses, Muhammad Thohawi Elziyad Purnama, Syahputra Wibowo, Kartika Afrida Fauzia, Ricadonna Raissa, Abdul Hadi Furqoni, Mo Awwanah, Katty Hendriana Priscilia Riwu",Open veterinary journal. 2024. doi: 10.5455/OVJ.2024.v14.i12.1..,Aryaloka,Open veterinary journal,2024,2024/12/31,,,10.5455/OVJ.2024.v14.i12.1,"Monkeypox is a zoonotic disease caused by the orthopox virus, a double-stranded DNA virus that belongs the Poxviridae virus family. It is known to infect both animals (especially monkeys and rodents) and humans and causes a rash similar to smallpox. Humans can become infected with monkeypox virus (MPXV) when they get in close contact with infected animals (zoonotic transmission) or other infected people (human-human transmission) through their body fluids such as mucus, saliva, or even skin sores. Frequently observed symptoms of this disease include fever, headaches, muscle aches, and a rash that initially looks like a tiny bump before becoming a lump that is filled with fluid. Monkeypox symptoms also include an incubation period of 5-21 days, divided into prodromal and eruption phases. Several contributing factors, such as smallpox vaccine discontinuation, widespread intake of infected animal products as a source of protein, and high population density, amongst others, have been linked to an increase in the frequency of monkeypox outbreaks. The best course of action for diagnosing individuals who may be suffering from active monkeypox is to collect a sample of skin from the lesion and perform PCR molecular testing. Monkeypox does not presently have a specific therapy; however, supportive care can assist in managing symptoms, such as medication to lower body temperature and pain. Three major orthopoxvirus vaccines have been approved to serve as a preventive measure against monkeypox: LC16, JYNNEOS, and ACAM2000. The discovery that the monkeypox outbreak is communicable both among humans and within a population has sparked new public health worries on the possibility of the outbreak of another viral pandemic. Research and studies are still being conducted to gain a deeper understanding of this zoonotic viral disease. This review is therefore focused on deciphering monkeypox, its etiology, pathogenesis, transmission, risk factors, and control.",Monkeypox; Public health; Viral disease; Virus; Zoonosis
37095135,"Epidemiologic Characteristics of Mpox among People Experiencing Homelessness, Los Angeles County, California, USA, 2022.","Hannah K Brosnan, Karen W Yeh, Padma S Jones, Sohum Gokhale, Dalia Regos-Stewart, Hang Tran, Kathleen Poortinga, Phoebe Danza, Rebecca Fisher, Lauren E Finn, Chelsea Foo, Alicia H Chang",Emerging infectious diseases. 2023. doi: 10.3201/eid2906.230021..,Brosnan,Emerging infectious diseases,2023,2023/04/24,,,10.3201/eid2906.230021,"In Los Angeles County, California, USA, public health surveillance identified 118 mpox cases among persons experiencing homelessness (PEH) during July-September 2022. Age and sex were similar for mpox case-patients among PEH and in the general population. Seventy-one (60%) PEH mpox case-patients were living with HIV, 35 (49%) of them virally suppressed. Hospitalization was required for 21% of case-patients because of severe disease. Sexual contact was likely the primary mode of transmission; 84% of patients reported sexual contact <3 weeks before symptom onset. PEH case-patients lived in shelters, encampments, cars, or on the street, or stayed briefly with friends or family (couch surfed). Some case-patients stayed at multiple locations during the 3-week incubation period. Public health follow-up and contact tracing detected no secondary mpox cases among PEH in congregate shelters or encampments. Equitable efforts should continue to identify, treat, and prevent mpox among PEH, who often experience severe disease.",California; Mpox; United States; homelessness; monkeypox virus; sexually transmitted infections; surveillance; underlying health conditions; viruses
37363720,Knowledge of mpox and its determinants among the healthcare personnel in Arabic regions: A multi-country cross-sectional study.,"Sarya Swed, Haidara Bohsas, Muhammad Mainuddin Patwary, Hidar Alibrahim, Amine Rakab, Abdulqadir J Nashwan, Wael Hafez, Noheir A I Hassan, Sheikh Shoib, Mohamed Elsayed, Bisher Sawaf, Mhd Kutaiba Albuni, Elias Battikh, Gihan Mustafa Kamal Mohamed, Adel AlBozom, Ebrahim Shaddad, Sherihan Fathey, Mila Nu Nu Htay, Sanjit Sah, Ivan Cherrez-Ojeda, Aroop Mohanty, Bijaya Kumar Padhi, Alfonso J Rodriguez-Morales, Aravind Gandhi P, Ranjit Sah",New microbes and new infections. 2023. doi: 10.1016/j.nmni.2023.101146..,Swed,New microbes and new infections,2023,2023/06/09,,,10.1016/j.nmni.2023.101146,"BACKGROUND & AIM: The monkeypox virus (MPXV), an Orthopoxvirus family member, is the zoonotic agent that causes mpox (formerly known as monkeypox). The ongoing mpox pandemic has caused cases across continents involving 110 countries. This study aimed to assess mpox knowledge and its determinants among healthcare personnel. METHODS: This cross-sectional study was conducted from June 6 to June 25, 2022, among 17 Arab countries. The self-administered questionnaire consists of 53 questions assessing the knowledge about the monkeypox virus. RESULTS: In total, 5874 medical students and clinical doctors from 17 Arab countries participated in this study. Only 13.8% (n = 812) of respondents have ever received information about mpox during their studies in medicine. The mean knowledge score was 13.84, and the median score was 15 (range 1-34). More than half (51.3%, n = 3012) have heard about mpox before. A low proportion of the participants had a good level of knowledge on mpox. Only 11.7% of respondents had correctly identified the natural host and the incubation period of mpox. More than half (58.9%) were aware of the signs and symptoms of mpox. Few respondents (28%) believed that mpox and smallpox have similar signs and symptoms. Specialist doctors had higher knowledge of mpox (AOR = 2.96, 95% CI = 2.24-3.92, p < 0.001) than other cadres. CONCLUSION: Mpox awareness among Arabic medical students and practitioners is low; hence immediate action in creating awareness among arab healthcare professionals is the need of the hour. This is crucial in the mpox early detection and prevention of its spread.",Awareness; Clinicians; Medical students; Middle East; Monkeypox
41079025,Global transmission characteristics of mpox outbreaks: a systematic review and meta-analysis.,"Shunzhe Wu, Jie Deng, Min Du, Min Liu, Jue Liu",EClinicalMedicine. 2025. doi: 10.1016/j.eclinm.2025.103526..,Wu,EClinicalMedicine,2025,2025/09/26,,,10.1016/j.eclinm.2025.103526,"BACKGROUND: Mpox is a zoonotic infectious disease caused by the mpox virus. It was first reported in humans in the Democratic Republic of the Congo in 1970. Since then, it has mainly been prevalent in Central and West Africa. Starting from 2022, the mpox epidemic has spread globally. The objective of this study was to obtain key transmission parameters of the mpox virus, providing evidence-based support for scientific prevention and control of the epidemic worldwide. METHODS: We used ""mpox"" and ""monkeypox"" as the keywords to retrieve studies from PubMed, Web of Science, and Scopus databases up to February 2025. Four key transmission parameters-basic reproduction number (R0), effective reproduction number (Rt), incubation period, and serial interval were extracted. Fixed-effect or random-effect models were used to estimate the pooled parameters. Hartung-Knapp (HKSJ) confidence intervals was reported to reflect uncertainty under high heterogeneity. The protocol of this study has been registered in the PROSPERO database (CRD42022339404). FINDINGS: The study screened 2910 articles and included 47 articles (covering 43,387 mpox patients) based on inclusion and exclusion criteria. The R0 of mpox was 2.13 (95% CI [HKSJ]: 1.63, 2.62), the Rt of mpox was 2.51 (95% CI [HKSJ]: 2.05, 2.97), the incubation period of mpox was 9.21 (95% CI [HKSJ]: 8.03, 10.39) days, and the serial interval of mpox was 12.00 (95% CI [HKSJ]: 8.01, 15.99) days. Subgroup analysis found no significant differences in incubation period, and serial interval between men who have sex with men (MSM) and the general population. However, the Rt in the general population (2.20, 95% CI [HKSJ]: 1.71, 2.70) was smaller than the Rt in the MSM (3.08, 95% CI [HKSJ]: 2.41, 3.76). INTERPRETATION: Mpox is a threat to global public health that cannot be ignored. This study found that each person infected with the mpox virus transmitted it to two others, and the epidemic has continued to spread. Both the incubation period and the serial interval exceeded one week, which is relatively long and has increased the difficulty of prevention and control. It is recommended that in the future, early monitoring and early warning be strengthened for high-risk populations to prevent the risk of mpox transmission. FUNDING: This study was funded by the Youth Beijing Scholars Program (087), National Natural Science Foundation of China (72474005, 72122001), and China Primary Health Care Foundation (20250307). The funders had no role in study design, data collection and analysis, decision to publish, or preparation of the paper. No payment was received by any of the co-authors for the preparation of this article.",Epidemiology; Meta-analysis; Mpox; Systematic review
36503476,Human monkeypox: a comparison of the characteristics of the new epidemic to the endemic disease.,"Sharon Sukhdeo, Sharmistha Mishra, Sharon Walmsley",BMC infectious diseases. 2022. doi: 10.1186/s12879-022-07900-7..,Sukhdeo,BMC infectious diseases,2022,2022/12/12,,,10.1186/s12879-022-07900-7,"In May 2022, a new global outbreak of mpox (formerly, human monkeypox) emerged that was declared a public health emergency of international concern by the World Health Organization on July 23, 2022. With new patterns of person-to-person spread within sexual networks in nonendemic countries and several differences from the classic disease course, we performed a comprehensive review of existing literature on human monkeypox to discuss epidemiology, modes of transmission, clinical presentation and asymptomatic infection, diagnostics, therapeutics, and vaccines with the primary aim to identify important areas for future research of this new epidemic form of the disease. A comprehensive literature search was performed of all published literature to August 15, 2022. Historically, in regions of monkeypox virus endemicity, human outbreaks have occurred related to discrete zoonotic events. The animal reservoir is unknown, but the virus has been isolated from rodents. Traditionally, transmission occurred by direct or indirect contact with an infected animal. In nonendemic countries affected in the 2022 outbreak, almost exclusive person-to-person spread has been observed, and most cases are connected to sexual networks of gay, bisexual, and other men who have sex with men. After an incubation period of approximately 13 days, in traditional human cases affected persons developed a febrile prodrome preceding a rash that started on the face and body, spread centrifugally to the palms and soles and healed monomorphically over two to four weeks. However, in the 2022 outbreak, the febrile illness is often absent or occurs after the onset of the rash. The rash presents primarily in the anogenital region and face before disseminating throughout the body, with lesions displaying regional pleomorphism. There is a paucity of data for the role of antiviral agents or vaccines. The epidemiology and clinical course of mpox has changed in the 2022 epidemic from that observed with the endemic disease. There is an urgent need to establish rapid and collaborative research platforms to diagnose, treat and prevent disease and inform important public health and other strategies to stop the spread of disease.",Brincidofovir; Human monkeypox; Narrative review; Orthopoxvirus; Tecovirimat; Vaccine
37212312,Presymptomatic viral shedding in high-risk mpox contacts: A prospective cohort study.,"Isabel Brosius, Christophe Van Dijck, Jasmine Coppens, Leen Vandenhove, Eugene Bangwen, Fien Vanroye, Jacob Verschueren, Sabine Zange, Joachim Bugert, Johan Michiels, Emmanuel Bottieau, Patrick Soentjens, Johan van Griensven, Chris Kenyon, Kevin K Ariën, Marjan Van Esbroeck, Koen Vercauteren, Laurens Liesenborghs",Journal of medical virology. 2023. doi: 10.1002/jmv.28769..,Brosius,Journal of medical virology,2023,2023/05/01,,,10.1002/jmv.28769,"The risk of infection after exposure to clade IIb mpox virus (MPXV) is unknown, and potential presymptomatic shedding of MPXV remains to be demonstrated. High-risk contacts of mpox patients were followed-up in a prospective longitudinal cohort study. Individuals reporting sexual contact, >15 min skin-to-skin contact, or living in the same household with an mpox patient were recruited in a sexual health clinic in Antwerp, Belgium. Participants kept a symptom diary, performed daily self-sampling (anorectal, genital, and saliva), and presented for weekly clinic visits for physical examination and sampling (blood and oropharyngeal). Samples were tested for MPXV by PCR. Between June 24 and July 31, 2022, 25 contacts were included, of which 12/18 (66.0%) sexual and 1/7 (14.0%) nonsexual contacts showed evidence of infection by MPXV-PCR. Six cases had typical mpox symptoms. Viral DNA was detected as early as 4 days before symptom onset in 5 of them. In 3 of these cases, replication-competent virus was demonstrated in the presymptomatic phase. These findings confirm the existence of presymptomatic shedding of replication-competent MPXV and emphasize the high risk of transmission during sexual contact. Sexual contacts of mpox cases should abstain from sex during the incubation period, irrespective of symptoms.",monkeypox virus; mpox; presymptomatic; transmission; viral shedding
38249378,Cases of Monkeypox show highly-overlapping co-infection with HIV and syphilis.,"Lin Jia, Benyong Yan, Yuan Fang, Xiaodong Yang, Han Jia, Mei Zhang, Shuang Li, Yang Zhang, Wen Wang, Caiping Guo, Tong Zhang, Xiaojie Huang, Taiyi Jiang",Frontiers in public health. 2024. doi: 10.3389/fpubh.2023.1276821..,Jia,Frontiers in public health,2023,2024/01/05,,,10.3389/fpubh.2023.1276821,"PURPOSE: Ongoing Monkeypox (MPX) outbreaks in countries outside Africa have unique characteristics. However, data on cohorts of confirmed cases in China is limited. The study provides important epidemiological, diagnostic, and clinical information about this disease in China. METHODS: We report a series of Chinese individuals with confirmed MPX infections identified at Beijing Youan Hospital (China) from June 10 to July 15, 2023. Samples were taken from the skin, anus, throat, and blood. An epidemiological questionnaire was used to collect demographic and clinical data. Further, we compared the MPX viral (MPXV) loads across different anatomical sites. RESULTS: 66 samples were collected from 20 patients, all of whom were cisgender men. Median patient age was 29 years. Notably, 19 (95%) patients reported unprotected sexual encounters with men in the preceding month, and 13 (65%) were human immunodeficiency virus (HIV)-positive. Among those with HIV, 12 (92%) were receiving antiretroviral therapy, and 11 (85%) had well-controlled infections (HIV viral load <40/mL). The median CD4+ T cell count was 667 cells/mm3. In the HIV-negative group, three (43%) patients were taking preexposure prophylaxis. Fifteen patients (75%) had concurrent sexually transmitted infections (50% had syphilis and 65% had HIV) and eight (40%) had HIV and syphilis co-infection. MPXV loads were significantly higher in samples from the skin (cycle threshold value [Ct value]: 19·0) and anus (Ct value: 23.0) compared to samples from the throat (Ct value: 31.0) or blood (Ct value: 34.5). All patients had skin lesions (85% of whom presented with anogenital lesions). Common systemic symptoms included fever (85%) and lymphadenopathy (55%). The median incubation period was 8 d [interquartile range (IQR): 6-16 d]. The median time from the onset of skin lesions to scab removal was 14 d (IQR: 10-16 d). No deaths or severe cases were reported. CONCLUSION: MPXV primarily affects young homosexual men. The high MPXV viral loads in skin and anal lesions indicate that transmission most likely occurs through direct and close body contact. This study also reports high rates of HIV and syphilis co-infection. Therefore, preventive efforts should focus on homosexual men.",Monkeypox; clinical features; sexually transmitted infection; transmission routes; viral loads
38271932,"Epidemiological, clinical and virological characteristics of patients with monkeypox. A retrospective study.","Patricia A Fernández Pardal, Lucila Marchetta, María Gracia Funes Ghigi, María Belén Bouzas, Lilia Mammana, María Javiera Perelló, José Luis Francos, Ignacio Braga, Daniela Masini, Pablo A Saúl, Viviana Leiro",Medicina. 2024.,Fernández,Medicina,2024,2024/01/01,,,,"INTRODUCTION: The outbreak of monkeypox occurred in 2022 and led to a fast spread of the disease worldwide. The goal of this study is to describe the epidemiological, clinical, virological and evolving characteristics of the disorder. METHODS: We conducted a retrospective, observational and analytical study between July and October, 2022, in a Dermatology Unit. RESULTS: 124 subjects were included. Mean age was 31.5 years, 123 (99.2%) were men and 75 (60.5%) were HIV positive. The main transmission route was sexual and the incubation period was 7 days. The onset of the rash were the genitalia and perianal region in 74.2% of cases, and median time elapsed until the last scab fell off was 16 days. All patients developed a vesicular rash and 86.3% of them had systemic symptoms. Disease was moderate in 68.5% of patients and complications occurred most often when systemic symptoms and/or disseminated skin disease were present. Proctitis was the most frequent complication (59.4%) and its greater incidence was seen in the population with HIV. No significant difference was observed in real-time PCR cycle threshold values with regards to type of sample or duration of disease. Survival rate was 99.2% and other concomitant sexually transmitted infections were detected in 33.8% of patients. DISCUSSION: It is important to suspect the disease in subjects with high-risk sexual practices and a consistent clinical presentation. Swab samples of lesions as well as of scabs have proven useful for the diagnosis.",HIV; monkeypox; rash; skin; virosis
36252152,Monkeypox after Occupational Needlestick Injury from Pustule.,"João P Caldas, Sofia R Valdoleiros, Sandra Rebelo, Margarida Tavares",Emerging infectious diseases. 2022. doi: 10.3201/eid2812.221374..,Caldas,Emerging infectious diseases,2022,2022/10/17,,,10.3201/eid2812.221374,"We report a case of monkeypox in a physician after an occupational needlestick injury from a pustule. This case highlights risk for occupational transmission and manifestations of the disease after percutaneous transmission: a short incubation period, followed by a solitary lesion at the injured site and later by systemic symptoms.",MPXV; Portugal; emerging communicable diseases; injuries; monkeypox; monkeypox virus; needlestick injury; occupational exposure; postexposure prophylaxis; pustule; viruses; zoonoses
36345424,The current Monkeypox outbreak: Updates and concerns.,"Abdurrahman Najeeb, Youssef M Eltalkhawy, Omnia Reda",Journal of Taibah University Medical Sciences. 2022. doi: 10.1016/j.jtumed.2022.08.001..,Najeeb,Journal of Taibah University Medical Sciences,2023,2022/08/26,,,10.1016/j.jtumed.2022.08.001,"Since 1958 witnessed the detection of Monkeypox virus in monkeys, no human infection was encountered until 1970. Afterwards, zoonotic transmission was the rule near African rainforests, mainly in DRC. Most cases occurred in children who weren't immunized against smallpox. Since 2003 and the first human infection in the USA, research was accelerated. Two clades were identified with different virulence, demographic distribution and transmissibility. The mean age of infection increased with waning smallpox vaccine immunity. Mild febrile prodrome can precede lymphadenopathy, which doesn't occur in smallpox. Homogenous crops of lesions appear in stages until scabs fall and contagiosity ends. However, since May outbreak, cases started to appear in non-endemic areas, human transmission increased and was linked to close sexual contact especially in MSM community. Lesions were found mainly perioral, at genitals and perianal. Newer system for nomenclature was suggested in which there are 3 viral clades and the responsible clade for the outbreak is clade 3 (lineage B.1). About 50 mutations were detected compared with the strains isolated 4 years ago. Gene loss and APOBEC3 may be related to accelerated mutation rate which may accelerate human transmission. Previous mistakes in failure to allocate available vaccines to control the disease in previously endemic areas should be avoided and rapid ring vaccination of potential contacts and those at risk should be a priority. Case isolation, contact isolation or tracing for an incubation period, standard measures for airborne infections and safe sex should be implanted in the light of the current uncertainty.",Africa; Control; Diagnosis; Monkeypox; Prevention; Transmission
37014716,Time Scales of Human Mpox Transmission in The Netherlands.,"Fuminari Miura, Jantien A Backer, Gini van Rijckevorsel, Roisin Bavalia, Stijn Raven, Mariska Petrignani, Kylie E C Ainslie, Jacco Wallinga",The Journal of infectious diseases. 2024. doi: 10.1093/infdis/jiad091..,Miura,The Journal of infectious diseases,2024,2024/03/14,,,10.1093/infdis/jiad091,"Mpox has spread rapidly to many countries in nonendemic regions. After reviewing detailed exposure histories of 109 pairs of mpox cases in the Netherlands, we identified 34 pairs where transmission was likely and the infectee reported a single potential infector with a mean serial interval of 10.1 days (95% credible interval, 6.6-14.7 days). Further investigation into pairs from 1 regional public health service revealed that presymptomatic transmission may have occurred in 5 of 18 pairs. These findings emphasize that precaution remains key, regardless of the presence of recognizable symptoms of mpox.",Monkeypox virus; mpox; presymptomatic transmission; reproduction number; serial interval
21373379,"Efficacy of CMX001 as a post exposure antiviral in New Zealand White rabbits infected with rabbitpox virus, a model for orthopoxvirus infections of humans.","Amanda D Rice, Mathew M Adams, Greg Wallace, Andrew M Burrage, Scott F Lindsey, Andrew J Smith, Daniele Swetnam, Brandi R Manning, Stacey A Gray, Bernhard Lampert, Scott Foster, Randall Lanier, Alice Robertson, George Painter, Richard W Moyer",Viruses. 2011. doi: 10.3390/v3010047..,Rice,Viruses,2011,2011/01/01,,,10.3390/v3010047,"CMX001, a lipophilic nucleotide analog formed by covalently linking 3-(hexdecyloxy)propan-1-ol to cidofovir (CDV), is being developed as a treatment for smallpox. In the absence of human cases of smallpox, new treatments must be tested for efficacy in animal models. Previously, we demonstrated the efficacy of CMX001 in protecting New Zealand White rabbits from mortality following intradermal infection with rabbitpox virus as a model for smallpox, monkeypox and for treatment of adverse reactions to smallpox vaccination. Here we extend these studies by exploring different dosing regimens and performing randomized, blinded, placebo-controlled studies. In addition, because rabbitpox virus can be transmitted via naturally generated aerosols (animal to animal transmission), we report on studies to test the efficacy of CMX001 in protecting rabbits from lethal rabbitpox virus disease when infection occurs by animal to animal transmission. In all cases, CMX001 treatment was initiated at the onset of observable lesions in the ears to model the use of CMX001 as a treatment for symptomatic smallpox. The results demonstrate that CMX001 is an effective treatment for symptomatic rabbitpox virus infection. The rabbitpox model has key similarities to human smallpox including an incubation period, generalized systemic disease, the occurrence of lesions which may be used as a trigger for initiating therapy, and natural animal to animal spread, making it an appropriate model.",CMX001; antiviral; poxvirus; rabbitpox; smallpox treatment
36991417,A cross-sectional survey of public knowledge of the monkeypox disease in Nigeria.,"Ahmad Ibrahim Al-Mustapha, Oluwaseun Adeolu Ogundijo, Nafisah Ayinde Sikiru, Barakat Kolawole, Muftau Oyewo, Hager El-Nadi, Ashiru Mohammed Mustapha, Lucky Icomiare Adebudo, Adesoji Odukoya, Emmanuella Chinenye Asiegbu, Magdalene B Nanven, Taibat Lawal-Atolagbe, Fatima Lawal-Lah, Oladayo David Awoyale, Ahmed Tijani Abubakar, Kabiru Sahabi, Zaharadeen S Babandi",BMC public health. 2023. doi: 10.1186/s12889-023-15398-0..,Al-Mustapha,BMC public health,2023,2023/03/29,,,10.1186/s12889-023-15398-0,"The Monkeypox Disease (MPXD) gained attention due to its widened geographical distribution outside of Africa, Hence, a it was declared a global health emergency. The index case in Europe was from a Nigerian traveller. This study assessed public awareness and knowledge of the MPXD by conducting an online, cross-sectional survey of educated Nigerians. A total of 822 respondents were recruited using the snowball sampling method between the 16th to 29th of August 2022. More responses were retrieved from the Northeastern geopolitical region (30.1%, n=220) than other regions. Descriptive statistics revealed that 89% (n=731/822) of the study participants were aware of the MPXD but only 58.7% (n=429/731) of them had good knowledge of the disease with a mean knowledge score of 5.31±2.09. The main knowledge gaps were in the incubation period of the disease, the signs and symptoms, its mode of transmission, and preventive practices needed to curb the spread of the monkeypox virus (MPXV). Specifically, only 24.5% (n=179) of them knew that MPXV can be transmitted via sexual contact. Most of the study participants (79.2%, n=651) opined that we can prevent the occurrence of public health emergencies in the future. The multivariable logistic regression analysis revealed that of the socio-demographic variables, the male gender (OR: 1.69; 95% CI: 1.22,2.33); Ph.D. level education (1.44; 95% CI: 1.048,4.23); and being homosexual (OR:1.65; 95% CI: 1.07,3.78) were significantly associated with good knowledge of MPXD. Despite the varying prevalence across the country, the region of residence within Nigeria did not influence the knowledge of MPXD among the respondents. The knowledge gaps necessitate intensified public health risk communication with a focus on modes of transmission and the preventive measures needed to curb the spread of the MPXV.",Awareness; MPXD; Monkeypox; Nigeria
37386209,A systematic review to identify novel clinical characteristics of monkeypox virus infection and therapeutic and preventive strategies to combat the virus.,"Santenna Chenchula, Mohan Krishna Ghanta, Krishna Chaitanya Amerneni, Padmavathi Rajakarunakaran, Madhu Bhargavi Chandra, Madhavrao Chavan, Rupesh Gupta",Archives of virology. 2023. doi: 10.1007/s00705-023-05808-4..,Chenchula,Archives of virology,2023,2023/06/29,,,10.1007/s00705-023-05808-4,"Since May 2022, there has been a global increase in the number of Mpox virus (MPXV) cases in countries that were previously considered non-endemic. In July 2022, the World Health Organization (WHO) declared this outbreak a public health emergency of international concern. The objective of this systematic review is to examine the novel clinical features of Mpox and to assess the available treatment options for managing the disease in patients who are afflicted with it. We conducted a systematic search in several databases, including PubMed, Google Scholar, Cochrane Library, and the grey literature, from May 2022 to February 2023. We identified 21 eligible studies, which included 18,275 Mpox cases, for final qualitative analysis. The majority of cases were reported in men who have sex with men (MSM) and immunocompromised individuals with HIV (36.1%). The median incubation period was 7 days (IQR: 3-21). The novel clinical manifestations include severe skin lesions on the palms, oral and anogenital regions, as well as proctitis, penile edema, tonsillitis, ocular disease, myalgia, lethargy, and sore throat, without any preceding prodromal symptoms or systemic illness. In addition, fully asymptomatic cases were documented, and various complications, including encephalomyelitis and angina, were noted. Clinicians must be familiar with these novel clinical characteristics, as they can aid in testing and tracing such patients, as well as asymptomatic high-risk populations such as heterosexuals and MSM. In addition to supportive care, currently, there are several effective prophylactic and treatment strategies available to combat Mpox, including the vaccines ACAM2000 and MVA-BN7, as well as the immunoglobulin VIGIV and the antivirals tecovirimat, brincidofovir, and cidofovir against severe Mpox infection.",Clinical manifestations; Monkeypox; Monkeypox outbreak 2022; Mpox; Tecovirimat; Vaccines
40083097,Mpox: there is still risk of global outbreak.,"Silvano Esposito, Chiara D'Amore, Flora Salzano, Pasquale Pagliano","Journal of chemotherapy (Florence, Italy). 2025. doi: 10.1080/1120009X.2025.2476830..",Esposito,"Journal of chemotherapy (Florence, Italy)",2026,2025/03/13,,,10.1080/1120009X.2025.2476830,"Mpox is an emerging zoonosis that was first described in African animals, including monkeys, small rodents, and Gambian marsupial rats. It has since been identified as a sexually transmitted infection among humans. The disease is characterized by an incubation period ranging from 5 to 21 days, with the prodromal phase typically presenting nonspecific symptoms. The incubation period is followed by the development of the characteristic vesicular skin lesions that are the hallmarks of Mpox. Over the years, small outbreaks of Mpox have occurred regularly in Central and West Africa. In July 2022, the World Health Organization (WHO) declared the outbreak a Public Health Emergency of International Concern (PHEIC), due to the rapid spread of the virus in non-endemic countries. On May 11, 2023, WHO declared the end of the Mpox emergency, considering a significant decline in reported cases. As of October 2024, the true impact of this infection on international public health remains unclear.",Africa; HIV; Monkeypox; STD; mpox; outbreak
35924712,Monkeypox 2022: A Primer and Identify-Isolate-Inform (3I) Tool for Emergency Medical Services Professionals.,"Kristi L Koenig, Christian K Beÿ, Aileen M Marty",Prehospital and disaster medicine. 2022. doi: 10.1017/S1049023X22001121..,Koenig,Prehospital and disaster medicine,2022,2022/08/04,,,10.1017/S1049023X22001121,"Monkeypox 2022 exhibits unprecedented human-to-human transmission and presents with different clinical features than those observed in prior outbreaks. Previously endemic only to West and Central Africa, the monkeypox virus spread rapidly world-wide following confirmation of a case in the United Kingdom on May 7, 2022 of an individual that had traveled to Nigeria. Detection of cases with no travel history confirms on-going community spread. Emergency Medical Services (EMS) professionals will likely encounter patients suspected or confirmed to have monkeypox, previously a rare disease and therefore unfamiliar to most clinicians. Consequently, it is critical for EMS medical directors to immediately implement policies and procedures for EMS teams - including emergency medical dispatchers - to identify potential monkeypox cases. These must include direction on actions EMS professionals should take to protect themselves and others from virus transmission. Monkeypox 2022 may manifest more subtly than it has historically. Presentations include a subclinical prodrome and less dramatic skin lesions - potentially limited to genital or anal body regions - which can be easily confused with dermatologic manifestations of common sexually transmitted infections (STIs). While most readily spread by close contact with infectious skin lesions on a patient, it is also transmissible from fomites, such as bed sheets. Additionally, droplet transmission can occur, and the virus can be spread by aerosolization under certain conditions. The long incubation period could have profound negative consequences on EMS staffing if clinicians are exposed to monkeypox. This report summarizes crucial information needed for EMS professionals to understand and manage the monkeypox 2022 outbreak. It presents an innovative Identify-Isolate-Inform (3I) Tool for use by EMS policymakers, educators, and clinicians on the frontlines who may encounter monkeypox patients. Patients are identified as potentially exposed or infected after an initial assessment of risk factors with associated signs and symptoms. Prehospital workers must immediately don personal protective equipment (PPE) and isolate infectious patients. Also, EMS professionals must report exposures to their agency infection control officer and alert health authorities for non-transported patients. Prehospital professionals play a crucial role in emerging and re-emerging infectious disease mitigation. The monkeypox 2022 3I Tool includes knowledge essential for all clinicians, plus specific information to guide critical actions in the prehospital environment.",Emergency Medical Services; emergency medical dispatch; infectious disease outbreak; monkeypox; patient isolation
27191380,Extended Human-to-Human Transmission during a Monkeypox Outbreak in the Democratic Republic of the Congo.,"Leisha Diane Nolen, Lynda Osadebe, Jacques Katomba, Jacques Likofata, Daniel Mukadi, Benjamin Monroe, Jeffrey Doty, Christine Marie Hughes, Joelle Kabamba, Jean Malekani, Pierre Lokwa Bomponda, Jules Inonga Lokota, Marcel Pie Balilo, Toutou Likafi, Robert Shongo Lushima, Benoit Kebela Ilunga, Frida Nkawa, Elisabeth Pukuta, Stomy Karhemere, Jean-Jacques Muyembe Tamfum, Beatrice Nguete, Emile Okitolonda Wemakoy, Andrea M McCollum, Mary G Reynolds",Emerging infectious diseases. 2016. doi: 10.3201/eid2206.150579..,Nolen,Emerging infectious diseases,2016,2016/06/01,,,10.3201/eid2206.150579,"A >600% increase in monkeypox cases occurred in the Bokungu Health Zone of the Democratic Republic of the Congo during the second half of 2013; this increase prompted an outbreak investigation. A total of 104 possible cases were reported from this health zone; among 60 suspected cases that were tested, 50 (48.1%) cases were confirmed by laboratory testing, and 10 (9.6%) tested negative for monkeypox virus (MPXV) infection. The household attack rate (i.e., rate of persons living with an infected person that develop symptoms of MPXV infection) was 50%. Nine families showed >1 transmission event, and >6 transmission events occurred within this health zone. Mean incubation period was 8 days (range 4-14 days). The high attack rate and transmission observed in this study reinforce the importance of surveillance and rapid identification of monkeypox cases. Community education and training are needed to prevent transmission of MPXV infection during outbreaks.",Africa; Democratic Republic of the Congo; animal diseases; incubation; monkeypox; monkeypox virus; orthopoxvirus; transmission; viruses; zoonosis
36249992,Monkeypox 2022 Identify-Isolate-Inform: A 3I Tool for frontline clinicians for a zoonosis with escalating human community transmission.,"Kristi L Koenig, Christian K Beÿ, Aileen M Marty","One health (Amsterdam, Netherlands). 2022. doi: 10.1016/j.onehlt.2022.100410..",Koenig,"One health (Amsterdam, Netherlands)",2022,2022/06/24,,,10.1016/j.onehlt.2022.100410,"Monkeypox 2022, a zoonotic virus similar to smallpox, presented as a rapidly escalating human outbreak with community transmission outside endemic regions of Africa. In just over one month of detection, confirmed cases escalated to over 3300, with reports of patients in at least 43 non-African nations. Mechanisms of transmission in animals and the reservoir host remain uncertain; spread from humans to wild or domestic animals risks the creation of new endemic zones. While initial cases were reported in men who have sex with men (MSM), monkeypox is not considered a sexually transmitted infection. Anyone with close contact with an infected person, aerosolized infectious material (e.g., from shaken bedsheets), or contact with fomites or infected animals is at risk. In humans, monkeypox typically presents with a non-specific prodromal phase followed by a classic rash with an incubation period of 5-21 days (usually 6-13 days). The prodrome may be subclinical, and the monkeypox virus may be transmissible from person-to-person before observed symptom onset. Most clinicians are unfamiliar with monkeypox. Information is rapidly evolving, producing an urgent need for immediate access to clear, concise, fact-based, and actionable information for frontline healthcare workers in prehospital, emergency departments/hospitals, and acute care/sexual transmitted infection clinics. This paper provides a novel Identify-Isolate-Inform (3I) Tool for the early detection and management of patients under investigation for monkeypox 2022. Patients are identified as potentially exposed or infected after an initial assessment of risk factors and signs/symptoms. Management of exposed patients includes consideration of quarantine and post-exposure prophylaxis with a smallpox vaccine. For infectious patients, providers must immediately don personal protective equipment and isolate patients. Healthcare workers must report suspected and confirmed cases in humans or animals to public health authorities. This innovative 3I Tool will assist emergency, primary care, and prehospital clinicians in effectively managing persons with suspected or confirmed monkeypox.",3I; Climate change; Clinical; Identify-isolate-inform; Monkeypox; Orthopox virus; Outbreak; Prodrome; Quarantine; Rash; Smallpox; Transmission; Worldwide; Zoonotic virus
37073653,"Outbreak of Monkeypox Virus Disease: An Update on Epidemiology, Pathophysiology and Available Treatment Options.","Akash Kumar, Neeti Angaria, Gurvinder Singh, Rajesh Kumar",Infectious disorders drug targets. 2023. doi: 10.2174/1871526523666230418121045..,Kumar,Infectious disorders drug targets,2023,2023/01/01,,,10.2174/1871526523666230418121045,"The monkeypox virus is a zoonotic illness with a tropical distribution in Africa, and around the world. The disease is spread through contact with infected animals or humans, and can also be spread from person to person through close contact with respiratory or bodily fluids. Fever, swollen lymph nodes, blisters, and crusted rashes characterize the disease. The incubation period is five to twenty-one days. It is difficult to distinguish the rash caused by infection from varicella and smallpox. Laboratory investigations are essential aspects of illness diagnosis and surveillance, and novel tests are required for more accurate and faster diagnosis. Antiviral drugs are being used to treat monkeypox. Scarring as well as other comorbidities, are prevalent in survivors, with the case mortality rate varying from 1 to 11%. The virus was found in monkeys at a Danish research facility in 1958, from which the term 'monkeypox' is derived. The primary human case was found in a child in the Democratic Republic of the Congo (DRC) in 1970. The World Health Organisation (WHO) has recently declared monkeypox a public health emergency of international concern. This manuscript attempts to review the various aspects of monkeypox disease and its allopathic as well as alternative treatment options available and serves as a valuable resource for healthcare professionals, researchers, and the general public.",Monkeypox; antivirals; chickenpox; herbs; outbreak; smallpox; zoonotic viral disease
36130210,Serial intervals and incubation periods of the monkeypox virus clades.,"Shuqi Wang, Fengdi Zhang, Zhilu Yuan, Mingda Xu, Zhen Wang, Chao Gao, Renzhong Guo, Zhanwei Du",Journal of travel medicine. 2022. doi: 10.1093/jtm/taac105..,Wang,Journal of travel medicine,2022,2022/12/27,,,10.1093/jtm/taac105,,"[MeSH] Humans; [MeSH] Monkeypox virus; [MeSH] Infectious Disease Incubation Period; [MeSH] Mpox, Monkeypox"
29927927,Intranasal monkeypox marmoset model: Prophylactic antibody treatment provides benefit against severe monkeypox virus disease.,"Eric M Mucker, Suzanne E Wollen-Roberts, Adrienne Kimmel, Josh Shamblin, Darryl Sampey, Jay W Hooper",PLoS neglected tropical diseases. 2018. doi: 10.1371/journal.pntd.0006581..,Mucker,PLoS neglected tropical diseases,2018,2018/06/21,,,10.1371/journal.pntd.0006581,"Concerns regarding outbreaks of human monkeypox or the potential reintroduction of smallpox into an immunological naïve population have prompted the development of animal models and countermeasures. Here we present a marmoset model of monkeypox and smallpox disease utilizing a relevant poxvirus via a natural exposure route. We found that 1000 plaque forming units (PFU) of Monkeypox virus was sufficient to recapitulate smallpox disease, to include an incubation period of approximately 13 days, followed by the onset of rash, and death between 15 and 17 days. Temporally accurate manifestation of viremia and oral shedding were also features. The number of lesions ranged from no lesions to 299, the most reported in a marmoset exposed to a poxvirus. To both evaluate the efficacy of our antibodies and the applicability of the model system, marmosets were prophylactically treated with two monoclonal antibodies, c7D11 and c8A. Of three marmosets, two were completely free of disease and a single marmoset died 8 days after the mock (n = 1) or PBS control(s) (n = 2). Evaluation of the serum levels of the three animals provided a possible explanation to the animal succumbing to disease. Interestingly, more females had lesions (and a greater number of lesions) and lower viral burden (viremia and oral shedding) than males in our studies, suggesting a possible gender effect.","[MeSH] Animals; [MeSH] Antibodies, Monoclonal; [MeSH] Antibodies, Viral; [MeSH] Callithrix; [MeSH] Disease Models, Animal; [MeSH] Female; [MeSH] Humans; [MeSH] Male; [MeSH] Mpox, Monkeypox; [MeSH] Monkeypox virus; [MeSH] Viral Load"
38781950,Incubation Period and Serial Interval of Mpox in 2022 Global Outbreak Compared with Historical Estimates.,"Luis Ponce, Natalie M Linton, Wu Han Toh, Hao-Yuan Cheng, Robin N Thompson, Andrei R Akhmetzhanov, Jonathan Dushoff",Emerging infectious diseases. 2024. doi: 10.3201/eid3006.231095..,Ponce,Emerging infectious diseases,2024,2024/06/01,,,10.3201/eid3006.231095,"Understanding changes in the transmission dynamics of mpox requires comparing recent estimates of key epidemiologic parameters with historical data. We derived historical estimates for the incubation period and serial interval for mpox and contrasted them with pooled estimates from the 2022 outbreak. Our findings show the pooled mean infection-to-onset incubation period was 8.1 days for the 2022 outbreak and 8.2 days historically, indicating the incubation periods remained relatively consistent over time, despite a shift in the major mode of transmission. However, we estimated the onset-to-onset serial interval at 8.7 days using 2022 data, compared with 14.2 days using historical data. Although the reason for this shortening of the serial interval is unclear, it may be because of increased public health interventions or a shift in the mode of transmission. Recognizing such temporal shifts is essential for informed response strategies, and public health measures remain crucial for controlling mpox and similar future outbreaks.",global outbreak; incubation period; monkeypox virus; mpox; rash; serial interval; viruses
39638290,"Epidemiological characteristics and risk factors of suspected and confirmed mpox cases during the 2022-2023 epidemic in the Capital Region, Korea.","Mingyeol Shim, Soo Hyeon Cho, Seung Eun Lee, Taeyoung Kim",Epidemiology and health. 2024. doi: 10.4178/epih.e2024092..,Shim,Epidemiology and health,2024,2024/11/24,,,10.4178/epih.e2024092,"OBJECTIVES: This study investigated the general characteristics of laboratory-confirmed mpox patients in the Capital Region of Korea, as well as the risk factors for mpox infection, particularly focusing on the characteristics of polymerase chain reaction (PCR)-positive and PCR-negative cases. METHODS: We investigated 160 adults, excluding 4 minors, from 164 suspected mpox patients reported in Seoul, Gyeonggi, Incheon, and Gangwon from June 21, 2022 to October 31, 2023. Data were collected via telephone and face-to-face interviews. A statistical analysis of the general characteristics of the infection was conducted using frequency analysis and logistic regression. RESULTS: Of the 160 suspected cases of mpox, 59.3% (n=95) tested positive via mpox-PCR. Among the confirmed cases, 97.9% (n=93) were male. PCR-positive patients typically presented with genital and anal skin rashes or mucosal lesions, accompanied by pain. Additionally, 35.5% (n=33) of the male patients had human immunodeficiency virus (HIV) infections. Most confirmed cases (94.7%, 90/95) were believed to have contracted mpox through sexual contact during the maximal incubation period of 21 days prior to symptom onset, with a significant number reporting same-sex or casual contact. The most commonly collected and highest-yielding specimens from PCR-positive patients were from skin or mucosal lesions, whereas blood samples demonstrated the lowest percent positivity. CONCLUSIONS: In the Capital Region, most PCR-positive cases were male patients in their 30s who had sexual contacts and exhibited symptoms, aligning with findings from previous studies. These results provide a foundation for the differential diagnosis concerning mpox infection and the selection of PCR-test samples in clinical settings.",Human immunodeficiency virus; Mpox (monkeypox); Sexually transmitted diseases
35713026,"Estimated incubation period for monkeypox cases confirmed in the Netherlands, May 2022.","Fuminari Miura, Catharina E van Ewijk, Jantien A Backer, Maria Xiridou, Eelco Franz, Eline Op de Coul, Diederik Brandwagt, Brigitte van Cleef, Gini van Rijckevorsel, Corien Swaan, Susan van den Hof, Jacco Wallinga",Euro surveillance : bulletin Europeen sur les maladies transmissibles = European communicable disease bulletin. 2022. doi: 10.2807/1560-7917.ES.2022.27.24.2200448..,Miura,Euro surveillance : bulletin Europeen sur les maladies transmissibles = European communicable disease bulletin,2022,2022/06/01,,,10.2807/1560-7917.ES.2022.27.24.2200448,"In May 2022, monkeypox outbreaks have been reported in countries not endemic for monkeypox. We estimated the monkeypox incubation period, using reported exposure and symptom-onset times for 18 cases detected and confirmed in the Netherlands up to 31 May 2022. Mean incubation period was 9.0 [corrected] days (5th-95th percentiles: 4.2-17.3), underpinning the current recommendation to monitor or isolate/quarantine case contacts for 21 days. However, as the incubation period may differ between different transmission routes, further epidemiological investigations are needed.",Monkeypox; epidemiology; incubation period; modelling; poxvirus; quarantine; smallpox; statistics; symptom onset; varicella virus infection (chickenpox)
37861345,Comparison of clinical course of Mpox among HIV-negative and HIV-positive patients: A 2022 cohort of hospitalized patients in Central Europe.,"Jacek Kowalski, Iwona Cielniak, Ewelina Garbacz-Łagożna, Grażyna Cholewińska-Szymańska, Miłosz Parczewski",Journal of medical virology. 2023. doi: 10.1002/jmv.29172..,Kowalski,Journal of medical virology,2023,2023/10/01,,,10.1002/jmv.29172,"Mpox has become the most significant orthopoxviral infection among humans. Since May 2022, there has been a multicountry outbreak of mpox across six continents. Retrospective observational cohort study of 94 patients with probable or confirmed mpox of whom 86.2% were hospitalized in Hospital for Infectious Diseases in Warsaw, Poland between May 16 and October 30, 2022. Most patients were young (median age: 31, IQR: 25-43 years), predominantly (88.3%) Polish men who have sex with men exposed most commonly in Poland (82.7%), Spain (6.2%), or Germany (4.9%). The median observed mpox incubation period was 7 (IQR: 4-8) days with the median hospitalization time of 7 (range: 2-24, IQR: 5-11) days. History of sexually transmitted infections (STIs) was common in the group (previous syphilis or hepatitis C virus in 33.3% and 17.3%, respectively, 6.2% of early syphilis or gonorrhea). A significant proportion (n = 43, 45.7%) of mpox cases were people with human immunodeficiency virus (HIV), all except one were on stable and virologically effective (88.4% with HIV viral load <50 copies/mL) antiretroviral treatment. Chemsex was reported in 34.6% of hospitalized cases, more commonly among people with HIV (48.5% vs. 25.0%, p = 0.029). None of the mpox infected patients presented with advanced HIV infection. Despite the fact that 6.3% of cases presented with >50 skin lesions the course of the disease was self-limited with no severe cases or deaths. There were no significant clinical or laboratory differences or complication rates between patients with and without HIV coinfection. Epidemiological and clinical characteristics of mpox in Poland are similar to other countries, but there were no targeted, population oriented interventions or vaccination programs. Mpox diagnosis provided an opportunity to screen and diagnose other STIs. As Central European populations, including refugees from Ukraine, are largely unvaccinated against mpox access to preventive vaccinations and antiviral therapy should be maximized.",HIV infection; Poland; mpox; outbreak; year 2022
40078742,"Epidemiology and characteristics of identified early mpox cases in Guangdong Province, China: Implications for prevention and control.","Yinan Zong, Yuwei Yang, Dongfeng Kong, Jianxiong Xu, Zimian Liang, Fengxiang Shi, Jianhua Huang, Min Kang, Haojie Zhong, Wenjia Liang, Yan Li",Biosafety and health. 2023. doi: 10.1016/j.bsheal.2023.10.003..,Zong,Biosafety and health,2023,2023/10/18,,,10.1016/j.bsheal.2023.10.003,"In June 2023, the 2022 global mpox (monkeypox) outbreak began to affect Guangdong Province, one of the first regions in mainland China to report mpox cases. By July 10, 2023, 93 mpox cases had been reported in Guangdong Province. This study describes the epidemiological characteristics of these patients by collecting and analyzing data on demographics, sexual behavior, medical history, travel history, clinical symptoms, and diagnostic pathways and processes. The 93 mpox cases were all men aged 20-48 years, 95.70 % were men who have sex with men (MSM), and 48.39 % were HIV-positive. A few cases were married (to women) or living with children. The rash was present in almost all cases (98.91 %), with the most common sites being the genital and perianal areas (70.33 %). Intimate sexual contact was suspected to be the main route of infection, with a median incubation period of 8.5 days (IQR 5.0-11.8). The number of cases increased rapidly, and most patients had no history of international travel, suggesting sustained community transmission within the MSM population in Guangdong Province. In addition, 93.55 % of cases were detected by medical institutions, and more than half of these patients had two or more hospital visits before being diagnosed as an mpox case, indicating that clinicians need further training to increase their sensitivity to mpox. Targeted interventions should prioritize MSM while remaining vigilant for transmission to other populations, such as women and children.",Epidemiology; MSM; Monkeypox virus; Mpox
37195290,An Atypical Presentation of Mpox Transmitted Between Transgender Men Through Oral Sex.,"Jenna M Wick, Alex Pelliccione, Christian Lee-Rodriguez, H Nicole Tran, Patrick E McCleskey, Aran Nichol, Jacek Skarbinski",Sexually transmitted diseases. 2023. doi: 10.1097/OLQ.0000000000001831..,Wick,Sexually transmitted diseases,2023,2023/05/12,,,10.1097/OLQ.0000000000001831,"The current multicountry outbreak of mpox in 2022 is the first occurrence of widespread transmission in nonendemic countries. Prior cases in the United States involved exposure through foreign travel or direct contact with infected rodents. Reports of the current outbreak have predominately described spread through sexual encounters between cis-gender men who have sex with men. We report a unique case of mpox in which the transmission occurred through oral sex between 2 transgender men, with a short incubation period and progressive asynchronous emergence of lesions. Continued analysis of transmission routes and awareness will improve timely prevention, diagnosis and treatment.","[MeSH] Humans; [MeSH] Male; [MeSH] Transgender Persons; [MeSH] Homosexuality, Male; [MeSH] Mpox, Monkeypox; [MeSH] Sexual and Gender Minorities; [MeSH] Disease Outbreaks; [MeSH] Female"
38666400,"Scenarios of future mpox outbreaks among men who have sex with men: a modelling study based on cross-sectional seroprevalence data from the Netherlands, 2022.","Marc C Shamier, Luca M Zaeck, Hannelore M Götz, Bruno Vieyra, Babs E Verstrepen, Koen Wijnans, Matthijs Ra Welkers, Elske Hoornenborg, Brigitte Agl van Cleef, Martin E van Royen, Kai J Jonas, Marion Pg Koopmans, Rory D de Vries, David Amc van de Vijver, Corine H GeurtsvanKessel",Euro surveillance : bulletin Europeen sur les maladies transmissibles = European communicable disease bulletin. 2024. doi: 10.2807/1560-7917.ES.2024.29.17.2300532..,Shamier,Euro surveillance : bulletin Europeen sur les maladies transmissibles = European communicable disease bulletin,2024,2024/04/01,,,10.2807/1560-7917.ES.2024.29.17.2300532,"BackgroundFollowing the 2022-2023 mpox outbreak, crucial knowledge gaps exist regarding orthopoxvirus-specific immunity in risk groups and its impact on future outbreaks.AimWe combined cross-sectional seroprevalence studies in two cities in the Netherlands with mathematical modelling to evaluate scenarios of future mpox outbreaks among men who have sex with men (MSM).MethodsSerum samples were obtained from 1,065 MSM attending Centres for Sexual Health (CSH) in Rotterdam or Amsterdam following the peak of the Dutch mpox outbreak and the introduction of vaccination. For MSM visiting the Rotterdam CSH, sera were linked to epidemiological and vaccination data. An in-house developed ELISA was used to detect vaccinia virus (VACV)-specific IgG. These observations were combined with published data on serial interval and vaccine effectiveness to inform a stochastic transmission model that estimates the risk of future mpox outbreaks.ResultsThe seroprevalence of VACV-specific antibodies was 45.4% and 47.1% in Rotterdam and Amsterdam, respectively. Transmission modelling showed that the impact of risk group vaccination on the original outbreak was likely small. However, assuming different scenarios, the number of mpox cases in a future outbreak would be markedly reduced because of vaccination. Simultaneously, the current level of immunity alone may not prevent future outbreaks. Maintaining a short time-to-diagnosis is a key component of any strategy to prevent new outbreaks.ConclusionOur findings indicate a reduced likelihood of large future mpox outbreaks among MSM in the Netherlands under current conditions, but emphasise the importance of maintaining population immunity, diagnostic capacities and disease awareness.",antibodies; monkeypox virus; mpox; outbreak preparedness; serosurveillance; transmission model
35994726,"Early Estimates of Monkeypox Incubation Period, Generation Time, and Reproduction Number, Italy, May-June 2022.","Giorgio Guzzetta, Alessia Mammone, Federica Ferraro, Anna Caraglia, Alessia Rapiti, Valentina Marziano, Piero Poletti, Danilo Cereda, Francesco Vairo, Giovanna Mattei, Francesco Maraglino, Giovanni Rezza, Stefano Merler",Emerging infectious diseases. 2022. doi: 10.3201/eid2810.221126..,Guzzetta,Emerging infectious diseases,2022,2022/08/22,,,10.3201/eid2810.221126,"We analyzed the first 255 PCR-confirmed cases of monkeypox in Italy in 2022. Preliminary estimates indicate mean incubation period of 9.1 (95% CI 6.5-10.9) days, mean generation time of 12.5 (95% CI 7.5-17.3) days, and reproduction number among men who have sex with men of 2.43 (95% CI 1.82-3.26).",Italy; MPX; MPXV; generation time; incubation period; monkeypox; reproduction number; sexually transmitted infections; viruses
37410383,"Estimated incubation period distributions of mpox using cases from two international European festivals and outbreaks in a club in Berlin, May to June 2022.","Sarah E McFarland, Ulrich Marcus, Lukas Hemmers, Fuminari Miura, Jesús Iñigo Martínez, Fernando Martín Martínez, Elisa Gil Montalbán, Emilie Chazelle, Alexandra Mailles, Yassoungo Silue, Naïma Hammami, Amaryl Lecompte, Nicolas Ledent, Wim Vanden Berghe, Laurens Liesenborghs, Dorien Van den Bossche, Paul R Cleary, Jacco Wallinga, Eve P Robinson, Tone Bjordal Johansen, Antra Bormane, Tanya Melillo, Cornelia Seidl, Liza Coyer, Ronja Boberg, Annette Jurke, Dirk Werber, Alexander Bartel",Euro surveillance : bulletin Europeen sur les maladies transmissibles = European communicable disease bulletin. 2023. doi: 10.2807/1560-7917.ES.2023.28.27.2200806..,McFarland,Euro surveillance : bulletin Europeen sur les maladies transmissibles = European communicable disease bulletin,2023,2023/07/01,,,10.2807/1560-7917.ES.2023.28.27.2200806,"BackgroundSince May 2022, an mpox outbreak affecting primarily men who have sex with men (MSM) has occurred in numerous non-endemic countries worldwide. As MSM frequently reported multiple sexual encounters in this outbreak, reliably determining the time of infection is difficult; consequently, estimation of the incubation period is challenging.AimWe aimed to provide valid and precise estimates of the incubation period distribution of mpox by using cases associated with early outbreak settings where infection likely occurred.MethodsColleagues in European countries were invited to provide information on exposure intervals and date of symptom onset for mpox cases who attended a fetish festival in Antwerp, Belgium, a gay pride festival in Gran Canaria, Spain or a particular club in Berlin, Germany, where early mpox outbreaks occurred. Cases of these outbreaks were pooled; doubly censored models using the log-normal, Weibull and Gamma distributions were fitted to estimate the incubation period distribution.ResultsWe included data on 122 laboratory-confirmed cases from 10 European countries. Depending on the distribution used, the median incubation period ranged between 8 and 9 days, with 5th and 95th percentiles ranging from 2 to 3 and from 20 to 23 days, respectively. The shortest interval that included 50% of incubation periods spanned 8 days (4-11 days).ConclusionCurrent public health management of close contacts should consider that in approximately 5% of cases, the incubation period exceeds the commonly used monitoring period of 21 days.",Europe; Germany; MPXV; incubation period; monkeypox virus; mpox
21632764,Establishment of the black-tailed prairie dog (Cynomys ludovicianus) as a novel animal model for comparing smallpox vaccines administered preexposure in both high- and low-dose monkeypox virus challenges.,"M S Keckler, D S Carroll, N F Gallardo-Romero, R R Lash, J S Salzer, S L Weiss, N Patel, C J Clemmons, S K Smith, C L Hutson, K L Karem, I K Damon",Journal of virology. 2011. doi: 10.1128/JVI.02174-10..,Keckler,Journal of virology,2011,2011/06/01,,,10.1128/JVI.02174-10,"The 2003 monkeypox virus (MPXV) outbreak and subsequent laboratory studies demonstrated that the black-tailed prairie dog is susceptible to MPXV infection and that the ensuing rash illness is similar to human systemic orthopoxvirus (OPXV) infection, including a 7- to 9-day incubation period and, likely, in some cases a respiratory route of infection; these features distinguish this model from others. The need for safe and efficacious vaccines for OPVX in areas where it is endemic or epidemic is important to protect an increasingly OPXV-naïve population. In this study, we tested current and investigational smallpox vaccines for safety, induction of anti-OPXV antibodies, and protection against mortality and morbidity in two MPXV challenges. None of the smallpox vaccines caused illness in this model, and all vaccinated animals showed anti-OPXV antibody responses and neutralizing antibody. We tested vaccine efficacy by challenging the animals with 10(5) or 10(6) PFU Congo Basin MPXV 30 days postvaccination and evaluating morbidity and mortality. Our results demonstrated that vaccination with either Dryvax or Acambis2000 protected the animals from death with no rash illness. Vaccination with IMVAMUNE also protected the animals from death, albeit with (modified) rash illness. Based on the results of this study, we believe prairie dogs offer a novel and potentially useful small animal model for the safety and efficacy testing of smallpox vaccines in pre- and postexposure vaccine testing, which is important for public health planning.","[MeSH] Animals; [MeSH] DNA, Viral; [MeSH] Dose-Response Relationship, Immunologic; [MeSH] Enzyme-Linked Immunosorbent Assay; [MeSH] Female; [MeSH] Male; [MeSH] Models, Animal; [MeSH] Monkeypox virus; [MeSH] Neutralization Tests; [MeSH] Sciuridae; [MeSH] Smallpox Vaccine; [MeSH] Mpox, Monkeypox"
39255234,"Epidemiologic Quantities for Monkeypox Virus Clade I from Historical Data with Implications for Current Outbreaks, Democratic Republic of the Congo.","Valentina Marziano, Giorgio Guzzetta, Ira Longini, Stefano Merler",Emerging infectious diseases. 2024. doi: 10.3201/eid3010.240665..,Marziano,Emerging infectious diseases,2024,2024/09/10,,,10.3201/eid3010.240665,"We used published data from outbreak investigations of monkeypox virus clade I in the Democratic Republic of the Congo to estimate the distributions of critical epidemiological parameters. We estimated a mean incubation period of 9.9 days (95% credible interval [CrI] 8.5-11.5 days) and a mean generation time of 17.2 days (95% CrI 14.1-20.9 days) or 11.3 days (95% CrI 9.4-14.0 days), depending on the considered dataset. Presymptomatic transmission was limited. Those estimates suggest generally slower transmission dynamics in clade I than in clade IIb. The time-varying reproduction number for clade I in the Democratic Republic of the Congo was estimated to be below the epidemic threshold in the first half of 2024. However, in the South Kivu Province, where the newly identified subclade Ib has been associated with sustained human-to-human transmission, we estimated an effective reproduction number above the epidemic threshold (95% CrI 0.96-1.27).",Democratic Republic of the Congo; generation time; incubation period; monkeypox virus; mpox; mpox clade I; reproduction number; serial interval; sexually transmitted infections; viruses; zoonoses
35907777,Within-host dynamics of SARS-CoV-2 infection: A systematic review and meta-analysis.,"Zhanwei Du, Shuqi Wang, Yuan Bai, Chao Gao, Eric H Y Lau, Benjamin J Cowling",Transboundary and emerging diseases. 2022. doi: 10.1111/tbed.14673..,Du,Transboundary and emerging diseases,2022,2022/08/12,,,10.1111/tbed.14673,"Within-host model specified by viral dynamic parameters is a mainstream tool to understand SARS-CoV-2 replication cycle in infected patients. The parameter uncertainty further affects the output of the model, such as the efficacy of potential antiviral drugs. However, gathering empirical data on these parameters is challenging. Here, we aim to conduct a systematic review of viral dynamic parameters used in within-host models by calibrating the model to the viral load data measured from upper respiratory specimens. We searched the PubMed, Embase and Web of Science databases (between 1 December 2019 and 10 February 2022) for within-host modelling studies. We identified seven independent within-host models from the above nine studies, including Type I interferon, innate response, humoral immune response or cell-mediated immune response. From these models, we extracted and analyse seven widely used viral dynamic parameters including the viral load at the point of infection or symptom onset, the rate of viral particles infecting susceptible cells, the rate of infected cells releasing virus, the rate of virus particles cleared, the rate of infected cells cleared and the rate of cells in the eclipse phase can become productively infected. We identified seven independent within-host models from nine eligible studies. The viral load at symptom onset is 4.78 (95% CI:2.93, 6.62) log(copies/ml), and the viral load at the point of infection is -1.00 (95% CI:-1.94, -0.05) log(copies/ml). The rate of viral particles infecting susceptible cells and the rate of infected cells cleared have the pooled estimates as -6.96 (95% CI:-7.66, -6.25) log([copies/ml]-1 day-1 ) and 0.92 (95% CI:-0.09, 1.93) day-1 , respectively. We found that the rate of infected cells cleared was associated with the reported model in the meta-analysis by including the model type as a categorical variable (p < .01). Joint viral dynamic parameters estimates when parameterizing within-host models have been published for SARS-CoV-2. The reviewed viral dynamic parameters can be used in the same within-host model to understand SARS-CoV-2 replication cycle in infected patients and assess the impact of pharmaceutical interventions.",COVID-19; SARS-CoV-2; review; viral dynamic parameters; within-host model
35171991,Reproduction Numbers of Severe Acute Respiratory Syndrome Coronavirus 2 (SARS-CoV-2) Variants: A Systematic Review and Meta-analysis.,"Zhanwei Du, Caifen Liu, Chunyu Wang, Lingfeng Xu, Mingda Xu, Lin Wang, Yuan Bai, Xiaoke Xu, Eric H Y Lau, Peng Wu, Benjamin J Cowling",Clinical infectious diseases : an official publication of the Infectious Diseases Society of America. 2022. doi: 10.1093/cid/ciac137..,Du,Clinical infectious diseases : an official publication of the Infectious Diseases Society of America,2022,2022/08/24,,,10.1093/cid/ciac137,"The coronavirus disease 2019 (COVID-19) pandemic continues to pose substantial risks to public health, worsened by the emergence of severe acute respiratory syndrome coronavirus 2 (SARS-CoV-2) variants that may have a higher transmissibility and reduce vaccine effectiveness. We conducted a systematic review and meta-analysis on reproduction numbers of SARS-CoV-2 variants and provided pooled estimates for each variant.",COVID-19; SARS-CoV-2; meta-analysis; reproduction number; systematic review
22185831,"Status of human monkeypox: clinical disease, epidemiology and research.",Inger K Damon,Vaccine. 2011. doi: 10.1016/j.vaccine.2011.04.014..,Damon,Vaccine,2011,2011/12/18,,,10.1016/j.vaccine.2011.04.014,"Monkeypox, a vesiculo-pustular rash illness, was initially discovered to cause human infection in 1970 through the World Health Organization (WHO)-sponsored efforts of the Commission to Certify Smallpox Eradication in Western Africa and the Congo Basin. The virus had been discovered to cause a nonhuman primate rash illness in 1958, and was thus named monkeypox. The causative agents of monkeypox and smallpox diseases both are species of Orthopoxvirus. Orthopoxvirus monkeypox, when it infects humans as an epizootic, produces a similar clinical picture to that of ordinary human smallpox. Since 1970, extensive epidemiology, virology, ecology and public health research has enabled better characterization of monkeypox virus and the associated human disease. This work reviews the progress in this body of research, and reviews studies of this ""newly"" emerging zoonotic disease.","[MeSH] Africa; [MeSH] Animals; [MeSH] History, 20th Century; [MeSH] Humans; [MeSH] Mpox, Monkeypox; [MeSH] Monkeypox virus; [MeSH] Primate Diseases"
17953084,"Occupational risks during a monkeypox outbreak, Wisconsin, 2003.","Donita R Croft, Mark J Sotir, Carl J Williams, James J Kazmierczak, Mark V Wegner, Darren Rausch, Mary Beth Graham, Seth L Foldy, Mat Wolters, Inger K Damon, Kevin L Karem, Jeffrey P Davis",Emerging infectious diseases. 2007. doi: 10.3201/eid1308.061365..,Croft,Emerging infectious diseases,2007,2007/08/01,,,10.3201/eid1308.061365,"We determined factors associated with occupational transmission in Wisconsin during the 2003 outbreak of prairie dog--associated monkeypox virus infections. Our investigation included active contact surveillance, exposure-related interviews, and a veterinary facility cohort study. We identified 19 confirmed, 5 probable, and 3 suspected cases. Rash, headache, sweats, and fever were reported by > 80% of patients. Occupationally transmitted infections occurred in 12 veterinary staff, 2 pet store employees, and 2 animal distributors. The following were associated with illness: working directly with animal care (p = 0.002), being involved in prairie dog examination, caring for an animal within 6 feet of an ill prairie dog (p = 0.03), feeding an ill prairie dog (p = 0.002), and using an antihistamine (p = 0.04). Having never handled an ill prairie dog (p = 0.004) was protective. Veterinary staff used personal protective equipment sporadically. Our findings underscore the importance of standard veterinary infection-control guidelines.","[MeSH] Adolescent; [MeSH] Adult; [MeSH] Animal Technicians; [MeSH] Animals; [MeSH] Child; [MeSH] Child, Preschool; [MeSH] Cohort Studies; [MeSH] Disease Outbreaks; [MeSH] Female; [MeSH] Humans; [MeSH] Infectious Disease Transmission, Patient-to-Professional; [MeSH] Male; [MeSH] Middle Aged; [MeSH] Mpox, Monkeypox; [MeSH] Occupational Exposure; [MeSH] Risk Factors; [MeSH] Sciuridae; [MeSH] Wisconsin; [MeSH] Zoonoses"
35952705,Clinical presentation and virological assessment of confirmed human monkeypox virus cases in Spain: a prospective observational cohort study.,"Eloy José Tarín-Vicente, Andrea Alemany, Manuel Agud-Dios, Maria Ubals, Clara Suñer, Andrés Antón, Maider Arando, Jorge Arroyo-Andrés, Lorena Calderón-Lozano, Cristina Casañ, José Miguel Cabrera, Pep Coll, Vicente Descalzo, María Dolores Folgueira, Jorge N García-Pérez, Elena Gil-Cruz, Borja González-Rodríguez, Christian Gutiérrez-Collar, Águeda Hernández-Rodríguez, Paula López-Roa, María de Los Ángeles Meléndez, Julia Montero-Menárguez, Irene Muñoz-Gallego, Sara Isabel Palencia-Pérez, Roger Paredes, Alfredo Pérez-Rivilla, María Piñana, Nuria Prat, Aída Ramirez, Ángel Rivero, Carmen Alejandra Rubio-Muñiz, Martí Vall, Kevin Stephen Acosta-Velásquez, An Wang, Cristina Galván-Casas, Michael Marks, Pablo L Ortiz-Romero, Oriol Mitjà","Lancet (London, England). 2022. doi: 10.1016/S0140-6736(22)01436-2..",Tarín-Vicente,"Lancet (London, England)",2022,2022/08/08,,,10.1016/S0140-6736(22)01436-2,"BACKGROUND: In May, 2022, several European countries reported autochthonous cases of monkeypox, which rapidly spread globally. Early reports suggest atypical presentations. We aimed to investigate clinical and virological characteristics of cases of human monkeypox in Spain. METHODS: This multicentre, prospective, observational cohort study was done in three sexual health clinics in Madrid and Barcelona, Spain. We enrolled all consecutive patients with laboratory-confirmed monkeypox from May 11 to June 29, 2022. Participants were offered lesion, anal, and oropharynx swabs for PCR testing. Participant data were collected by means of interviews conducted by dermatologists or specialists in sexually transmitted infections and were recorded using a standard case report form. Outcomes assessed in all participants with a confirmed diagnosis were demographics, smallpox vaccination, HIV status, exposure to someone with monkeypox, travel, mass gathering attendance, risk factors for sexually transmitted infections, sexual behaviour, signs and symptoms on first presentation, virological results at multiple body sites, co-infection with other sexually transmitted pathogens, and clinical outcomes 14 days after the initial presentation. Clinical outcomes were followed up until July 13, 2022. FINDINGS: 181 patients had a confirmed monkeypox diagnosis and were enrolled in the study. 166 (92%) identified as gay men, bisexual men, or other men who have sex with men (MSM) and 15 (8%) identified as heterosexual men or heterosexual women. Median age was 37·0 years (IQR 31·0-42·0). 32 (18%) patients reported previous smallpox vaccination, 72 (40%) were HIV-positive, eight (11%) had a CD4 cell count less than 500 cells per μL, and 31 (17%) were diagnosed with a concurrent sexually transmitted infection. Median incubation was 7·0 days (IQR 5·0-10·0). All participants presented with skin lesions; 141 (78%) participants had lesions in the anogenital region, and 78 (43%) in the oral and perioral region. 70 (39%) participants had complications requiring treatment: 45 (25%) had a proctitis, 19 (10%) had tonsillitis, 15 (8%) had penile oedema, six (3%) an abscess, and eight (4%) had an exanthem. Three (2%) patients required hospital admission. 178 (99%) of 180 swabs from skin lesions collected tested positive, as did 82 (70%) of 117 throat swabs. Viral load was higher in lesion swabs than in pharyngeal specimens (mean cycle threshold value 23 [SD 4] vs 32 [6], absolute difference 9 [95% CI 8-10]; p<0·0001). 108 (65%) of 166 MSM reported anal-receptive sex. MSM who engaged in anal-receptive sex presented with proctitis (41 [38%] of 108 vs four [7%] of 58, absolute difference 31% [95% CI 19-44]; p<0·0001) and systemic symptoms before the rash (67 [62%] vs 16 [28%], absolute difference 34% [28-62]; p<0·0001) more frequently than MSM who did not engage in anal-receptive sex. 18 (95%) of 19 participants with tonsillitis reported practising oral-receptive sex. The median time from onset of lesions to formation of a dry crust was 10 days (IQR 7-13). INTERPRETATION: In our cohort, monkeypox caused genital, perianal, and oral lesions and complications including proctitis and tonsillitis. Because of the variability of presentations, clinicians should have a low threshold for suspicion of monkeypox. Lesion swabs showed the highest viral loads, which, combined with the history of sexual exposure and the distribution of lesions, suggests close contact is probably the dominant transmission route in the current outbreak. FUNDING: None.","[MeSH] Adult; [MeSH] Female; [MeSH] HIV Infections; [MeSH] Homosexuality, Male; [MeSH] Humans; [MeSH] Male; [MeSH] Mpox, Monkeypox; [MeSH] Monkeypox virus; [MeSH] Proctitis; [MeSH] Prospective Studies; [MeSH] Sexual Behavior; [MeSH] Sexual and Gender Minorities; [MeSH] Sexually Transmitted Diseases; [MeSH] Smallpox; [MeSH] Spain; [MeSH] Tonsillitis"
